solid Mesh
  facet normal 0 0 -1
    outer loop
      vertex -47.3109 -37.7595 -14.1981
      vertex -47.5067 -36.2723 -14.1981
      vertex -47.2242 -37.75 -14.1981
    endloop
  endfacet
  facet normal 0 0 -1
    outer loop
      vertex -47.5067 -36.2723 -14.1981
      vertex -47.3549 -36.2557 -14.1981
      vertex -47.2242 -37.75 -14.1981
    endloop
  endfacet
  facet normal 0 0 -1
    outer loop
      vertex -47.2242 -37.75 -14.1981
      vertex -47.3549 -36.2557 -14.1981
      vertex -47.1371 -37.7443 -14.1981
    endloop
  endfacet
  facet normal 0 0 -1
    outer loop
      vertex -47.3549 -36.2557 -14.1981
      vertex -47.2025 -36.2457 -14.1981
      vertex -47.1371 -37.7443 -14.1981
    endloop
  endfacet
  facet normal 0 0 -1
    outer loop
      vertex -47.1371 -37.7443 -14.1981
      vertex -47.2025 -36.2457 -14.1981
      vertex -47.0499 -37.7423 -14.1981
    endloop
  endfacet
  facet normal 0 0 -1
    outer loop
      vertex -47.2025 -36.2457 -14.1981
      vertex -47.0499 -36.2423 -14.1981
      vertex -47.0499 -37.7423 -14.1981
    endloop
  endfacet
  facet normal 0 0 -1
    outer loop
      vertex -47.0499 -37.7423 -14.1981
      vertex -47.0499 -36.2423 -14.1981
      vertex -46.9626 -37.7443 -14.1981
    endloop
  endfacet
  facet normal 0 0 -1
    outer loop
      vertex -47.0499 -36.2423 -14.1981
      vertex -46.8972 -36.2457 -14.1981
      vertex -46.9626 -37.7443 -14.1981
    endloop
  endfacet
  facet normal 0 0 -1
    outer loop
      vertex -46.9626 -37.7443 -14.1981
      vertex -46.8972 -36.2457 -14.1981
      vertex -46.8756 -37.75 -14.1981
    endloop
  endfacet
  facet normal 0 0 -1
    outer loop
      vertex -46.8972 -36.2457 -14.1981
      vertex -46.7448 -36.2557 -14.1981
      vertex -46.8756 -37.75 -14.1981
    endloop
  endfacet
  facet normal 0 0 -1
    outer loop
      vertex -46.8756 -37.75 -14.1981
      vertex -46.7448 -36.2557 -14.1981
      vertex -46.7888 -37.7595 -14.1981
    endloop
  endfacet
  facet normal 0 0 -1
    outer loop
      vertex -46.7448 -36.2557 -14.1981
      vertex -46.593 -36.2723 -14.1981
      vertex -46.7888 -37.7595 -14.1981
    endloop
  endfacet
  facet normal 0 0 -1
    outer loop
      vertex -46.7888 -37.7595 -14.1981
      vertex -46.593 -36.2723 -14.1981
      vertex -46.7026 -37.7727 -14.1981
    endloop
  endfacet
  facet normal 0 0 -1
    outer loop
      vertex -46.593 -36.2723 -14.1981
      vertex -46.4421 -36.2955 -14.1981
      vertex -46.7026 -37.7727 -14.1981
    endloop
  endfacet
  facet normal 0 0 -1
    outer loop
      vertex -46.7026 -37.7727 -14.1981
      vertex -46.4421 -36.2955 -14.1981
      vertex -46.617 -37.7898 -14.1981
    endloop
  endfacet
  facet normal 0 0 -1
    outer loop
      vertex -46.4421 -36.2955 -14.1981
      vertex -46.2923 -36.3253 -14.1981
      vertex -46.617 -37.7898 -14.1981
    endloop
  endfacet
  facet normal 0 0 -1
    outer loop
      vertex -46.617 -37.7898 -14.1981
      vertex -46.2923 -36.3253 -14.1981
      vertex -46.5322 -37.8105 -14.1981
    endloop
  endfacet
  facet normal 0 0 -1
    outer loop
      vertex -46.2923 -36.3253 -14.1981
      vertex -46.144 -36.3616 -14.1981
      vertex -46.5322 -37.8105 -14.1981
    endloop
  endfacet
  facet normal 0 0 -1
    outer loop
      vertex -46.5322 -37.8105 -14.1981
      vertex -46.144 -36.3616 -14.1981
      vertex -46.4485 -37.8349 -14.1981
    endloop
  endfacet
  facet normal 0 0 -1
    outer loop
      vertex -46.144 -36.3616 -14.1981
      vertex -45.9974 -36.4043 -14.1981
      vertex -46.4485 -37.8349 -14.1981
    endloop
  endfacet
  facet normal 0 0 -1
    outer loop
      vertex -46.4485 -37.8349 -14.1981
      vertex -45.9974 -36.4043 -14.1981
      vertex -46.3658 -37.863 -14.1981
    endloop
  endfacet
  facet normal 0 0 -1
    outer loop
      vertex -45.9974 -36.4043 -14.1981
      vertex -45.8528 -36.4534 -14.1981
      vertex -46.3658 -37.863 -14.1981
    endloop
  endfacet
  facet normal 0 0 -1
    outer loop
      vertex -46.3658 -37.863 -14.1981
      vertex -45.8528 -36.4534 -14.1981
      vertex -46.2845 -37.8946 -14.1981
    endloop
  endfacet
  facet normal 0 0 -1
    outer loop
      vertex -45.8528 -36.4534 -14.1981
      vertex -45.7105 -36.5088 -14.1981
      vertex -46.2845 -37.8946 -14.1981
    endloop
  endfacet
  facet normal 0 0 -1
    outer loop
      vertex -46.2845 -37.8946 -14.1981
      vertex -45.7105 -36.5088 -14.1981
      vertex -46.2046 -37.9297 -14.1981
    endloop
  endfacet
  facet normal 0 0 -1
    outer loop
      vertex -45.7105 -36.5088 -14.1981
      vertex -45.5707 -36.5703 -14.1981
      vertex -46.2046 -37.9297 -14.1981
    endloop
  endfacet
  facet normal 0 0 -1
    outer loop
      vertex -46.2046 -37.9297 -14.1981
      vertex -45.5707 -36.5703 -14.1981
      vertex -46.1264 -37.9683 -14.1981
    endloop
  endfacet
  facet normal 0 0 -1
    outer loop
      vertex -45.5707 -36.5703 -14.1981
      vertex -45.4338 -36.6378 -14.1981
      vertex -46.1264 -37.9683 -14.1981
    endloop
  endfacet
  facet normal 0 0 -1
    outer loop
      vertex -46.1264 -37.9683 -14.1981
      vertex -45.4338 -36.6378 -14.1981
      vertex -46.0499 -38.0103 -14.1981
    endloop
  endfacet
  facet normal 0 0 -1
    outer loop
      vertex -45.4338 -36.6378 -14.1981
      vertex -45.2999 -36.7113 -14.1981
      vertex -46.0499 -38.0103 -14.1981
    endloop
  endfacet
  facet normal 0 0 -1
    outer loop
      vertex -46.0499 -38.0103 -14.1981
      vertex -45.2999 -36.7113 -14.1981
      vertex -45.9753 -38.0556 -14.1981
    endloop
  endfacet
  facet normal 0 0 -1
    outer loop
      vertex -45.2999 -36.7113 -14.1981
      vertex -45.1693 -36.7905 -14.1981
      vertex -45.9753 -38.0556 -14.1981
    endloop
  endfacet
  facet normal 0 0 -1
    outer loop
      vertex -45.9753 -38.0556 -14.1981
      vertex -45.1693 -36.7905 -14.1981
      vertex -45.9027 -38.104 -14.1981
    endloop
  endfacet
  facet normal 0 0 -1
    outer loop
      vertex -45.1693 -36.7905 -14.1981
      vertex -45.0424 -36.8753 -14.1981
      vertex -45.9027 -38.104 -14.1981
    endloop
  endfacet
  facet normal 0 0 -1
    outer loop
      vertex -45.9027 -38.104 -14.1981
      vertex -45.0424 -36.8753 -14.1981
      vertex -45.8324 -38.1556 -14.1981
    endloop
  endfacet
  facet normal 0 0 -1
    outer loop
      vertex -45.0424 -36.8753 -14.1981
      vertex -44.9192 -36.9656 -14.1981
      vertex -45.8324 -38.1556 -14.1981
    endloop
  endfacet
  facet normal 0 0 -1
    outer loop
      vertex -45.8324 -38.1556 -14.1981
      vertex -44.9192 -36.9656 -14.1981
      vertex -45.7643 -38.2103 -14.1981
    endloop
  endfacet
  facet normal 0 0 -1
    outer loop
      vertex -44.9192 -36.9656 -14.1981
      vertex -44.8001 -37.0612 -14.1981
      vertex -45.7643 -38.2103 -14.1981
    endloop
  endfacet
  facet normal 0 0 -1
    outer loop
      vertex -45.7643 -38.2103 -14.1981
      vertex -44.8001 -37.0612 -14.1981
      vertex -45.6987 -38.2678 -14.1981
    endloop
  endfacet
  facet normal 0 0 -1
    outer loop
      vertex -44.8001 -37.0612 -14.1981
      vertex -44.6853 -37.1619 -14.1981
      vertex -45.6987 -38.2678 -14.1981
    endloop
  endfacet
  facet normal 0 0 -1
    outer loop
      vertex -45.6987 -38.2678 -14.1981
      vertex -44.6853 -37.1619 -14.1981
      vertex -45.6357 -38.3281 -14.1981
    endloop
  endfacet
  facet normal 0 0 -1
    outer loop
      vertex -44.6853 -37.1619 -14.1981
      vertex -44.575 -37.2675 -14.1981
      vertex -45.6357 -38.3281 -14.1981
    endloop
  endfacet
  facet normal 0 0 -1
    outer loop
      vertex -45.6357 -38.3281 -14.1981
      vertex -44.575 -37.2675 -14.1981
      vertex -45.5753 -38.3912 -14.1981
    endloop
  endfacet
  facet normal 0 0 -1
    outer loop
      vertex -44.575 -37.2675 -14.1981
      vertex -44.4694 -37.3778 -14.1981
      vertex -45.5753 -38.3912 -14.1981
    endloop
  endfacet
  facet normal 0 0 -1
    outer loop
      vertex -45.5753 -38.3912 -14.1981
      vertex -44.4694 -37.3778 -14.1981
      vertex -45.5178 -38.4568 -14.1981
    endloop
  endfacet
  facet normal 0 0 -1
    outer loop
      vertex -44.4694 -37.3778 -14.1981
      vertex -44.3687 -37.4926 -14.1981
      vertex -45.5178 -38.4568 -14.1981
    endloop
  endfacet
  facet normal 0 0 -1
    outer loop
      vertex -45.5178 -38.4568 -14.1981
      vertex -44.3687 -37.4926 -14.1981
      vertex -45.4632 -38.5248 -14.1981
    endloop
  endfacet
  facet normal 0 0 -1
    outer loop
      vertex -44.3687 -37.4926 -14.1981
      vertex -44.2731 -37.6117 -14.1981
      vertex -45.4632 -38.5248 -14.1981
    endloop
  endfacet
  facet normal 0 0 -1
    outer loop
      vertex -45.4632 -38.5248 -14.1981
      vertex -44.2731 -37.6117 -14.1981
      vertex -45.4116 -38.5952 -14.1981
    endloop
  endfacet
  facet normal 0 0 -1
    outer loop
      vertex -44.2731 -37.6117 -14.1981
      vertex -44.1829 -37.7348 -14.1981
      vertex -45.4116 -38.5952 -14.1981
    endloop
  endfacet
  facet normal 0 0 -1
    outer loop
      vertex -45.4116 -38.5952 -14.1981
      vertex -44.1829 -37.7348 -14.1981
      vertex -45.3631 -38.6677 -14.1981
    endloop
  endfacet
  facet normal 0 0 -1
    outer loop
      vertex -44.1829 -37.7348 -14.1981
      vertex -44.098 -37.8618 -14.1981
      vertex -45.3631 -38.6677 -14.1981
    endloop
  endfacet
  facet normal 0 0 -1
    outer loop
      vertex -45.3631 -38.6677 -14.1981
      vertex -44.098 -37.8618 -14.1981
      vertex -45.3178 -38.7423 -14.1981
    endloop
  endfacet
  facet normal 0 0 -1
    outer loop
      vertex -44.098 -37.8618 -14.1981
      vertex -44.0188 -37.9923 -14.1981
      vertex -45.3178 -38.7423 -14.1981
    endloop
  endfacet
  facet normal 0 0 -1
    outer loop
      vertex -45.3178 -38.7423 -14.1981
      vertex -44.0188 -37.9923 -14.1981
      vertex -45.2759 -38.8189 -14.1981
    endloop
  endfacet
  facet normal 0 0 -1
    outer loop
      vertex -44.0188 -37.9923 -14.1981
      vertex -43.9453 -38.1262 -14.1981
      vertex -45.2759 -38.8189 -14.1981
    endloop
  endfacet
  facet normal 0 0 -1
    outer loop
      vertex -45.2759 -38.8189 -14.1981
      vertex -43.9453 -38.1262 -14.1981
      vertex -45.2373 -38.8971 -14.1981
    endloop
  endfacet
  facet normal 0 0 -1
    outer loop
      vertex -43.9453 -38.1262 -14.1981
      vertex -43.8778 -38.2632 -14.1981
      vertex -45.2373 -38.8971 -14.1981
    endloop
  endfacet
  facet normal 0 0 -1
    outer loop
      vertex -45.2373 -38.8971 -14.1981
      vertex -43.8778 -38.2632 -14.1981
      vertex -45.2021 -38.977 -14.1981
    endloop
  endfacet
  facet normal 0 0 -1
    outer loop
      vertex -43.8778 -38.2632 -14.1981
      vertex -43.8163 -38.403 -14.1981
      vertex -45.2021 -38.977 -14.1981
    endloop
  endfacet
  facet normal 0 0 -1
    outer loop
      vertex -45.2021 -38.977 -14.1981
      vertex -43.8163 -38.403 -14.1981
      vertex -45.1705 -39.0583 -14.1981
    endloop
  endfacet
  facet normal 0 0 -1
    outer loop
      vertex -43.8163 -38.403 -14.1981
      vertex -43.761 -38.5453 -14.1981
      vertex -45.1705 -39.0583 -14.1981
    endloop
  endfacet
  facet normal 0 0 -1
    outer loop
      vertex -45.1705 -39.0583 -14.1981
      vertex -43.761 -38.5453 -14.1981
      vertex -45.1424 -39.1409 -14.1981
    endloop
  endfacet
  facet normal 0 0 -1
    outer loop
      vertex -43.761 -38.5453 -14.1981
      vertex -43.7119 -38.6899 -14.1981
      vertex -45.1424 -39.1409 -14.1981
    endloop
  endfacet
  facet normal 0 0 -1
    outer loop
      vertex -45.1424 -39.1409 -14.1981
      vertex -43.7119 -38.6899 -14.1981
      vertex -45.118 -39.2247 -14.1981
    endloop
  endfacet
  facet normal 0 0 -1
    outer loop
      vertex -43.7119 -38.6899 -14.1981
      vertex -43.6691 -38.8365 -14.1981
      vertex -45.118 -39.2247 -14.1981
    endloop
  endfacet
  facet normal 0 0 -1
    outer loop
      vertex -45.118 -39.2247 -14.1981
      vertex -43.6691 -38.8365 -14.1981
      vertex -45.0973 -39.3095 -14.1981
    endloop
  endfacet
  facet normal 0 0 -1
    outer loop
      vertex -43.6691 -38.8365 -14.1981
      vertex -43.6328 -38.9848 -14.1981
      vertex -45.0973 -39.3095 -14.1981
    endloop
  endfacet
  facet normal 0 0 -1
    outer loop
      vertex -45.0973 -39.3095 -14.1981
      vertex -43.6328 -38.9848 -14.1981
      vertex -45.0803 -39.395 -14.1981
    endloop
  endfacet
  facet normal 0 0 -1
    outer loop
      vertex -43.6328 -38.9848 -14.1981
      vertex -43.6031 -39.1346 -14.1981
      vertex -45.0803 -39.395 -14.1981
    endloop
  endfacet
  facet normal 0 0 -1
    outer loop
      vertex -45.0803 -39.395 -14.1981
      vertex -43.6031 -39.1346 -14.1981
      vertex -45.067 -39.4813 -14.1981
    endloop
  endfacet
  facet normal 0 0 -1
    outer loop
      vertex -43.6031 -39.1346 -14.1981
      vertex -43.5798 -39.2855 -14.1981
      vertex -45.067 -39.4813 -14.1981
    endloop
  endfacet
  facet normal 0 0 -1
    outer loop
      vertex -45.067 -39.4813 -14.1981
      vertex -43.5798 -39.2855 -14.1981
      vertex -45.0575 -39.568 -14.1981
    endloop
  endfacet
  facet normal 0 0 -1
    outer loop
      vertex -43.5798 -39.2855 -14.1981
      vertex -43.5632 -39.4373 -14.1981
      vertex -45.0575 -39.568 -14.1981
    endloop
  endfacet
  facet normal 0 0 -1
    outer loop
      vertex -45.0575 -39.568 -14.1981
      vertex -43.5632 -39.4373 -14.1981
      vertex -45.0518 -39.6551 -14.1981
    endloop
  endfacet
  facet normal 0 0 -1
    outer loop
      vertex -43.5632 -39.4373 -14.1981
      vertex -43.5532 -39.5897 -14.1981
      vertex -45.0518 -39.6551 -14.1981
    endloop
  endfacet
  facet normal 0 0 -1
    outer loop
      vertex -45.0518 -39.6551 -14.1981
      vertex -43.5532 -39.5897 -14.1981
      vertex -45.0499 -39.7423 -14.1981
    endloop
  endfacet
  facet normal 0 0 -1
    outer loop
      vertex -43.5532 -39.5897 -14.1981
      vertex -43.5499 -39.7423 -14.1981
      vertex -45.0499 -39.7423 -14.1981
    endloop
  endfacet
  facet normal 0 0 -1
    outer loop
      vertex -45.0499 -39.7423 -14.1981
      vertex -43.5499 -39.7423 -14.1981
      vertex -45.0518 -39.8296 -14.1981
    endloop
  endfacet
  facet normal 0 0 -1
    outer loop
      vertex -43.5499 -39.7423 -14.1981
      vertex -43.5532 -39.895 -14.1981
      vertex -45.0518 -39.8296 -14.1981
    endloop
  endfacet
  facet normal 0 0 -1
    outer loop
      vertex -45.0518 -39.8296 -14.1981
      vertex -43.5532 -39.895 -14.1981
      vertex -45.0575 -39.9167 -14.1981
    endloop
  endfacet
  facet normal 0 0 -1
    outer loop
      vertex -43.5532 -39.895 -14.1981
      vertex -43.5632 -40.0474 -14.1981
      vertex -45.0575 -39.9167 -14.1981
    endloop
  endfacet
  facet normal 0 0 -1
    outer loop
      vertex -45.0575 -39.9167 -14.1981
      vertex -43.5632 -40.0474 -14.1981
      vertex -45.067 -40.0034 -14.1981
    endloop
  endfacet
  facet normal 0 0 -1
    outer loop
      vertex -43.5632 -40.0474 -14.1981
      vertex -43.5798 -40.1992 -14.1981
      vertex -45.067 -40.0034 -14.1981
    endloop
  endfacet
  facet normal 0 0 -1
    outer loop
      vertex -45.067 -40.0034 -14.1981
      vertex -43.5798 -40.1992 -14.1981
      vertex -45.0803 -40.0896 -14.1981
    endloop
  endfacet
  facet normal 0 0 -1
    outer loop
      vertex -43.5798 -40.1992 -14.1981
      vertex -43.6031 -40.3501 -14.1981
      vertex -45.0803 -40.0896 -14.1981
    endloop
  endfacet
  facet normal 0 0 -1
    outer loop
      vertex -45.0803 -40.0896 -14.1981
      vertex -43.6031 -40.3501 -14.1981
      vertex -45.0973 -40.1752 -14.1981
    endloop
  endfacet
  facet normal 0 0 -1
    outer loop
      vertex -43.6031 -40.3501 -14.1981
      vertex -43.6328 -40.4999 -14.1981
      vertex -45.0973 -40.1752 -14.1981
    endloop
  endfacet
  facet normal 0 0 -1
    outer loop
      vertex -45.0973 -40.1752 -14.1981
      vertex -43.6328 -40.4999 -14.1981
      vertex -45.118 -40.26 -14.1981
    endloop
  endfacet
  facet normal 0 0 -1
    outer loop
      vertex -43.6328 -40.4999 -14.1981
      vertex -43.6691 -40.6482 -14.1981
      vertex -45.118 -40.26 -14.1981
    endloop
  endfacet
  facet normal 0 0 -1
    outer loop
      vertex -45.118 -40.26 -14.1981
      vertex -43.6691 -40.6482 -14.1981
      vertex -45.1424 -40.3438 -14.1981
    endloop
  endfacet
  facet normal 0 0 -1
    outer loop
      vertex -43.6691 -40.6482 -14.1981
      vertex -43.7119 -40.7948 -14.1981
      vertex -45.1424 -40.3438 -14.1981
    endloop
  endfacet
  facet normal 0 0 -1
    outer loop
      vertex -45.1424 -40.3438 -14.1981
      vertex -43.7119 -40.7948 -14.1981
      vertex -45.1705 -40.4264 -14.1981
    endloop
  endfacet
  facet normal 0 0 -1
    outer loop
      vertex -43.7119 -40.7948 -14.1981
      vertex -43.761 -40.9394 -14.1981
      vertex -45.1705 -40.4264 -14.1981
    endloop
  endfacet
  facet normal 0 0 -1
    outer loop
      vertex -45.1705 -40.4264 -14.1981
      vertex -43.761 -40.9394 -14.1981
      vertex -45.2021 -40.5077 -14.1981
    endloop
  endfacet
  facet normal 0 0 -1
    outer loop
      vertex -43.761 -40.9394 -14.1981
      vertex -43.8163 -41.0817 -14.1981
      vertex -45.2021 -40.5077 -14.1981
    endloop
  endfacet
  facet normal 0 0 -1
    outer loop
      vertex -45.2021 -40.5077 -14.1981
      vertex -43.8163 -41.0817 -14.1981
      vertex -45.2373 -40.5876 -14.1981
    endloop
  endfacet
  facet normal 0 0 -1
    outer loop
      vertex -43.8163 -41.0817 -14.1981
      vertex -43.8778 -41.2215 -14.1981
      vertex -45.2373 -40.5876 -14.1981
    endloop
  endfacet
  facet normal 0 0 -1
    outer loop
      vertex -45.2373 -40.5876 -14.1981
      vertex -43.8778 -41.2215 -14.1981
      vertex -45.2759 -40.6658 -14.1981
    endloop
  endfacet
  facet normal 0 0 -1
    outer loop
      vertex -43.8778 -41.2215 -14.1981
      vertex -43.9453 -41.3585 -14.1981
      vertex -45.2759 -40.6658 -14.1981
    endloop
  endfacet
  facet normal 0 0 -1
    outer loop
      vertex -45.2759 -40.6658 -14.1981
      vertex -43.9453 -41.3585 -14.1981
      vertex -45.3178 -40.7423 -14.1981
    endloop
  endfacet
  facet normal 0 0 -1
    outer loop
      vertex -43.9453 -41.3585 -14.1981
      vertex -44.0188 -41.4923 -14.1981
      vertex -45.3178 -40.7423 -14.1981
    endloop
  endfacet
  facet normal 0 0 -1
    outer loop
      vertex -45.3178 -40.7423 -14.1981
      vertex -44.0188 -41.4923 -14.1981
      vertex -45.3631 -40.8169 -14.1981
    endloop
  endfacet
  facet normal 0 0 -1
    outer loop
      vertex -44.0188 -41.4923 -14.1981
      vertex -44.098 -41.6229 -14.1981
      vertex -45.3631 -40.8169 -14.1981
    endloop
  endfacet
  facet normal 0 0 -1
    outer loop
      vertex -45.3631 -40.8169 -14.1981
      vertex -44.098 -41.6229 -14.1981
      vertex -45.4116 -40.8895 -14.1981
    endloop
  endfacet
  facet normal 0 0 -1
    outer loop
      vertex -44.098 -41.6229 -14.1981
      vertex -44.1829 -41.7499 -14.1981
      vertex -45.4116 -40.8895 -14.1981
    endloop
  endfacet
  facet normal 0 0 -1
    outer loop
      vertex -45.4116 -40.8895 -14.1981
      vertex -44.1829 -41.7499 -14.1981
      vertex -45.4632 -40.9599 -14.1981
    endloop
  endfacet
  facet normal 0 0 -1
    outer loop
      vertex -44.1829 -41.7499 -14.1981
      vertex -44.2731 -41.873 -14.1981
      vertex -45.4632 -40.9599 -14.1981
    endloop
  endfacet
  facet normal 0 0 -1
    outer loop
      vertex -45.4632 -40.9599 -14.1981
      vertex -44.2731 -41.873 -14.1981
      vertex -45.5178 -41.0279 -14.1981
    endloop
  endfacet
  facet normal 0 0 -1
    outer loop
      vertex -44.2731 -41.873 -14.1981
      vertex -44.3687 -41.9921 -14.1981
      vertex -45.5178 -41.0279 -14.1981
    endloop
  endfacet
  facet normal 0 0 -1
    outer loop
      vertex -45.5178 -41.0279 -14.1981
      vertex -44.3687 -41.9921 -14.1981
      vertex -45.5753 -41.0935 -14.1981
    endloop
  endfacet
  facet normal 0 0 -1
    outer loop
      vertex -44.3687 -41.9921 -14.1981
      vertex -44.4694 -42.1069 -14.1981
      vertex -45.5753 -41.0935 -14.1981
    endloop
  endfacet
  facet normal 0 0 -1
    outer loop
      vertex -45.5753 -41.0935 -14.1981
      vertex -44.4694 -42.1069 -14.1981
      vertex -45.6357 -41.1566 -14.1981
    endloop
  endfacet
  facet normal 0 0 -1
    outer loop
      vertex -44.4694 -42.1069 -14.1981
      vertex -44.575 -42.2172 -14.1981
      vertex -45.6357 -41.1566 -14.1981
    endloop
  endfacet
  facet normal 0 0 -1
    outer loop
      vertex -45.6357 -41.1566 -14.1981
      vertex -44.575 -42.2172 -14.1981
      vertex -45.6987 -41.2169 -14.1981
    endloop
  endfacet
  facet normal 0 0 -1
    outer loop
      vertex -44.575 -42.2172 -14.1981
      vertex -44.6853 -42.3228 -14.1981
      vertex -45.6987 -41.2169 -14.1981
    endloop
  endfacet
  facet normal 0 0 -1
    outer loop
      vertex -45.6987 -41.2169 -14.1981
      vertex -44.6853 -42.3228 -14.1981
      vertex -45.7643 -41.2744 -14.1981
    endloop
  endfacet
  facet normal 0 0 -1
    outer loop
      vertex -44.6853 -42.3228 -14.1981
      vertex -44.8001 -42.4235 -14.1981
      vertex -45.7643 -41.2744 -14.1981
    endloop
  endfacet
  facet normal 0 0 -1
    outer loop
      vertex -45.7643 -41.2744 -14.1981
      vertex -44.8001 -42.4235 -14.1981
      vertex -45.8324 -41.3291 -14.1981
    endloop
  endfacet
  facet normal 0 0 -1
    outer loop
      vertex -44.8001 -42.4235 -14.1981
      vertex -44.9192 -42.5191 -14.1981
      vertex -45.8324 -41.3291 -14.1981
    endloop
  endfacet
  facet normal 0 0 -1
    outer loop
      vertex -45.8324 -41.3291 -14.1981
      vertex -44.9192 -42.5191 -14.1981
      vertex -45.9027 -41.3807 -14.1981
    endloop
  endfacet
  facet normal 0 0 -1
    outer loop
      vertex -44.9192 -42.5191 -14.1981
      vertex -45.0424 -42.6094 -14.1981
      vertex -45.9027 -41.3807 -14.1981
    endloop
  endfacet
  facet normal 0 0 -1
    outer loop
      vertex -45.9027 -41.3807 -14.1981
      vertex -45.0424 -42.6094 -14.1981
      vertex -45.9753 -41.4291 -14.1981
    endloop
  endfacet
  facet normal 0 0 -1
    outer loop
      vertex -45.0424 -42.6094 -14.1981
      vertex -45.1693 -42.6942 -14.1981
      vertex -45.9753 -41.4291 -14.1981
    endloop
  endfacet
  facet normal 0 0 -1
    outer loop
      vertex -45.9753 -41.4291 -14.1981
      vertex -45.1693 -42.6942 -14.1981
      vertex -46.0499 -41.4744 -14.1981
    endloop
  endfacet
  facet normal 0 0 -1
    outer loop
      vertex -45.1693 -42.6942 -14.1981
      vertex -45.2999 -42.7734 -14.1981
      vertex -46.0499 -41.4744 -14.1981
    endloop
  endfacet
  facet normal 0 0 -1
    outer loop
      vertex -46.0499 -41.4744 -14.1981
      vertex -45.2999 -42.7734 -14.1981
      vertex -46.1264 -41.5164 -14.1981
    endloop
  endfacet
  facet normal 0 0 -1
    outer loop
      vertex -45.2999 -42.7734 -14.1981
      vertex -45.4338 -42.8469 -14.1981
      vertex -46.1264 -41.5164 -14.1981
    endloop
  endfacet
  facet normal 0 0 -1
    outer loop
      vertex -46.1264 -41.5164 -14.1981
      vertex -45.4338 -42.8469 -14.1981
      vertex -46.2046 -41.555 -14.1981
    endloop
  endfacet
  facet normal 0 0 -1
    outer loop
      vertex -45.4338 -42.8469 -14.1981
      vertex -45.5707 -42.9144 -14.1981
      vertex -46.2046 -41.555 -14.1981
    endloop
  endfacet
  facet normal 0 0 -1
    outer loop
      vertex -46.2046 -41.555 -14.1981
      vertex -45.5707 -42.9144 -14.1981
      vertex -46.2845 -41.5901 -14.1981
    endloop
  endfacet
  facet normal 0 0 -1
    outer loop
      vertex -45.5707 -42.9144 -14.1981
      vertex -45.7105 -42.9759 -14.1981
      vertex -46.2845 -41.5901 -14.1981
    endloop
  endfacet
  facet normal 0 0 -1
    outer loop
      vertex -46.2845 -41.5901 -14.1981
      vertex -45.7105 -42.9759 -14.1981
      vertex -46.3658 -41.6217 -14.1981
    endloop
  endfacet
  facet normal 0 0 -1
    outer loop
      vertex -45.7105 -42.9759 -14.1981
      vertex -45.8528 -43.0313 -14.1981
      vertex -46.3658 -41.6217 -14.1981
    endloop
  endfacet
  facet normal 0 0 -1
    outer loop
      vertex -46.3658 -41.6217 -14.1981
      vertex -45.8528 -43.0313 -14.1981
      vertex -46.4485 -41.6498 -14.1981
    endloop
  endfacet
  facet normal 0 0 -1
    outer loop
      vertex -45.8528 -43.0313 -14.1981
      vertex -45.9974 -43.0804 -14.1981
      vertex -46.4485 -41.6498 -14.1981
    endloop
  endfacet
  facet normal 0 0 -1
    outer loop
      vertex -46.4485 -41.6498 -14.1981
      vertex -45.9974 -43.0804 -14.1981
      vertex -46.5322 -41.6742 -14.1981
    endloop
  endfacet
  facet normal 0 0 -1
    outer loop
      vertex -45.9974 -43.0804 -14.1981
      vertex -46.144 -43.1231 -14.1981
      vertex -46.5322 -41.6742 -14.1981
    endloop
  endfacet
  facet normal 0 0 -1
    outer loop
      vertex -46.5322 -41.6742 -14.1981
      vertex -46.144 -43.1231 -14.1981
      vertex -46.617 -41.6949 -14.1981
    endloop
  endfacet
  facet normal 0 0 -1
    outer loop
      vertex -46.144 -43.1231 -14.1981
      vertex -46.2923 -43.1594 -14.1981
      vertex -46.617 -41.6949 -14.1981
    endloop
  endfacet
  facet normal 0 0 -1
    outer loop
      vertex -46.617 -41.6949 -14.1981
      vertex -46.2923 -43.1594 -14.1981
      vertex -46.7026 -41.712 -14.1981
    endloop
  endfacet
  facet normal 0 0 -1
    outer loop
      vertex -46.2923 -43.1594 -14.1981
      vertex -46.4421 -43.1892 -14.1981
      vertex -46.7026 -41.712 -14.1981
    endloop
  endfacet
  facet normal 0 0 -1
    outer loop
      vertex -46.7026 -41.712 -14.1981
      vertex -46.4421 -43.1892 -14.1981
      vertex -46.7888 -41.7252 -14.1981
    endloop
  endfacet
  facet normal 0 0 -1
    outer loop
      vertex -46.4421 -43.1892 -14.1981
      vertex -46.593 -43.2124 -14.1981
      vertex -46.7888 -41.7252 -14.1981
    endloop
  endfacet
  facet normal 0 0 -1
    outer loop
      vertex -46.7888 -41.7252 -14.1981
      vertex -46.593 -43.2124 -14.1981
      vertex -46.8756 -41.7347 -14.1981
    endloop
  endfacet
  facet normal 0 0 -1
    outer loop
      vertex -46.593 -43.2124 -14.1981
      vertex -46.7448 -43.229 -14.1981
      vertex -46.8756 -41.7347 -14.1981
    endloop
  endfacet
  facet normal 0 0 -1
    outer loop
      vertex -46.8756 -41.7347 -14.1981
      vertex -46.7448 -43.229 -14.1981
      vertex -46.9626 -41.7404 -14.1981
    endloop
  endfacet
  facet normal 0 0 -1
    outer loop
      vertex -46.7448 -43.229 -14.1981
      vertex -46.8972 -43.239 -14.1981
      vertex -46.9626 -41.7404 -14.1981
    endloop
  endfacet
  facet normal 0 0 -1
    outer loop
      vertex -46.9626 -41.7404 -14.1981
      vertex -46.8972 -43.239 -14.1981
      vertex -47.0499 -41.7423 -14.1981
    endloop
  endfacet
  facet normal 0 0 -1
    outer loop
      vertex -46.8972 -43.239 -14.1981
      vertex -47.0499 -43.2423 -14.1981
      vertex -47.0499 -41.7423 -14.1981
    endloop
  endfacet
  facet normal 0 0 -1
    outer loop
      vertex -47.0499 -41.7423 -14.1981
      vertex -47.0499 -43.2423 -14.1981
      vertex -47.1371 -41.7404 -14.1981
    endloop
  endfacet
  facet normal 0 0 -1
    outer loop
      vertex -47.0499 -43.2423 -14.1981
      vertex -47.2025 -43.239 -14.1981
      vertex -47.1371 -41.7404 -14.1981
    endloop
  endfacet
  facet normal 0 0 -1
    outer loop
      vertex -47.1371 -41.7404 -14.1981
      vertex -47.2025 -43.239 -14.1981
      vertex -47.2242 -41.7347 -14.1981
    endloop
  endfacet
  facet normal 0 0 -1
    outer loop
      vertex -47.2025 -43.239 -14.1981
      vertex -47.3549 -43.229 -14.1981
      vertex -47.2242 -41.7347 -14.1981
    endloop
  endfacet
  facet normal 0 0 -1
    outer loop
      vertex -47.2242 -41.7347 -14.1981
      vertex -47.3549 -43.229 -14.1981
      vertex -47.3109 -41.7252 -14.1981
    endloop
  endfacet
  facet normal 0 0 -1
    outer loop
      vertex -47.3549 -43.229 -14.1981
      vertex -47.5067 -43.2124 -14.1981
      vertex -47.3109 -41.7252 -14.1981
    endloop
  endfacet
  facet normal 0 0 -1
    outer loop
      vertex -47.3109 -41.7252 -14.1981
      vertex -47.5067 -43.2124 -14.1981
      vertex -47.3972 -41.712 -14.1981
    endloop
  endfacet
  facet normal 0 0 -1
    outer loop
      vertex -47.5067 -43.2124 -14.1981
      vertex -47.6577 -43.1892 -14.1981
      vertex -47.3972 -41.712 -14.1981
    endloop
  endfacet
  facet normal 0 0 -1
    outer loop
      vertex -47.3972 -41.712 -14.1981
      vertex -47.6577 -43.1892 -14.1981
      vertex -47.4828 -41.6949 -14.1981
    endloop
  endfacet
  facet normal 0 0 -1
    outer loop
      vertex -47.6577 -43.1892 -14.1981
      vertex -47.8074 -43.1594 -14.1981
      vertex -47.4828 -41.6949 -14.1981
    endloop
  endfacet
  facet normal 0 0 -1
    outer loop
      vertex -47.4828 -41.6949 -14.1981
      vertex -47.8074 -43.1594 -14.1981
      vertex -47.5675 -41.6742 -14.1981
    endloop
  endfacet
  facet normal 0 0 -1
    outer loop
      vertex -47.8074 -43.1594 -14.1981
      vertex -47.9558 -43.1231 -14.1981
      vertex -47.5675 -41.6742 -14.1981
    endloop
  endfacet
  facet normal 0 0 -1
    outer loop
      vertex -47.5675 -41.6742 -14.1981
      vertex -47.9558 -43.1231 -14.1981
      vertex -47.6513 -41.6498 -14.1981
    endloop
  endfacet
  facet normal 0 0 -1
    outer loop
      vertex -47.9558 -43.1231 -14.1981
      vertex -48.1024 -43.0804 -14.1981
      vertex -47.6513 -41.6498 -14.1981
    endloop
  endfacet
  facet normal 0 0 -1
    outer loop
      vertex -47.6513 -41.6498 -14.1981
      vertex -48.1024 -43.0804 -14.1981
      vertex -47.7339 -41.6217 -14.1981
    endloop
  endfacet
  facet normal 0 0 -1
    outer loop
      vertex -48.1024 -43.0804 -14.1981
      vertex -48.247 -43.0313 -14.1981
      vertex -47.7339 -41.6217 -14.1981
    endloop
  endfacet
  facet normal 0 0 -1
    outer loop
      vertex -47.7339 -41.6217 -14.1981
      vertex -48.247 -43.0313 -14.1981
      vertex -47.8153 -41.5901 -14.1981
    endloop
  endfacet
  facet normal 0 0 -1
    outer loop
      vertex -48.247 -43.0313 -14.1981
      vertex -48.3893 -42.9759 -14.1981
      vertex -47.8153 -41.5901 -14.1981
    endloop
  endfacet
  facet normal 0 0 -1
    outer loop
      vertex -47.8153 -41.5901 -14.1981
      vertex -48.3893 -42.9759 -14.1981
      vertex -47.8951 -41.555 -14.1981
    endloop
  endfacet
  facet normal 0 0 -1
    outer loop
      vertex -48.3893 -42.9759 -14.1981
      vertex -48.529 -42.9144 -14.1981
      vertex -47.8951 -41.555 -14.1981
    endloop
  endfacet
  facet normal 0 0 -1
    outer loop
      vertex -47.8951 -41.555 -14.1981
      vertex -48.529 -42.9144 -14.1981
      vertex -47.9734 -41.5164 -14.1981
    endloop
  endfacet
  facet normal 0 0 -1
    outer loop
      vertex -48.529 -42.9144 -14.1981
      vertex -48.666 -42.8469 -14.1981
      vertex -47.9734 -41.5164 -14.1981
    endloop
  endfacet
  facet normal 0 0 -1
    outer loop
      vertex -47.9734 -41.5164 -14.1981
      vertex -48.666 -42.8469 -14.1981
      vertex -48.0499 -41.4744 -14.1981
    endloop
  endfacet
  facet normal 0 0 -1
    outer loop
      vertex -48.666 -42.8469 -14.1981
      vertex -48.7999 -42.7734 -14.1981
      vertex -48.0499 -41.4744 -14.1981
    endloop
  endfacet
  facet normal 0 0 -1
    outer loop
      vertex -48.0499 -41.4744 -14.1981
      vertex -48.7999 -42.7734 -14.1981
      vertex -48.1245 -41.4291 -14.1981
    endloop
  endfacet
  facet normal 0 0 -1
    outer loop
      vertex -48.7999 -42.7734 -14.1981
      vertex -48.9304 -42.6942 -14.1981
      vertex -48.1245 -41.4291 -14.1981
    endloop
  endfacet
  facet normal 0 0 -1
    outer loop
      vertex -48.1245 -41.4291 -14.1981
      vertex -48.9304 -42.6942 -14.1981
      vertex -48.197 -41.3807 -14.1981
    endloop
  endfacet
  facet normal 0 0 -1
    outer loop
      vertex -48.9304 -42.6942 -14.1981
      vertex -49.0574 -42.6094 -14.1981
      vertex -48.197 -41.3807 -14.1981
    endloop
  endfacet
  facet normal 0 0 -1
    outer loop
      vertex -48.197 -41.3807 -14.1981
      vertex -49.0574 -42.6094 -14.1981
      vertex -48.2674 -41.3291 -14.1981
    endloop
  endfacet
  facet normal 0 0 -1
    outer loop
      vertex -49.0574 -42.6094 -14.1981
      vertex -49.1805 -42.5191 -14.1981
      vertex -48.2674 -41.3291 -14.1981
    endloop
  endfacet
  facet normal 0 0 -1
    outer loop
      vertex -48.2674 -41.3291 -14.1981
      vertex -49.1805 -42.5191 -14.1981
      vertex -48.3355 -41.2744 -14.1981
    endloop
  endfacet
  facet normal 0 0 -1
    outer loop
      vertex -49.1805 -42.5191 -14.1981
      vertex -49.2996 -42.4235 -14.1981
      vertex -48.3355 -41.2744 -14.1981
    endloop
  endfacet
  facet normal 0 0 -1
    outer loop
      vertex -48.3355 -41.2744 -14.1981
      vertex -49.2996 -42.4235 -14.1981
      vertex -48.4011 -41.2169 -14.1981
    endloop
  endfacet
  facet normal 0 0 -1
    outer loop
      vertex -49.2996 -42.4235 -14.1981
      vertex -49.4144 -42.3228 -14.1981
      vertex -48.4011 -41.2169 -14.1981
    endloop
  endfacet
  facet normal 0 0 -1
    outer loop
      vertex -48.4011 -41.2169 -14.1981
      vertex -49.4144 -42.3228 -14.1981
      vertex -48.4641 -41.1566 -14.1981
    endloop
  endfacet
  facet normal 0 0 -1
    outer loop
      vertex -49.4144 -42.3228 -14.1981
      vertex -49.5248 -42.2172 -14.1981
      vertex -48.4641 -41.1566 -14.1981
    endloop
  endfacet
  facet normal 0 0 -1
    outer loop
      vertex -48.4641 -41.1566 -14.1981
      vertex -49.5248 -42.2172 -14.1981
      vertex -48.5244 -41.0935 -14.1981
    endloop
  endfacet
  facet normal 0 0 -1
    outer loop
      vertex -49.5248 -42.2172 -14.1981
      vertex -49.6304 -42.1069 -14.1981
      vertex -48.5244 -41.0935 -14.1981
    endloop
  endfacet
  facet normal 0 0 -1
    outer loop
      vertex -48.5244 -41.0935 -14.1981
      vertex -49.6304 -42.1069 -14.1981
      vertex -48.582 -41.0279 -14.1981
    endloop
  endfacet
  facet normal 0 0 -1
    outer loop
      vertex -49.6304 -42.1069 -14.1981
      vertex -49.731 -41.9921 -14.1981
      vertex -48.582 -41.0279 -14.1981
    endloop
  endfacet
  facet normal 0 0 -1
    outer loop
      vertex -48.582 -41.0279 -14.1981
      vertex -49.731 -41.9921 -14.1981
      vertex -48.6366 -40.9599 -14.1981
    endloop
  endfacet
  facet normal 0 0 -1
    outer loop
      vertex -49.731 -41.9921 -14.1981
      vertex -49.8266 -41.873 -14.1981
      vertex -48.6366 -40.9599 -14.1981
    endloop
  endfacet
  facet normal 0 0 -1
    outer loop
      vertex -48.6366 -40.9599 -14.1981
      vertex -49.8266 -41.873 -14.1981
      vertex -48.6882 -40.8895 -14.1981
    endloop
  endfacet
  facet normal 0 0 -1
    outer loop
      vertex -49.8266 -41.873 -14.1981
      vertex -49.9169 -41.7499 -14.1981
      vertex -48.6882 -40.8895 -14.1981
    endloop
  endfacet
  facet normal 0 0 -1
    outer loop
      vertex -48.6882 -40.8895 -14.1981
      vertex -49.9169 -41.7499 -14.1981
      vertex -48.7367 -40.8169 -14.1981
    endloop
  endfacet
  facet normal 0 0 -1
    outer loop
      vertex -49.9169 -41.7499 -14.1981
      vertex -50.0018 -41.6229 -14.1981
      vertex -48.7367 -40.8169 -14.1981
    endloop
  endfacet
  facet normal 0 0 -1
    outer loop
      vertex -48.7367 -40.8169 -14.1981
      vertex -50.0018 -41.6229 -14.1981
      vertex -48.7819 -40.7423 -14.1981
    endloop
  endfacet
  facet normal 0 0 -1
    outer loop
      vertex -50.0018 -41.6229 -14.1981
      vertex -50.081 -41.4923 -14.1981
      vertex -48.7819 -40.7423 -14.1981
    endloop
  endfacet
  facet normal 0 0 -1
    outer loop
      vertex -48.7819 -40.7423 -14.1981
      vertex -50.081 -41.4923 -14.1981
      vertex -48.8239 -40.6658 -14.1981
    endloop
  endfacet
  facet normal 0 0 -1
    outer loop
      vertex -50.081 -41.4923 -14.1981
      vertex -50.1544 -41.3585 -14.1981
      vertex -48.8239 -40.6658 -14.1981
    endloop
  endfacet
  facet normal 0 0 -1
    outer loop
      vertex -48.8239 -40.6658 -14.1981
      vertex -50.1544 -41.3585 -14.1981
      vertex -48.8625 -40.5876 -14.1981
    endloop
  endfacet
  facet normal 0 0 -1
    outer loop
      vertex -50.1544 -41.3585 -14.1981
      vertex -50.222 -41.2215 -14.1981
      vertex -48.8625 -40.5876 -14.1981
    endloop
  endfacet
  facet normal 0 0 -1
    outer loop
      vertex -48.8625 -40.5876 -14.1981
      vertex -50.222 -41.2215 -14.1981
      vertex -48.8976 -40.5077 -14.1981
    endloop
  endfacet
  facet normal 0 0 -1
    outer loop
      vertex -50.222 -41.2215 -14.1981
      vertex -50.2835 -41.0817 -14.1981
      vertex -48.8976 -40.5077 -14.1981
    endloop
  endfacet
  facet normal 0 0 -1
    outer loop
      vertex -48.8976 -40.5077 -14.1981
      vertex -50.2835 -41.0817 -14.1981
      vertex -48.9293 -40.4264 -14.1981
    endloop
  endfacet
  facet normal 0 0 -1
    outer loop
      vertex -50.2835 -41.0817 -14.1981
      vertex -50.3388 -40.9394 -14.1981
      vertex -48.9293 -40.4264 -14.1981
    endloop
  endfacet
  facet normal 0 0 -1
    outer loop
      vertex -48.9293 -40.4264 -14.1981
      vertex -50.3388 -40.9394 -14.1981
      vertex -48.9573 -40.3438 -14.1981
    endloop
  endfacet
  facet normal 0 0 -1
    outer loop
      vertex -50.3388 -40.9394 -14.1981
      vertex -50.3879 -40.7948 -14.1981
      vertex -48.9573 -40.3438 -14.1981
    endloop
  endfacet
  facet normal 0 0 -1
    outer loop
      vertex -48.9573 -40.3438 -14.1981
      vertex -50.3879 -40.7948 -14.1981
      vertex -48.9817 -40.26 -14.1981
    endloop
  endfacet
  facet normal 0 0 -1
    outer loop
      vertex -50.3879 -40.7948 -14.1981
      vertex -50.4306 -40.6482 -14.1981
      vertex -48.9817 -40.26 -14.1981
    endloop
  endfacet
  facet normal 0 0 -1
    outer loop
      vertex -48.9817 -40.26 -14.1981
      vertex -50.4306 -40.6482 -14.1981
      vertex -49.0025 -40.1752 -14.1981
    endloop
  endfacet
  facet normal 0 0 -1
    outer loop
      vertex -50.4306 -40.6482 -14.1981
      vertex -50.4669 -40.4999 -14.1981
      vertex -49.0025 -40.1752 -14.1981
    endloop
  endfacet
  facet normal 0 0 -1
    outer loop
      vertex -49.0025 -40.1752 -14.1981
      vertex -50.4669 -40.4999 -14.1981
      vertex -49.0195 -40.0896 -14.1981
    endloop
  endfacet
  facet normal 0 0 -1
    outer loop
      vertex -50.4669 -40.4999 -14.1981
      vertex -50.4967 -40.3501 -14.1981
      vertex -49.0195 -40.0896 -14.1981
    endloop
  endfacet
  facet normal 0 0 -1
    outer loop
      vertex -49.0195 -40.0896 -14.1981
      vertex -50.4967 -40.3501 -14.1981
      vertex -49.0328 -40.0034 -14.1981
    endloop
  endfacet
  facet normal 0 0 -1
    outer loop
      vertex -50.4967 -40.3501 -14.1981
      vertex -50.5199 -40.1992 -14.1981
      vertex -49.0328 -40.0034 -14.1981
    endloop
  endfacet
  facet normal 0 0 -1
    outer loop
      vertex -49.0328 -40.0034 -14.1981
      vertex -50.5199 -40.1992 -14.1981
      vertex -49.0423 -39.9167 -14.1981
    endloop
  endfacet
  facet normal 0 0 -1
    outer loop
      vertex -50.5199 -40.1992 -14.1981
      vertex -50.5366 -40.0474 -14.1981
      vertex -49.0423 -39.9167 -14.1981
    endloop
  endfacet
  facet normal 0 0 -1
    outer loop
      vertex -49.0423 -39.9167 -14.1981
      vertex -50.5366 -40.0474 -14.1981
      vertex -49.048 -39.8296 -14.1981
    endloop
  endfacet
  facet normal 0 0 -1
    outer loop
      vertex -50.5366 -40.0474 -14.1981
      vertex -50.5466 -39.895 -14.1981
      vertex -49.048 -39.8296 -14.1981
    endloop
  endfacet
  facet normal 0 0 -1
    outer loop
      vertex -49.048 -39.8296 -14.1981
      vertex -50.5466 -39.895 -14.1981
      vertex -49.0499 -39.7423 -14.1981
    endloop
  endfacet
  facet normal 0 0 -1
    outer loop
      vertex -50.5466 -39.895 -14.1981
      vertex -50.5499 -39.7423 -14.1981
      vertex -49.0499 -39.7423 -14.1981
    endloop
  endfacet
  facet normal 0 0 -1
    outer loop
      vertex -49.0499 -39.7423 -14.1981
      vertex -50.5499 -39.7423 -14.1981
      vertex -49.048 -39.6551 -14.1981
    endloop
  endfacet
  facet normal 0 0 -1
    outer loop
      vertex -50.5499 -39.7423 -14.1981
      vertex -50.5466 -39.5897 -14.1981
      vertex -49.048 -39.6551 -14.1981
    endloop
  endfacet
  facet normal 0 0 -1
    outer loop
      vertex -49.048 -39.6551 -14.1981
      vertex -50.5466 -39.5897 -14.1981
      vertex -49.0423 -39.568 -14.1981
    endloop
  endfacet
  facet normal 0 0 -1
    outer loop
      vertex -50.5466 -39.5897 -14.1981
      vertex -50.5366 -39.4373 -14.1981
      vertex -49.0423 -39.568 -14.1981
    endloop
  endfacet
  facet normal 0 0 -1
    outer loop
      vertex -49.0423 -39.568 -14.1981
      vertex -50.5366 -39.4373 -14.1981
      vertex -49.0328 -39.4813 -14.1981
    endloop
  endfacet
  facet normal 0 0 -1
    outer loop
      vertex -50.5366 -39.4373 -14.1981
      vertex -50.5199 -39.2855 -14.1981
      vertex -49.0328 -39.4813 -14.1981
    endloop
  endfacet
  facet normal 0 0 -1
    outer loop
      vertex -49.0328 -39.4813 -14.1981
      vertex -50.5199 -39.2855 -14.1981
      vertex -49.0195 -39.395 -14.1981
    endloop
  endfacet
  facet normal 0 0 -1
    outer loop
      vertex -50.5199 -39.2855 -14.1981
      vertex -50.4967 -39.1346 -14.1981
      vertex -49.0195 -39.395 -14.1981
    endloop
  endfacet
  facet normal 0 0 -1
    outer loop
      vertex -49.0195 -39.395 -14.1981
      vertex -50.4967 -39.1346 -14.1981
      vertex -49.0025 -39.3095 -14.1981
    endloop
  endfacet
  facet normal 0 0 -1
    outer loop
      vertex -50.4967 -39.1346 -14.1981
      vertex -50.4669 -38.9848 -14.1981
      vertex -49.0025 -39.3095 -14.1981
    endloop
  endfacet
  facet normal 0 0 -1
    outer loop
      vertex -49.0025 -39.3095 -14.1981
      vertex -50.4669 -38.9848 -14.1981
      vertex -48.9817 -39.2247 -14.1981
    endloop
  endfacet
  facet normal 0 0 -1
    outer loop
      vertex -50.4669 -38.9848 -14.1981
      vertex -50.4306 -38.8365 -14.1981
      vertex -48.9817 -39.2247 -14.1981
    endloop
  endfacet
  facet normal 0 0 -1
    outer loop
      vertex -48.9817 -39.2247 -14.1981
      vertex -50.4306 -38.8365 -14.1981
      vertex -48.9573 -39.1409 -14.1981
    endloop
  endfacet
  facet normal 0 0 -1
    outer loop
      vertex -50.4306 -38.8365 -14.1981
      vertex -50.3879 -38.6899 -14.1981
      vertex -48.9573 -39.1409 -14.1981
    endloop
  endfacet
  facet normal 0 0 -1
    outer loop
      vertex -48.9573 -39.1409 -14.1981
      vertex -50.3879 -38.6899 -14.1981
      vertex -48.9293 -39.0583 -14.1981
    endloop
  endfacet
  facet normal 0 0 -1
    outer loop
      vertex -50.3879 -38.6899 -14.1981
      vertex -50.3388 -38.5453 -14.1981
      vertex -48.9293 -39.0583 -14.1981
    endloop
  endfacet
  facet normal 0 0 -1
    outer loop
      vertex -48.9293 -39.0583 -14.1981
      vertex -50.3388 -38.5453 -14.1981
      vertex -48.8976 -38.977 -14.1981
    endloop
  endfacet
  facet normal 0 0 -1
    outer loop
      vertex -50.3388 -38.5453 -14.1981
      vertex -50.2835 -38.403 -14.1981
      vertex -48.8976 -38.977 -14.1981
    endloop
  endfacet
  facet normal 0 0 -1
    outer loop
      vertex -48.8976 -38.977 -14.1981
      vertex -50.2835 -38.403 -14.1981
      vertex -48.8625 -38.8971 -14.1981
    endloop
  endfacet
  facet normal 0 0 -1
    outer loop
      vertex -50.2835 -38.403 -14.1981
      vertex -50.222 -38.2632 -14.1981
      vertex -48.8625 -38.8971 -14.1981
    endloop
  endfacet
  facet normal 0 0 -1
    outer loop
      vertex -48.8625 -38.8971 -14.1981
      vertex -50.222 -38.2632 -14.1981
      vertex -48.8239 -38.8189 -14.1981
    endloop
  endfacet
  facet normal 0 0 -1
    outer loop
      vertex -50.222 -38.2632 -14.1981
      vertex -50.1544 -38.1262 -14.1981
      vertex -48.8239 -38.8189 -14.1981
    endloop
  endfacet
  facet normal 0 0 -1
    outer loop
      vertex -48.8239 -38.8189 -14.1981
      vertex -50.1544 -38.1262 -14.1981
      vertex -48.7819 -38.7423 -14.1981
    endloop
  endfacet
  facet normal 0 0 -1
    outer loop
      vertex -50.1544 -38.1262 -14.1981
      vertex -50.081 -37.9923 -14.1981
      vertex -48.7819 -38.7423 -14.1981
    endloop
  endfacet
  facet normal 0 0 -1
    outer loop
      vertex -48.7819 -38.7423 -14.1981
      vertex -50.081 -37.9923 -14.1981
      vertex -48.7367 -38.6677 -14.1981
    endloop
  endfacet
  facet normal 0 0 -1
    outer loop
      vertex -50.081 -37.9923 -14.1981
      vertex -50.0018 -37.8618 -14.1981
      vertex -48.7367 -38.6677 -14.1981
    endloop
  endfacet
  facet normal 0 0 -1
    outer loop
      vertex -48.7367 -38.6677 -14.1981
      vertex -50.0018 -37.8618 -14.1981
      vertex -48.6882 -38.5952 -14.1981
    endloop
  endfacet
  facet normal 0 0 -1
    outer loop
      vertex -50.0018 -37.8618 -14.1981
      vertex -49.9169 -37.7348 -14.1981
      vertex -48.6882 -38.5952 -14.1981
    endloop
  endfacet
  facet normal 0 0 -1
    outer loop
      vertex -48.6882 -38.5952 -14.1981
      vertex -49.9169 -37.7348 -14.1981
      vertex -48.6366 -38.5248 -14.1981
    endloop
  endfacet
  facet normal 0 0 -1
    outer loop
      vertex -49.9169 -37.7348 -14.1981
      vertex -49.8266 -37.6117 -14.1981
      vertex -48.6366 -38.5248 -14.1981
    endloop
  endfacet
  facet normal 0 0 -1
    outer loop
      vertex -48.6366 -38.5248 -14.1981
      vertex -49.8266 -37.6117 -14.1981
      vertex -48.582 -38.4568 -14.1981
    endloop
  endfacet
  facet normal 0 0 -1
    outer loop
      vertex -49.8266 -37.6117 -14.1981
      vertex -49.731 -37.4926 -14.1981
      vertex -48.582 -38.4568 -14.1981
    endloop
  endfacet
  facet normal 0 0 -1
    outer loop
      vertex -48.582 -38.4568 -14.1981
      vertex -49.731 -37.4926 -14.1981
      vertex -48.5244 -38.3912 -14.1981
    endloop
  endfacet
  facet normal 0 0 -1
    outer loop
      vertex -49.731 -37.4926 -14.1981
      vertex -49.6304 -37.3778 -14.1981
      vertex -48.5244 -38.3912 -14.1981
    endloop
  endfacet
  facet normal 0 0 -1
    outer loop
      vertex -48.5244 -38.3912 -14.1981
      vertex -49.6304 -37.3778 -14.1981
      vertex -48.4641 -38.3281 -14.1981
    endloop
  endfacet
  facet normal 0 0 -1
    outer loop
      vertex -49.6304 -37.3778 -14.1981
      vertex -49.5248 -37.2675 -14.1981
      vertex -48.4641 -38.3281 -14.1981
    endloop
  endfacet
  facet normal 0 0 -1
    outer loop
      vertex -48.4641 -38.3281 -14.1981
      vertex -49.5248 -37.2675 -14.1981
      vertex -48.4011 -38.2678 -14.1981
    endloop
  endfacet
  facet normal 0 0 -1
    outer loop
      vertex -49.5248 -37.2675 -14.1981
      vertex -49.4144 -37.1619 -14.1981
      vertex -48.4011 -38.2678 -14.1981
    endloop
  endfacet
  facet normal 0 0 -1
    outer loop
      vertex -48.4011 -38.2678 -14.1981
      vertex -49.4144 -37.1619 -14.1981
      vertex -48.3355 -38.2103 -14.1981
    endloop
  endfacet
  facet normal 0 0 -1
    outer loop
      vertex -49.4144 -37.1619 -14.1981
      vertex -49.2996 -37.0612 -14.1981
      vertex -48.3355 -38.2103 -14.1981
    endloop
  endfacet
  facet normal 0 0 -1
    outer loop
      vertex -48.3355 -38.2103 -14.1981
      vertex -49.2996 -37.0612 -14.1981
      vertex -48.2674 -38.1556 -14.1981
    endloop
  endfacet
  facet normal 0 0 -1
    outer loop
      vertex -49.2996 -37.0612 -14.1981
      vertex -49.1805 -36.9656 -14.1981
      vertex -48.2674 -38.1556 -14.1981
    endloop
  endfacet
  facet normal 0 0 -1
    outer loop
      vertex -48.2674 -38.1556 -14.1981
      vertex -49.1805 -36.9656 -14.1981
      vertex -48.197 -38.104 -14.1981
    endloop
  endfacet
  facet normal 0 0 -1
    outer loop
      vertex -49.1805 -36.9656 -14.1981
      vertex -49.0574 -36.8753 -14.1981
      vertex -48.197 -38.104 -14.1981
    endloop
  endfacet
  facet normal 0 0 -1
    outer loop
      vertex -48.197 -38.104 -14.1981
      vertex -49.0574 -36.8753 -14.1981
      vertex -48.1245 -38.0556 -14.1981
    endloop
  endfacet
  facet normal 0 0 -1
    outer loop
      vertex -49.0574 -36.8753 -14.1981
      vertex -48.9304 -36.7905 -14.1981
      vertex -48.1245 -38.0556 -14.1981
    endloop
  endfacet
  facet normal 0 0 -1
    outer loop
      vertex -48.1245 -38.0556 -14.1981
      vertex -48.9304 -36.7905 -14.1981
      vertex -48.0499 -38.0103 -14.1981
    endloop
  endfacet
  facet normal 0 0 -1
    outer loop
      vertex -48.9304 -36.7905 -14.1981
      vertex -48.7999 -36.7113 -14.1981
      vertex -48.0499 -38.0103 -14.1981
    endloop
  endfacet
  facet normal 0 0 -1
    outer loop
      vertex -48.0499 -38.0103 -14.1981
      vertex -48.7999 -36.7113 -14.1981
      vertex -47.9734 -37.9683 -14.1981
    endloop
  endfacet
  facet normal 0 0 -1
    outer loop
      vertex -48.7999 -36.7113 -14.1981
      vertex -48.666 -36.6378 -14.1981
      vertex -47.9734 -37.9683 -14.1981
    endloop
  endfacet
  facet normal 0 0 -1
    outer loop
      vertex -47.9734 -37.9683 -14.1981
      vertex -48.666 -36.6378 -14.1981
      vertex -47.8951 -37.9297 -14.1981
    endloop
  endfacet
  facet normal 0 0 -1
    outer loop
      vertex -48.666 -36.6378 -14.1981
      vertex -48.529 -36.5703 -14.1981
      vertex -47.8951 -37.9297 -14.1981
    endloop
  endfacet
  facet normal 0 0 -1
    outer loop
      vertex -47.8951 -37.9297 -14.1981
      vertex -48.529 -36.5703 -14.1981
      vertex -47.8153 -37.8946 -14.1981
    endloop
  endfacet
  facet normal 0 0 -1
    outer loop
      vertex -48.529 -36.5703 -14.1981
      vertex -48.3893 -36.5088 -14.1981
      vertex -47.8153 -37.8946 -14.1981
    endloop
  endfacet
  facet normal 0 0 -1
    outer loop
      vertex -47.8153 -37.8946 -14.1981
      vertex -48.3893 -36.5088 -14.1981
      vertex -47.7339 -37.863 -14.1981
    endloop
  endfacet
  facet normal 0 0 -1
    outer loop
      vertex -48.3893 -36.5088 -14.1981
      vertex -48.247 -36.4534 -14.1981
      vertex -47.7339 -37.863 -14.1981
    endloop
  endfacet
  facet normal 0 0 -1
    outer loop
      vertex -47.7339 -37.863 -14.1981
      vertex -48.247 -36.4534 -14.1981
      vertex -47.6513 -37.8349 -14.1981
    endloop
  endfacet
  facet normal 0 0 -1
    outer loop
      vertex -48.247 -36.4534 -14.1981
      vertex -48.1024 -36.4043 -14.1981
      vertex -47.6513 -37.8349 -14.1981
    endloop
  endfacet
  facet normal 0 0 -1
    outer loop
      vertex -47.6513 -37.8349 -14.1981
      vertex -48.1024 -36.4043 -14.1981
      vertex -47.5675 -37.8105 -14.1981
    endloop
  endfacet
  facet normal 0 0 -1
    outer loop
      vertex -48.1024 -36.4043 -14.1981
      vertex -47.9558 -36.3616 -14.1981
      vertex -47.5675 -37.8105 -14.1981
    endloop
  endfacet
  facet normal 0 0 -1
    outer loop
      vertex -47.5675 -37.8105 -14.1981
      vertex -47.9558 -36.3616 -14.1981
      vertex -47.4828 -37.7898 -14.1981
    endloop
  endfacet
  facet normal 0 0 -1
    outer loop
      vertex -47.9558 -36.3616 -14.1981
      vertex -47.8074 -36.3253 -14.1981
      vertex -47.4828 -37.7898 -14.1981
    endloop
  endfacet
  facet normal 0 0 -1
    outer loop
      vertex -47.4828 -37.7898 -14.1981
      vertex -47.8074 -36.3253 -14.1981
      vertex -47.3972 -37.7727 -14.1981
    endloop
  endfacet
  facet normal 0 0 -1
    outer loop
      vertex -47.8074 -36.3253 -14.1981
      vertex -47.6577 -36.2955 -14.1981
      vertex -47.3972 -37.7727 -14.1981
    endloop
  endfacet
  facet normal 0 0 -1
    outer loop
      vertex -47.3972 -37.7727 -14.1981
      vertex -47.6577 -36.2955 -14.1981
      vertex -47.3109 -37.7595 -14.1981
    endloop
  endfacet
  facet normal 0 0 -1
    outer loop
      vertex -47.6577 -36.2955 -14.1981
      vertex -47.5067 -36.2723 -14.1981
      vertex -47.3109 -37.7595 -14.1981
    endloop
  endfacet
  facet normal 0.999762 -0.0218098 0
    outer loop
      vertex -50.5499 -39.7423 -14.1981
      vertex -50.5499 -39.7423 -17.1981
      vertex -50.5466 -39.5897 -14.1981
    endloop
  endfacet
  facet normal 0.999762 -0.0218098 0
    outer loop
      vertex -50.5499 -39.7423 -17.1981
      vertex -50.5466 -39.5897 -17.1981
      vertex -50.5466 -39.5897 -14.1981
    endloop
  endfacet
  facet normal 0.997859 -0.0654034 0
    outer loop
      vertex -50.5466 -39.5897 -14.1981
      vertex -50.5466 -39.5897 -17.1981
      vertex -50.5366 -39.4373 -14.1981
    endloop
  endfacet
  facet normal 0.997859 -0.0654034 0
    outer loop
      vertex -50.5466 -39.5897 -17.1981
      vertex -50.5366 -39.4373 -17.1981
      vertex -50.5366 -39.4373 -14.1981
    endloop
  endfacet
  facet normal 0.994055 -0.108876 0
    outer loop
      vertex -50.5366 -39.4373 -14.1981
      vertex -50.5366 -39.4373 -17.1981
      vertex -50.5199 -39.2855 -14.1981
    endloop
  endfacet
  facet normal 0.994055 -0.108876 0
    outer loop
      vertex -50.5366 -39.4373 -17.1981
      vertex -50.5199 -39.2855 -17.1981
      vertex -50.5199 -39.2855 -14.1981
    endloop
  endfacet
  facet normal 0.988364 -0.152107 0
    outer loop
      vertex -50.5199 -39.2855 -14.1981
      vertex -50.5199 -39.2855 -17.1981
      vertex -50.4967 -39.1346 -14.1981
    endloop
  endfacet
  facet normal 0.988364 -0.152107 0
    outer loop
      vertex -50.5199 -39.2855 -17.1981
      vertex -50.4967 -39.1346 -17.1981
      vertex -50.4967 -39.1346 -14.1981
    endloop
  endfacet
  facet normal 0.980785 -0.195093 0
    outer loop
      vertex -50.4967 -39.1346 -14.1981
      vertex -50.4967 -39.1346 -17.1981
      vertex -50.4669 -38.9848 -14.1981
    endloop
  endfacet
  facet normal 0.980785 -0.195093 0
    outer loop
      vertex -50.4967 -39.1346 -17.1981
      vertex -50.4669 -38.9848 -17.1981
      vertex -50.4669 -38.9848 -14.1981
    endloop
  endfacet
  facet normal 0.971343 -0.237682 0
    outer loop
      vertex -50.4669 -38.9848 -14.1981
      vertex -50.4669 -38.9848 -17.1981
      vertex -50.4306 -38.8365 -14.1981
    endloop
  endfacet
  facet normal 0.971343 -0.237682 0
    outer loop
      vertex -50.4669 -38.9848 -17.1981
      vertex -50.4306 -38.8365 -17.1981
      vertex -50.4306 -38.8365 -14.1981
    endloop
  endfacet
  facet normal 0.960046 -0.279844 0
    outer loop
      vertex -50.4306 -38.8365 -14.1981
      vertex -50.4306 -38.8365 -17.1981
      vertex -50.3879 -38.6899 -14.1981
    endloop
  endfacet
  facet normal 0.960046 -0.279844 0
    outer loop
      vertex -50.4306 -38.8365 -17.1981
      vertex -50.3879 -38.6899 -17.1981
      vertex -50.3879 -38.6899 -14.1981
    endloop
  endfacet
  facet normal 0.946932 -0.321434 0
    outer loop
      vertex -50.3879 -38.6899 -14.1981
      vertex -50.3879 -38.6899 -17.1981
      vertex -50.3388 -38.5453 -14.1981
    endloop
  endfacet
  facet normal 0.946932 -0.321434 0
    outer loop
      vertex -50.3879 -38.6899 -17.1981
      vertex -50.3388 -38.5453 -17.1981
      vertex -50.3388 -38.5453 -14.1981
    endloop
  endfacet
  facet normal 0.932006 -0.362444 0
    outer loop
      vertex -50.3388 -38.5453 -14.1981
      vertex -50.3388 -38.5453 -17.1981
      vertex -50.2835 -38.403 -14.1981
    endloop
  endfacet
  facet normal 0.932006 -0.362444 0
    outer loop
      vertex -50.3388 -38.5453 -17.1981
      vertex -50.2835 -38.403 -17.1981
      vertex -50.2835 -38.403 -14.1981
    endloop
  endfacet
  facet normal 0.915313 -0.402743 0
    outer loop
      vertex -50.2835 -38.403 -14.1981
      vertex -50.2835 -38.403 -17.1981
      vertex -50.222 -38.2632 -14.1981
    endloop
  endfacet
  facet normal 0.915313 -0.402743 0
    outer loop
      vertex -50.2835 -38.403 -17.1981
      vertex -50.222 -38.2632 -17.1981
      vertex -50.222 -38.2632 -14.1981
    endloop
  endfacet
  facet normal 0.896873 -0.442289 0
    outer loop
      vertex -50.222 -38.2632 -14.1981
      vertex -50.222 -38.2632 -17.1981
      vertex -50.1544 -38.1262 -14.1981
    endloop
  endfacet
  facet normal 0.896873 -0.442289 0
    outer loop
      vertex -50.222 -38.2632 -17.1981
      vertex -50.1544 -38.1262 -17.1981
      vertex -50.1544 -38.1262 -14.1981
    endloop
  endfacet
  facet normal 0.876729 -0.480984 0
    outer loop
      vertex -50.1544 -38.1262 -14.1981
      vertex -50.1544 -38.1262 -17.1981
      vertex -50.081 -37.9923 -14.1981
    endloop
  endfacet
  facet normal 0.876729 -0.480984 0
    outer loop
      vertex -50.1544 -38.1262 -17.1981
      vertex -50.081 -37.9923 -17.1981
      vertex -50.081 -37.9923 -14.1981
    endloop
  endfacet
  facet normal 0.854914 -0.518769 0
    outer loop
      vertex -50.081 -37.9923 -14.1981
      vertex -50.081 -37.9923 -17.1981
      vertex -50.0018 -37.8618 -14.1981
    endloop
  endfacet
  facet normal 0.854914 -0.518769 0
    outer loop
      vertex -50.081 -37.9923 -17.1981
      vertex -50.0018 -37.8618 -17.1981
      vertex -50.0018 -37.8618 -14.1981
    endloop
  endfacet
  facet normal 0.831464 -0.555578 0
    outer loop
      vertex -50.0018 -37.8618 -14.1981
      vertex -50.0018 -37.8618 -17.1981
      vertex -49.9169 -37.7348 -14.1981
    endloop
  endfacet
  facet normal 0.831464 -0.555578 0
    outer loop
      vertex -50.0018 -37.8618 -17.1981
      vertex -49.9169 -37.7348 -17.1981
      vertex -49.9169 -37.7348 -14.1981
    endloop
  endfacet
  facet normal 0.806449 -0.591303 0
    outer loop
      vertex -49.9169 -37.7348 -14.1981
      vertex -49.9169 -37.7348 -17.1981
      vertex -49.8266 -37.6117 -14.1981
    endloop
  endfacet
  facet normal 0.806449 -0.591303 0
    outer loop
      vertex -49.9169 -37.7348 -17.1981
      vertex -49.8266 -37.6117 -17.1981
      vertex -49.8266 -37.6117 -14.1981
    endloop
  endfacet
  facet normal 0.779873 -0.625938 0
    outer loop
      vertex -49.8266 -37.6117 -14.1981
      vertex -49.8266 -37.6117 -17.1981
      vertex -49.731 -37.4926 -14.1981
    endloop
  endfacet
  facet normal 0.779873 -0.625938 0
    outer loop
      vertex -49.8266 -37.6117 -17.1981
      vertex -49.731 -37.4926 -17.1981
      vertex -49.731 -37.4926 -14.1981
    endloop
  endfacet
  facet normal 0.751846 -0.659338 0
    outer loop
      vertex -49.731 -37.4926 -14.1981
      vertex -49.731 -37.4926 -17.1981
      vertex -49.6304 -37.3778 -14.1981
    endloop
  endfacet
  facet normal 0.751846 -0.659338 0
    outer loop
      vertex -49.731 -37.4926 -17.1981
      vertex -49.6304 -37.3778 -17.1981
      vertex -49.6304 -37.3778 -14.1981
    endloop
  endfacet
  facet normal 0.722368 -0.691508 0
    outer loop
      vertex -49.6304 -37.3778 -14.1981
      vertex -49.6304 -37.3778 -17.1981
      vertex -49.5248 -37.2675 -14.1981
    endloop
  endfacet
  facet normal 0.722368 -0.691508 0
    outer loop
      vertex -49.6304 -37.3778 -17.1981
      vertex -49.5248 -37.2675 -17.1981
      vertex -49.5248 -37.2675 -14.1981
    endloop
  endfacet
  facet normal 0.691508 -0.722368 0
    outer loop
      vertex -49.5248 -37.2675 -14.1981
      vertex -49.5248 -37.2675 -17.1981
      vertex -49.4144 -37.1619 -14.1981
    endloop
  endfacet
  facet normal 0.691508 -0.722368 0
    outer loop
      vertex -49.5248 -37.2675 -17.1981
      vertex -49.4144 -37.1619 -17.1981
      vertex -49.4144 -37.1619 -14.1981
    endloop
  endfacet
  facet normal 0.659338 -0.751846 0
    outer loop
      vertex -49.4144 -37.1619 -14.1981
      vertex -49.4144 -37.1619 -17.1981
      vertex -49.2996 -37.0612 -14.1981
    endloop
  endfacet
  facet normal 0.659338 -0.751846 0
    outer loop
      vertex -49.4144 -37.1619 -17.1981
      vertex -49.2996 -37.0612 -17.1981
      vertex -49.2996 -37.0612 -14.1981
    endloop
  endfacet
  facet normal 0.625938 -0.779873 0
    outer loop
      vertex -49.2996 -37.0612 -14.1981
      vertex -49.2996 -37.0612 -17.1981
      vertex -49.1805 -36.9656 -14.1981
    endloop
  endfacet
  facet normal 0.625938 -0.779873 0
    outer loop
      vertex -49.2996 -37.0612 -17.1981
      vertex -49.1805 -36.9656 -17.1981
      vertex -49.1805 -36.9656 -14.1981
    endloop
  endfacet
  facet normal 0.591303 -0.806449 0
    outer loop
      vertex -49.1805 -36.9656 -14.1981
      vertex -49.1805 -36.9656 -17.1981
      vertex -49.0574 -36.8753 -14.1981
    endloop
  endfacet
  facet normal 0.591303 -0.806449 0
    outer loop
      vertex -49.1805 -36.9656 -17.1981
      vertex -49.0574 -36.8753 -17.1981
      vertex -49.0574 -36.8753 -14.1981
    endloop
  endfacet
  facet normal 0.555578 -0.831464 0
    outer loop
      vertex -49.0574 -36.8753 -14.1981
      vertex -49.0574 -36.8753 -17.1981
      vertex -48.9304 -36.7905 -14.1981
    endloop
  endfacet
  facet normal 0.555578 -0.831464 0
    outer loop
      vertex -49.0574 -36.8753 -17.1981
      vertex -48.9304 -36.7905 -17.1981
      vertex -48.9304 -36.7905 -14.1981
    endloop
  endfacet
  facet normal 0.518769 -0.854914 0
    outer loop
      vertex -48.9304 -36.7905 -14.1981
      vertex -48.9304 -36.7905 -17.1981
      vertex -48.7999 -36.7113 -14.1981
    endloop
  endfacet
  facet normal 0.518769 -0.854914 0
    outer loop
      vertex -48.9304 -36.7905 -17.1981
      vertex -48.7999 -36.7113 -17.1981
      vertex -48.7999 -36.7113 -14.1981
    endloop
  endfacet
  facet normal 0.480984 -0.876729 0
    outer loop
      vertex -48.7999 -36.7113 -14.1981
      vertex -48.7999 -36.7113 -17.1981
      vertex -48.666 -36.6378 -14.1981
    endloop
  endfacet
  facet normal 0.480984 -0.876729 0
    outer loop
      vertex -48.7999 -36.7113 -17.1981
      vertex -48.666 -36.6378 -17.1981
      vertex -48.666 -36.6378 -14.1981
    endloop
  endfacet
  facet normal 0.442289 -0.896873 0
    outer loop
      vertex -48.666 -36.6378 -14.1981
      vertex -48.666 -36.6378 -17.1981
      vertex -48.529 -36.5703 -14.1981
    endloop
  endfacet
  facet normal 0.442289 -0.896873 0
    outer loop
      vertex -48.666 -36.6378 -17.1981
      vertex -48.529 -36.5703 -17.1981
      vertex -48.529 -36.5703 -14.1981
    endloop
  endfacet
  facet normal 0.402743 -0.915313 0
    outer loop
      vertex -48.529 -36.5703 -14.1981
      vertex -48.529 -36.5703 -17.1981
      vertex -48.3893 -36.5088 -14.1981
    endloop
  endfacet
  facet normal 0.402743 -0.915313 0
    outer loop
      vertex -48.529 -36.5703 -17.1981
      vertex -48.3893 -36.5088 -17.1981
      vertex -48.3893 -36.5088 -14.1981
    endloop
  endfacet
  facet normal 0.362444 -0.932006 0
    outer loop
      vertex -48.3893 -36.5088 -14.1981
      vertex -48.3893 -36.5088 -17.1981
      vertex -48.247 -36.4534 -14.1981
    endloop
  endfacet
  facet normal 0.362444 -0.932006 0
    outer loop
      vertex -48.3893 -36.5088 -17.1981
      vertex -48.247 -36.4534 -17.1981
      vertex -48.247 -36.4534 -14.1981
    endloop
  endfacet
  facet normal 0.321434 -0.946932 0
    outer loop
      vertex -48.247 -36.4534 -14.1981
      vertex -48.247 -36.4534 -17.1981
      vertex -48.1024 -36.4043 -14.1981
    endloop
  endfacet
  facet normal 0.321434 -0.946932 0
    outer loop
      vertex -48.247 -36.4534 -17.1981
      vertex -48.1024 -36.4043 -17.1981
      vertex -48.1024 -36.4043 -14.1981
    endloop
  endfacet
  facet normal 0.279844 -0.960046 0
    outer loop
      vertex -48.1024 -36.4043 -14.1981
      vertex -48.1024 -36.4043 -17.1981
      vertex -47.9558 -36.3616 -14.1981
    endloop
  endfacet
  facet normal 0.279844 -0.960046 0
    outer loop
      vertex -48.1024 -36.4043 -17.1981
      vertex -47.9558 -36.3616 -17.1981
      vertex -47.9558 -36.3616 -14.1981
    endloop
  endfacet
  facet normal 0.237682 -0.971343 0
    outer loop
      vertex -47.9558 -36.3616 -14.1981
      vertex -47.9558 -36.3616 -17.1981
      vertex -47.8074 -36.3253 -14.1981
    endloop
  endfacet
  facet normal 0.237682 -0.971343 0
    outer loop
      vertex -47.9558 -36.3616 -17.1981
      vertex -47.8074 -36.3253 -17.1981
      vertex -47.8074 -36.3253 -14.1981
    endloop
  endfacet
  facet normal 0.195093 -0.980785 0
    outer loop
      vertex -47.8074 -36.3253 -14.1981
      vertex -47.8074 -36.3253 -17.1981
      vertex -47.6577 -36.2955 -14.1981
    endloop
  endfacet
  facet normal 0.195093 -0.980785 0
    outer loop
      vertex -47.8074 -36.3253 -17.1981
      vertex -47.6577 -36.2955 -17.1981
      vertex -47.6577 -36.2955 -14.1981
    endloop
  endfacet
  facet normal 0.152107 -0.988364 0
    outer loop
      vertex -47.6577 -36.2955 -14.1981
      vertex -47.6577 -36.2955 -17.1981
      vertex -47.5067 -36.2723 -14.1981
    endloop
  endfacet
  facet normal 0.152107 -0.988364 0
    outer loop
      vertex -47.6577 -36.2955 -17.1981
      vertex -47.5067 -36.2723 -17.1981
      vertex -47.5067 -36.2723 -14.1981
    endloop
  endfacet
  facet normal 0.108876 -0.994055 0
    outer loop
      vertex -47.5067 -36.2723 -14.1981
      vertex -47.5067 -36.2723 -17.1981
      vertex -47.3549 -36.2557 -14.1981
    endloop
  endfacet
  facet normal 0.108876 -0.994055 0
    outer loop
      vertex -47.5067 -36.2723 -17.1981
      vertex -47.3549 -36.2557 -17.1981
      vertex -47.3549 -36.2557 -14.1981
    endloop
  endfacet
  facet normal 0.0654034 -0.997859 0
    outer loop
      vertex -47.3549 -36.2557 -14.1981
      vertex -47.3549 -36.2557 -17.1981
      vertex -47.2025 -36.2457 -14.1981
    endloop
  endfacet
  facet normal 0.0654034 -0.997859 0
    outer loop
      vertex -47.3549 -36.2557 -17.1981
      vertex -47.2025 -36.2457 -17.1981
      vertex -47.2025 -36.2457 -14.1981
    endloop
  endfacet
  facet normal 0.0218098 -0.999762 0
    outer loop
      vertex -47.2025 -36.2457 -14.1981
      vertex -47.2025 -36.2457 -17.1981
      vertex -47.0499 -36.2423 -14.1981
    endloop
  endfacet
  facet normal 0.0218098 -0.999762 0
    outer loop
      vertex -47.2025 -36.2457 -17.1981
      vertex -47.0499 -36.2423 -17.1981
      vertex -47.0499 -36.2423 -14.1981
    endloop
  endfacet
  facet normal -0.0218098 -0.999762 0
    outer loop
      vertex -47.0499 -36.2423 -14.1981
      vertex -47.0499 -36.2423 -17.1981
      vertex -46.8972 -36.2457 -14.1981
    endloop
  endfacet
  facet normal -0.0218098 -0.999762 0
    outer loop
      vertex -47.0499 -36.2423 -17.1981
      vertex -46.8972 -36.2457 -17.1981
      vertex -46.8972 -36.2457 -14.1981
    endloop
  endfacet
  facet normal -0.0654034 -0.997859 0
    outer loop
      vertex -46.8972 -36.2457 -14.1981
      vertex -46.8972 -36.2457 -17.1981
      vertex -46.7448 -36.2557 -14.1981
    endloop
  endfacet
  facet normal -0.0654034 -0.997859 0
    outer loop
      vertex -46.8972 -36.2457 -17.1981
      vertex -46.7448 -36.2557 -17.1981
      vertex -46.7448 -36.2557 -14.1981
    endloop
  endfacet
  facet normal -0.108876 -0.994055 0
    outer loop
      vertex -46.7448 -36.2557 -14.1981
      vertex -46.7448 -36.2557 -17.1981
      vertex -46.593 -36.2723 -14.1981
    endloop
  endfacet
  facet normal -0.108876 -0.994055 0
    outer loop
      vertex -46.7448 -36.2557 -17.1981
      vertex -46.593 -36.2723 -17.1981
      vertex -46.593 -36.2723 -14.1981
    endloop
  endfacet
  facet normal -0.152107 -0.988364 0
    outer loop
      vertex -46.593 -36.2723 -14.1981
      vertex -46.593 -36.2723 -17.1981
      vertex -46.4421 -36.2955 -14.1981
    endloop
  endfacet
  facet normal -0.152107 -0.988364 0
    outer loop
      vertex -46.593 -36.2723 -17.1981
      vertex -46.4421 -36.2955 -17.1981
      vertex -46.4421 -36.2955 -14.1981
    endloop
  endfacet
  facet normal -0.195093 -0.980785 0
    outer loop
      vertex -46.4421 -36.2955 -14.1981
      vertex -46.4421 -36.2955 -17.1981
      vertex -46.2923 -36.3253 -14.1981
    endloop
  endfacet
  facet normal -0.195093 -0.980785 0
    outer loop
      vertex -46.4421 -36.2955 -17.1981
      vertex -46.2923 -36.3253 -17.1981
      vertex -46.2923 -36.3253 -14.1981
    endloop
  endfacet
  facet normal -0.237682 -0.971343 0
    outer loop
      vertex -46.2923 -36.3253 -14.1981
      vertex -46.2923 -36.3253 -17.1981
      vertex -46.144 -36.3616 -14.1981
    endloop
  endfacet
  facet normal -0.237682 -0.971343 0
    outer loop
      vertex -46.2923 -36.3253 -17.1981
      vertex -46.144 -36.3616 -17.1981
      vertex -46.144 -36.3616 -14.1981
    endloop
  endfacet
  facet normal -0.279844 -0.960046 0
    outer loop
      vertex -46.144 -36.3616 -14.1981
      vertex -46.144 -36.3616 -17.1981
      vertex -45.9974 -36.4043 -14.1981
    endloop
  endfacet
  facet normal -0.279844 -0.960046 0
    outer loop
      vertex -46.144 -36.3616 -17.1981
      vertex -45.9974 -36.4043 -17.1981
      vertex -45.9974 -36.4043 -14.1981
    endloop
  endfacet
  facet normal -0.321434 -0.946932 0
    outer loop
      vertex -45.9974 -36.4043 -14.1981
      vertex -45.9974 -36.4043 -17.1981
      vertex -45.8528 -36.4534 -14.1981
    endloop
  endfacet
  facet normal -0.321434 -0.946932 0
    outer loop
      vertex -45.9974 -36.4043 -17.1981
      vertex -45.8528 -36.4534 -17.1981
      vertex -45.8528 -36.4534 -14.1981
    endloop
  endfacet
  facet normal -0.362444 -0.932006 0
    outer loop
      vertex -45.8528 -36.4534 -14.1981
      vertex -45.8528 -36.4534 -17.1981
      vertex -45.7105 -36.5088 -14.1981
    endloop
  endfacet
  facet normal -0.362444 -0.932006 0
    outer loop
      vertex -45.8528 -36.4534 -17.1981
      vertex -45.7105 -36.5088 -17.1981
      vertex -45.7105 -36.5088 -14.1981
    endloop
  endfacet
  facet normal -0.402743 -0.915313 0
    outer loop
      vertex -45.7105 -36.5088 -14.1981
      vertex -45.7105 -36.5088 -17.1981
      vertex -45.5707 -36.5703 -14.1981
    endloop
  endfacet
  facet normal -0.402743 -0.915313 0
    outer loop
      vertex -45.7105 -36.5088 -17.1981
      vertex -45.5707 -36.5703 -17.1981
      vertex -45.5707 -36.5703 -14.1981
    endloop
  endfacet
  facet normal -0.442289 -0.896873 0
    outer loop
      vertex -45.5707 -36.5703 -14.1981
      vertex -45.5707 -36.5703 -17.1981
      vertex -45.4338 -36.6378 -14.1981
    endloop
  endfacet
  facet normal -0.442289 -0.896873 0
    outer loop
      vertex -45.5707 -36.5703 -17.1981
      vertex -45.4338 -36.6378 -17.1981
      vertex -45.4338 -36.6378 -14.1981
    endloop
  endfacet
  facet normal -0.480984 -0.876729 0
    outer loop
      vertex -45.4338 -36.6378 -14.1981
      vertex -45.4338 -36.6378 -17.1981
      vertex -45.2999 -36.7113 -14.1981
    endloop
  endfacet
  facet normal -0.480984 -0.876729 0
    outer loop
      vertex -45.4338 -36.6378 -17.1981
      vertex -45.2999 -36.7113 -17.1981
      vertex -45.2999 -36.7113 -14.1981
    endloop
  endfacet
  facet normal -0.518769 -0.854914 0
    outer loop
      vertex -45.2999 -36.7113 -14.1981
      vertex -45.2999 -36.7113 -17.1981
      vertex -45.1693 -36.7905 -14.1981
    endloop
  endfacet
  facet normal -0.518769 -0.854914 0
    outer loop
      vertex -45.2999 -36.7113 -17.1981
      vertex -45.1693 -36.7905 -17.1981
      vertex -45.1693 -36.7905 -14.1981
    endloop
  endfacet
  facet normal -0.555578 -0.831464 0
    outer loop
      vertex -45.1693 -36.7905 -14.1981
      vertex -45.1693 -36.7905 -17.1981
      vertex -45.0424 -36.8753 -14.1981
    endloop
  endfacet
  facet normal -0.555578 -0.831464 0
    outer loop
      vertex -45.1693 -36.7905 -17.1981
      vertex -45.0424 -36.8753 -17.1981
      vertex -45.0424 -36.8753 -14.1981
    endloop
  endfacet
  facet normal -0.591303 -0.806449 0
    outer loop
      vertex -45.0424 -36.8753 -14.1981
      vertex -45.0424 -36.8753 -17.1981
      vertex -44.9192 -36.9656 -14.1981
    endloop
  endfacet
  facet normal -0.591303 -0.806449 0
    outer loop
      vertex -45.0424 -36.8753 -17.1981
      vertex -44.9192 -36.9656 -17.1981
      vertex -44.9192 -36.9656 -14.1981
    endloop
  endfacet
  facet normal -0.625938 -0.779873 0
    outer loop
      vertex -44.9192 -36.9656 -14.1981
      vertex -44.9192 -36.9656 -17.1981
      vertex -44.8001 -37.0612 -14.1981
    endloop
  endfacet
  facet normal -0.625938 -0.779873 0
    outer loop
      vertex -44.9192 -36.9656 -17.1981
      vertex -44.8001 -37.0612 -17.1981
      vertex -44.8001 -37.0612 -14.1981
    endloop
  endfacet
  facet normal -0.659338 -0.751846 0
    outer loop
      vertex -44.8001 -37.0612 -14.1981
      vertex -44.8001 -37.0612 -17.1981
      vertex -44.6853 -37.1619 -14.1981
    endloop
  endfacet
  facet normal -0.659338 -0.751846 0
    outer loop
      vertex -44.8001 -37.0612 -17.1981
      vertex -44.6853 -37.1619 -17.1981
      vertex -44.6853 -37.1619 -14.1981
    endloop
  endfacet
  facet normal -0.691508 -0.722368 0
    outer loop
      vertex -44.6853 -37.1619 -14.1981
      vertex -44.6853 -37.1619 -17.1981
      vertex -44.575 -37.2675 -14.1981
    endloop
  endfacet
  facet normal -0.691508 -0.722368 0
    outer loop
      vertex -44.6853 -37.1619 -17.1981
      vertex -44.575 -37.2675 -17.1981
      vertex -44.575 -37.2675 -14.1981
    endloop
  endfacet
  facet normal -0.722368 -0.691508 0
    outer loop
      vertex -44.575 -37.2675 -14.1981
      vertex -44.575 -37.2675 -17.1981
      vertex -44.4694 -37.3778 -14.1981
    endloop
  endfacet
  facet normal -0.722368 -0.691508 0
    outer loop
      vertex -44.575 -37.2675 -17.1981
      vertex -44.4694 -37.3778 -17.1981
      vertex -44.4694 -37.3778 -14.1981
    endloop
  endfacet
  facet normal -0.751846 -0.659338 0
    outer loop
      vertex -44.4694 -37.3778 -14.1981
      vertex -44.4694 -37.3778 -17.1981
      vertex -44.3687 -37.4926 -14.1981
    endloop
  endfacet
  facet normal -0.751846 -0.659338 0
    outer loop
      vertex -44.4694 -37.3778 -17.1981
      vertex -44.3687 -37.4926 -17.1981
      vertex -44.3687 -37.4926 -14.1981
    endloop
  endfacet
  facet normal -0.779873 -0.625938 0
    outer loop
      vertex -44.3687 -37.4926 -14.1981
      vertex -44.3687 -37.4926 -17.1981
      vertex -44.2731 -37.6117 -14.1981
    endloop
  endfacet
  facet normal -0.779873 -0.625938 0
    outer loop
      vertex -44.3687 -37.4926 -17.1981
      vertex -44.2731 -37.6117 -17.1981
      vertex -44.2731 -37.6117 -14.1981
    endloop
  endfacet
  facet normal -0.806449 -0.591303 0
    outer loop
      vertex -44.2731 -37.6117 -14.1981
      vertex -44.2731 -37.6117 -17.1981
      vertex -44.1829 -37.7348 -14.1981
    endloop
  endfacet
  facet normal -0.806449 -0.591303 0
    outer loop
      vertex -44.2731 -37.6117 -17.1981
      vertex -44.1829 -37.7348 -17.1981
      vertex -44.1829 -37.7348 -14.1981
    endloop
  endfacet
  facet normal -0.831464 -0.555578 0
    outer loop
      vertex -44.1829 -37.7348 -14.1981
      vertex -44.1829 -37.7348 -17.1981
      vertex -44.098 -37.8618 -14.1981
    endloop
  endfacet
  facet normal -0.831464 -0.555578 0
    outer loop
      vertex -44.1829 -37.7348 -17.1981
      vertex -44.098 -37.8618 -17.1981
      vertex -44.098 -37.8618 -14.1981
    endloop
  endfacet
  facet normal -0.854914 -0.518769 0
    outer loop
      vertex -44.098 -37.8618 -14.1981
      vertex -44.098 -37.8618 -17.1981
      vertex -44.0188 -37.9923 -14.1981
    endloop
  endfacet
  facet normal -0.854914 -0.518769 0
    outer loop
      vertex -44.098 -37.8618 -17.1981
      vertex -44.0188 -37.9923 -17.1981
      vertex -44.0188 -37.9923 -14.1981
    endloop
  endfacet
  facet normal -0.876729 -0.480984 0
    outer loop
      vertex -44.0188 -37.9923 -14.1981
      vertex -44.0188 -37.9923 -17.1981
      vertex -43.9453 -38.1262 -14.1981
    endloop
  endfacet
  facet normal -0.876729 -0.480984 0
    outer loop
      vertex -44.0188 -37.9923 -17.1981
      vertex -43.9453 -38.1262 -17.1981
      vertex -43.9453 -38.1262 -14.1981
    endloop
  endfacet
  facet normal -0.896873 -0.442289 0
    outer loop
      vertex -43.9453 -38.1262 -14.1981
      vertex -43.9453 -38.1262 -17.1981
      vertex -43.8778 -38.2632 -14.1981
    endloop
  endfacet
  facet normal -0.896873 -0.442289 0
    outer loop
      vertex -43.9453 -38.1262 -17.1981
      vertex -43.8778 -38.2632 -17.1981
      vertex -43.8778 -38.2632 -14.1981
    endloop
  endfacet
  facet normal -0.915313 -0.402743 0
    outer loop
      vertex -43.8778 -38.2632 -14.1981
      vertex -43.8778 -38.2632 -17.1981
      vertex -43.8163 -38.403 -14.1981
    endloop
  endfacet
  facet normal -0.915313 -0.402743 0
    outer loop
      vertex -43.8778 -38.2632 -17.1981
      vertex -43.8163 -38.403 -17.1981
      vertex -43.8163 -38.403 -14.1981
    endloop
  endfacet
  facet normal -0.932006 -0.362444 0
    outer loop
      vertex -43.8163 -38.403 -14.1981
      vertex -43.8163 -38.403 -17.1981
      vertex -43.761 -38.5453 -14.1981
    endloop
  endfacet
  facet normal -0.932006 -0.362444 0
    outer loop
      vertex -43.8163 -38.403 -17.1981
      vertex -43.761 -38.5453 -17.1981
      vertex -43.761 -38.5453 -14.1981
    endloop
  endfacet
  facet normal -0.946932 -0.321434 0
    outer loop
      vertex -43.761 -38.5453 -14.1981
      vertex -43.761 -38.5453 -17.1981
      vertex -43.7119 -38.6899 -14.1981
    endloop
  endfacet
  facet normal -0.946932 -0.321434 0
    outer loop
      vertex -43.761 -38.5453 -17.1981
      vertex -43.7119 -38.6899 -17.1981
      vertex -43.7119 -38.6899 -14.1981
    endloop
  endfacet
  facet normal -0.960046 -0.279844 0
    outer loop
      vertex -43.7119 -38.6899 -14.1981
      vertex -43.7119 -38.6899 -17.1981
      vertex -43.6691 -38.8365 -14.1981
    endloop
  endfacet
  facet normal -0.960046 -0.279844 0
    outer loop
      vertex -43.7119 -38.6899 -17.1981
      vertex -43.6691 -38.8365 -17.1981
      vertex -43.6691 -38.8365 -14.1981
    endloop
  endfacet
  facet normal -0.971343 -0.237682 0
    outer loop
      vertex -43.6691 -38.8365 -14.1981
      vertex -43.6691 -38.8365 -17.1981
      vertex -43.6328 -38.9848 -14.1981
    endloop
  endfacet
  facet normal -0.971343 -0.237682 0
    outer loop
      vertex -43.6691 -38.8365 -17.1981
      vertex -43.6328 -38.9848 -17.1981
      vertex -43.6328 -38.9848 -14.1981
    endloop
  endfacet
  facet normal -0.980785 -0.195093 0
    outer loop
      vertex -43.6328 -38.9848 -14.1981
      vertex -43.6328 -38.9848 -17.1981
      vertex -43.6031 -39.1346 -14.1981
    endloop
  endfacet
  facet normal -0.980785 -0.195093 0
    outer loop
      vertex -43.6328 -38.9848 -17.1981
      vertex -43.6031 -39.1346 -17.1981
      vertex -43.6031 -39.1346 -14.1981
    endloop
  endfacet
  facet normal -0.988364 -0.152107 0
    outer loop
      vertex -43.6031 -39.1346 -14.1981
      vertex -43.6031 -39.1346 -17.1981
      vertex -43.5798 -39.2855 -14.1981
    endloop
  endfacet
  facet normal -0.988364 -0.152107 0
    outer loop
      vertex -43.6031 -39.1346 -17.1981
      vertex -43.5798 -39.2855 -17.1981
      vertex -43.5798 -39.2855 -14.1981
    endloop
  endfacet
  facet normal -0.994055 -0.108876 0
    outer loop
      vertex -43.5798 -39.2855 -14.1981
      vertex -43.5798 -39.2855 -17.1981
      vertex -43.5632 -39.4373 -14.1981
    endloop
  endfacet
  facet normal -0.994055 -0.108876 0
    outer loop
      vertex -43.5798 -39.2855 -17.1981
      vertex -43.5632 -39.4373 -17.1981
      vertex -43.5632 -39.4373 -14.1981
    endloop
  endfacet
  facet normal -0.997859 -0.0654034 0
    outer loop
      vertex -43.5632 -39.4373 -14.1981
      vertex -43.5632 -39.4373 -17.1981
      vertex -43.5532 -39.5897 -14.1981
    endloop
  endfacet
  facet normal -0.997859 -0.0654034 0
    outer loop
      vertex -43.5632 -39.4373 -17.1981
      vertex -43.5532 -39.5897 -17.1981
      vertex -43.5532 -39.5897 -14.1981
    endloop
  endfacet
  facet normal -0.999762 -0.0218098 0
    outer loop
      vertex -43.5532 -39.5897 -14.1981
      vertex -43.5532 -39.5897 -17.1981
      vertex -43.5499 -39.7423 -14.1981
    endloop
  endfacet
  facet normal -0.999762 -0.0218098 0
    outer loop
      vertex -43.5532 -39.5897 -17.1981
      vertex -43.5499 -39.7423 -17.1981
      vertex -43.5499 -39.7423 -14.1981
    endloop
  endfacet
  facet normal -0.999762 0.0218098 0
    outer loop
      vertex -43.5499 -39.7423 -14.1981
      vertex -43.5499 -39.7423 -17.1981
      vertex -43.5532 -39.895 -14.1981
    endloop
  endfacet
  facet normal -0.999762 0.0218098 0
    outer loop
      vertex -43.5499 -39.7423 -17.1981
      vertex -43.5532 -39.895 -17.1981
      vertex -43.5532 -39.895 -14.1981
    endloop
  endfacet
  facet normal -0.997859 0.0654034 0
    outer loop
      vertex -43.5532 -39.895 -14.1981
      vertex -43.5532 -39.895 -17.1981
      vertex -43.5632 -40.0474 -14.1981
    endloop
  endfacet
  facet normal -0.997859 0.0654034 0
    outer loop
      vertex -43.5532 -39.895 -17.1981
      vertex -43.5632 -40.0474 -17.1981
      vertex -43.5632 -40.0474 -14.1981
    endloop
  endfacet
  facet normal -0.994055 0.108876 0
    outer loop
      vertex -43.5632 -40.0474 -14.1981
      vertex -43.5632 -40.0474 -17.1981
      vertex -43.5798 -40.1992 -14.1981
    endloop
  endfacet
  facet normal -0.994055 0.108876 0
    outer loop
      vertex -43.5632 -40.0474 -17.1981
      vertex -43.5798 -40.1992 -17.1981
      vertex -43.5798 -40.1992 -14.1981
    endloop
  endfacet
  facet normal -0.988364 0.152107 0
    outer loop
      vertex -43.5798 -40.1992 -14.1981
      vertex -43.5798 -40.1992 -17.1981
      vertex -43.6031 -40.3501 -14.1981
    endloop
  endfacet
  facet normal -0.988364 0.152107 0
    outer loop
      vertex -43.5798 -40.1992 -17.1981
      vertex -43.6031 -40.3501 -17.1981
      vertex -43.6031 -40.3501 -14.1981
    endloop
  endfacet
  facet normal -0.980785 0.195093 0
    outer loop
      vertex -43.6031 -40.3501 -14.1981
      vertex -43.6031 -40.3501 -17.1981
      vertex -43.6328 -40.4999 -14.1981
    endloop
  endfacet
  facet normal -0.980785 0.195093 0
    outer loop
      vertex -43.6031 -40.3501 -17.1981
      vertex -43.6328 -40.4999 -17.1981
      vertex -43.6328 -40.4999 -14.1981
    endloop
  endfacet
  facet normal -0.971343 0.237682 0
    outer loop
      vertex -43.6328 -40.4999 -14.1981
      vertex -43.6328 -40.4999 -17.1981
      vertex -43.6691 -40.6482 -14.1981
    endloop
  endfacet
  facet normal -0.971343 0.237682 0
    outer loop
      vertex -43.6328 -40.4999 -17.1981
      vertex -43.6691 -40.6482 -17.1981
      vertex -43.6691 -40.6482 -14.1981
    endloop
  endfacet
  facet normal -0.960046 0.279844 0
    outer loop
      vertex -43.6691 -40.6482 -14.1981
      vertex -43.6691 -40.6482 -17.1981
      vertex -43.7119 -40.7948 -14.1981
    endloop
  endfacet
  facet normal -0.960046 0.279844 0
    outer loop
      vertex -43.6691 -40.6482 -17.1981
      vertex -43.7119 -40.7948 -17.1981
      vertex -43.7119 -40.7948 -14.1981
    endloop
  endfacet
  facet normal -0.946932 0.321434 0
    outer loop
      vertex -43.7119 -40.7948 -14.1981
      vertex -43.7119 -40.7948 -17.1981
      vertex -43.761 -40.9394 -14.1981
    endloop
  endfacet
  facet normal -0.946932 0.321434 0
    outer loop
      vertex -43.7119 -40.7948 -17.1981
      vertex -43.761 -40.9394 -17.1981
      vertex -43.761 -40.9394 -14.1981
    endloop
  endfacet
  facet normal -0.932006 0.362444 0
    outer loop
      vertex -43.761 -40.9394 -14.1981
      vertex -43.761 -40.9394 -17.1981
      vertex -43.8163 -41.0817 -14.1981
    endloop
  endfacet
  facet normal -0.932006 0.362444 0
    outer loop
      vertex -43.761 -40.9394 -17.1981
      vertex -43.8163 -41.0817 -17.1981
      vertex -43.8163 -41.0817 -14.1981
    endloop
  endfacet
  facet normal -0.915313 0.402743 0
    outer loop
      vertex -43.8163 -41.0817 -14.1981
      vertex -43.8163 -41.0817 -17.1981
      vertex -43.8778 -41.2215 -14.1981
    endloop
  endfacet
  facet normal -0.915313 0.402743 0
    outer loop
      vertex -43.8163 -41.0817 -17.1981
      vertex -43.8778 -41.2215 -17.1981
      vertex -43.8778 -41.2215 -14.1981
    endloop
  endfacet
  facet normal -0.896873 0.442289 0
    outer loop
      vertex -43.8778 -41.2215 -14.1981
      vertex -43.8778 -41.2215 -17.1981
      vertex -43.9453 -41.3585 -14.1981
    endloop
  endfacet
  facet normal -0.896873 0.442289 0
    outer loop
      vertex -43.8778 -41.2215 -17.1981
      vertex -43.9453 -41.3585 -17.1981
      vertex -43.9453 -41.3585 -14.1981
    endloop
  endfacet
  facet normal -0.876729 0.480984 0
    outer loop
      vertex -43.9453 -41.3585 -14.1981
      vertex -43.9453 -41.3585 -17.1981
      vertex -44.0188 -41.4923 -14.1981
    endloop
  endfacet
  facet normal -0.876729 0.480984 0
    outer loop
      vertex -43.9453 -41.3585 -17.1981
      vertex -44.0188 -41.4923 -17.1981
      vertex -44.0188 -41.4923 -14.1981
    endloop
  endfacet
  facet normal -0.854914 0.518769 0
    outer loop
      vertex -44.0188 -41.4923 -14.1981
      vertex -44.0188 -41.4923 -17.1981
      vertex -44.098 -41.6229 -14.1981
    endloop
  endfacet
  facet normal -0.854914 0.518769 0
    outer loop
      vertex -44.0188 -41.4923 -17.1981
      vertex -44.098 -41.6229 -17.1981
      vertex -44.098 -41.6229 -14.1981
    endloop
  endfacet
  facet normal -0.831464 0.555578 0
    outer loop
      vertex -44.098 -41.6229 -14.1981
      vertex -44.098 -41.6229 -17.1981
      vertex -44.1829 -41.7499 -14.1981
    endloop
  endfacet
  facet normal -0.831464 0.555578 0
    outer loop
      vertex -44.098 -41.6229 -17.1981
      vertex -44.1829 -41.7499 -17.1981
      vertex -44.1829 -41.7499 -14.1981
    endloop
  endfacet
  facet normal -0.806449 0.591303 0
    outer loop
      vertex -44.1829 -41.7499 -14.1981
      vertex -44.1829 -41.7499 -17.1981
      vertex -44.2731 -41.873 -14.1981
    endloop
  endfacet
  facet normal -0.806449 0.591303 0
    outer loop
      vertex -44.1829 -41.7499 -17.1981
      vertex -44.2731 -41.873 -17.1981
      vertex -44.2731 -41.873 -14.1981
    endloop
  endfacet
  facet normal -0.779873 0.625938 0
    outer loop
      vertex -44.2731 -41.873 -14.1981
      vertex -44.2731 -41.873 -17.1981
      vertex -44.3687 -41.9921 -14.1981
    endloop
  endfacet
  facet normal -0.779873 0.625938 0
    outer loop
      vertex -44.2731 -41.873 -17.1981
      vertex -44.3687 -41.9921 -17.1981
      vertex -44.3687 -41.9921 -14.1981
    endloop
  endfacet
  facet normal -0.751846 0.659338 0
    outer loop
      vertex -44.3687 -41.9921 -14.1981
      vertex -44.3687 -41.9921 -17.1981
      vertex -44.4694 -42.1069 -14.1981
    endloop
  endfacet
  facet normal -0.751846 0.659338 0
    outer loop
      vertex -44.3687 -41.9921 -17.1981
      vertex -44.4694 -42.1069 -17.1981
      vertex -44.4694 -42.1069 -14.1981
    endloop
  endfacet
  facet normal -0.722368 0.691508 0
    outer loop
      vertex -44.4694 -42.1069 -14.1981
      vertex -44.4694 -42.1069 -17.1981
      vertex -44.575 -42.2172 -14.1981
    endloop
  endfacet
  facet normal -0.722368 0.691508 0
    outer loop
      vertex -44.4694 -42.1069 -17.1981
      vertex -44.575 -42.2172 -17.1981
      vertex -44.575 -42.2172 -14.1981
    endloop
  endfacet
  facet normal -0.691508 0.722368 0
    outer loop
      vertex -44.575 -42.2172 -14.1981
      vertex -44.575 -42.2172 -17.1981
      vertex -44.6853 -42.3228 -14.1981
    endloop
  endfacet
  facet normal -0.691508 0.722368 0
    outer loop
      vertex -44.575 -42.2172 -17.1981
      vertex -44.6853 -42.3228 -17.1981
      vertex -44.6853 -42.3228 -14.1981
    endloop
  endfacet
  facet normal -0.659338 0.751846 0
    outer loop
      vertex -44.6853 -42.3228 -14.1981
      vertex -44.6853 -42.3228 -17.1981
      vertex -44.8001 -42.4235 -14.1981
    endloop
  endfacet
  facet normal -0.659338 0.751846 0
    outer loop
      vertex -44.6853 -42.3228 -17.1981
      vertex -44.8001 -42.4235 -17.1981
      vertex -44.8001 -42.4235 -14.1981
    endloop
  endfacet
  facet normal -0.625938 0.779873 0
    outer loop
      vertex -44.8001 -42.4235 -14.1981
      vertex -44.8001 -42.4235 -17.1981
      vertex -44.9192 -42.5191 -14.1981
    endloop
  endfacet
  facet normal -0.625938 0.779873 0
    outer loop
      vertex -44.8001 -42.4235 -17.1981
      vertex -44.9192 -42.5191 -17.1981
      vertex -44.9192 -42.5191 -14.1981
    endloop
  endfacet
  facet normal -0.591303 0.806449 0
    outer loop
      vertex -44.9192 -42.5191 -14.1981
      vertex -44.9192 -42.5191 -17.1981
      vertex -45.0424 -42.6094 -14.1981
    endloop
  endfacet
  facet normal -0.591303 0.806449 0
    outer loop
      vertex -44.9192 -42.5191 -17.1981
      vertex -45.0424 -42.6094 -17.1981
      vertex -45.0424 -42.6094 -14.1981
    endloop
  endfacet
  facet normal -0.555578 0.831464 0
    outer loop
      vertex -45.0424 -42.6094 -14.1981
      vertex -45.0424 -42.6094 -17.1981
      vertex -45.1693 -42.6942 -14.1981
    endloop
  endfacet
  facet normal -0.555578 0.831464 0
    outer loop
      vertex -45.0424 -42.6094 -17.1981
      vertex -45.1693 -42.6942 -17.1981
      vertex -45.1693 -42.6942 -14.1981
    endloop
  endfacet
  facet normal -0.518769 0.854914 0
    outer loop
      vertex -45.1693 -42.6942 -14.1981
      vertex -45.1693 -42.6942 -17.1981
      vertex -45.2999 -42.7734 -14.1981
    endloop
  endfacet
  facet normal -0.518769 0.854914 0
    outer loop
      vertex -45.1693 -42.6942 -17.1981
      vertex -45.2999 -42.7734 -17.1981
      vertex -45.2999 -42.7734 -14.1981
    endloop
  endfacet
  facet normal -0.480984 0.876729 0
    outer loop
      vertex -45.2999 -42.7734 -14.1981
      vertex -45.2999 -42.7734 -17.1981
      vertex -45.4338 -42.8469 -14.1981
    endloop
  endfacet
  facet normal -0.480984 0.876729 0
    outer loop
      vertex -45.2999 -42.7734 -17.1981
      vertex -45.4338 -42.8469 -17.1981
      vertex -45.4338 -42.8469 -14.1981
    endloop
  endfacet
  facet normal -0.442289 0.896873 0
    outer loop
      vertex -45.4338 -42.8469 -14.1981
      vertex -45.4338 -42.8469 -17.1981
      vertex -45.5707 -42.9144 -14.1981
    endloop
  endfacet
  facet normal -0.442289 0.896873 0
    outer loop
      vertex -45.4338 -42.8469 -17.1981
      vertex -45.5707 -42.9144 -17.1981
      vertex -45.5707 -42.9144 -14.1981
    endloop
  endfacet
  facet normal -0.402743 0.915313 0
    outer loop
      vertex -45.5707 -42.9144 -14.1981
      vertex -45.5707 -42.9144 -17.1981
      vertex -45.7105 -42.9759 -14.1981
    endloop
  endfacet
  facet normal -0.402743 0.915313 0
    outer loop
      vertex -45.5707 -42.9144 -17.1981
      vertex -45.7105 -42.9759 -17.1981
      vertex -45.7105 -42.9759 -14.1981
    endloop
  endfacet
  facet normal -0.362444 0.932006 0
    outer loop
      vertex -45.7105 -42.9759 -14.1981
      vertex -45.7105 -42.9759 -17.1981
      vertex -45.8528 -43.0313 -14.1981
    endloop
  endfacet
  facet normal -0.362444 0.932006 0
    outer loop
      vertex -45.7105 -42.9759 -17.1981
      vertex -45.8528 -43.0313 -17.1981
      vertex -45.8528 -43.0313 -14.1981
    endloop
  endfacet
  facet normal -0.321434 0.946932 0
    outer loop
      vertex -45.8528 -43.0313 -14.1981
      vertex -45.8528 -43.0313 -17.1981
      vertex -45.9974 -43.0804 -14.1981
    endloop
  endfacet
  facet normal -0.321434 0.946932 0
    outer loop
      vertex -45.8528 -43.0313 -17.1981
      vertex -45.9974 -43.0804 -17.1981
      vertex -45.9974 -43.0804 -14.1981
    endloop
  endfacet
  facet normal -0.279844 0.960046 0
    outer loop
      vertex -45.9974 -43.0804 -14.1981
      vertex -45.9974 -43.0804 -17.1981
      vertex -46.144 -43.1231 -14.1981
    endloop
  endfacet
  facet normal -0.279844 0.960046 0
    outer loop
      vertex -45.9974 -43.0804 -17.1981
      vertex -46.144 -43.1231 -17.1981
      vertex -46.144 -43.1231 -14.1981
    endloop
  endfacet
  facet normal -0.237682 0.971343 0
    outer loop
      vertex -46.144 -43.1231 -14.1981
      vertex -46.144 -43.1231 -17.1981
      vertex -46.2923 -43.1594 -14.1981
    endloop
  endfacet
  facet normal -0.237682 0.971343 0
    outer loop
      vertex -46.144 -43.1231 -17.1981
      vertex -46.2923 -43.1594 -17.1981
      vertex -46.2923 -43.1594 -14.1981
    endloop
  endfacet
  facet normal -0.195093 0.980785 0
    outer loop
      vertex -46.2923 -43.1594 -14.1981
      vertex -46.2923 -43.1594 -17.1981
      vertex -46.4421 -43.1892 -14.1981
    endloop
  endfacet
  facet normal -0.195093 0.980785 0
    outer loop
      vertex -46.2923 -43.1594 -17.1981
      vertex -46.4421 -43.1892 -17.1981
      vertex -46.4421 -43.1892 -14.1981
    endloop
  endfacet
  facet normal -0.152107 0.988364 0
    outer loop
      vertex -46.4421 -43.1892 -14.1981
      vertex -46.4421 -43.1892 -17.1981
      vertex -46.593 -43.2124 -14.1981
    endloop
  endfacet
  facet normal -0.152107 0.988364 0
    outer loop
      vertex -46.4421 -43.1892 -17.1981
      vertex -46.593 -43.2124 -17.1981
      vertex -46.593 -43.2124 -14.1981
    endloop
  endfacet
  facet normal -0.108876 0.994055 0
    outer loop
      vertex -46.593 -43.2124 -14.1981
      vertex -46.593 -43.2124 -17.1981
      vertex -46.7448 -43.229 -14.1981
    endloop
  endfacet
  facet normal -0.108876 0.994055 0
    outer loop
      vertex -46.593 -43.2124 -17.1981
      vertex -46.7448 -43.229 -17.1981
      vertex -46.7448 -43.229 -14.1981
    endloop
  endfacet
  facet normal -0.0654034 0.997859 0
    outer loop
      vertex -46.7448 -43.229 -14.1981
      vertex -46.7448 -43.229 -17.1981
      vertex -46.8972 -43.239 -14.1981
    endloop
  endfacet
  facet normal -0.0654034 0.997859 0
    outer loop
      vertex -46.7448 -43.229 -17.1981
      vertex -46.8972 -43.239 -17.1981
      vertex -46.8972 -43.239 -14.1981
    endloop
  endfacet
  facet normal -0.0218098 0.999762 0
    outer loop
      vertex -46.8972 -43.239 -14.1981
      vertex -46.8972 -43.239 -17.1981
      vertex -47.0499 -43.2423 -14.1981
    endloop
  endfacet
  facet normal -0.0218098 0.999762 0
    outer loop
      vertex -46.8972 -43.239 -17.1981
      vertex -47.0499 -43.2423 -17.1981
      vertex -47.0499 -43.2423 -14.1981
    endloop
  endfacet
  facet normal 0.0218098 0.999762 0
    outer loop
      vertex -47.0499 -43.2423 -14.1981
      vertex -47.0499 -43.2423 -17.1981
      vertex -47.2025 -43.239 -14.1981
    endloop
  endfacet
  facet normal 0.0218098 0.999762 0
    outer loop
      vertex -47.0499 -43.2423 -17.1981
      vertex -47.2025 -43.239 -17.1981
      vertex -47.2025 -43.239 -14.1981
    endloop
  endfacet
  facet normal 0.0654034 0.997859 0
    outer loop
      vertex -47.2025 -43.239 -14.1981
      vertex -47.2025 -43.239 -17.1981
      vertex -47.3549 -43.229 -14.1981
    endloop
  endfacet
  facet normal 0.0654034 0.997859 0
    outer loop
      vertex -47.2025 -43.239 -17.1981
      vertex -47.3549 -43.229 -17.1981
      vertex -47.3549 -43.229 -14.1981
    endloop
  endfacet
  facet normal 0.108876 0.994055 0
    outer loop
      vertex -47.3549 -43.229 -14.1981
      vertex -47.3549 -43.229 -17.1981
      vertex -47.5067 -43.2124 -14.1981
    endloop
  endfacet
  facet normal 0.108876 0.994055 0
    outer loop
      vertex -47.3549 -43.229 -17.1981
      vertex -47.5067 -43.2124 -17.1981
      vertex -47.5067 -43.2124 -14.1981
    endloop
  endfacet
  facet normal 0.152107 0.988364 0
    outer loop
      vertex -47.5067 -43.2124 -14.1981
      vertex -47.5067 -43.2124 -17.1981
      vertex -47.6577 -43.1892 -14.1981
    endloop
  endfacet
  facet normal 0.152107 0.988364 0
    outer loop
      vertex -47.5067 -43.2124 -17.1981
      vertex -47.6577 -43.1892 -17.1981
      vertex -47.6577 -43.1892 -14.1981
    endloop
  endfacet
  facet normal 0.195093 0.980785 0
    outer loop
      vertex -47.6577 -43.1892 -14.1981
      vertex -47.6577 -43.1892 -17.1981
      vertex -47.8074 -43.1594 -14.1981
    endloop
  endfacet
  facet normal 0.195093 0.980785 0
    outer loop
      vertex -47.6577 -43.1892 -17.1981
      vertex -47.8074 -43.1594 -17.1981
      vertex -47.8074 -43.1594 -14.1981
    endloop
  endfacet
  facet normal 0.237682 0.971343 0
    outer loop
      vertex -47.8074 -43.1594 -14.1981
      vertex -47.8074 -43.1594 -17.1981
      vertex -47.9558 -43.1231 -14.1981
    endloop
  endfacet
  facet normal 0.237682 0.971343 0
    outer loop
      vertex -47.8074 -43.1594 -17.1981
      vertex -47.9558 -43.1231 -17.1981
      vertex -47.9558 -43.1231 -14.1981
    endloop
  endfacet
  facet normal 0.279844 0.960046 0
    outer loop
      vertex -47.9558 -43.1231 -14.1981
      vertex -47.9558 -43.1231 -17.1981
      vertex -48.1024 -43.0804 -14.1981
    endloop
  endfacet
  facet normal 0.279844 0.960046 0
    outer loop
      vertex -47.9558 -43.1231 -17.1981
      vertex -48.1024 -43.0804 -17.1981
      vertex -48.1024 -43.0804 -14.1981
    endloop
  endfacet
  facet normal 0.321434 0.946932 0
    outer loop
      vertex -48.1024 -43.0804 -14.1981
      vertex -48.1024 -43.0804 -17.1981
      vertex -48.247 -43.0313 -14.1981
    endloop
  endfacet
  facet normal 0.321434 0.946932 0
    outer loop
      vertex -48.1024 -43.0804 -17.1981
      vertex -48.247 -43.0313 -17.1981
      vertex -48.247 -43.0313 -14.1981
    endloop
  endfacet
  facet normal 0.362444 0.932006 0
    outer loop
      vertex -48.247 -43.0313 -14.1981
      vertex -48.247 -43.0313 -17.1981
      vertex -48.3893 -42.9759 -14.1981
    endloop
  endfacet
  facet normal 0.362444 0.932006 0
    outer loop
      vertex -48.247 -43.0313 -17.1981
      vertex -48.3893 -42.9759 -17.1981
      vertex -48.3893 -42.9759 -14.1981
    endloop
  endfacet
  facet normal 0.402743 0.915313 0
    outer loop
      vertex -48.3893 -42.9759 -14.1981
      vertex -48.3893 -42.9759 -17.1981
      vertex -48.529 -42.9144 -14.1981
    endloop
  endfacet
  facet normal 0.402743 0.915313 0
    outer loop
      vertex -48.3893 -42.9759 -17.1981
      vertex -48.529 -42.9144 -17.1981
      vertex -48.529 -42.9144 -14.1981
    endloop
  endfacet
  facet normal 0.442289 0.896873 0
    outer loop
      vertex -48.529 -42.9144 -14.1981
      vertex -48.529 -42.9144 -17.1981
      vertex -48.666 -42.8469 -14.1981
    endloop
  endfacet
  facet normal 0.442289 0.896873 0
    outer loop
      vertex -48.529 -42.9144 -17.1981
      vertex -48.666 -42.8469 -17.1981
      vertex -48.666 -42.8469 -14.1981
    endloop
  endfacet
  facet normal 0.480984 0.876729 0
    outer loop
      vertex -48.666 -42.8469 -14.1981
      vertex -48.666 -42.8469 -17.1981
      vertex -48.7999 -42.7734 -14.1981
    endloop
  endfacet
  facet normal 0.480984 0.876729 0
    outer loop
      vertex -48.666 -42.8469 -17.1981
      vertex -48.7999 -42.7734 -17.1981
      vertex -48.7999 -42.7734 -14.1981
    endloop
  endfacet
  facet normal 0.518769 0.854914 0
    outer loop
      vertex -48.7999 -42.7734 -14.1981
      vertex -48.7999 -42.7734 -17.1981
      vertex -48.9304 -42.6942 -14.1981
    endloop
  endfacet
  facet normal 0.518769 0.854914 0
    outer loop
      vertex -48.7999 -42.7734 -17.1981
      vertex -48.9304 -42.6942 -17.1981
      vertex -48.9304 -42.6942 -14.1981
    endloop
  endfacet
  facet normal 0.555578 0.831464 0
    outer loop
      vertex -48.9304 -42.6942 -14.1981
      vertex -48.9304 -42.6942 -17.1981
      vertex -49.0574 -42.6094 -14.1981
    endloop
  endfacet
  facet normal 0.555578 0.831464 0
    outer loop
      vertex -48.9304 -42.6942 -17.1981
      vertex -49.0574 -42.6094 -17.1981
      vertex -49.0574 -42.6094 -14.1981
    endloop
  endfacet
  facet normal 0.591303 0.806449 0
    outer loop
      vertex -49.0574 -42.6094 -14.1981
      vertex -49.0574 -42.6094 -17.1981
      vertex -49.1805 -42.5191 -14.1981
    endloop
  endfacet
  facet normal 0.591303 0.806449 0
    outer loop
      vertex -49.0574 -42.6094 -17.1981
      vertex -49.1805 -42.5191 -17.1981
      vertex -49.1805 -42.5191 -14.1981
    endloop
  endfacet
  facet normal 0.625938 0.779873 0
    outer loop
      vertex -49.1805 -42.5191 -14.1981
      vertex -49.1805 -42.5191 -17.1981
      vertex -49.2996 -42.4235 -14.1981
    endloop
  endfacet
  facet normal 0.625938 0.779873 0
    outer loop
      vertex -49.1805 -42.5191 -17.1981
      vertex -49.2996 -42.4235 -17.1981
      vertex -49.2996 -42.4235 -14.1981
    endloop
  endfacet
  facet normal 0.659338 0.751846 0
    outer loop
      vertex -49.2996 -42.4235 -14.1981
      vertex -49.2996 -42.4235 -17.1981
      vertex -49.4144 -42.3228 -14.1981
    endloop
  endfacet
  facet normal 0.659338 0.751846 0
    outer loop
      vertex -49.2996 -42.4235 -17.1981
      vertex -49.4144 -42.3228 -17.1981
      vertex -49.4144 -42.3228 -14.1981
    endloop
  endfacet
  facet normal 0.691508 0.722368 0
    outer loop
      vertex -49.4144 -42.3228 -14.1981
      vertex -49.4144 -42.3228 -17.1981
      vertex -49.5248 -42.2172 -14.1981
    endloop
  endfacet
  facet normal 0.691508 0.722368 0
    outer loop
      vertex -49.4144 -42.3228 -17.1981
      vertex -49.5248 -42.2172 -17.1981
      vertex -49.5248 -42.2172 -14.1981
    endloop
  endfacet
  facet normal 0.722368 0.691508 0
    outer loop
      vertex -49.5248 -42.2172 -14.1981
      vertex -49.5248 -42.2172 -17.1981
      vertex -49.6304 -42.1069 -14.1981
    endloop
  endfacet
  facet normal 0.722368 0.691508 0
    outer loop
      vertex -49.5248 -42.2172 -17.1981
      vertex -49.6304 -42.1069 -17.1981
      vertex -49.6304 -42.1069 -14.1981
    endloop
  endfacet
  facet normal 0.751846 0.659338 0
    outer loop
      vertex -49.6304 -42.1069 -14.1981
      vertex -49.6304 -42.1069 -17.1981
      vertex -49.731 -41.9921 -14.1981
    endloop
  endfacet
  facet normal 0.751846 0.659338 0
    outer loop
      vertex -49.6304 -42.1069 -17.1981
      vertex -49.731 -41.9921 -17.1981
      vertex -49.731 -41.9921 -14.1981
    endloop
  endfacet
  facet normal 0.779873 0.625938 0
    outer loop
      vertex -49.731 -41.9921 -14.1981
      vertex -49.731 -41.9921 -17.1981
      vertex -49.8266 -41.873 -14.1981
    endloop
  endfacet
  facet normal 0.779873 0.625938 0
    outer loop
      vertex -49.731 -41.9921 -17.1981
      vertex -49.8266 -41.873 -17.1981
      vertex -49.8266 -41.873 -14.1981
    endloop
  endfacet
  facet normal 0.806449 0.591303 0
    outer loop
      vertex -49.8266 -41.873 -14.1981
      vertex -49.8266 -41.873 -17.1981
      vertex -49.9169 -41.7499 -14.1981
    endloop
  endfacet
  facet normal 0.806449 0.591303 0
    outer loop
      vertex -49.8266 -41.873 -17.1981
      vertex -49.9169 -41.7499 -17.1981
      vertex -49.9169 -41.7499 -14.1981
    endloop
  endfacet
  facet normal 0.831464 0.555578 0
    outer loop
      vertex -49.9169 -41.7499 -14.1981
      vertex -49.9169 -41.7499 -17.1981
      vertex -50.0018 -41.6229 -14.1981
    endloop
  endfacet
  facet normal 0.831464 0.555578 0
    outer loop
      vertex -49.9169 -41.7499 -17.1981
      vertex -50.0018 -41.6229 -17.1981
      vertex -50.0018 -41.6229 -14.1981
    endloop
  endfacet
  facet normal 0.854914 0.518769 0
    outer loop
      vertex -50.0018 -41.6229 -14.1981
      vertex -50.0018 -41.6229 -17.1981
      vertex -50.081 -41.4923 -14.1981
    endloop
  endfacet
  facet normal 0.854914 0.518769 0
    outer loop
      vertex -50.0018 -41.6229 -17.1981
      vertex -50.081 -41.4923 -17.1981
      vertex -50.081 -41.4923 -14.1981
    endloop
  endfacet
  facet normal 0.876729 0.480984 0
    outer loop
      vertex -50.081 -41.4923 -14.1981
      vertex -50.081 -41.4923 -17.1981
      vertex -50.1544 -41.3585 -14.1981
    endloop
  endfacet
  facet normal 0.876729 0.480984 0
    outer loop
      vertex -50.081 -41.4923 -17.1981
      vertex -50.1544 -41.3585 -17.1981
      vertex -50.1544 -41.3585 -14.1981
    endloop
  endfacet
  facet normal 0.896873 0.442289 0
    outer loop
      vertex -50.1544 -41.3585 -14.1981
      vertex -50.1544 -41.3585 -17.1981
      vertex -50.222 -41.2215 -14.1981
    endloop
  endfacet
  facet normal 0.896873 0.442289 0
    outer loop
      vertex -50.1544 -41.3585 -17.1981
      vertex -50.222 -41.2215 -17.1981
      vertex -50.222 -41.2215 -14.1981
    endloop
  endfacet
  facet normal 0.915313 0.402743 0
    outer loop
      vertex -50.222 -41.2215 -14.1981
      vertex -50.222 -41.2215 -17.1981
      vertex -50.2835 -41.0817 -14.1981
    endloop
  endfacet
  facet normal 0.915313 0.402743 0
    outer loop
      vertex -50.222 -41.2215 -17.1981
      vertex -50.2835 -41.0817 -17.1981
      vertex -50.2835 -41.0817 -14.1981
    endloop
  endfacet
  facet normal 0.932006 0.362444 0
    outer loop
      vertex -50.2835 -41.0817 -14.1981
      vertex -50.2835 -41.0817 -17.1981
      vertex -50.3388 -40.9394 -14.1981
    endloop
  endfacet
  facet normal 0.932006 0.362444 0
    outer loop
      vertex -50.2835 -41.0817 -17.1981
      vertex -50.3388 -40.9394 -17.1981
      vertex -50.3388 -40.9394 -14.1981
    endloop
  endfacet
  facet normal 0.946932 0.321434 0
    outer loop
      vertex -50.3388 -40.9394 -14.1981
      vertex -50.3388 -40.9394 -17.1981
      vertex -50.3879 -40.7948 -14.1981
    endloop
  endfacet
  facet normal 0.946932 0.321434 0
    outer loop
      vertex -50.3388 -40.9394 -17.1981
      vertex -50.3879 -40.7948 -17.1981
      vertex -50.3879 -40.7948 -14.1981
    endloop
  endfacet
  facet normal 0.960046 0.279844 0
    outer loop
      vertex -50.3879 -40.7948 -14.1981
      vertex -50.3879 -40.7948 -17.1981
      vertex -50.4306 -40.6482 -14.1981
    endloop
  endfacet
  facet normal 0.960046 0.279844 0
    outer loop
      vertex -50.3879 -40.7948 -17.1981
      vertex -50.4306 -40.6482 -17.1981
      vertex -50.4306 -40.6482 -14.1981
    endloop
  endfacet
  facet normal 0.971343 0.237682 0
    outer loop
      vertex -50.4306 -40.6482 -14.1981
      vertex -50.4306 -40.6482 -17.1981
      vertex -50.4669 -40.4999 -14.1981
    endloop
  endfacet
  facet normal 0.971343 0.237682 0
    outer loop
      vertex -50.4306 -40.6482 -17.1981
      vertex -50.4669 -40.4999 -17.1981
      vertex -50.4669 -40.4999 -14.1981
    endloop
  endfacet
  facet normal 0.980785 0.195093 0
    outer loop
      vertex -50.4669 -40.4999 -14.1981
      vertex -50.4669 -40.4999 -17.1981
      vertex -50.4967 -40.3501 -14.1981
    endloop
  endfacet
  facet normal 0.980785 0.195093 0
    outer loop
      vertex -50.4669 -40.4999 -17.1981
      vertex -50.4967 -40.3501 -17.1981
      vertex -50.4967 -40.3501 -14.1981
    endloop
  endfacet
  facet normal 0.988364 0.152107 0
    outer loop
      vertex -50.4967 -40.3501 -14.1981
      vertex -50.4967 -40.3501 -17.1981
      vertex -50.5199 -40.1992 -14.1981
    endloop
  endfacet
  facet normal 0.988364 0.152107 0
    outer loop
      vertex -50.4967 -40.3501 -17.1981
      vertex -50.5199 -40.1992 -17.1981
      vertex -50.5199 -40.1992 -14.1981
    endloop
  endfacet
  facet normal 0.994055 0.108876 0
    outer loop
      vertex -50.5199 -40.1992 -14.1981
      vertex -50.5199 -40.1992 -17.1981
      vertex -50.5366 -40.0474 -14.1981
    endloop
  endfacet
  facet normal 0.994055 0.108876 0
    outer loop
      vertex -50.5199 -40.1992 -17.1981
      vertex -50.5366 -40.0474 -17.1981
      vertex -50.5366 -40.0474 -14.1981
    endloop
  endfacet
  facet normal 0.997859 0.0654034 0
    outer loop
      vertex -50.5366 -40.0474 -14.1981
      vertex -50.5366 -40.0474 -17.1981
      vertex -50.5466 -39.895 -14.1981
    endloop
  endfacet
  facet normal 0.997859 0.0654034 0
    outer loop
      vertex -50.5366 -40.0474 -17.1981
      vertex -50.5466 -39.895 -17.1981
      vertex -50.5466 -39.895 -14.1981
    endloop
  endfacet
  facet normal 0.999762 0.0218098 0
    outer loop
      vertex -50.5466 -39.895 -14.1981
      vertex -50.5466 -39.895 -17.1981
      vertex -50.5499 -39.7423 -14.1981
    endloop
  endfacet
  facet normal 0.999762 0.0218098 0
    outer loop
      vertex -50.5466 -39.895 -17.1981
      vertex -50.5499 -39.7423 -17.1981
      vertex -50.5499 -39.7423 -14.1981
    endloop
  endfacet
  facet normal 0.999762 -0.0218095 0
    outer loop
      vertex -50.5499 5.05915 -14.1981
      vertex -50.5499 5.05915 -17.1981
      vertex -50.5466 5.21181 -14.1981
    endloop
  endfacet
  facet normal 0.999762 -0.0218095 0
    outer loop
      vertex -50.5499 5.05915 -17.1981
      vertex -50.5466 5.21181 -17.1981
      vertex -50.5466 5.21181 -14.1981
    endloop
  endfacet
  facet normal 0.997859 -0.0654044 0
    outer loop
      vertex -50.5466 5.21181 -14.1981
      vertex -50.5466 5.21181 -17.1981
      vertex -50.5366 5.36419 -14.1981
    endloop
  endfacet
  facet normal 0.997859 -0.0654044 0
    outer loop
      vertex -50.5466 5.21181 -17.1981
      vertex -50.5366 5.36419 -17.1981
      vertex -50.5366 5.36419 -14.1981
    endloop
  endfacet
  facet normal 0.994055 -0.108877 0
    outer loop
      vertex -50.5366 5.36419 -14.1981
      vertex -50.5366 5.36419 -17.1981
      vertex -50.5199 5.51599 -14.1981
    endloop
  endfacet
  facet normal 0.994055 -0.108877 0
    outer loop
      vertex -50.5366 5.36419 -17.1981
      vertex -50.5199 5.51599 -17.1981
      vertex -50.5199 5.51599 -14.1981
    endloop
  endfacet
  facet normal 0.988364 -0.152106 0
    outer loop
      vertex -50.5199 5.51599 -14.1981
      vertex -50.5199 5.51599 -17.1981
      vertex -50.4967 5.66691 -14.1981
    endloop
  endfacet
  facet normal 0.988364 -0.152106 0
    outer loop
      vertex -50.5199 5.51599 -17.1981
      vertex -50.4967 5.66691 -17.1981
      vertex -50.4967 5.66691 -14.1981
    endloop
  endfacet
  facet normal 0.980785 -0.19509 0
    outer loop
      vertex -50.4967 5.66691 -14.1981
      vertex -50.4967 5.66691 -17.1981
      vertex -50.4669 5.81668 -14.1981
    endloop
  endfacet
  facet normal 0.980785 -0.19509 0
    outer loop
      vertex -50.4967 5.66691 -17.1981
      vertex -50.4669 5.81668 -17.1981
      vertex -50.4669 5.81668 -14.1981
    endloop
  endfacet
  facet normal 0.971342 -0.237685 0
    outer loop
      vertex -50.4669 5.81668 -14.1981
      vertex -50.4669 5.81668 -17.1981
      vertex -50.4306 5.96501 -14.1981
    endloop
  endfacet
  facet normal 0.971342 -0.237685 0
    outer loop
      vertex -50.4669 5.81668 -17.1981
      vertex -50.4306 5.96501 -17.1981
      vertex -50.4306 5.96501 -14.1981
    endloop
  endfacet
  facet normal 0.960047 -0.279839 0
    outer loop
      vertex -50.4306 5.96501 -14.1981
      vertex -50.4306 5.96501 -17.1981
      vertex -50.3879 6.11162 -14.1981
    endloop
  endfacet
  facet normal 0.960047 -0.279839 0
    outer loop
      vertex -50.4306 5.96501 -17.1981
      vertex -50.3879 6.11162 -17.1981
      vertex -50.3879 6.11162 -14.1981
    endloop
  endfacet
  facet normal 0.946931 -0.321436 0
    outer loop
      vertex -50.3879 6.11162 -14.1981
      vertex -50.3879 6.11162 -17.1981
      vertex -50.3388 6.25622 -14.1981
    endloop
  endfacet
  facet normal 0.946931 -0.321436 0
    outer loop
      vertex -50.3879 6.11162 -17.1981
      vertex -50.3388 6.25622 -17.1981
      vertex -50.3388 6.25622 -14.1981
    endloop
  endfacet
  facet normal 0.932006 -0.362443 0
    outer loop
      vertex -50.3388 6.25622 -14.1981
      vertex -50.3388 6.25622 -17.1981
      vertex -50.2835 6.39854 -14.1981
    endloop
  endfacet
  facet normal 0.932006 -0.362443 0
    outer loop
      vertex -50.3388 6.25622 -17.1981
      vertex -50.2835 6.39854 -17.1981
      vertex -50.2835 6.39854 -14.1981
    endloop
  endfacet
  facet normal 0.915312 -0.402745 0
    outer loop
      vertex -50.2835 6.39854 -14.1981
      vertex -50.2835 6.39854 -17.1981
      vertex -50.222 6.53831 -14.1981
    endloop
  endfacet
  facet normal 0.915312 -0.402745 0
    outer loop
      vertex -50.2835 6.39854 -17.1981
      vertex -50.222 6.53831 -17.1981
      vertex -50.222 6.53831 -14.1981
    endloop
  endfacet
  facet normal 0.896873 -0.442289 0
    outer loop
      vertex -50.222 6.53831 -14.1981
      vertex -50.222 6.53831 -17.1981
      vertex -50.1544 6.67527 -14.1981
    endloop
  endfacet
  facet normal 0.896873 -0.442289 0
    outer loop
      vertex -50.222 6.53831 -17.1981
      vertex -50.1544 6.67527 -17.1981
      vertex -50.1544 6.67527 -14.1981
    endloop
  endfacet
  facet normal 0.876729 -0.480984 0
    outer loop
      vertex -50.1544 6.67527 -14.1981
      vertex -50.1544 6.67527 -17.1981
      vertex -50.081 6.80915 -14.1981
    endloop
  endfacet
  facet normal 0.876729 -0.480984 0
    outer loop
      vertex -50.1544 6.67527 -17.1981
      vertex -50.081 6.80915 -17.1981
      vertex -50.081 6.80915 -14.1981
    endloop
  endfacet
  facet normal 0.854913 -0.518771 0
    outer loop
      vertex -50.081 6.80915 -14.1981
      vertex -50.081 6.80915 -17.1981
      vertex -50.0018 6.93969 -14.1981
    endloop
  endfacet
  facet normal 0.854913 -0.518771 0
    outer loop
      vertex -50.081 6.80915 -17.1981
      vertex -50.0018 6.93969 -17.1981
      vertex -50.0018 6.93969 -14.1981
    endloop
  endfacet
  facet normal 0.831464 -0.555578 0
    outer loop
      vertex -50.0018 6.93969 -14.1981
      vertex -50.0018 6.93969 -17.1981
      vertex -49.9169 7.06666 -14.1981
    endloop
  endfacet
  facet normal 0.831464 -0.555578 0
    outer loop
      vertex -50.0018 6.93969 -17.1981
      vertex -49.9169 7.06666 -17.1981
      vertex -49.9169 7.06666 -14.1981
    endloop
  endfacet
  facet normal 0.80645 -0.591302 0
    outer loop
      vertex -49.9169 7.06666 -14.1981
      vertex -49.9169 7.06666 -17.1981
      vertex -49.8266 7.18981 -14.1981
    endloop
  endfacet
  facet normal 0.80645 -0.591302 0
    outer loop
      vertex -49.9169 7.06666 -17.1981
      vertex -49.8266 7.18981 -17.1981
      vertex -49.8266 7.18981 -14.1981
    endloop
  endfacet
  facet normal 0.779878 -0.625932 0
    outer loop
      vertex -49.8266 7.18981 -14.1981
      vertex -49.8266 7.18981 -17.1981
      vertex -49.731 7.3089 -14.1981
    endloop
  endfacet
  facet normal 0.779878 -0.625932 0
    outer loop
      vertex -49.8266 7.18981 -17.1981
      vertex -49.731 7.3089 -17.1981
      vertex -49.731 7.3089 -14.1981
    endloop
  endfacet
  facet normal 0.751844 -0.659341 0
    outer loop
      vertex -49.731 7.3089 -14.1981
      vertex -49.731 7.3089 -17.1981
      vertex -49.6304 7.42371 -14.1981
    endloop
  endfacet
  facet normal 0.751844 -0.659341 0
    outer loop
      vertex -49.731 7.3089 -17.1981
      vertex -49.6304 7.42371 -17.1981
      vertex -49.6304 7.42371 -14.1981
    endloop
  endfacet
  facet normal 0.722364 -0.691513 0
    outer loop
      vertex -49.6304 7.42371 -14.1981
      vertex -49.6304 7.42371 -17.1981
      vertex -49.5248 7.53402 -14.1981
    endloop
  endfacet
  facet normal 0.722364 -0.691513 0
    outer loop
      vertex -49.6304 7.42371 -17.1981
      vertex -49.5248 7.53402 -17.1981
      vertex -49.5248 7.53402 -14.1981
    endloop
  endfacet
  facet normal 0.691508 -0.722368 0
    outer loop
      vertex -49.5248 7.53402 -14.1981
      vertex -49.5248 7.53402 -17.1981
      vertex -49.4144 7.63962 -14.1981
    endloop
  endfacet
  facet normal 0.691508 -0.722368 0
    outer loop
      vertex -49.5248 7.53402 -17.1981
      vertex -49.4144 7.63962 -17.1981
      vertex -49.4144 7.63962 -14.1981
    endloop
  endfacet
  facet normal 0.659344 -0.751842 0
    outer loop
      vertex -49.4144 7.63962 -14.1981
      vertex -49.4144 7.63962 -17.1981
      vertex -49.2996 7.7403 -14.1981
    endloop
  endfacet
  facet normal 0.659344 -0.751842 0
    outer loop
      vertex -49.4144 7.63962 -17.1981
      vertex -49.2996 7.7403 -17.1981
      vertex -49.2996 7.7403 -14.1981
    endloop
  endfacet
  facet normal 0.625927 -0.779882 0
    outer loop
      vertex -49.2996 7.7403 -14.1981
      vertex -49.2996 7.7403 -17.1981
      vertex -49.1805 7.83588 -14.1981
    endloop
  endfacet
  facet normal 0.625927 -0.779882 0
    outer loop
      vertex -49.2996 7.7403 -17.1981
      vertex -49.1805 7.83588 -17.1981
      vertex -49.1805 7.83588 -14.1981
    endloop
  endfacet
  facet normal 0.591311 -0.806443 0
    outer loop
      vertex -49.1805 7.83588 -14.1981
      vertex -49.1805 7.83588 -17.1981
      vertex -49.0574 7.92618 -14.1981
    endloop
  endfacet
  facet normal 0.591311 -0.806443 0
    outer loop
      vertex -49.1805 7.83588 -17.1981
      vertex -49.0574 7.92618 -17.1981
      vertex -49.0574 7.92618 -14.1981
    endloop
  endfacet
  facet normal 0.55557 -0.83147 0
    outer loop
      vertex -49.0574 7.92618 -14.1981
      vertex -49.0574 7.92618 -17.1981
      vertex -48.9304 8.01102 -14.1981
    endloop
  endfacet
  facet normal 0.55557 -0.83147 0
    outer loop
      vertex -49.0574 7.92618 -17.1981
      vertex -48.9304 8.01102 -17.1981
      vertex -48.9304 8.01102 -14.1981
    endloop
  endfacet
  facet normal 0.518774 -0.854912 0
    outer loop
      vertex -48.9304 8.01102 -14.1981
      vertex -48.9304 8.01102 -17.1981
      vertex -48.7999 8.09023 -14.1981
    endloop
  endfacet
  facet normal 0.518774 -0.854912 0
    outer loop
      vertex -48.9304 8.01102 -17.1981
      vertex -48.7999 8.09023 -17.1981
      vertex -48.7999 8.09023 -14.1981
    endloop
  endfacet
  facet normal 0.480989 -0.876727 0
    outer loop
      vertex -48.7999 8.09023 -14.1981
      vertex -48.7999 8.09023 -17.1981
      vertex -48.666 8.16368 -14.1981
    endloop
  endfacet
  facet normal 0.480989 -0.876727 0
    outer loop
      vertex -48.7999 8.09023 -17.1981
      vertex -48.666 8.16368 -17.1981
      vertex -48.666 8.16368 -14.1981
    endloop
  endfacet
  facet normal 0.442289 -0.896873 0
    outer loop
      vertex -48.666 8.16368 -14.1981
      vertex -48.666 8.16368 -17.1981
      vertex -48.529 8.23122 -14.1981
    endloop
  endfacet
  facet normal 0.442289 -0.896873 0
    outer loop
      vertex -48.666 8.16368 -17.1981
      vertex -48.529 8.23122 -17.1981
      vertex -48.529 8.23122 -14.1981
    endloop
  endfacet
  facet normal 0.402743 -0.915313 0
    outer loop
      vertex -48.529 8.23122 -14.1981
      vertex -48.529 8.23122 -17.1981
      vertex -48.3893 8.29272 -14.1981
    endloop
  endfacet
  facet normal 0.402743 -0.915313 0
    outer loop
      vertex -48.529 8.23122 -17.1981
      vertex -48.3893 8.29272 -17.1981
      vertex -48.3893 8.29272 -14.1981
    endloop
  endfacet
  facet normal 0.362439 -0.932008 0
    outer loop
      vertex -48.3893 8.29272 -14.1981
      vertex -48.3893 8.29272 -17.1981
      vertex -48.247 8.34807 -14.1981
    endloop
  endfacet
  facet normal 0.362439 -0.932008 0
    outer loop
      vertex -48.3893 8.29272 -17.1981
      vertex -48.247 8.34807 -17.1981
      vertex -48.247 8.34807 -14.1981
    endloop
  endfacet
  facet normal 0.321439 -0.94693 0
    outer loop
      vertex -48.247 8.34807 -14.1981
      vertex -48.247 8.34807 -17.1981
      vertex -48.1024 8.39715 -14.1981
    endloop
  endfacet
  facet normal 0.321439 -0.94693 0
    outer loop
      vertex -48.247 8.34807 -17.1981
      vertex -48.1024 8.39715 -17.1981
      vertex -48.1024 8.39715 -14.1981
    endloop
  endfacet
  facet normal 0.279832 -0.960049 0
    outer loop
      vertex -48.1024 8.39715 -14.1981
      vertex -48.1024 8.39715 -17.1981
      vertex -47.9558 8.43989 -14.1981
    endloop
  endfacet
  facet normal 0.279832 -0.960049 0
    outer loop
      vertex -48.1024 8.39715 -17.1981
      vertex -47.9558 8.43989 -17.1981
      vertex -47.9558 8.43989 -14.1981
    endloop
  endfacet
  facet normal 0.237682 -0.971343 0
    outer loop
      vertex -47.9558 8.43989 -14.1981
      vertex -47.9558 8.43989 -17.1981
      vertex -47.8074 8.47618 -14.1981
    endloop
  endfacet
  facet normal 0.237682 -0.971343 0
    outer loop
      vertex -47.9558 8.43989 -17.1981
      vertex -47.8074 8.47618 -17.1981
      vertex -47.8074 8.47618 -14.1981
    endloop
  endfacet
  facet normal 0.195093 -0.980785 0
    outer loop
      vertex -47.8074 8.47618 -14.1981
      vertex -47.8074 8.47618 -17.1981
      vertex -47.6577 8.50597 -14.1981
    endloop
  endfacet
  facet normal 0.195093 -0.980785 0
    outer loop
      vertex -47.8074 8.47618 -17.1981
      vertex -47.6577 8.50597 -17.1981
      vertex -47.6577 8.50597 -14.1981
    endloop
  endfacet
  facet normal 0.152125 -0.988361 0
    outer loop
      vertex -47.6577 8.50597 -14.1981
      vertex -47.6577 8.50597 -17.1981
      vertex -47.5067 8.5292 -14.1981
    endloop
  endfacet
  facet normal 0.152125 -0.988361 0
    outer loop
      vertex -47.6577 8.50597 -17.1981
      vertex -47.5067 8.5292 -17.1981
      vertex -47.5067 8.5292 -14.1981
    endloop
  endfacet
  facet normal 0.10887 -0.994056 0
    outer loop
      vertex -47.5067 8.5292 -14.1981
      vertex -47.5067 8.5292 -17.1981
      vertex -47.3549 8.54583 -14.1981
    endloop
  endfacet
  facet normal 0.10887 -0.994056 0
    outer loop
      vertex -47.5067 8.5292 -17.1981
      vertex -47.3549 8.54583 -17.1981
      vertex -47.3549 8.54583 -14.1981
    endloop
  endfacet
  facet normal 0.0654034 -0.997859 0
    outer loop
      vertex -47.3549 8.54583 -14.1981
      vertex -47.3549 8.54583 -17.1981
      vertex -47.2025 8.55581 -14.1981
    endloop
  endfacet
  facet normal 0.0654034 -0.997859 0
    outer loop
      vertex -47.3549 8.54583 -17.1981
      vertex -47.2025 8.55581 -17.1981
      vertex -47.2025 8.55581 -14.1981
    endloop
  endfacet
  facet normal 0.0218098 -0.999762 0
    outer loop
      vertex -47.2025 8.55581 -14.1981
      vertex -47.2025 8.55581 -17.1981
      vertex -47.0499 8.55915 -14.1981
    endloop
  endfacet
  facet normal 0.0218098 -0.999762 0
    outer loop
      vertex -47.2025 8.55581 -17.1981
      vertex -47.0499 8.55915 -17.1981
      vertex -47.0499 8.55915 -14.1981
    endloop
  endfacet
  facet normal -0.0218098 -0.999762 0
    outer loop
      vertex -47.0499 8.55915 -14.1981
      vertex -47.0499 8.55915 -17.1981
      vertex -46.8972 8.55581 -14.1981
    endloop
  endfacet
  facet normal -0.0218098 -0.999762 0
    outer loop
      vertex -47.0499 8.55915 -17.1981
      vertex -46.8972 8.55581 -17.1981
      vertex -46.8972 8.55581 -14.1981
    endloop
  endfacet
  facet normal -0.0654034 -0.997859 0
    outer loop
      vertex -46.8972 8.55581 -14.1981
      vertex -46.8972 8.55581 -17.1981
      vertex -46.7448 8.54583 -14.1981
    endloop
  endfacet
  facet normal -0.0654034 -0.997859 0
    outer loop
      vertex -46.8972 8.55581 -17.1981
      vertex -46.7448 8.54583 -17.1981
      vertex -46.7448 8.54583 -14.1981
    endloop
  endfacet
  facet normal -0.10887 -0.994056 0
    outer loop
      vertex -46.7448 8.54583 -14.1981
      vertex -46.7448 8.54583 -17.1981
      vertex -46.593 8.5292 -14.1981
    endloop
  endfacet
  facet normal -0.10887 -0.994056 0
    outer loop
      vertex -46.7448 8.54583 -17.1981
      vertex -46.593 8.5292 -17.1981
      vertex -46.593 8.5292 -14.1981
    endloop
  endfacet
  facet normal -0.152125 -0.988361 0
    outer loop
      vertex -46.593 8.5292 -14.1981
      vertex -46.593 8.5292 -17.1981
      vertex -46.4421 8.50597 -14.1981
    endloop
  endfacet
  facet normal -0.152125 -0.988361 0
    outer loop
      vertex -46.593 8.5292 -17.1981
      vertex -46.4421 8.50597 -17.1981
      vertex -46.4421 8.50597 -14.1981
    endloop
  endfacet
  facet normal -0.195093 -0.980785 0
    outer loop
      vertex -46.4421 8.50597 -14.1981
      vertex -46.4421 8.50597 -17.1981
      vertex -46.2923 8.47618 -14.1981
    endloop
  endfacet
  facet normal -0.195093 -0.980785 0
    outer loop
      vertex -46.4421 8.50597 -17.1981
      vertex -46.2923 8.47618 -17.1981
      vertex -46.2923 8.47618 -14.1981
    endloop
  endfacet
  facet normal -0.237682 -0.971343 0
    outer loop
      vertex -46.2923 8.47618 -14.1981
      vertex -46.2923 8.47618 -17.1981
      vertex -46.144 8.43989 -14.1981
    endloop
  endfacet
  facet normal -0.237682 -0.971343 0
    outer loop
      vertex -46.2923 8.47618 -17.1981
      vertex -46.144 8.43989 -17.1981
      vertex -46.144 8.43989 -14.1981
    endloop
  endfacet
  facet normal -0.279832 -0.960049 0
    outer loop
      vertex -46.144 8.43989 -14.1981
      vertex -46.144 8.43989 -17.1981
      vertex -45.9974 8.39715 -14.1981
    endloop
  endfacet
  facet normal -0.279832 -0.960049 0
    outer loop
      vertex -46.144 8.43989 -17.1981
      vertex -45.9974 8.39715 -17.1981
      vertex -45.9974 8.39715 -14.1981
    endloop
  endfacet
  facet normal -0.321439 -0.94693 0
    outer loop
      vertex -45.9974 8.39715 -14.1981
      vertex -45.9974 8.39715 -17.1981
      vertex -45.8528 8.34807 -14.1981
    endloop
  endfacet
  facet normal -0.321439 -0.94693 0
    outer loop
      vertex -45.9974 8.39715 -17.1981
      vertex -45.8528 8.34807 -17.1981
      vertex -45.8528 8.34807 -14.1981
    endloop
  endfacet
  facet normal -0.362439 -0.932008 0
    outer loop
      vertex -45.8528 8.34807 -14.1981
      vertex -45.8528 8.34807 -17.1981
      vertex -45.7105 8.29272 -14.1981
    endloop
  endfacet
  facet normal -0.362439 -0.932008 0
    outer loop
      vertex -45.8528 8.34807 -17.1981
      vertex -45.7105 8.29272 -17.1981
      vertex -45.7105 8.29272 -14.1981
    endloop
  endfacet
  facet normal -0.402743 -0.915313 0
    outer loop
      vertex -45.7105 8.29272 -14.1981
      vertex -45.7105 8.29272 -17.1981
      vertex -45.5707 8.23122 -14.1981
    endloop
  endfacet
  facet normal -0.402743 -0.915313 0
    outer loop
      vertex -45.7105 8.29272 -17.1981
      vertex -45.5707 8.23122 -17.1981
      vertex -45.5707 8.23122 -14.1981
    endloop
  endfacet
  facet normal -0.442289 -0.896873 0
    outer loop
      vertex -45.5707 8.23122 -14.1981
      vertex -45.5707 8.23122 -17.1981
      vertex -45.4338 8.16368 -14.1981
    endloop
  endfacet
  facet normal -0.442289 -0.896873 0
    outer loop
      vertex -45.5707 8.23122 -17.1981
      vertex -45.4338 8.16368 -17.1981
      vertex -45.4338 8.16368 -14.1981
    endloop
  endfacet
  facet normal -0.480989 -0.876727 0
    outer loop
      vertex -45.4338 8.16368 -14.1981
      vertex -45.4338 8.16368 -17.1981
      vertex -45.2999 8.09023 -14.1981
    endloop
  endfacet
  facet normal -0.480989 -0.876727 0
    outer loop
      vertex -45.4338 8.16368 -17.1981
      vertex -45.2999 8.09023 -17.1981
      vertex -45.2999 8.09023 -14.1981
    endloop
  endfacet
  facet normal -0.518774 -0.854912 0
    outer loop
      vertex -45.2999 8.09023 -14.1981
      vertex -45.2999 8.09023 -17.1981
      vertex -45.1693 8.01102 -14.1981
    endloop
  endfacet
  facet normal -0.518774 -0.854912 0
    outer loop
      vertex -45.2999 8.09023 -17.1981
      vertex -45.1693 8.01102 -17.1981
      vertex -45.1693 8.01102 -14.1981
    endloop
  endfacet
  facet normal -0.55557 -0.83147 0
    outer loop
      vertex -45.1693 8.01102 -14.1981
      vertex -45.1693 8.01102 -17.1981
      vertex -45.0424 7.92618 -14.1981
    endloop
  endfacet
  facet normal -0.55557 -0.83147 0
    outer loop
      vertex -45.1693 8.01102 -17.1981
      vertex -45.0424 7.92618 -17.1981
      vertex -45.0424 7.92618 -14.1981
    endloop
  endfacet
  facet normal -0.591311 -0.806443 0
    outer loop
      vertex -45.0424 7.92618 -14.1981
      vertex -45.0424 7.92618 -17.1981
      vertex -44.9192 7.83588 -14.1981
    endloop
  endfacet
  facet normal -0.591311 -0.806443 0
    outer loop
      vertex -45.0424 7.92618 -17.1981
      vertex -44.9192 7.83588 -17.1981
      vertex -44.9192 7.83588 -14.1981
    endloop
  endfacet
  facet normal -0.625927 -0.779882 0
    outer loop
      vertex -44.9192 7.83588 -14.1981
      vertex -44.9192 7.83588 -17.1981
      vertex -44.8001 7.7403 -14.1981
    endloop
  endfacet
  facet normal -0.625927 -0.779882 0
    outer loop
      vertex -44.9192 7.83588 -17.1981
      vertex -44.8001 7.7403 -17.1981
      vertex -44.8001 7.7403 -14.1981
    endloop
  endfacet
  facet normal -0.659344 -0.751842 0
    outer loop
      vertex -44.8001 7.7403 -14.1981
      vertex -44.8001 7.7403 -17.1981
      vertex -44.6853 7.63962 -14.1981
    endloop
  endfacet
  facet normal -0.659344 -0.751842 0
    outer loop
      vertex -44.8001 7.7403 -17.1981
      vertex -44.6853 7.63962 -17.1981
      vertex -44.6853 7.63962 -14.1981
    endloop
  endfacet
  facet normal -0.691508 -0.722368 0
    outer loop
      vertex -44.6853 7.63962 -14.1981
      vertex -44.6853 7.63962 -17.1981
      vertex -44.575 7.53402 -14.1981
    endloop
  endfacet
  facet normal -0.691508 -0.722368 0
    outer loop
      vertex -44.6853 7.63962 -17.1981
      vertex -44.575 7.53402 -17.1981
      vertex -44.575 7.53402 -14.1981
    endloop
  endfacet
  facet normal -0.722364 -0.691513 0
    outer loop
      vertex -44.575 7.53402 -14.1981
      vertex -44.575 7.53402 -17.1981
      vertex -44.4694 7.42371 -14.1981
    endloop
  endfacet
  facet normal -0.722364 -0.691513 0
    outer loop
      vertex -44.575 7.53402 -17.1981
      vertex -44.4694 7.42371 -17.1981
      vertex -44.4694 7.42371 -14.1981
    endloop
  endfacet
  facet normal -0.751844 -0.659341 0
    outer loop
      vertex -44.4694 7.42371 -14.1981
      vertex -44.4694 7.42371 -17.1981
      vertex -44.3687 7.3089 -14.1981
    endloop
  endfacet
  facet normal -0.751844 -0.659341 0
    outer loop
      vertex -44.4694 7.42371 -17.1981
      vertex -44.3687 7.3089 -17.1981
      vertex -44.3687 7.3089 -14.1981
    endloop
  endfacet
  facet normal -0.779878 -0.625932 0
    outer loop
      vertex -44.3687 7.3089 -14.1981
      vertex -44.3687 7.3089 -17.1981
      vertex -44.2731 7.18981 -14.1981
    endloop
  endfacet
  facet normal -0.779878 -0.625932 0
    outer loop
      vertex -44.3687 7.3089 -17.1981
      vertex -44.2731 7.18981 -17.1981
      vertex -44.2731 7.18981 -14.1981
    endloop
  endfacet
  facet normal -0.80645 -0.591302 0
    outer loop
      vertex -44.2731 7.18981 -14.1981
      vertex -44.2731 7.18981 -17.1981
      vertex -44.1829 7.06666 -14.1981
    endloop
  endfacet
  facet normal -0.80645 -0.591302 0
    outer loop
      vertex -44.2731 7.18981 -17.1981
      vertex -44.1829 7.06666 -17.1981
      vertex -44.1829 7.06666 -14.1981
    endloop
  endfacet
  facet normal -0.831464 -0.555578 0
    outer loop
      vertex -44.1829 7.06666 -14.1981
      vertex -44.1829 7.06666 -17.1981
      vertex -44.098 6.93969 -14.1981
    endloop
  endfacet
  facet normal -0.831464 -0.555578 0
    outer loop
      vertex -44.1829 7.06666 -17.1981
      vertex -44.098 6.93969 -17.1981
      vertex -44.098 6.93969 -14.1981
    endloop
  endfacet
  facet normal -0.854913 -0.518771 0
    outer loop
      vertex -44.098 6.93969 -14.1981
      vertex -44.098 6.93969 -17.1981
      vertex -44.0188 6.80915 -14.1981
    endloop
  endfacet
  facet normal -0.854913 -0.518771 0
    outer loop
      vertex -44.098 6.93969 -17.1981
      vertex -44.0188 6.80915 -17.1981
      vertex -44.0188 6.80915 -14.1981
    endloop
  endfacet
  facet normal -0.876729 -0.480984 0
    outer loop
      vertex -44.0188 6.80915 -14.1981
      vertex -44.0188 6.80915 -17.1981
      vertex -43.9453 6.67527 -14.1981
    endloop
  endfacet
  facet normal -0.876729 -0.480984 0
    outer loop
      vertex -44.0188 6.80915 -17.1981
      vertex -43.9453 6.67527 -17.1981
      vertex -43.9453 6.67527 -14.1981
    endloop
  endfacet
  facet normal -0.896873 -0.442289 0
    outer loop
      vertex -43.9453 6.67527 -14.1981
      vertex -43.9453 6.67527 -17.1981
      vertex -43.8778 6.53831 -14.1981
    endloop
  endfacet
  facet normal -0.896873 -0.442289 0
    outer loop
      vertex -43.9453 6.67527 -17.1981
      vertex -43.8778 6.53831 -17.1981
      vertex -43.8778 6.53831 -14.1981
    endloop
  endfacet
  facet normal -0.915312 -0.402745 0
    outer loop
      vertex -43.8778 6.53831 -14.1981
      vertex -43.8778 6.53831 -17.1981
      vertex -43.8163 6.39854 -14.1981
    endloop
  endfacet
  facet normal -0.915312 -0.402745 0
    outer loop
      vertex -43.8778 6.53831 -17.1981
      vertex -43.8163 6.39854 -17.1981
      vertex -43.8163 6.39854 -14.1981
    endloop
  endfacet
  facet normal -0.932006 -0.362443 0
    outer loop
      vertex -43.8163 6.39854 -14.1981
      vertex -43.8163 6.39854 -17.1981
      vertex -43.761 6.25622 -14.1981
    endloop
  endfacet
  facet normal -0.932006 -0.362443 0
    outer loop
      vertex -43.8163 6.39854 -17.1981
      vertex -43.761 6.25622 -17.1981
      vertex -43.761 6.25622 -14.1981
    endloop
  endfacet
  facet normal -0.946931 -0.321436 0
    outer loop
      vertex -43.761 6.25622 -14.1981
      vertex -43.761 6.25622 -17.1981
      vertex -43.7119 6.11162 -14.1981
    endloop
  endfacet
  facet normal -0.946931 -0.321436 0
    outer loop
      vertex -43.761 6.25622 -17.1981
      vertex -43.7119 6.11162 -17.1981
      vertex -43.7119 6.11162 -14.1981
    endloop
  endfacet
  facet normal -0.960047 -0.279839 0
    outer loop
      vertex -43.7119 6.11162 -14.1981
      vertex -43.7119 6.11162 -17.1981
      vertex -43.6691 5.96501 -14.1981
    endloop
  endfacet
  facet normal -0.960047 -0.279839 0
    outer loop
      vertex -43.7119 6.11162 -17.1981
      vertex -43.6691 5.96501 -17.1981
      vertex -43.6691 5.96501 -14.1981
    endloop
  endfacet
  facet normal -0.971342 -0.237685 0
    outer loop
      vertex -43.6691 5.96501 -14.1981
      vertex -43.6691 5.96501 -17.1981
      vertex -43.6328 5.81668 -14.1981
    endloop
  endfacet
  facet normal -0.971342 -0.237685 0
    outer loop
      vertex -43.6691 5.96501 -17.1981
      vertex -43.6328 5.81668 -17.1981
      vertex -43.6328 5.81668 -14.1981
    endloop
  endfacet
  facet normal -0.980785 -0.19509 0
    outer loop
      vertex -43.6328 5.81668 -14.1981
      vertex -43.6328 5.81668 -17.1981
      vertex -43.6031 5.66691 -14.1981
    endloop
  endfacet
  facet normal -0.980785 -0.19509 0
    outer loop
      vertex -43.6328 5.81668 -17.1981
      vertex -43.6031 5.66691 -17.1981
      vertex -43.6031 5.66691 -14.1981
    endloop
  endfacet
  facet normal -0.988364 -0.152106 0
    outer loop
      vertex -43.6031 5.66691 -14.1981
      vertex -43.6031 5.66691 -17.1981
      vertex -43.5798 5.51599 -14.1981
    endloop
  endfacet
  facet normal -0.988364 -0.152106 0
    outer loop
      vertex -43.6031 5.66691 -17.1981
      vertex -43.5798 5.51599 -17.1981
      vertex -43.5798 5.51599 -14.1981
    endloop
  endfacet
  facet normal -0.994055 -0.108877 0
    outer loop
      vertex -43.5798 5.51599 -14.1981
      vertex -43.5798 5.51599 -17.1981
      vertex -43.5632 5.36419 -14.1981
    endloop
  endfacet
  facet normal -0.994055 -0.108877 0
    outer loop
      vertex -43.5798 5.51599 -17.1981
      vertex -43.5632 5.36419 -17.1981
      vertex -43.5632 5.36419 -14.1981
    endloop
  endfacet
  facet normal -0.997859 -0.0654044 0
    outer loop
      vertex -43.5632 5.36419 -14.1981
      vertex -43.5632 5.36419 -17.1981
      vertex -43.5532 5.21181 -14.1981
    endloop
  endfacet
  facet normal -0.997859 -0.0654044 0
    outer loop
      vertex -43.5632 5.36419 -17.1981
      vertex -43.5532 5.21181 -17.1981
      vertex -43.5532 5.21181 -14.1981
    endloop
  endfacet
  facet normal -0.999762 -0.0218095 0
    outer loop
      vertex -43.5532 5.21181 -14.1981
      vertex -43.5532 5.21181 -17.1981
      vertex -43.5499 5.05915 -14.1981
    endloop
  endfacet
  facet normal -0.999762 -0.0218095 0
    outer loop
      vertex -43.5532 5.21181 -17.1981
      vertex -43.5499 5.05915 -17.1981
      vertex -43.5499 5.05915 -14.1981
    endloop
  endfacet
  facet normal -0.999762 0.0218095 0
    outer loop
      vertex -43.5499 5.05915 -14.1981
      vertex -43.5499 5.05915 -17.1981
      vertex -43.5532 4.90648 -14.1981
    endloop
  endfacet
  facet normal -0.999762 0.0218095 0
    outer loop
      vertex -43.5499 5.05915 -17.1981
      vertex -43.5532 4.90648 -17.1981
      vertex -43.5532 4.90648 -14.1981
    endloop
  endfacet
  facet normal -0.997859 0.0654044 0
    outer loop
      vertex -43.5532 4.90648 -14.1981
      vertex -43.5532 4.90648 -17.1981
      vertex -43.5632 4.7541 -14.1981
    endloop
  endfacet
  facet normal -0.997859 0.0654044 0
    outer loop
      vertex -43.5532 4.90648 -17.1981
      vertex -43.5632 4.7541 -17.1981
      vertex -43.5632 4.7541 -14.1981
    endloop
  endfacet
  facet normal -0.994055 0.108877 0
    outer loop
      vertex -43.5632 4.7541 -14.1981
      vertex -43.5632 4.7541 -17.1981
      vertex -43.5798 4.6023 -14.1981
    endloop
  endfacet
  facet normal -0.994055 0.108877 0
    outer loop
      vertex -43.5632 4.7541 -17.1981
      vertex -43.5798 4.6023 -17.1981
      vertex -43.5798 4.6023 -14.1981
    endloop
  endfacet
  facet normal -0.988364 0.152106 0
    outer loop
      vertex -43.5798 4.6023 -14.1981
      vertex -43.5798 4.6023 -17.1981
      vertex -43.6031 4.45138 -14.1981
    endloop
  endfacet
  facet normal -0.988364 0.152106 0
    outer loop
      vertex -43.5798 4.6023 -17.1981
      vertex -43.6031 4.45138 -17.1981
      vertex -43.6031 4.45138 -14.1981
    endloop
  endfacet
  facet normal -0.980785 0.19509 0
    outer loop
      vertex -43.6031 4.45138 -14.1981
      vertex -43.6031 4.45138 -17.1981
      vertex -43.6328 4.30161 -14.1981
    endloop
  endfacet
  facet normal -0.980785 0.19509 0
    outer loop
      vertex -43.6031 4.45138 -17.1981
      vertex -43.6328 4.30161 -17.1981
      vertex -43.6328 4.30161 -14.1981
    endloop
  endfacet
  facet normal -0.971342 0.237685 0
    outer loop
      vertex -43.6328 4.30161 -14.1981
      vertex -43.6328 4.30161 -17.1981
      vertex -43.6691 4.15328 -14.1981
    endloop
  endfacet
  facet normal -0.971342 0.237685 0
    outer loop
      vertex -43.6328 4.30161 -17.1981
      vertex -43.6691 4.15328 -17.1981
      vertex -43.6691 4.15328 -14.1981
    endloop
  endfacet
  facet normal -0.960047 0.279839 0
    outer loop
      vertex -43.6691 4.15328 -14.1981
      vertex -43.6691 4.15328 -17.1981
      vertex -43.7119 4.00667 -14.1981
    endloop
  endfacet
  facet normal -0.960047 0.279839 0
    outer loop
      vertex -43.6691 4.15328 -17.1981
      vertex -43.7119 4.00667 -17.1981
      vertex -43.7119 4.00667 -14.1981
    endloop
  endfacet
  facet normal -0.946932 0.321435 0
    outer loop
      vertex -43.7119 4.00667 -14.1981
      vertex -43.7119 4.00667 -17.1981
      vertex -43.761 3.86207 -14.1981
    endloop
  endfacet
  facet normal -0.946932 0.321435 0
    outer loop
      vertex -43.7119 4.00667 -17.1981
      vertex -43.761 3.86207 -17.1981
      vertex -43.761 3.86207 -14.1981
    endloop
  endfacet
  facet normal -0.932006 0.362443 0
    outer loop
      vertex -43.761 3.86207 -14.1981
      vertex -43.761 3.86207 -17.1981
      vertex -43.8163 3.71975 -14.1981
    endloop
  endfacet
  facet normal -0.932006 0.362443 0
    outer loop
      vertex -43.761 3.86207 -17.1981
      vertex -43.8163 3.71975 -17.1981
      vertex -43.8163 3.71975 -14.1981
    endloop
  endfacet
  facet normal -0.915312 0.402745 0
    outer loop
      vertex -43.8163 3.71975 -14.1981
      vertex -43.8163 3.71975 -17.1981
      vertex -43.8778 3.57998 -14.1981
    endloop
  endfacet
  facet normal -0.915312 0.402745 0
    outer loop
      vertex -43.8163 3.71975 -17.1981
      vertex -43.8778 3.57998 -17.1981
      vertex -43.8778 3.57998 -14.1981
    endloop
  endfacet
  facet normal -0.896872 0.44229 0
    outer loop
      vertex -43.8778 3.57998 -14.1981
      vertex -43.8778 3.57998 -17.1981
      vertex -43.9453 3.44303 -14.1981
    endloop
  endfacet
  facet normal -0.896872 0.44229 0
    outer loop
      vertex -43.8778 3.57998 -17.1981
      vertex -43.9453 3.44303 -17.1981
      vertex -43.9453 3.44303 -14.1981
    endloop
  endfacet
  facet normal -0.87673 0.480983 0
    outer loop
      vertex -43.9453 3.44303 -14.1981
      vertex -43.9453 3.44303 -17.1981
      vertex -44.0188 3.30915 -14.1981
    endloop
  endfacet
  facet normal -0.87673 0.480983 0
    outer loop
      vertex -43.9453 3.44303 -17.1981
      vertex -44.0188 3.30915 -17.1981
      vertex -44.0188 3.30915 -14.1981
    endloop
  endfacet
  facet normal -0.854913 0.518771 0
    outer loop
      vertex -44.0188 3.30915 -14.1981
      vertex -44.0188 3.30915 -17.1981
      vertex -44.098 3.1786 -14.1981
    endloop
  endfacet
  facet normal -0.854913 0.518771 0
    outer loop
      vertex -44.0188 3.30915 -17.1981
      vertex -44.098 3.1786 -17.1981
      vertex -44.098 3.1786 -14.1981
    endloop
  endfacet
  facet normal -0.831464 0.555579 0
    outer loop
      vertex -44.098 3.1786 -14.1981
      vertex -44.098 3.1786 -17.1981
      vertex -44.1829 3.05163 -14.1981
    endloop
  endfacet
  facet normal -0.831464 0.555579 0
    outer loop
      vertex -44.098 3.1786 -17.1981
      vertex -44.1829 3.05163 -17.1981
      vertex -44.1829 3.05163 -14.1981
    endloop
  endfacet
  facet normal -0.806451 0.591301 0
    outer loop
      vertex -44.1829 3.05163 -14.1981
      vertex -44.1829 3.05163 -17.1981
      vertex -44.2731 2.92848 -14.1981
    endloop
  endfacet
  facet normal -0.806451 0.591301 0
    outer loop
      vertex -44.1829 3.05163 -17.1981
      vertex -44.2731 2.92848 -17.1981
      vertex -44.2731 2.92848 -14.1981
    endloop
  endfacet
  facet normal -0.779877 0.625933 0
    outer loop
      vertex -44.2731 2.92848 -14.1981
      vertex -44.2731 2.92848 -17.1981
      vertex -44.3687 2.80939 -14.1981
    endloop
  endfacet
  facet normal -0.779877 0.625933 0
    outer loop
      vertex -44.2731 2.92848 -17.1981
      vertex -44.3687 2.80939 -17.1981
      vertex -44.3687 2.80939 -14.1981
    endloop
  endfacet
  facet normal -0.751844 0.659341 0
    outer loop
      vertex -44.3687 2.80939 -14.1981
      vertex -44.3687 2.80939 -17.1981
      vertex -44.4694 2.69458 -14.1981
    endloop
  endfacet
  facet normal -0.751844 0.659341 0
    outer loop
      vertex -44.3687 2.80939 -17.1981
      vertex -44.4694 2.69458 -17.1981
      vertex -44.4694 2.69458 -14.1981
    endloop
  endfacet
  facet normal -0.722364 0.691513 0
    outer loop
      vertex -44.4694 2.69458 -14.1981
      vertex -44.4694 2.69458 -17.1981
      vertex -44.575 2.58427 -14.1981
    endloop
  endfacet
  facet normal -0.722364 0.691513 0
    outer loop
      vertex -44.4694 2.69458 -17.1981
      vertex -44.575 2.58427 -17.1981
      vertex -44.575 2.58427 -14.1981
    endloop
  endfacet
  facet normal -0.691508 0.722369 0
    outer loop
      vertex -44.575 2.58427 -14.1981
      vertex -44.575 2.58427 -17.1981
      vertex -44.6853 2.47867 -14.1981
    endloop
  endfacet
  facet normal -0.691508 0.722369 0
    outer loop
      vertex -44.575 2.58427 -17.1981
      vertex -44.6853 2.47867 -17.1981
      vertex -44.6853 2.47867 -14.1981
    endloop
  endfacet
  facet normal -0.659344 0.751842 0
    outer loop
      vertex -44.6853 2.47867 -14.1981
      vertex -44.6853 2.47867 -17.1981
      vertex -44.8001 2.37799 -14.1981
    endloop
  endfacet
  facet normal -0.659344 0.751842 0
    outer loop
      vertex -44.6853 2.47867 -17.1981
      vertex -44.8001 2.37799 -17.1981
      vertex -44.8001 2.37799 -14.1981
    endloop
  endfacet
  facet normal -0.625929 0.77988 0
    outer loop
      vertex -44.8001 2.37799 -14.1981
      vertex -44.8001 2.37799 -17.1981
      vertex -44.9192 2.28241 -14.1981
    endloop
  endfacet
  facet normal -0.625929 0.77988 0
    outer loop
      vertex -44.8001 2.37799 -17.1981
      vertex -44.9192 2.28241 -17.1981
      vertex -44.9192 2.28241 -14.1981
    endloop
  endfacet
  facet normal -0.591311 0.806443 0
    outer loop
      vertex -44.9192 2.28241 -14.1981
      vertex -44.9192 2.28241 -17.1981
      vertex -45.0424 2.19211 -14.1981
    endloop
  endfacet
  facet normal -0.591311 0.806443 0
    outer loop
      vertex -44.9192 2.28241 -17.1981
      vertex -45.0424 2.19211 -17.1981
      vertex -45.0424 2.19211 -14.1981
    endloop
  endfacet
  facet normal -0.55557 0.83147 0
    outer loop
      vertex -45.0424 2.19211 -14.1981
      vertex -45.0424 2.19211 -17.1981
      vertex -45.1693 2.10728 -14.1981
    endloop
  endfacet
  facet normal -0.55557 0.83147 0
    outer loop
      vertex -45.0424 2.19211 -17.1981
      vertex -45.1693 2.10728 -17.1981
      vertex -45.1693 2.10728 -14.1981
    endloop
  endfacet
  facet normal -0.518773 0.854912 0
    outer loop
      vertex -45.1693 2.10728 -14.1981
      vertex -45.1693 2.10728 -17.1981
      vertex -45.2999 2.02806 -14.1981
    endloop
  endfacet
  facet normal -0.518773 0.854912 0
    outer loop
      vertex -45.1693 2.10728 -17.1981
      vertex -45.2999 2.02806 -17.1981
      vertex -45.2999 2.02806 -14.1981
    endloop
  endfacet
  facet normal -0.48099 0.876726 0
    outer loop
      vertex -45.2999 2.02806 -14.1981
      vertex -45.2999 2.02806 -17.1981
      vertex -45.4338 1.95461 -14.1981
    endloop
  endfacet
  facet normal -0.48099 0.876726 0
    outer loop
      vertex -45.2999 2.02806 -17.1981
      vertex -45.4338 1.95461 -17.1981
      vertex -45.4338 1.95461 -14.1981
    endloop
  endfacet
  facet normal -0.442287 0.896873 0
    outer loop
      vertex -45.4338 1.95461 -14.1981
      vertex -45.4338 1.95461 -17.1981
      vertex -45.5707 1.88707 -14.1981
    endloop
  endfacet
  facet normal -0.442287 0.896873 0
    outer loop
      vertex -45.4338 1.95461 -17.1981
      vertex -45.5707 1.88707 -17.1981
      vertex -45.5707 1.88707 -14.1981
    endloop
  endfacet
  facet normal -0.402745 0.915312 0
    outer loop
      vertex -45.5707 1.88707 -14.1981
      vertex -45.5707 1.88707 -17.1981
      vertex -45.7105 1.82557 -14.1981
    endloop
  endfacet
  facet normal -0.402745 0.915312 0
    outer loop
      vertex -45.5707 1.88707 -17.1981
      vertex -45.7105 1.82557 -17.1981
      vertex -45.7105 1.82557 -14.1981
    endloop
  endfacet
  facet normal -0.362439 0.932007 0
    outer loop
      vertex -45.7105 1.82557 -14.1981
      vertex -45.7105 1.82557 -17.1981
      vertex -45.8528 1.77022 -14.1981
    endloop
  endfacet
  facet normal -0.362439 0.932007 0
    outer loop
      vertex -45.7105 1.82557 -17.1981
      vertex -45.8528 1.77022 -17.1981
      vertex -45.8528 1.77022 -14.1981
    endloop
  endfacet
  facet normal -0.321438 0.946931 0
    outer loop
      vertex -45.8528 1.77022 -14.1981
      vertex -45.8528 1.77022 -17.1981
      vertex -45.9974 1.72114 -14.1981
    endloop
  endfacet
  facet normal -0.321438 0.946931 0
    outer loop
      vertex -45.8528 1.77022 -17.1981
      vertex -45.9974 1.72114 -17.1981
      vertex -45.9974 1.72114 -14.1981
    endloop
  endfacet
  facet normal -0.279833 0.960049 0
    outer loop
      vertex -45.9974 1.72114 -14.1981
      vertex -45.9974 1.72114 -17.1981
      vertex -46.144 1.6784 -14.1981
    endloop
  endfacet
  facet normal -0.279833 0.960049 0
    outer loop
      vertex -45.9974 1.72114 -17.1981
      vertex -46.144 1.6784 -17.1981
      vertex -46.144 1.6784 -14.1981
    endloop
  endfacet
  facet normal -0.237683 0.971343 0
    outer loop
      vertex -46.144 1.6784 -14.1981
      vertex -46.144 1.6784 -17.1981
      vertex -46.2923 1.64211 -14.1981
    endloop
  endfacet
  facet normal -0.237683 0.971343 0
    outer loop
      vertex -46.144 1.6784 -17.1981
      vertex -46.2923 1.64211 -17.1981
      vertex -46.2923 1.64211 -14.1981
    endloop
  endfacet
  facet normal -0.195093 0.980785 0
    outer loop
      vertex -46.2923 1.64211 -14.1981
      vertex -46.2923 1.64211 -17.1981
      vertex -46.4421 1.61232 -14.1981
    endloop
  endfacet
  facet normal -0.195093 0.980785 0
    outer loop
      vertex -46.2923 1.64211 -17.1981
      vertex -46.4421 1.61232 -17.1981
      vertex -46.4421 1.61232 -14.1981
    endloop
  endfacet
  facet normal -0.152124 0.988361 0
    outer loop
      vertex -46.4421 1.61232 -14.1981
      vertex -46.4421 1.61232 -17.1981
      vertex -46.593 1.58909 -14.1981
    endloop
  endfacet
  facet normal -0.152124 0.988361 0
    outer loop
      vertex -46.4421 1.61232 -17.1981
      vertex -46.593 1.58909 -17.1981
      vertex -46.593 1.58909 -14.1981
    endloop
  endfacet
  facet normal -0.108866 0.994056 0
    outer loop
      vertex -46.593 1.58909 -14.1981
      vertex -46.593 1.58909 -17.1981
      vertex -46.7448 1.57246 -14.1981
    endloop
  endfacet
  facet normal -0.108866 0.994056 0
    outer loop
      vertex -46.593 1.58909 -17.1981
      vertex -46.7448 1.57246 -17.1981
      vertex -46.7448 1.57246 -14.1981
    endloop
  endfacet
  facet normal -0.0654019 0.997859 0
    outer loop
      vertex -46.7448 1.57246 -14.1981
      vertex -46.7448 1.57246 -17.1981
      vertex -46.8972 1.56248 -14.1981
    endloop
  endfacet
  facet normal -0.0654019 0.997859 0
    outer loop
      vertex -46.7448 1.57246 -17.1981
      vertex -46.8972 1.56248 -17.1981
      vertex -46.8972 1.56248 -14.1981
    endloop
  endfacet
  facet normal -0.0218151 0.999762 0
    outer loop
      vertex -46.8972 1.56248 -14.1981
      vertex -46.8972 1.56248 -17.1981
      vertex -47.0499 1.55915 -14.1981
    endloop
  endfacet
  facet normal -0.0218151 0.999762 0
    outer loop
      vertex -46.8972 1.56248 -17.1981
      vertex -47.0499 1.55915 -17.1981
      vertex -47.0499 1.55915 -14.1981
    endloop
  endfacet
  facet normal 0.0218151 0.999762 0
    outer loop
      vertex -47.0499 1.55915 -14.1981
      vertex -47.0499 1.55915 -17.1981
      vertex -47.2025 1.56248 -14.1981
    endloop
  endfacet
  facet normal 0.0218151 0.999762 0
    outer loop
      vertex -47.0499 1.55915 -17.1981
      vertex -47.2025 1.56248 -17.1981
      vertex -47.2025 1.56248 -14.1981
    endloop
  endfacet
  facet normal 0.0654019 0.997859 0
    outer loop
      vertex -47.2025 1.56248 -14.1981
      vertex -47.2025 1.56248 -17.1981
      vertex -47.3549 1.57246 -14.1981
    endloop
  endfacet
  facet normal 0.0654019 0.997859 0
    outer loop
      vertex -47.2025 1.56248 -17.1981
      vertex -47.3549 1.57246 -17.1981
      vertex -47.3549 1.57246 -14.1981
    endloop
  endfacet
  facet normal 0.108866 0.994056 0
    outer loop
      vertex -47.3549 1.57246 -14.1981
      vertex -47.3549 1.57246 -17.1981
      vertex -47.5067 1.58909 -14.1981
    endloop
  endfacet
  facet normal 0.108866 0.994056 0
    outer loop
      vertex -47.3549 1.57246 -17.1981
      vertex -47.5067 1.58909 -17.1981
      vertex -47.5067 1.58909 -14.1981
    endloop
  endfacet
  facet normal 0.152124 0.988361 0
    outer loop
      vertex -47.5067 1.58909 -14.1981
      vertex -47.5067 1.58909 -17.1981
      vertex -47.6577 1.61232 -14.1981
    endloop
  endfacet
  facet normal 0.152124 0.988361 0
    outer loop
      vertex -47.5067 1.58909 -17.1981
      vertex -47.6577 1.61232 -17.1981
      vertex -47.6577 1.61232 -14.1981
    endloop
  endfacet
  facet normal 0.195093 0.980785 0
    outer loop
      vertex -47.6577 1.61232 -14.1981
      vertex -47.6577 1.61232 -17.1981
      vertex -47.8074 1.64211 -14.1981
    endloop
  endfacet
  facet normal 0.195093 0.980785 0
    outer loop
      vertex -47.6577 1.61232 -17.1981
      vertex -47.8074 1.64211 -17.1981
      vertex -47.8074 1.64211 -14.1981
    endloop
  endfacet
  facet normal 0.237683 0.971343 0
    outer loop
      vertex -47.8074 1.64211 -14.1981
      vertex -47.8074 1.64211 -17.1981
      vertex -47.9558 1.6784 -14.1981
    endloop
  endfacet
  facet normal 0.237683 0.971343 0
    outer loop
      vertex -47.8074 1.64211 -17.1981
      vertex -47.9558 1.6784 -17.1981
      vertex -47.9558 1.6784 -14.1981
    endloop
  endfacet
  facet normal 0.279833 0.960049 0
    outer loop
      vertex -47.9558 1.6784 -14.1981
      vertex -47.9558 1.6784 -17.1981
      vertex -48.1024 1.72114 -14.1981
    endloop
  endfacet
  facet normal 0.279833 0.960049 0
    outer loop
      vertex -47.9558 1.6784 -17.1981
      vertex -48.1024 1.72114 -17.1981
      vertex -48.1024 1.72114 -14.1981
    endloop
  endfacet
  facet normal 0.321438 0.946931 0
    outer loop
      vertex -48.1024 1.72114 -14.1981
      vertex -48.1024 1.72114 -17.1981
      vertex -48.247 1.77022 -14.1981
    endloop
  endfacet
  facet normal 0.321438 0.946931 0
    outer loop
      vertex -48.1024 1.72114 -17.1981
      vertex -48.247 1.77022 -17.1981
      vertex -48.247 1.77022 -14.1981
    endloop
  endfacet
  facet normal 0.362439 0.932007 0
    outer loop
      vertex -48.247 1.77022 -14.1981
      vertex -48.247 1.77022 -17.1981
      vertex -48.3893 1.82557 -14.1981
    endloop
  endfacet
  facet normal 0.362439 0.932007 0
    outer loop
      vertex -48.247 1.77022 -17.1981
      vertex -48.3893 1.82557 -17.1981
      vertex -48.3893 1.82557 -14.1981
    endloop
  endfacet
  facet normal 0.402745 0.915312 0
    outer loop
      vertex -48.3893 1.82557 -14.1981
      vertex -48.3893 1.82557 -17.1981
      vertex -48.529 1.88707 -14.1981
    endloop
  endfacet
  facet normal 0.402745 0.915312 0
    outer loop
      vertex -48.3893 1.82557 -17.1981
      vertex -48.529 1.88707 -17.1981
      vertex -48.529 1.88707 -14.1981
    endloop
  endfacet
  facet normal 0.442287 0.896873 0
    outer loop
      vertex -48.529 1.88707 -14.1981
      vertex -48.529 1.88707 -17.1981
      vertex -48.666 1.95461 -14.1981
    endloop
  endfacet
  facet normal 0.442287 0.896873 0
    outer loop
      vertex -48.529 1.88707 -17.1981
      vertex -48.666 1.95461 -17.1981
      vertex -48.666 1.95461 -14.1981
    endloop
  endfacet
  facet normal 0.48099 0.876726 0
    outer loop
      vertex -48.666 1.95461 -14.1981
      vertex -48.666 1.95461 -17.1981
      vertex -48.7999 2.02806 -14.1981
    endloop
  endfacet
  facet normal 0.48099 0.876726 0
    outer loop
      vertex -48.666 1.95461 -17.1981
      vertex -48.7999 2.02806 -17.1981
      vertex -48.7999 2.02806 -14.1981
    endloop
  endfacet
  facet normal 0.518773 0.854912 0
    outer loop
      vertex -48.7999 2.02806 -14.1981
      vertex -48.7999 2.02806 -17.1981
      vertex -48.9304 2.10728 -14.1981
    endloop
  endfacet
  facet normal 0.518773 0.854912 0
    outer loop
      vertex -48.7999 2.02806 -17.1981
      vertex -48.9304 2.10728 -17.1981
      vertex -48.9304 2.10728 -14.1981
    endloop
  endfacet
  facet normal 0.55557 0.83147 0
    outer loop
      vertex -48.9304 2.10728 -14.1981
      vertex -48.9304 2.10728 -17.1981
      vertex -49.0574 2.19211 -14.1981
    endloop
  endfacet
  facet normal 0.55557 0.83147 0
    outer loop
      vertex -48.9304 2.10728 -17.1981
      vertex -49.0574 2.19211 -17.1981
      vertex -49.0574 2.19211 -14.1981
    endloop
  endfacet
  facet normal 0.591311 0.806443 0
    outer loop
      vertex -49.0574 2.19211 -14.1981
      vertex -49.0574 2.19211 -17.1981
      vertex -49.1805 2.28241 -14.1981
    endloop
  endfacet
  facet normal 0.591311 0.806443 0
    outer loop
      vertex -49.0574 2.19211 -17.1981
      vertex -49.1805 2.28241 -17.1981
      vertex -49.1805 2.28241 -14.1981
    endloop
  endfacet
  facet normal 0.625929 0.77988 0
    outer loop
      vertex -49.1805 2.28241 -14.1981
      vertex -49.1805 2.28241 -17.1981
      vertex -49.2996 2.37799 -14.1981
    endloop
  endfacet
  facet normal 0.625929 0.77988 0
    outer loop
      vertex -49.1805 2.28241 -17.1981
      vertex -49.2996 2.37799 -17.1981
      vertex -49.2996 2.37799 -14.1981
    endloop
  endfacet
  facet normal 0.659344 0.751842 0
    outer loop
      vertex -49.2996 2.37799 -14.1981
      vertex -49.2996 2.37799 -17.1981
      vertex -49.4144 2.47867 -14.1981
    endloop
  endfacet
  facet normal 0.659344 0.751842 0
    outer loop
      vertex -49.2996 2.37799 -17.1981
      vertex -49.4144 2.47867 -17.1981
      vertex -49.4144 2.47867 -14.1981
    endloop
  endfacet
  facet normal 0.691508 0.722369 0
    outer loop
      vertex -49.4144 2.47867 -14.1981
      vertex -49.4144 2.47867 -17.1981
      vertex -49.5248 2.58427 -14.1981
    endloop
  endfacet
  facet normal 0.691508 0.722369 0
    outer loop
      vertex -49.4144 2.47867 -17.1981
      vertex -49.5248 2.58427 -17.1981
      vertex -49.5248 2.58427 -14.1981
    endloop
  endfacet
  facet normal 0.722364 0.691513 0
    outer loop
      vertex -49.5248 2.58427 -14.1981
      vertex -49.5248 2.58427 -17.1981
      vertex -49.6304 2.69458 -14.1981
    endloop
  endfacet
  facet normal 0.722364 0.691513 0
    outer loop
      vertex -49.5248 2.58427 -17.1981
      vertex -49.6304 2.69458 -17.1981
      vertex -49.6304 2.69458 -14.1981
    endloop
  endfacet
  facet normal 0.751844 0.659341 0
    outer loop
      vertex -49.6304 2.69458 -14.1981
      vertex -49.6304 2.69458 -17.1981
      vertex -49.731 2.80939 -14.1981
    endloop
  endfacet
  facet normal 0.751844 0.659341 0
    outer loop
      vertex -49.6304 2.69458 -17.1981
      vertex -49.731 2.80939 -17.1981
      vertex -49.731 2.80939 -14.1981
    endloop
  endfacet
  facet normal 0.779877 0.625933 0
    outer loop
      vertex -49.731 2.80939 -14.1981
      vertex -49.731 2.80939 -17.1981
      vertex -49.8266 2.92848 -14.1981
    endloop
  endfacet
  facet normal 0.779877 0.625933 0
    outer loop
      vertex -49.731 2.80939 -17.1981
      vertex -49.8266 2.92848 -17.1981
      vertex -49.8266 2.92848 -14.1981
    endloop
  endfacet
  facet normal 0.806451 0.591301 0
    outer loop
      vertex -49.8266 2.92848 -14.1981
      vertex -49.8266 2.92848 -17.1981
      vertex -49.9169 3.05163 -14.1981
    endloop
  endfacet
  facet normal 0.806451 0.591301 0
    outer loop
      vertex -49.8266 2.92848 -17.1981
      vertex -49.9169 3.05163 -17.1981
      vertex -49.9169 3.05163 -14.1981
    endloop
  endfacet
  facet normal 0.831464 0.555579 0
    outer loop
      vertex -49.9169 3.05163 -14.1981
      vertex -49.9169 3.05163 -17.1981
      vertex -50.0018 3.1786 -14.1981
    endloop
  endfacet
  facet normal 0.831464 0.555579 0
    outer loop
      vertex -49.9169 3.05163 -17.1981
      vertex -50.0018 3.1786 -17.1981
      vertex -50.0018 3.1786 -14.1981
    endloop
  endfacet
  facet normal 0.854913 0.518771 0
    outer loop
      vertex -50.0018 3.1786 -14.1981
      vertex -50.0018 3.1786 -17.1981
      vertex -50.081 3.30915 -14.1981
    endloop
  endfacet
  facet normal 0.854913 0.518771 0
    outer loop
      vertex -50.0018 3.1786 -17.1981
      vertex -50.081 3.30915 -17.1981
      vertex -50.081 3.30915 -14.1981
    endloop
  endfacet
  facet normal 0.87673 0.480983 0
    outer loop
      vertex -50.081 3.30915 -14.1981
      vertex -50.081 3.30915 -17.1981
      vertex -50.1544 3.44303 -14.1981
    endloop
  endfacet
  facet normal 0.87673 0.480983 0
    outer loop
      vertex -50.081 3.30915 -17.1981
      vertex -50.1544 3.44303 -17.1981
      vertex -50.1544 3.44303 -14.1981
    endloop
  endfacet
  facet normal 0.896872 0.44229 0
    outer loop
      vertex -50.1544 3.44303 -14.1981
      vertex -50.1544 3.44303 -17.1981
      vertex -50.222 3.57998 -14.1981
    endloop
  endfacet
  facet normal 0.896872 0.44229 0
    outer loop
      vertex -50.1544 3.44303 -17.1981
      vertex -50.222 3.57998 -17.1981
      vertex -50.222 3.57998 -14.1981
    endloop
  endfacet
  facet normal 0.915312 0.402745 0
    outer loop
      vertex -50.222 3.57998 -14.1981
      vertex -50.222 3.57998 -17.1981
      vertex -50.2835 3.71975 -14.1981
    endloop
  endfacet
  facet normal 0.915312 0.402745 0
    outer loop
      vertex -50.222 3.57998 -17.1981
      vertex -50.2835 3.71975 -17.1981
      vertex -50.2835 3.71975 -14.1981
    endloop
  endfacet
  facet normal 0.932006 0.362443 0
    outer loop
      vertex -50.2835 3.71975 -14.1981
      vertex -50.2835 3.71975 -17.1981
      vertex -50.3388 3.86207 -14.1981
    endloop
  endfacet
  facet normal 0.932006 0.362443 0
    outer loop
      vertex -50.2835 3.71975 -17.1981
      vertex -50.3388 3.86207 -17.1981
      vertex -50.3388 3.86207 -14.1981
    endloop
  endfacet
  facet normal 0.946932 0.321435 0
    outer loop
      vertex -50.3388 3.86207 -14.1981
      vertex -50.3388 3.86207 -17.1981
      vertex -50.3879 4.00667 -14.1981
    endloop
  endfacet
  facet normal 0.946932 0.321435 0
    outer loop
      vertex -50.3388 3.86207 -17.1981
      vertex -50.3879 4.00667 -17.1981
      vertex -50.3879 4.00667 -14.1981
    endloop
  endfacet
  facet normal 0.960047 0.279839 0
    outer loop
      vertex -50.3879 4.00667 -14.1981
      vertex -50.3879 4.00667 -17.1981
      vertex -50.4306 4.15328 -14.1981
    endloop
  endfacet
  facet normal 0.960047 0.279839 0
    outer loop
      vertex -50.3879 4.00667 -17.1981
      vertex -50.4306 4.15328 -17.1981
      vertex -50.4306 4.15328 -14.1981
    endloop
  endfacet
  facet normal 0.971342 0.237685 0
    outer loop
      vertex -50.4306 4.15328 -14.1981
      vertex -50.4306 4.15328 -17.1981
      vertex -50.4669 4.30161 -14.1981
    endloop
  endfacet
  facet normal 0.971342 0.237685 0
    outer loop
      vertex -50.4306 4.15328 -17.1981
      vertex -50.4669 4.30161 -17.1981
      vertex -50.4669 4.30161 -14.1981
    endloop
  endfacet
  facet normal 0.980785 0.19509 0
    outer loop
      vertex -50.4669 4.30161 -14.1981
      vertex -50.4669 4.30161 -17.1981
      vertex -50.4967 4.45138 -14.1981
    endloop
  endfacet
  facet normal 0.980785 0.19509 0
    outer loop
      vertex -50.4669 4.30161 -17.1981
      vertex -50.4967 4.45138 -17.1981
      vertex -50.4967 4.45138 -14.1981
    endloop
  endfacet
  facet normal 0.988364 0.152106 0
    outer loop
      vertex -50.4967 4.45138 -14.1981
      vertex -50.4967 4.45138 -17.1981
      vertex -50.5199 4.6023 -14.1981
    endloop
  endfacet
  facet normal 0.988364 0.152106 0
    outer loop
      vertex -50.4967 4.45138 -17.1981
      vertex -50.5199 4.6023 -17.1981
      vertex -50.5199 4.6023 -14.1981
    endloop
  endfacet
  facet normal 0.994055 0.108877 0
    outer loop
      vertex -50.5199 4.6023 -14.1981
      vertex -50.5199 4.6023 -17.1981
      vertex -50.5366 4.7541 -14.1981
    endloop
  endfacet
  facet normal 0.994055 0.108877 0
    outer loop
      vertex -50.5199 4.6023 -17.1981
      vertex -50.5366 4.7541 -17.1981
      vertex -50.5366 4.7541 -14.1981
    endloop
  endfacet
  facet normal 0.997859 0.0654044 0
    outer loop
      vertex -50.5366 4.7541 -14.1981
      vertex -50.5366 4.7541 -17.1981
      vertex -50.5466 4.90648 -14.1981
    endloop
  endfacet
  facet normal 0.997859 0.0654044 0
    outer loop
      vertex -50.5366 4.7541 -17.1981
      vertex -50.5466 4.90648 -17.1981
      vertex -50.5466 4.90648 -14.1981
    endloop
  endfacet
  facet normal 0.999762 0.0218095 0
    outer loop
      vertex -50.5466 4.90648 -14.1981
      vertex -50.5466 4.90648 -17.1981
      vertex -50.5499 5.05915 -14.1981
    endloop
  endfacet
  facet normal 0.999762 0.0218095 0
    outer loop
      vertex -50.5466 4.90648 -17.1981
      vertex -50.5499 5.05915 -17.1981
      vertex -50.5499 5.05915 -14.1981
    endloop
  endfacet
  facet normal 0 -1 0
    outer loop
      vertex -131.913 -44.6007 -17.1981
      vertex -41.9129 -44.6007 -17.1981
      vertex -131.913 -44.6007 -12.1981
    endloop
  endfacet
  facet normal 0 -1 0
    outer loop
      vertex -41.9129 -44.6007 -17.1981
      vertex -41.9129 -44.6007 -12.1981
      vertex -131.913 -44.6007 -12.1981
    endloop
  endfacet
  facet normal -0.999762 -0.0218156 0
    outer loop
      vertex -45.0499 -39.7423 -14.1981
      vertex -45.0499 -39.7423 -12.1981
      vertex -45.0518 -39.6551 -14.1981
    endloop
  endfacet
  facet normal -0.999762 -0.0218156 0
    outer loop
      vertex -45.0499 -39.7423 -12.1981
      vertex -45.0518 -39.6551 -12.1981
      vertex -45.0518 -39.6551 -14.1981
    endloop
  endfacet
  facet normal -0.997859 -0.0654054 0
    outer loop
      vertex -45.0518 -39.6551 -14.1981
      vertex -45.0518 -39.6551 -12.1981
      vertex -45.0575 -39.568 -14.1981
    endloop
  endfacet
  facet normal -0.997859 -0.0654054 0
    outer loop
      vertex -45.0518 -39.6551 -12.1981
      vertex -45.0575 -39.568 -12.1981
      vertex -45.0575 -39.568 -14.1981
    endloop
  endfacet
  facet normal -0.994057 -0.108862 0
    outer loop
      vertex -45.0575 -39.568 -14.1981
      vertex -45.0575 -39.568 -12.1981
      vertex -45.067 -39.4813 -14.1981
    endloop
  endfacet
  facet normal -0.994057 -0.108862 0
    outer loop
      vertex -45.0575 -39.568 -12.1981
      vertex -45.067 -39.4813 -12.1981
      vertex -45.067 -39.4813 -14.1981
    endloop
  endfacet
  facet normal -0.988363 -0.152112 0
    outer loop
      vertex -45.067 -39.4813 -14.1981
      vertex -45.067 -39.4813 -12.1981
      vertex -45.0803 -39.395 -14.1981
    endloop
  endfacet
  facet normal -0.988363 -0.152112 0
    outer loop
      vertex -45.067 -39.4813 -12.1981
      vertex -45.0803 -39.395 -12.1981
      vertex -45.0803 -39.395 -14.1981
    endloop
  endfacet
  facet normal -0.980782 -0.195106 0
    outer loop
      vertex -45.0803 -39.395 -14.1981
      vertex -45.0803 -39.395 -12.1981
      vertex -45.0973 -39.3095 -14.1981
    endloop
  endfacet
  facet normal -0.980782 -0.195106 0
    outer loop
      vertex -45.0803 -39.395 -12.1981
      vertex -45.0973 -39.3095 -12.1981
      vertex -45.0973 -39.3095 -14.1981
    endloop
  endfacet
  facet normal -0.971336 -0.237711 0
    outer loop
      vertex -45.0973 -39.3095 -14.1981
      vertex -45.0973 -39.3095 -12.1981
      vertex -45.118 -39.2247 -14.1981
    endloop
  endfacet
  facet normal -0.971336 -0.237711 0
    outer loop
      vertex -45.0973 -39.3095 -12.1981
      vertex -45.118 -39.2247 -12.1981
      vertex -45.118 -39.2247 -14.1981
    endloop
  endfacet
  facet normal -0.960057 -0.279803 0
    outer loop
      vertex -45.118 -39.2247 -14.1981
      vertex -45.118 -39.2247 -12.1981
      vertex -45.1424 -39.1409 -14.1981
    endloop
  endfacet
  facet normal -0.960057 -0.279803 0
    outer loop
      vertex -45.118 -39.2247 -12.1981
      vertex -45.1424 -39.1409 -12.1981
      vertex -45.1424 -39.1409 -14.1981
    endloop
  endfacet
  facet normal -0.946936 -0.321423 0
    outer loop
      vertex -45.1424 -39.1409 -14.1981
      vertex -45.1424 -39.1409 -12.1981
      vertex -45.1705 -39.0583 -14.1981
    endloop
  endfacet
  facet normal -0.946936 -0.321423 0
    outer loop
      vertex -45.1424 -39.1409 -12.1981
      vertex -45.1705 -39.0583 -12.1981
      vertex -45.1705 -39.0583 -14.1981
    endloop
  endfacet
  facet normal -0.932002 -0.362452 0
    outer loop
      vertex -45.1705 -39.0583 -14.1981
      vertex -45.1705 -39.0583 -12.1981
      vertex -45.2021 -38.977 -14.1981
    endloop
  endfacet
  facet normal -0.932002 -0.362452 0
    outer loop
      vertex -45.1705 -39.0583 -12.1981
      vertex -45.2021 -38.977 -12.1981
      vertex -45.2021 -38.977 -14.1981
    endloop
  endfacet
  facet normal -0.915302 -0.402769 0
    outer loop
      vertex -45.2021 -38.977 -14.1981
      vertex -45.2021 -38.977 -12.1981
      vertex -45.2373 -38.8971 -14.1981
    endloop
  endfacet
  facet normal -0.915302 -0.402769 0
    outer loop
      vertex -45.2021 -38.977 -12.1981
      vertex -45.2373 -38.8971 -12.1981
      vertex -45.2373 -38.8971 -14.1981
    endloop
  endfacet
  facet normal -0.896873 -0.442289 0
    outer loop
      vertex -45.2373 -38.8971 -14.1981
      vertex -45.2373 -38.8971 -12.1981
      vertex -45.2759 -38.8189 -14.1981
    endloop
  endfacet
  facet normal -0.896873 -0.442289 0
    outer loop
      vertex -45.2373 -38.8971 -12.1981
      vertex -45.2759 -38.8189 -12.1981
      vertex -45.2759 -38.8189 -14.1981
    endloop
  endfacet
  facet normal -0.876735 -0.480974 0
    outer loop
      vertex -45.2759 -38.8189 -14.1981
      vertex -45.2759 -38.8189 -12.1981
      vertex -45.3178 -38.7423 -14.1981
    endloop
  endfacet
  facet normal -0.876735 -0.480974 0
    outer loop
      vertex -45.2759 -38.8189 -12.1981
      vertex -45.3178 -38.7423 -12.1981
      vertex -45.3178 -38.7423 -14.1981
    endloop
  endfacet
  facet normal -0.854913 -0.518771 0
    outer loop
      vertex -45.3178 -38.7423 -14.1981
      vertex -45.3178 -38.7423 -12.1981
      vertex -45.3631 -38.6677 -14.1981
    endloop
  endfacet
  facet normal -0.854913 -0.518771 0
    outer loop
      vertex -45.3178 -38.7423 -12.1981
      vertex -45.3631 -38.6677 -12.1981
      vertex -45.3631 -38.6677 -14.1981
    endloop
  endfacet
  facet normal -0.831478 -0.555557 0
    outer loop
      vertex -45.3631 -38.6677 -14.1981
      vertex -45.3631 -38.6677 -12.1981
      vertex -45.4116 -38.5952 -14.1981
    endloop
  endfacet
  facet normal -0.831478 -0.555557 0
    outer loop
      vertex -45.3631 -38.6677 -12.1981
      vertex -45.4116 -38.5952 -12.1981
      vertex -45.4116 -38.5952 -14.1981
    endloop
  endfacet
  facet normal -0.806424 -0.591338 0
    outer loop
      vertex -45.4116 -38.5952 -14.1981
      vertex -45.4116 -38.5952 -12.1981
      vertex -45.4632 -38.5248 -14.1981
    endloop
  endfacet
  facet normal -0.806424 -0.591338 0
    outer loop
      vertex -45.4116 -38.5952 -12.1981
      vertex -45.4632 -38.5248 -12.1981
      vertex -45.4632 -38.5248 -14.1981
    endloop
  endfacet
  facet normal -0.779897 -0.625907 0
    outer loop
      vertex -45.4632 -38.5248 -14.1981
      vertex -45.4632 -38.5248 -12.1981
      vertex -45.5178 -38.4568 -14.1981
    endloop
  endfacet
  facet normal -0.779897 -0.625907 0
    outer loop
      vertex -45.4632 -38.5248 -12.1981
      vertex -45.5178 -38.4568 -12.1981
      vertex -45.5178 -38.4568 -14.1981
    endloop
  endfacet
  facet normal -0.751849 -0.659335 0
    outer loop
      vertex -45.5178 -38.4568 -14.1981
      vertex -45.5178 -38.4568 -12.1981
      vertex -45.5753 -38.3912 -14.1981
    endloop
  endfacet
  facet normal -0.751849 -0.659335 0
    outer loop
      vertex -45.5178 -38.4568 -12.1981
      vertex -45.5753 -38.3912 -12.1981
      vertex -45.5753 -38.3912 -14.1981
    endloop
  endfacet
  facet normal -0.722351 -0.691527 0
    outer loop
      vertex -45.5753 -38.3912 -14.1981
      vertex -45.5753 -38.3912 -12.1981
      vertex -45.6357 -38.3281 -14.1981
    endloop
  endfacet
  facet normal -0.722351 -0.691527 0
    outer loop
      vertex -45.5753 -38.3912 -12.1981
      vertex -45.6357 -38.3281 -12.1981
      vertex -45.6357 -38.3281 -14.1981
    endloop
  endfacet
  facet normal -0.691527 -0.722351 0
    outer loop
      vertex -45.6357 -38.3281 -14.1981
      vertex -45.6357 -38.3281 -12.1981
      vertex -45.6987 -38.2678 -14.1981
    endloop
  endfacet
  facet normal -0.691527 -0.722351 0
    outer loop
      vertex -45.6357 -38.3281 -12.1981
      vertex -45.6987 -38.2678 -12.1981
      vertex -45.6987 -38.2678 -14.1981
    endloop
  endfacet
  facet normal -0.659335 -0.751849 0
    outer loop
      vertex -45.6987 -38.2678 -14.1981
      vertex -45.6987 -38.2678 -12.1981
      vertex -45.7643 -38.2103 -14.1981
    endloop
  endfacet
  facet normal -0.659335 -0.751849 0
    outer loop
      vertex -45.6987 -38.2678 -12.1981
      vertex -45.7643 -38.2103 -12.1981
      vertex -45.7643 -38.2103 -14.1981
    endloop
  endfacet
  facet normal -0.625907 -0.779897 0
    outer loop
      vertex -45.7643 -38.2103 -14.1981
      vertex -45.7643 -38.2103 -12.1981
      vertex -45.8324 -38.1556 -14.1981
    endloop
  endfacet
  facet normal -0.625907 -0.779897 0
    outer loop
      vertex -45.7643 -38.2103 -12.1981
      vertex -45.8324 -38.1556 -12.1981
      vertex -45.8324 -38.1556 -14.1981
    endloop
  endfacet
  facet normal -0.591338 -0.806424 0
    outer loop
      vertex -45.8324 -38.1556 -14.1981
      vertex -45.8324 -38.1556 -12.1981
      vertex -45.9027 -38.104 -14.1981
    endloop
  endfacet
  facet normal -0.591338 -0.806424 0
    outer loop
      vertex -45.8324 -38.1556 -12.1981
      vertex -45.9027 -38.104 -12.1981
      vertex -45.9027 -38.104 -14.1981
    endloop
  endfacet
  facet normal -0.555557 -0.831478 0
    outer loop
      vertex -45.9027 -38.104 -14.1981
      vertex -45.9027 -38.104 -12.1981
      vertex -45.9753 -38.0556 -14.1981
    endloop
  endfacet
  facet normal -0.555557 -0.831478 0
    outer loop
      vertex -45.9027 -38.104 -12.1981
      vertex -45.9753 -38.0556 -12.1981
      vertex -45.9753 -38.0556 -14.1981
    endloop
  endfacet
  facet normal -0.518771 -0.854913 0
    outer loop
      vertex -45.9753 -38.0556 -14.1981
      vertex -45.9753 -38.0556 -12.1981
      vertex -46.0499 -38.0103 -14.1981
    endloop
  endfacet
  facet normal -0.518771 -0.854913 0
    outer loop
      vertex -45.9753 -38.0556 -12.1981
      vertex -46.0499 -38.0103 -12.1981
      vertex -46.0499 -38.0103 -14.1981
    endloop
  endfacet
  facet normal -0.480974 -0.876735 0
    outer loop
      vertex -46.0499 -38.0103 -14.1981
      vertex -46.0499 -38.0103 -12.1981
      vertex -46.1264 -37.9683 -14.1981
    endloop
  endfacet
  facet normal -0.480974 -0.876735 0
    outer loop
      vertex -46.0499 -38.0103 -12.1981
      vertex -46.1264 -37.9683 -12.1981
      vertex -46.1264 -37.9683 -14.1981
    endloop
  endfacet
  facet normal -0.442289 -0.896873 0
    outer loop
      vertex -46.1264 -37.9683 -14.1981
      vertex -46.1264 -37.9683 -12.1981
      vertex -46.2046 -37.9297 -14.1981
    endloop
  endfacet
  facet normal -0.442289 -0.896873 0
    outer loop
      vertex -46.1264 -37.9683 -12.1981
      vertex -46.2046 -37.9297 -12.1981
      vertex -46.2046 -37.9297 -14.1981
    endloop
  endfacet
  facet normal -0.402769 -0.915302 0
    outer loop
      vertex -46.2046 -37.9297 -14.1981
      vertex -46.2046 -37.9297 -12.1981
      vertex -46.2845 -37.8946 -14.1981
    endloop
  endfacet
  facet normal -0.402769 -0.915302 0
    outer loop
      vertex -46.2046 -37.9297 -12.1981
      vertex -46.2845 -37.8946 -12.1981
      vertex -46.2845 -37.8946 -14.1981
    endloop
  endfacet
  facet normal -0.362452 -0.932002 0
    outer loop
      vertex -46.2845 -37.8946 -14.1981
      vertex -46.2845 -37.8946 -12.1981
      vertex -46.3658 -37.863 -14.1981
    endloop
  endfacet
  facet normal -0.362452 -0.932002 0
    outer loop
      vertex -46.2845 -37.8946 -12.1981
      vertex -46.3658 -37.863 -12.1981
      vertex -46.3658 -37.863 -14.1981
    endloop
  endfacet
  facet normal -0.321423 -0.946936 0
    outer loop
      vertex -46.3658 -37.863 -14.1981
      vertex -46.3658 -37.863 -12.1981
      vertex -46.4485 -37.8349 -14.1981
    endloop
  endfacet
  facet normal -0.321423 -0.946936 0
    outer loop
      vertex -46.3658 -37.863 -12.1981
      vertex -46.4485 -37.8349 -12.1981
      vertex -46.4485 -37.8349 -14.1981
    endloop
  endfacet
  facet normal -0.279803 -0.960057 0
    outer loop
      vertex -46.4485 -37.8349 -14.1981
      vertex -46.4485 -37.8349 -12.1981
      vertex -46.5322 -37.8105 -14.1981
    endloop
  endfacet
  facet normal -0.279803 -0.960057 0
    outer loop
      vertex -46.4485 -37.8349 -12.1981
      vertex -46.5322 -37.8105 -12.1981
      vertex -46.5322 -37.8105 -14.1981
    endloop
  endfacet
  facet normal -0.237711 -0.971336 0
    outer loop
      vertex -46.5322 -37.8105 -14.1981
      vertex -46.5322 -37.8105 -12.1981
      vertex -46.617 -37.7898 -14.1981
    endloop
  endfacet
  facet normal -0.237711 -0.971336 0
    outer loop
      vertex -46.5322 -37.8105 -12.1981
      vertex -46.617 -37.7898 -12.1981
      vertex -46.617 -37.7898 -14.1981
    endloop
  endfacet
  facet normal -0.195106 -0.980782 0
    outer loop
      vertex -46.617 -37.7898 -14.1981
      vertex -46.617 -37.7898 -12.1981
      vertex -46.7026 -37.7727 -14.1981
    endloop
  endfacet
  facet normal -0.195106 -0.980782 0
    outer loop
      vertex -46.617 -37.7898 -12.1981
      vertex -46.7026 -37.7727 -12.1981
      vertex -46.7026 -37.7727 -14.1981
    endloop
  endfacet
  facet normal -0.152112 -0.988363 0
    outer loop
      vertex -46.7026 -37.7727 -14.1981
      vertex -46.7026 -37.7727 -12.1981
      vertex -46.7888 -37.7595 -14.1981
    endloop
  endfacet
  facet normal -0.152112 -0.988363 0
    outer loop
      vertex -46.7026 -37.7727 -12.1981
      vertex -46.7888 -37.7595 -12.1981
      vertex -46.7888 -37.7595 -14.1981
    endloop
  endfacet
  facet normal -0.108862 -0.994057 0
    outer loop
      vertex -46.7888 -37.7595 -14.1981
      vertex -46.7888 -37.7595 -12.1981
      vertex -46.8756 -37.75 -14.1981
    endloop
  endfacet
  facet normal -0.108862 -0.994057 0
    outer loop
      vertex -46.7888 -37.7595 -12.1981
      vertex -46.8756 -37.75 -12.1981
      vertex -46.8756 -37.75 -14.1981
    endloop
  endfacet
  facet normal -0.0654054 -0.997859 0
    outer loop
      vertex -46.8756 -37.75 -14.1981
      vertex -46.8756 -37.75 -12.1981
      vertex -46.9626 -37.7443 -14.1981
    endloop
  endfacet
  facet normal -0.0654054 -0.997859 0
    outer loop
      vertex -46.8756 -37.75 -12.1981
      vertex -46.9626 -37.7443 -12.1981
      vertex -46.9626 -37.7443 -14.1981
    endloop
  endfacet
  facet normal -0.0218156 -0.999762 0
    outer loop
      vertex -46.9626 -37.7443 -14.1981
      vertex -46.9626 -37.7443 -12.1981
      vertex -47.0499 -37.7423 -14.1981
    endloop
  endfacet
  facet normal -0.0218156 -0.999762 0
    outer loop
      vertex -46.9626 -37.7443 -12.1981
      vertex -47.0499 -37.7423 -12.1981
      vertex -47.0499 -37.7423 -14.1981
    endloop
  endfacet
  facet normal 0.0218156 -0.999762 0
    outer loop
      vertex -47.0499 -37.7423 -14.1981
      vertex -47.0499 -37.7423 -12.1981
      vertex -47.1371 -37.7443 -14.1981
    endloop
  endfacet
  facet normal 0.0218156 -0.999762 0
    outer loop
      vertex -47.0499 -37.7423 -12.1981
      vertex -47.1371 -37.7443 -12.1981
      vertex -47.1371 -37.7443 -14.1981
    endloop
  endfacet
  facet normal 0.0654054 -0.997859 0
    outer loop
      vertex -47.1371 -37.7443 -14.1981
      vertex -47.1371 -37.7443 -12.1981
      vertex -47.2242 -37.75 -14.1981
    endloop
  endfacet
  facet normal 0.0654054 -0.997859 0
    outer loop
      vertex -47.1371 -37.7443 -12.1981
      vertex -47.2242 -37.75 -12.1981
      vertex -47.2242 -37.75 -14.1981
    endloop
  endfacet
  facet normal 0.108862 -0.994057 0
    outer loop
      vertex -47.2242 -37.75 -14.1981
      vertex -47.2242 -37.75 -12.1981
      vertex -47.3109 -37.7595 -14.1981
    endloop
  endfacet
  facet normal 0.108862 -0.994057 0
    outer loop
      vertex -47.2242 -37.75 -12.1981
      vertex -47.3109 -37.7595 -12.1981
      vertex -47.3109 -37.7595 -14.1981
    endloop
  endfacet
  facet normal 0.152112 -0.988363 0
    outer loop
      vertex -47.3109 -37.7595 -14.1981
      vertex -47.3109 -37.7595 -12.1981
      vertex -47.3972 -37.7727 -14.1981
    endloop
  endfacet
  facet normal 0.152112 -0.988363 0
    outer loop
      vertex -47.3109 -37.7595 -12.1981
      vertex -47.3972 -37.7727 -12.1981
      vertex -47.3972 -37.7727 -14.1981
    endloop
  endfacet
  facet normal 0.195106 -0.980782 0
    outer loop
      vertex -47.3972 -37.7727 -14.1981
      vertex -47.3972 -37.7727 -12.1981
      vertex -47.4828 -37.7898 -14.1981
    endloop
  endfacet
  facet normal 0.195106 -0.980782 0
    outer loop
      vertex -47.3972 -37.7727 -12.1981
      vertex -47.4828 -37.7898 -12.1981
      vertex -47.4828 -37.7898 -14.1981
    endloop
  endfacet
  facet normal 0.237711 -0.971336 0
    outer loop
      vertex -47.4828 -37.7898 -14.1981
      vertex -47.4828 -37.7898 -12.1981
      vertex -47.5675 -37.8105 -14.1981
    endloop
  endfacet
  facet normal 0.237711 -0.971336 0
    outer loop
      vertex -47.4828 -37.7898 -12.1981
      vertex -47.5675 -37.8105 -12.1981
      vertex -47.5675 -37.8105 -14.1981
    endloop
  endfacet
  facet normal 0.279803 -0.960057 0
    outer loop
      vertex -47.5675 -37.8105 -14.1981
      vertex -47.5675 -37.8105 -12.1981
      vertex -47.6513 -37.8349 -14.1981
    endloop
  endfacet
  facet normal 0.279803 -0.960057 0
    outer loop
      vertex -47.5675 -37.8105 -12.1981
      vertex -47.6513 -37.8349 -12.1981
      vertex -47.6513 -37.8349 -14.1981
    endloop
  endfacet
  facet normal 0.321423 -0.946936 0
    outer loop
      vertex -47.6513 -37.8349 -14.1981
      vertex -47.6513 -37.8349 -12.1981
      vertex -47.7339 -37.863 -14.1981
    endloop
  endfacet
  facet normal 0.321423 -0.946936 0
    outer loop
      vertex -47.6513 -37.8349 -12.1981
      vertex -47.7339 -37.863 -12.1981
      vertex -47.7339 -37.863 -14.1981
    endloop
  endfacet
  facet normal 0.362452 -0.932002 0
    outer loop
      vertex -47.7339 -37.863 -14.1981
      vertex -47.7339 -37.863 -12.1981
      vertex -47.8153 -37.8946 -14.1981
    endloop
  endfacet
  facet normal 0.362452 -0.932002 0
    outer loop
      vertex -47.7339 -37.863 -12.1981
      vertex -47.8153 -37.8946 -12.1981
      vertex -47.8153 -37.8946 -14.1981
    endloop
  endfacet
  facet normal 0.402769 -0.915302 0
    outer loop
      vertex -47.8153 -37.8946 -14.1981
      vertex -47.8153 -37.8946 -12.1981
      vertex -47.8951 -37.9297 -14.1981
    endloop
  endfacet
  facet normal 0.402769 -0.915302 0
    outer loop
      vertex -47.8153 -37.8946 -12.1981
      vertex -47.8951 -37.9297 -12.1981
      vertex -47.8951 -37.9297 -14.1981
    endloop
  endfacet
  facet normal 0.442289 -0.896873 0
    outer loop
      vertex -47.8951 -37.9297 -14.1981
      vertex -47.8951 -37.9297 -12.1981
      vertex -47.9734 -37.9683 -14.1981
    endloop
  endfacet
  facet normal 0.442289 -0.896873 0
    outer loop
      vertex -47.8951 -37.9297 -12.1981
      vertex -47.9734 -37.9683 -12.1981
      vertex -47.9734 -37.9683 -14.1981
    endloop
  endfacet
  facet normal 0.480974 -0.876735 0
    outer loop
      vertex -47.9734 -37.9683 -14.1981
      vertex -47.9734 -37.9683 -12.1981
      vertex -48.0499 -38.0103 -14.1981
    endloop
  endfacet
  facet normal 0.480974 -0.876735 0
    outer loop
      vertex -47.9734 -37.9683 -12.1981
      vertex -48.0499 -38.0103 -12.1981
      vertex -48.0499 -38.0103 -14.1981
    endloop
  endfacet
  facet normal 0.518771 -0.854913 0
    outer loop
      vertex -48.0499 -38.0103 -14.1981
      vertex -48.0499 -38.0103 -12.1981
      vertex -48.1245 -38.0556 -14.1981
    endloop
  endfacet
  facet normal 0.518771 -0.854913 0
    outer loop
      vertex -48.0499 -38.0103 -12.1981
      vertex -48.1245 -38.0556 -12.1981
      vertex -48.1245 -38.0556 -14.1981
    endloop
  endfacet
  facet normal 0.555557 -0.831478 0
    outer loop
      vertex -48.1245 -38.0556 -14.1981
      vertex -48.1245 -38.0556 -12.1981
      vertex -48.197 -38.104 -14.1981
    endloop
  endfacet
  facet normal 0.555557 -0.831478 0
    outer loop
      vertex -48.1245 -38.0556 -12.1981
      vertex -48.197 -38.104 -12.1981
      vertex -48.197 -38.104 -14.1981
    endloop
  endfacet
  facet normal 0.591338 -0.806424 0
    outer loop
      vertex -48.197 -38.104 -14.1981
      vertex -48.197 -38.104 -12.1981
      vertex -48.2674 -38.1556 -14.1981
    endloop
  endfacet
  facet normal 0.591338 -0.806424 0
    outer loop
      vertex -48.197 -38.104 -12.1981
      vertex -48.2674 -38.1556 -12.1981
      vertex -48.2674 -38.1556 -14.1981
    endloop
  endfacet
  facet normal 0.625907 -0.779897 0
    outer loop
      vertex -48.2674 -38.1556 -14.1981
      vertex -48.2674 -38.1556 -12.1981
      vertex -48.3355 -38.2103 -14.1981
    endloop
  endfacet
  facet normal 0.625907 -0.779897 0
    outer loop
      vertex -48.2674 -38.1556 -12.1981
      vertex -48.3355 -38.2103 -12.1981
      vertex -48.3355 -38.2103 -14.1981
    endloop
  endfacet
  facet normal 0.659335 -0.751849 0
    outer loop
      vertex -48.3355 -38.2103 -14.1981
      vertex -48.3355 -38.2103 -12.1981
      vertex -48.4011 -38.2678 -14.1981
    endloop
  endfacet
  facet normal 0.659335 -0.751849 0
    outer loop
      vertex -48.3355 -38.2103 -12.1981
      vertex -48.4011 -38.2678 -12.1981
      vertex -48.4011 -38.2678 -14.1981
    endloop
  endfacet
  facet normal 0.691527 -0.722351 0
    outer loop
      vertex -48.4011 -38.2678 -14.1981
      vertex -48.4011 -38.2678 -12.1981
      vertex -48.4641 -38.3281 -14.1981
    endloop
  endfacet
  facet normal 0.691527 -0.722351 0
    outer loop
      vertex -48.4011 -38.2678 -12.1981
      vertex -48.4641 -38.3281 -12.1981
      vertex -48.4641 -38.3281 -14.1981
    endloop
  endfacet
  facet normal 0.722351 -0.691527 0
    outer loop
      vertex -48.4641 -38.3281 -14.1981
      vertex -48.4641 -38.3281 -12.1981
      vertex -48.5244 -38.3912 -14.1981
    endloop
  endfacet
  facet normal 0.722351 -0.691527 0
    outer loop
      vertex -48.4641 -38.3281 -12.1981
      vertex -48.5244 -38.3912 -12.1981
      vertex -48.5244 -38.3912 -14.1981
    endloop
  endfacet
  facet normal 0.751849 -0.659335 0
    outer loop
      vertex -48.5244 -38.3912 -14.1981
      vertex -48.5244 -38.3912 -12.1981
      vertex -48.582 -38.4568 -14.1981
    endloop
  endfacet
  facet normal 0.751849 -0.659335 0
    outer loop
      vertex -48.5244 -38.3912 -12.1981
      vertex -48.582 -38.4568 -12.1981
      vertex -48.582 -38.4568 -14.1981
    endloop
  endfacet
  facet normal 0.779897 -0.625907 0
    outer loop
      vertex -48.582 -38.4568 -14.1981
      vertex -48.582 -38.4568 -12.1981
      vertex -48.6366 -38.5248 -14.1981
    endloop
  endfacet
  facet normal 0.779897 -0.625907 0
    outer loop
      vertex -48.582 -38.4568 -12.1981
      vertex -48.6366 -38.5248 -12.1981
      vertex -48.6366 -38.5248 -14.1981
    endloop
  endfacet
  facet normal 0.806424 -0.591338 0
    outer loop
      vertex -48.6366 -38.5248 -14.1981
      vertex -48.6366 -38.5248 -12.1981
      vertex -48.6882 -38.5952 -14.1981
    endloop
  endfacet
  facet normal 0.806424 -0.591338 0
    outer loop
      vertex -48.6366 -38.5248 -12.1981
      vertex -48.6882 -38.5952 -12.1981
      vertex -48.6882 -38.5952 -14.1981
    endloop
  endfacet
  facet normal 0.831478 -0.555557 0
    outer loop
      vertex -48.6882 -38.5952 -14.1981
      vertex -48.6882 -38.5952 -12.1981
      vertex -48.7367 -38.6677 -14.1981
    endloop
  endfacet
  facet normal 0.831478 -0.555557 0
    outer loop
      vertex -48.6882 -38.5952 -12.1981
      vertex -48.7367 -38.6677 -12.1981
      vertex -48.7367 -38.6677 -14.1981
    endloop
  endfacet
  facet normal 0.854913 -0.518771 0
    outer loop
      vertex -48.7367 -38.6677 -14.1981
      vertex -48.7367 -38.6677 -12.1981
      vertex -48.7819 -38.7423 -14.1981
    endloop
  endfacet
  facet normal 0.854913 -0.518771 0
    outer loop
      vertex -48.7367 -38.6677 -12.1981
      vertex -48.7819 -38.7423 -12.1981
      vertex -48.7819 -38.7423 -14.1981
    endloop
  endfacet
  facet normal 0.876735 -0.480974 0
    outer loop
      vertex -48.7819 -38.7423 -14.1981
      vertex -48.7819 -38.7423 -12.1981
      vertex -48.8239 -38.8189 -14.1981
    endloop
  endfacet
  facet normal 0.876735 -0.480974 0
    outer loop
      vertex -48.7819 -38.7423 -12.1981
      vertex -48.8239 -38.8189 -12.1981
      vertex -48.8239 -38.8189 -14.1981
    endloop
  endfacet
  facet normal 0.896873 -0.442289 0
    outer loop
      vertex -48.8239 -38.8189 -14.1981
      vertex -48.8239 -38.8189 -12.1981
      vertex -48.8625 -38.8971 -14.1981
    endloop
  endfacet
  facet normal 0.896873 -0.442289 0
    outer loop
      vertex -48.8239 -38.8189 -12.1981
      vertex -48.8625 -38.8971 -12.1981
      vertex -48.8625 -38.8971 -14.1981
    endloop
  endfacet
  facet normal 0.915302 -0.402769 0
    outer loop
      vertex -48.8625 -38.8971 -14.1981
      vertex -48.8625 -38.8971 -12.1981
      vertex -48.8976 -38.977 -14.1981
    endloop
  endfacet
  facet normal 0.915302 -0.402769 0
    outer loop
      vertex -48.8625 -38.8971 -12.1981
      vertex -48.8976 -38.977 -12.1981
      vertex -48.8976 -38.977 -14.1981
    endloop
  endfacet
  facet normal 0.932002 -0.362452 0
    outer loop
      vertex -48.8976 -38.977 -14.1981
      vertex -48.8976 -38.977 -12.1981
      vertex -48.9293 -39.0583 -14.1981
    endloop
  endfacet
  facet normal 0.932002 -0.362452 0
    outer loop
      vertex -48.8976 -38.977 -12.1981
      vertex -48.9293 -39.0583 -12.1981
      vertex -48.9293 -39.0583 -14.1981
    endloop
  endfacet
  facet normal 0.946936 -0.321423 0
    outer loop
      vertex -48.9293 -39.0583 -14.1981
      vertex -48.9293 -39.0583 -12.1981
      vertex -48.9573 -39.1409 -14.1981
    endloop
  endfacet
  facet normal 0.946936 -0.321423 0
    outer loop
      vertex -48.9293 -39.0583 -12.1981
      vertex -48.9573 -39.1409 -12.1981
      vertex -48.9573 -39.1409 -14.1981
    endloop
  endfacet
  facet normal 0.960057 -0.279803 0
    outer loop
      vertex -48.9573 -39.1409 -14.1981
      vertex -48.9573 -39.1409 -12.1981
      vertex -48.9817 -39.2247 -14.1981
    endloop
  endfacet
  facet normal 0.960057 -0.279803 0
    outer loop
      vertex -48.9573 -39.1409 -12.1981
      vertex -48.9817 -39.2247 -12.1981
      vertex -48.9817 -39.2247 -14.1981
    endloop
  endfacet
  facet normal 0.971336 -0.237711 0
    outer loop
      vertex -48.9817 -39.2247 -14.1981
      vertex -48.9817 -39.2247 -12.1981
      vertex -49.0025 -39.3095 -14.1981
    endloop
  endfacet
  facet normal 0.971336 -0.237711 0
    outer loop
      vertex -48.9817 -39.2247 -12.1981
      vertex -49.0025 -39.3095 -12.1981
      vertex -49.0025 -39.3095 -14.1981
    endloop
  endfacet
  facet normal 0.980782 -0.195106 0
    outer loop
      vertex -49.0025 -39.3095 -14.1981
      vertex -49.0025 -39.3095 -12.1981
      vertex -49.0195 -39.395 -14.1981
    endloop
  endfacet
  facet normal 0.980782 -0.195106 0
    outer loop
      vertex -49.0025 -39.3095 -12.1981
      vertex -49.0195 -39.395 -12.1981
      vertex -49.0195 -39.395 -14.1981
    endloop
  endfacet
  facet normal 0.988363 -0.152112 0
    outer loop
      vertex -49.0195 -39.395 -14.1981
      vertex -49.0195 -39.395 -12.1981
      vertex -49.0328 -39.4813 -14.1981
    endloop
  endfacet
  facet normal 0.988363 -0.152112 0
    outer loop
      vertex -49.0195 -39.395 -12.1981
      vertex -49.0328 -39.4813 -12.1981
      vertex -49.0328 -39.4813 -14.1981
    endloop
  endfacet
  facet normal 0.994057 -0.108862 0
    outer loop
      vertex -49.0328 -39.4813 -14.1981
      vertex -49.0328 -39.4813 -12.1981
      vertex -49.0423 -39.568 -14.1981
    endloop
  endfacet
  facet normal 0.994057 -0.108862 0
    outer loop
      vertex -49.0328 -39.4813 -12.1981
      vertex -49.0423 -39.568 -12.1981
      vertex -49.0423 -39.568 -14.1981
    endloop
  endfacet
  facet normal 0.997859 -0.0654054 0
    outer loop
      vertex -49.0423 -39.568 -14.1981
      vertex -49.0423 -39.568 -12.1981
      vertex -49.048 -39.6551 -14.1981
    endloop
  endfacet
  facet normal 0.997859 -0.0654054 0
    outer loop
      vertex -49.0423 -39.568 -12.1981
      vertex -49.048 -39.6551 -12.1981
      vertex -49.048 -39.6551 -14.1981
    endloop
  endfacet
  facet normal 0.999762 -0.0218156 0
    outer loop
      vertex -49.048 -39.6551 -14.1981
      vertex -49.048 -39.6551 -12.1981
      vertex -49.0499 -39.7423 -14.1981
    endloop
  endfacet
  facet normal 0.999762 -0.0218156 0
    outer loop
      vertex -49.048 -39.6551 -12.1981
      vertex -49.0499 -39.7423 -12.1981
      vertex -49.0499 -39.7423 -14.1981
    endloop
  endfacet
  facet normal 0.999762 0.0218156 0
    outer loop
      vertex -49.0499 -39.7423 -14.1981
      vertex -49.0499 -39.7423 -12.1981
      vertex -49.048 -39.8296 -14.1981
    endloop
  endfacet
  facet normal 0.999762 0.0218156 0
    outer loop
      vertex -49.0499 -39.7423 -12.1981
      vertex -49.048 -39.8296 -12.1981
      vertex -49.048 -39.8296 -14.1981
    endloop
  endfacet
  facet normal 0.997859 0.0654054 0
    outer loop
      vertex -49.048 -39.8296 -14.1981
      vertex -49.048 -39.8296 -12.1981
      vertex -49.0423 -39.9167 -14.1981
    endloop
  endfacet
  facet normal 0.997859 0.0654054 0
    outer loop
      vertex -49.048 -39.8296 -12.1981
      vertex -49.0423 -39.9167 -12.1981
      vertex -49.0423 -39.9167 -14.1981
    endloop
  endfacet
  facet normal 0.994057 0.108862 0
    outer loop
      vertex -49.0423 -39.9167 -14.1981
      vertex -49.0423 -39.9167 -12.1981
      vertex -49.0328 -40.0034 -14.1981
    endloop
  endfacet
  facet normal 0.994057 0.108862 0
    outer loop
      vertex -49.0423 -39.9167 -12.1981
      vertex -49.0328 -40.0034 -12.1981
      vertex -49.0328 -40.0034 -14.1981
    endloop
  endfacet
  facet normal 0.988363 0.152112 0
    outer loop
      vertex -49.0328 -40.0034 -14.1981
      vertex -49.0328 -40.0034 -12.1981
      vertex -49.0195 -40.0896 -14.1981
    endloop
  endfacet
  facet normal 0.988363 0.152112 0
    outer loop
      vertex -49.0328 -40.0034 -12.1981
      vertex -49.0195 -40.0896 -12.1981
      vertex -49.0195 -40.0896 -14.1981
    endloop
  endfacet
  facet normal 0.980782 0.195106 0
    outer loop
      vertex -49.0195 -40.0896 -14.1981
      vertex -49.0195 -40.0896 -12.1981
      vertex -49.0025 -40.1752 -14.1981
    endloop
  endfacet
  facet normal 0.980782 0.195106 0
    outer loop
      vertex -49.0195 -40.0896 -12.1981
      vertex -49.0025 -40.1752 -12.1981
      vertex -49.0025 -40.1752 -14.1981
    endloop
  endfacet
  facet normal 0.971336 0.237711 0
    outer loop
      vertex -49.0025 -40.1752 -14.1981
      vertex -49.0025 -40.1752 -12.1981
      vertex -48.9817 -40.26 -14.1981
    endloop
  endfacet
  facet normal 0.971336 0.237711 0
    outer loop
      vertex -49.0025 -40.1752 -12.1981
      vertex -48.9817 -40.26 -12.1981
      vertex -48.9817 -40.26 -14.1981
    endloop
  endfacet
  facet normal 0.960057 0.279803 0
    outer loop
      vertex -48.9817 -40.26 -14.1981
      vertex -48.9817 -40.26 -12.1981
      vertex -48.9573 -40.3438 -14.1981
    endloop
  endfacet
  facet normal 0.960057 0.279803 0
    outer loop
      vertex -48.9817 -40.26 -12.1981
      vertex -48.9573 -40.3438 -12.1981
      vertex -48.9573 -40.3438 -14.1981
    endloop
  endfacet
  facet normal 0.946936 0.321423 0
    outer loop
      vertex -48.9573 -40.3438 -14.1981
      vertex -48.9573 -40.3438 -12.1981
      vertex -48.9293 -40.4264 -14.1981
    endloop
  endfacet
  facet normal 0.946936 0.321423 0
    outer loop
      vertex -48.9573 -40.3438 -12.1981
      vertex -48.9293 -40.4264 -12.1981
      vertex -48.9293 -40.4264 -14.1981
    endloop
  endfacet
  facet normal 0.932002 0.362452 0
    outer loop
      vertex -48.9293 -40.4264 -14.1981
      vertex -48.9293 -40.4264 -12.1981
      vertex -48.8976 -40.5077 -14.1981
    endloop
  endfacet
  facet normal 0.932002 0.362452 0
    outer loop
      vertex -48.9293 -40.4264 -12.1981
      vertex -48.8976 -40.5077 -12.1981
      vertex -48.8976 -40.5077 -14.1981
    endloop
  endfacet
  facet normal 0.915302 0.402769 0
    outer loop
      vertex -48.8976 -40.5077 -14.1981
      vertex -48.8976 -40.5077 -12.1981
      vertex -48.8625 -40.5876 -14.1981
    endloop
  endfacet
  facet normal 0.915302 0.402769 0
    outer loop
      vertex -48.8976 -40.5077 -12.1981
      vertex -48.8625 -40.5876 -12.1981
      vertex -48.8625 -40.5876 -14.1981
    endloop
  endfacet
  facet normal 0.896873 0.442289 0
    outer loop
      vertex -48.8625 -40.5876 -14.1981
      vertex -48.8625 -40.5876 -12.1981
      vertex -48.8239 -40.6658 -14.1981
    endloop
  endfacet
  facet normal 0.896873 0.442289 0
    outer loop
      vertex -48.8625 -40.5876 -12.1981
      vertex -48.8239 -40.6658 -12.1981
      vertex -48.8239 -40.6658 -14.1981
    endloop
  endfacet
  facet normal 0.876735 0.480974 0
    outer loop
      vertex -48.8239 -40.6658 -14.1981
      vertex -48.8239 -40.6658 -12.1981
      vertex -48.7819 -40.7423 -14.1981
    endloop
  endfacet
  facet normal 0.876735 0.480974 0
    outer loop
      vertex -48.8239 -40.6658 -12.1981
      vertex -48.7819 -40.7423 -12.1981
      vertex -48.7819 -40.7423 -14.1981
    endloop
  endfacet
  facet normal 0.854913 0.518771 0
    outer loop
      vertex -48.7819 -40.7423 -14.1981
      vertex -48.7819 -40.7423 -12.1981
      vertex -48.7367 -40.8169 -14.1981
    endloop
  endfacet
  facet normal 0.854913 0.518771 0
    outer loop
      vertex -48.7819 -40.7423 -12.1981
      vertex -48.7367 -40.8169 -12.1981
      vertex -48.7367 -40.8169 -14.1981
    endloop
  endfacet
  facet normal 0.831478 0.555557 0
    outer loop
      vertex -48.7367 -40.8169 -14.1981
      vertex -48.7367 -40.8169 -12.1981
      vertex -48.6882 -40.8895 -14.1981
    endloop
  endfacet
  facet normal 0.831478 0.555557 0
    outer loop
      vertex -48.7367 -40.8169 -12.1981
      vertex -48.6882 -40.8895 -12.1981
      vertex -48.6882 -40.8895 -14.1981
    endloop
  endfacet
  facet normal 0.806424 0.591338 0
    outer loop
      vertex -48.6882 -40.8895 -14.1981
      vertex -48.6882 -40.8895 -12.1981
      vertex -48.6366 -40.9599 -14.1981
    endloop
  endfacet
  facet normal 0.806424 0.591338 0
    outer loop
      vertex -48.6882 -40.8895 -12.1981
      vertex -48.6366 -40.9599 -12.1981
      vertex -48.6366 -40.9599 -14.1981
    endloop
  endfacet
  facet normal 0.779897 0.625907 0
    outer loop
      vertex -48.6366 -40.9599 -14.1981
      vertex -48.6366 -40.9599 -12.1981
      vertex -48.582 -41.0279 -14.1981
    endloop
  endfacet
  facet normal 0.779897 0.625907 0
    outer loop
      vertex -48.6366 -40.9599 -12.1981
      vertex -48.582 -41.0279 -12.1981
      vertex -48.582 -41.0279 -14.1981
    endloop
  endfacet
  facet normal 0.751849 0.659335 0
    outer loop
      vertex -48.582 -41.0279 -14.1981
      vertex -48.582 -41.0279 -12.1981
      vertex -48.5244 -41.0935 -14.1981
    endloop
  endfacet
  facet normal 0.751849 0.659335 0
    outer loop
      vertex -48.582 -41.0279 -12.1981
      vertex -48.5244 -41.0935 -12.1981
      vertex -48.5244 -41.0935 -14.1981
    endloop
  endfacet
  facet normal 0.722351 0.691527 0
    outer loop
      vertex -48.5244 -41.0935 -14.1981
      vertex -48.5244 -41.0935 -12.1981
      vertex -48.4641 -41.1566 -14.1981
    endloop
  endfacet
  facet normal 0.722351 0.691527 0
    outer loop
      vertex -48.5244 -41.0935 -12.1981
      vertex -48.4641 -41.1566 -12.1981
      vertex -48.4641 -41.1566 -14.1981
    endloop
  endfacet
  facet normal 0.691527 0.722351 0
    outer loop
      vertex -48.4641 -41.1566 -14.1981
      vertex -48.4641 -41.1566 -12.1981
      vertex -48.4011 -41.2169 -14.1981
    endloop
  endfacet
  facet normal 0.691527 0.722351 0
    outer loop
      vertex -48.4641 -41.1566 -12.1981
      vertex -48.4011 -41.2169 -12.1981
      vertex -48.4011 -41.2169 -14.1981
    endloop
  endfacet
  facet normal 0.659335 0.751849 0
    outer loop
      vertex -48.4011 -41.2169 -14.1981
      vertex -48.4011 -41.2169 -12.1981
      vertex -48.3355 -41.2744 -14.1981
    endloop
  endfacet
  facet normal 0.659335 0.751849 0
    outer loop
      vertex -48.4011 -41.2169 -12.1981
      vertex -48.3355 -41.2744 -12.1981
      vertex -48.3355 -41.2744 -14.1981
    endloop
  endfacet
  facet normal 0.625907 0.779897 0
    outer loop
      vertex -48.3355 -41.2744 -14.1981
      vertex -48.3355 -41.2744 -12.1981
      vertex -48.2674 -41.3291 -14.1981
    endloop
  endfacet
  facet normal 0.625907 0.779897 0
    outer loop
      vertex -48.3355 -41.2744 -12.1981
      vertex -48.2674 -41.3291 -12.1981
      vertex -48.2674 -41.3291 -14.1981
    endloop
  endfacet
  facet normal 0.591338 0.806424 0
    outer loop
      vertex -48.2674 -41.3291 -14.1981
      vertex -48.2674 -41.3291 -12.1981
      vertex -48.197 -41.3807 -14.1981
    endloop
  endfacet
  facet normal 0.591338 0.806424 0
    outer loop
      vertex -48.2674 -41.3291 -12.1981
      vertex -48.197 -41.3807 -12.1981
      vertex -48.197 -41.3807 -14.1981
    endloop
  endfacet
  facet normal 0.555557 0.831478 0
    outer loop
      vertex -48.197 -41.3807 -14.1981
      vertex -48.197 -41.3807 -12.1981
      vertex -48.1245 -41.4291 -14.1981
    endloop
  endfacet
  facet normal 0.555557 0.831478 0
    outer loop
      vertex -48.197 -41.3807 -12.1981
      vertex -48.1245 -41.4291 -12.1981
      vertex -48.1245 -41.4291 -14.1981
    endloop
  endfacet
  facet normal 0.518771 0.854913 0
    outer loop
      vertex -48.1245 -41.4291 -14.1981
      vertex -48.1245 -41.4291 -12.1981
      vertex -48.0499 -41.4744 -14.1981
    endloop
  endfacet
  facet normal 0.518771 0.854913 0
    outer loop
      vertex -48.1245 -41.4291 -12.1981
      vertex -48.0499 -41.4744 -12.1981
      vertex -48.0499 -41.4744 -14.1981
    endloop
  endfacet
  facet normal 0.480974 0.876735 0
    outer loop
      vertex -48.0499 -41.4744 -14.1981
      vertex -48.0499 -41.4744 -12.1981
      vertex -47.9734 -41.5164 -14.1981
    endloop
  endfacet
  facet normal 0.480974 0.876735 0
    outer loop
      vertex -48.0499 -41.4744 -12.1981
      vertex -47.9734 -41.5164 -12.1981
      vertex -47.9734 -41.5164 -14.1981
    endloop
  endfacet
  facet normal 0.442289 0.896873 0
    outer loop
      vertex -47.9734 -41.5164 -14.1981
      vertex -47.9734 -41.5164 -12.1981
      vertex -47.8951 -41.555 -14.1981
    endloop
  endfacet
  facet normal 0.442289 0.896873 0
    outer loop
      vertex -47.9734 -41.5164 -12.1981
      vertex -47.8951 -41.555 -12.1981
      vertex -47.8951 -41.555 -14.1981
    endloop
  endfacet
  facet normal 0.402769 0.915302 0
    outer loop
      vertex -47.8951 -41.555 -14.1981
      vertex -47.8951 -41.555 -12.1981
      vertex -47.8153 -41.5901 -14.1981
    endloop
  endfacet
  facet normal 0.402769 0.915302 0
    outer loop
      vertex -47.8951 -41.555 -12.1981
      vertex -47.8153 -41.5901 -12.1981
      vertex -47.8153 -41.5901 -14.1981
    endloop
  endfacet
  facet normal 0.362452 0.932002 0
    outer loop
      vertex -47.8153 -41.5901 -14.1981
      vertex -47.8153 -41.5901 -12.1981
      vertex -47.7339 -41.6217 -14.1981
    endloop
  endfacet
  facet normal 0.362452 0.932002 0
    outer loop
      vertex -47.8153 -41.5901 -12.1981
      vertex -47.7339 -41.6217 -12.1981
      vertex -47.7339 -41.6217 -14.1981
    endloop
  endfacet
  facet normal 0.321423 0.946936 0
    outer loop
      vertex -47.7339 -41.6217 -14.1981
      vertex -47.7339 -41.6217 -12.1981
      vertex -47.6513 -41.6498 -14.1981
    endloop
  endfacet
  facet normal 0.321423 0.946936 0
    outer loop
      vertex -47.7339 -41.6217 -12.1981
      vertex -47.6513 -41.6498 -12.1981
      vertex -47.6513 -41.6498 -14.1981
    endloop
  endfacet
  facet normal 0.279803 0.960057 0
    outer loop
      vertex -47.6513 -41.6498 -14.1981
      vertex -47.6513 -41.6498 -12.1981
      vertex -47.5675 -41.6742 -14.1981
    endloop
  endfacet
  facet normal 0.279803 0.960057 0
    outer loop
      vertex -47.6513 -41.6498 -12.1981
      vertex -47.5675 -41.6742 -12.1981
      vertex -47.5675 -41.6742 -14.1981
    endloop
  endfacet
  facet normal 0.237711 0.971336 0
    outer loop
      vertex -47.5675 -41.6742 -14.1981
      vertex -47.5675 -41.6742 -12.1981
      vertex -47.4828 -41.6949 -14.1981
    endloop
  endfacet
  facet normal 0.237711 0.971336 0
    outer loop
      vertex -47.5675 -41.6742 -12.1981
      vertex -47.4828 -41.6949 -12.1981
      vertex -47.4828 -41.6949 -14.1981
    endloop
  endfacet
  facet normal 0.195106 0.980782 0
    outer loop
      vertex -47.4828 -41.6949 -14.1981
      vertex -47.4828 -41.6949 -12.1981
      vertex -47.3972 -41.712 -14.1981
    endloop
  endfacet
  facet normal 0.195106 0.980782 0
    outer loop
      vertex -47.4828 -41.6949 -12.1981
      vertex -47.3972 -41.712 -12.1981
      vertex -47.3972 -41.712 -14.1981
    endloop
  endfacet
  facet normal 0.152112 0.988363 0
    outer loop
      vertex -47.3972 -41.712 -14.1981
      vertex -47.3972 -41.712 -12.1981
      vertex -47.3109 -41.7252 -14.1981
    endloop
  endfacet
  facet normal 0.152112 0.988363 0
    outer loop
      vertex -47.3972 -41.712 -12.1981
      vertex -47.3109 -41.7252 -12.1981
      vertex -47.3109 -41.7252 -14.1981
    endloop
  endfacet
  facet normal 0.108862 0.994057 0
    outer loop
      vertex -47.3109 -41.7252 -14.1981
      vertex -47.3109 -41.7252 -12.1981
      vertex -47.2242 -41.7347 -14.1981
    endloop
  endfacet
  facet normal 0.108862 0.994057 0
    outer loop
      vertex -47.3109 -41.7252 -12.1981
      vertex -47.2242 -41.7347 -12.1981
      vertex -47.2242 -41.7347 -14.1981
    endloop
  endfacet
  facet normal 0.0654054 0.997859 0
    outer loop
      vertex -47.2242 -41.7347 -14.1981
      vertex -47.2242 -41.7347 -12.1981
      vertex -47.1371 -41.7404 -14.1981
    endloop
  endfacet
  facet normal 0.0654054 0.997859 0
    outer loop
      vertex -47.2242 -41.7347 -12.1981
      vertex -47.1371 -41.7404 -12.1981
      vertex -47.1371 -41.7404 -14.1981
    endloop
  endfacet
  facet normal 0.0218156 0.999762 0
    outer loop
      vertex -47.1371 -41.7404 -14.1981
      vertex -47.1371 -41.7404 -12.1981
      vertex -47.0499 -41.7423 -14.1981
    endloop
  endfacet
  facet normal 0.0218156 0.999762 0
    outer loop
      vertex -47.1371 -41.7404 -12.1981
      vertex -47.0499 -41.7423 -12.1981
      vertex -47.0499 -41.7423 -14.1981
    endloop
  endfacet
  facet normal -0.0218156 0.999762 0
    outer loop
      vertex -47.0499 -41.7423 -14.1981
      vertex -47.0499 -41.7423 -12.1981
      vertex -46.9626 -41.7404 -14.1981
    endloop
  endfacet
  facet normal -0.0218156 0.999762 0
    outer loop
      vertex -47.0499 -41.7423 -12.1981
      vertex -46.9626 -41.7404 -12.1981
      vertex -46.9626 -41.7404 -14.1981
    endloop
  endfacet
  facet normal -0.0654054 0.997859 0
    outer loop
      vertex -46.9626 -41.7404 -14.1981
      vertex -46.9626 -41.7404 -12.1981
      vertex -46.8756 -41.7347 -14.1981
    endloop
  endfacet
  facet normal -0.0654054 0.997859 0
    outer loop
      vertex -46.9626 -41.7404 -12.1981
      vertex -46.8756 -41.7347 -12.1981
      vertex -46.8756 -41.7347 -14.1981
    endloop
  endfacet
  facet normal -0.108862 0.994057 0
    outer loop
      vertex -46.8756 -41.7347 -14.1981
      vertex -46.8756 -41.7347 -12.1981
      vertex -46.7888 -41.7252 -14.1981
    endloop
  endfacet
  facet normal -0.108862 0.994057 0
    outer loop
      vertex -46.8756 -41.7347 -12.1981
      vertex -46.7888 -41.7252 -12.1981
      vertex -46.7888 -41.7252 -14.1981
    endloop
  endfacet
  facet normal -0.152112 0.988363 0
    outer loop
      vertex -46.7888 -41.7252 -14.1981
      vertex -46.7888 -41.7252 -12.1981
      vertex -46.7026 -41.712 -14.1981
    endloop
  endfacet
  facet normal -0.152112 0.988363 0
    outer loop
      vertex -46.7888 -41.7252 -12.1981
      vertex -46.7026 -41.712 -12.1981
      vertex -46.7026 -41.712 -14.1981
    endloop
  endfacet
  facet normal -0.195106 0.980782 0
    outer loop
      vertex -46.7026 -41.712 -14.1981
      vertex -46.7026 -41.712 -12.1981
      vertex -46.617 -41.6949 -14.1981
    endloop
  endfacet
  facet normal -0.195106 0.980782 0
    outer loop
      vertex -46.7026 -41.712 -12.1981
      vertex -46.617 -41.6949 -12.1981
      vertex -46.617 -41.6949 -14.1981
    endloop
  endfacet
  facet normal -0.237711 0.971336 0
    outer loop
      vertex -46.617 -41.6949 -14.1981
      vertex -46.617 -41.6949 -12.1981
      vertex -46.5322 -41.6742 -14.1981
    endloop
  endfacet
  facet normal -0.237711 0.971336 0
    outer loop
      vertex -46.617 -41.6949 -12.1981
      vertex -46.5322 -41.6742 -12.1981
      vertex -46.5322 -41.6742 -14.1981
    endloop
  endfacet
  facet normal -0.279803 0.960057 0
    outer loop
      vertex -46.5322 -41.6742 -14.1981
      vertex -46.5322 -41.6742 -12.1981
      vertex -46.4485 -41.6498 -14.1981
    endloop
  endfacet
  facet normal -0.279803 0.960057 0
    outer loop
      vertex -46.5322 -41.6742 -12.1981
      vertex -46.4485 -41.6498 -12.1981
      vertex -46.4485 -41.6498 -14.1981
    endloop
  endfacet
  facet normal -0.321423 0.946936 0
    outer loop
      vertex -46.4485 -41.6498 -14.1981
      vertex -46.4485 -41.6498 -12.1981
      vertex -46.3658 -41.6217 -14.1981
    endloop
  endfacet
  facet normal -0.321423 0.946936 0
    outer loop
      vertex -46.4485 -41.6498 -12.1981
      vertex -46.3658 -41.6217 -12.1981
      vertex -46.3658 -41.6217 -14.1981
    endloop
  endfacet
  facet normal -0.362452 0.932002 0
    outer loop
      vertex -46.3658 -41.6217 -14.1981
      vertex -46.3658 -41.6217 -12.1981
      vertex -46.2845 -41.5901 -14.1981
    endloop
  endfacet
  facet normal -0.362452 0.932002 0
    outer loop
      vertex -46.3658 -41.6217 -12.1981
      vertex -46.2845 -41.5901 -12.1981
      vertex -46.2845 -41.5901 -14.1981
    endloop
  endfacet
  facet normal -0.402769 0.915302 0
    outer loop
      vertex -46.2845 -41.5901 -14.1981
      vertex -46.2845 -41.5901 -12.1981
      vertex -46.2046 -41.555 -14.1981
    endloop
  endfacet
  facet normal -0.402769 0.915302 0
    outer loop
      vertex -46.2845 -41.5901 -12.1981
      vertex -46.2046 -41.555 -12.1981
      vertex -46.2046 -41.555 -14.1981
    endloop
  endfacet
  facet normal -0.442289 0.896873 0
    outer loop
      vertex -46.2046 -41.555 -14.1981
      vertex -46.2046 -41.555 -12.1981
      vertex -46.1264 -41.5164 -14.1981
    endloop
  endfacet
  facet normal -0.442289 0.896873 0
    outer loop
      vertex -46.2046 -41.555 -12.1981
      vertex -46.1264 -41.5164 -12.1981
      vertex -46.1264 -41.5164 -14.1981
    endloop
  endfacet
  facet normal -0.480974 0.876735 0
    outer loop
      vertex -46.1264 -41.5164 -14.1981
      vertex -46.1264 -41.5164 -12.1981
      vertex -46.0499 -41.4744 -14.1981
    endloop
  endfacet
  facet normal -0.480974 0.876735 0
    outer loop
      vertex -46.1264 -41.5164 -12.1981
      vertex -46.0499 -41.4744 -12.1981
      vertex -46.0499 -41.4744 -14.1981
    endloop
  endfacet
  facet normal -0.518771 0.854913 0
    outer loop
      vertex -46.0499 -41.4744 -14.1981
      vertex -46.0499 -41.4744 -12.1981
      vertex -45.9753 -41.4291 -14.1981
    endloop
  endfacet
  facet normal -0.518771 0.854913 0
    outer loop
      vertex -46.0499 -41.4744 -12.1981
      vertex -45.9753 -41.4291 -12.1981
      vertex -45.9753 -41.4291 -14.1981
    endloop
  endfacet
  facet normal -0.555557 0.831478 0
    outer loop
      vertex -45.9753 -41.4291 -14.1981
      vertex -45.9753 -41.4291 -12.1981
      vertex -45.9027 -41.3807 -14.1981
    endloop
  endfacet
  facet normal -0.555557 0.831478 0
    outer loop
      vertex -45.9753 -41.4291 -12.1981
      vertex -45.9027 -41.3807 -12.1981
      vertex -45.9027 -41.3807 -14.1981
    endloop
  endfacet
  facet normal -0.591338 0.806424 0
    outer loop
      vertex -45.9027 -41.3807 -14.1981
      vertex -45.9027 -41.3807 -12.1981
      vertex -45.8324 -41.3291 -14.1981
    endloop
  endfacet
  facet normal -0.591338 0.806424 0
    outer loop
      vertex -45.9027 -41.3807 -12.1981
      vertex -45.8324 -41.3291 -12.1981
      vertex -45.8324 -41.3291 -14.1981
    endloop
  endfacet
  facet normal -0.625907 0.779897 0
    outer loop
      vertex -45.8324 -41.3291 -14.1981
      vertex -45.8324 -41.3291 -12.1981
      vertex -45.7643 -41.2744 -14.1981
    endloop
  endfacet
  facet normal -0.625907 0.779897 0
    outer loop
      vertex -45.8324 -41.3291 -12.1981
      vertex -45.7643 -41.2744 -12.1981
      vertex -45.7643 -41.2744 -14.1981
    endloop
  endfacet
  facet normal -0.659335 0.751849 0
    outer loop
      vertex -45.7643 -41.2744 -14.1981
      vertex -45.7643 -41.2744 -12.1981
      vertex -45.6987 -41.2169 -14.1981
    endloop
  endfacet
  facet normal -0.659335 0.751849 0
    outer loop
      vertex -45.7643 -41.2744 -12.1981
      vertex -45.6987 -41.2169 -12.1981
      vertex -45.6987 -41.2169 -14.1981
    endloop
  endfacet
  facet normal -0.691527 0.722351 0
    outer loop
      vertex -45.6987 -41.2169 -14.1981
      vertex -45.6987 -41.2169 -12.1981
      vertex -45.6357 -41.1566 -14.1981
    endloop
  endfacet
  facet normal -0.691527 0.722351 0
    outer loop
      vertex -45.6987 -41.2169 -12.1981
      vertex -45.6357 -41.1566 -12.1981
      vertex -45.6357 -41.1566 -14.1981
    endloop
  endfacet
  facet normal -0.722351 0.691527 0
    outer loop
      vertex -45.6357 -41.1566 -14.1981
      vertex -45.6357 -41.1566 -12.1981
      vertex -45.5753 -41.0935 -14.1981
    endloop
  endfacet
  facet normal -0.722351 0.691527 0
    outer loop
      vertex -45.6357 -41.1566 -12.1981
      vertex -45.5753 -41.0935 -12.1981
      vertex -45.5753 -41.0935 -14.1981
    endloop
  endfacet
  facet normal -0.751849 0.659335 0
    outer loop
      vertex -45.5753 -41.0935 -14.1981
      vertex -45.5753 -41.0935 -12.1981
      vertex -45.5178 -41.0279 -14.1981
    endloop
  endfacet
  facet normal -0.751849 0.659335 0
    outer loop
      vertex -45.5753 -41.0935 -12.1981
      vertex -45.5178 -41.0279 -12.1981
      vertex -45.5178 -41.0279 -14.1981
    endloop
  endfacet
  facet normal -0.779897 0.625907 0
    outer loop
      vertex -45.5178 -41.0279 -14.1981
      vertex -45.5178 -41.0279 -12.1981
      vertex -45.4632 -40.9599 -14.1981
    endloop
  endfacet
  facet normal -0.779897 0.625907 0
    outer loop
      vertex -45.5178 -41.0279 -12.1981
      vertex -45.4632 -40.9599 -12.1981
      vertex -45.4632 -40.9599 -14.1981
    endloop
  endfacet
  facet normal -0.806424 0.591338 0
    outer loop
      vertex -45.4632 -40.9599 -14.1981
      vertex -45.4632 -40.9599 -12.1981
      vertex -45.4116 -40.8895 -14.1981
    endloop
  endfacet
  facet normal -0.806424 0.591338 0
    outer loop
      vertex -45.4632 -40.9599 -12.1981
      vertex -45.4116 -40.8895 -12.1981
      vertex -45.4116 -40.8895 -14.1981
    endloop
  endfacet
  facet normal -0.831478 0.555557 0
    outer loop
      vertex -45.4116 -40.8895 -14.1981
      vertex -45.4116 -40.8895 -12.1981
      vertex -45.3631 -40.8169 -14.1981
    endloop
  endfacet
  facet normal -0.831478 0.555557 0
    outer loop
      vertex -45.4116 -40.8895 -12.1981
      vertex -45.3631 -40.8169 -12.1981
      vertex -45.3631 -40.8169 -14.1981
    endloop
  endfacet
  facet normal -0.854913 0.518771 0
    outer loop
      vertex -45.3631 -40.8169 -14.1981
      vertex -45.3631 -40.8169 -12.1981
      vertex -45.3178 -40.7423 -14.1981
    endloop
  endfacet
  facet normal -0.854913 0.518771 0
    outer loop
      vertex -45.3631 -40.8169 -12.1981
      vertex -45.3178 -40.7423 -12.1981
      vertex -45.3178 -40.7423 -14.1981
    endloop
  endfacet
  facet normal -0.876735 0.480974 0
    outer loop
      vertex -45.3178 -40.7423 -14.1981
      vertex -45.3178 -40.7423 -12.1981
      vertex -45.2759 -40.6658 -14.1981
    endloop
  endfacet
  facet normal -0.876735 0.480974 0
    outer loop
      vertex -45.3178 -40.7423 -12.1981
      vertex -45.2759 -40.6658 -12.1981
      vertex -45.2759 -40.6658 -14.1981
    endloop
  endfacet
  facet normal -0.896873 0.442289 0
    outer loop
      vertex -45.2759 -40.6658 -14.1981
      vertex -45.2759 -40.6658 -12.1981
      vertex -45.2373 -40.5876 -14.1981
    endloop
  endfacet
  facet normal -0.896873 0.442289 0
    outer loop
      vertex -45.2759 -40.6658 -12.1981
      vertex -45.2373 -40.5876 -12.1981
      vertex -45.2373 -40.5876 -14.1981
    endloop
  endfacet
  facet normal -0.915302 0.402769 0
    outer loop
      vertex -45.2373 -40.5876 -14.1981
      vertex -45.2373 -40.5876 -12.1981
      vertex -45.2021 -40.5077 -14.1981
    endloop
  endfacet
  facet normal -0.915302 0.402769 0
    outer loop
      vertex -45.2373 -40.5876 -12.1981
      vertex -45.2021 -40.5077 -12.1981
      vertex -45.2021 -40.5077 -14.1981
    endloop
  endfacet
  facet normal -0.932002 0.362452 0
    outer loop
      vertex -45.2021 -40.5077 -14.1981
      vertex -45.2021 -40.5077 -12.1981
      vertex -45.1705 -40.4264 -14.1981
    endloop
  endfacet
  facet normal -0.932002 0.362452 0
    outer loop
      vertex -45.2021 -40.5077 -12.1981
      vertex -45.1705 -40.4264 -12.1981
      vertex -45.1705 -40.4264 -14.1981
    endloop
  endfacet
  facet normal -0.946936 0.321423 0
    outer loop
      vertex -45.1705 -40.4264 -14.1981
      vertex -45.1705 -40.4264 -12.1981
      vertex -45.1424 -40.3438 -14.1981
    endloop
  endfacet
  facet normal -0.946936 0.321423 0
    outer loop
      vertex -45.1705 -40.4264 -12.1981
      vertex -45.1424 -40.3438 -12.1981
      vertex -45.1424 -40.3438 -14.1981
    endloop
  endfacet
  facet normal -0.960057 0.279803 0
    outer loop
      vertex -45.1424 -40.3438 -14.1981
      vertex -45.1424 -40.3438 -12.1981
      vertex -45.118 -40.26 -14.1981
    endloop
  endfacet
  facet normal -0.960057 0.279803 0
    outer loop
      vertex -45.1424 -40.3438 -12.1981
      vertex -45.118 -40.26 -12.1981
      vertex -45.118 -40.26 -14.1981
    endloop
  endfacet
  facet normal -0.971336 0.237711 0
    outer loop
      vertex -45.118 -40.26 -14.1981
      vertex -45.118 -40.26 -12.1981
      vertex -45.0973 -40.1752 -14.1981
    endloop
  endfacet
  facet normal -0.971336 0.237711 0
    outer loop
      vertex -45.118 -40.26 -12.1981
      vertex -45.0973 -40.1752 -12.1981
      vertex -45.0973 -40.1752 -14.1981
    endloop
  endfacet
  facet normal -0.980782 0.195106 0
    outer loop
      vertex -45.0973 -40.1752 -14.1981
      vertex -45.0973 -40.1752 -12.1981
      vertex -45.0803 -40.0896 -14.1981
    endloop
  endfacet
  facet normal -0.980782 0.195106 0
    outer loop
      vertex -45.0973 -40.1752 -12.1981
      vertex -45.0803 -40.0896 -12.1981
      vertex -45.0803 -40.0896 -14.1981
    endloop
  endfacet
  facet normal -0.988363 0.152112 0
    outer loop
      vertex -45.0803 -40.0896 -14.1981
      vertex -45.0803 -40.0896 -12.1981
      vertex -45.067 -40.0034 -14.1981
    endloop
  endfacet
  facet normal -0.988363 0.152112 0
    outer loop
      vertex -45.0803 -40.0896 -12.1981
      vertex -45.067 -40.0034 -12.1981
      vertex -45.067 -40.0034 -14.1981
    endloop
  endfacet
  facet normal -0.994057 0.108862 0
    outer loop
      vertex -45.067 -40.0034 -14.1981
      vertex -45.067 -40.0034 -12.1981
      vertex -45.0575 -39.9167 -14.1981
    endloop
  endfacet
  facet normal -0.994057 0.108862 0
    outer loop
      vertex -45.067 -40.0034 -12.1981
      vertex -45.0575 -39.9167 -12.1981
      vertex -45.0575 -39.9167 -14.1981
    endloop
  endfacet
  facet normal -0.997859 0.0654054 0
    outer loop
      vertex -45.0575 -39.9167 -14.1981
      vertex -45.0575 -39.9167 -12.1981
      vertex -45.0518 -39.8296 -14.1981
    endloop
  endfacet
  facet normal -0.997859 0.0654054 0
    outer loop
      vertex -45.0575 -39.9167 -12.1981
      vertex -45.0518 -39.8296 -12.1981
      vertex -45.0518 -39.8296 -14.1981
    endloop
  endfacet
  facet normal -0.999762 0.0218156 0
    outer loop
      vertex -45.0518 -39.8296 -14.1981
      vertex -45.0518 -39.8296 -12.1981
      vertex -45.0499 -39.7423 -14.1981
    endloop
  endfacet
  facet normal -0.999762 0.0218156 0
    outer loop
      vertex -45.0518 -39.8296 -12.1981
      vertex -45.0499 -39.7423 -12.1981
      vertex -45.0499 -39.7423 -14.1981
    endloop
  endfacet
  facet normal -0.999762 -0.0218156 0
    outer loop
      vertex -45.0499 5.05915 -14.1981
      vertex -45.0499 5.05915 -12.1981
      vertex -45.0518 5.14638 -14.1981
    endloop
  endfacet
  facet normal -0.999762 -0.0218156 0
    outer loop
      vertex -45.0499 5.05915 -12.1981
      vertex -45.0518 5.14638 -12.1981
      vertex -45.0518 5.14638 -14.1981
    endloop
  endfacet
  facet normal -0.997859 -0.0654043 0
    outer loop
      vertex -45.0518 5.14638 -14.1981
      vertex -45.0518 5.14638 -12.1981
      vertex -45.0575 5.23346 -14.1981
    endloop
  endfacet
  facet normal -0.997859 -0.0654043 0
    outer loop
      vertex -45.0518 5.14638 -12.1981
      vertex -45.0575 5.23346 -12.1981
      vertex -45.0575 5.23346 -14.1981
    endloop
  endfacet
  facet normal -0.994057 -0.108865 0
    outer loop
      vertex -45.0575 5.23346 -14.1981
      vertex -45.0575 5.23346 -12.1981
      vertex -45.067 5.3202 -14.1981
    endloop
  endfacet
  facet normal -0.994057 -0.108865 0
    outer loop
      vertex -45.0575 5.23346 -12.1981
      vertex -45.067 5.3202 -12.1981
      vertex -45.067 5.3202 -14.1981
    endloop
  endfacet
  facet normal -0.988363 -0.152113 0
    outer loop
      vertex -45.067 5.3202 -14.1981
      vertex -45.067 5.3202 -12.1981
      vertex -45.0803 5.40644 -14.1981
    endloop
  endfacet
  facet normal -0.988363 -0.152113 0
    outer loop
      vertex -45.067 5.3202 -12.1981
      vertex -45.0803 5.40644 -12.1981
      vertex -45.0803 5.40644 -14.1981
    endloop
  endfacet
  facet normal -0.980783 -0.195102 0
    outer loop
      vertex -45.0803 5.40644 -14.1981
      vertex -45.0803 5.40644 -12.1981
      vertex -45.0973 5.49202 -14.1981
    endloop
  endfacet
  facet normal -0.980783 -0.195102 0
    outer loop
      vertex -45.0803 5.40644 -12.1981
      vertex -45.0973 5.49202 -12.1981
      vertex -45.0973 5.49202 -14.1981
    endloop
  endfacet
  facet normal -0.971337 -0.237708 0
    outer loop
      vertex -45.0973 5.49202 -14.1981
      vertex -45.0973 5.49202 -12.1981
      vertex -45.118 5.57678 -14.1981
    endloop
  endfacet
  facet normal -0.971337 -0.237708 0
    outer loop
      vertex -45.0973 5.49202 -12.1981
      vertex -45.118 5.57678 -12.1981
      vertex -45.118 5.57678 -14.1981
    endloop
  endfacet
  facet normal -0.960057 -0.279805 0
    outer loop
      vertex -45.118 5.57678 -14.1981
      vertex -45.118 5.57678 -12.1981
      vertex -45.1424 5.66056 -14.1981
    endloop
  endfacet
  facet normal -0.960057 -0.279805 0
    outer loop
      vertex -45.118 5.57678 -12.1981
      vertex -45.1424 5.66056 -12.1981
      vertex -45.1424 5.66056 -14.1981
    endloop
  endfacet
  facet normal -0.946933 -0.321431 0
    outer loop
      vertex -45.1424 5.66056 -14.1981
      vertex -45.1424 5.66056 -12.1981
      vertex -45.1705 5.74319 -14.1981
    endloop
  endfacet
  facet normal -0.946933 -0.321431 0
    outer loop
      vertex -45.1424 5.66056 -12.1981
      vertex -45.1705 5.74319 -12.1981
      vertex -45.1705 5.74319 -14.1981
    endloop
  endfacet
  facet normal -0.932002 -0.362452 0
    outer loop
      vertex -45.1705 5.74319 -14.1981
      vertex -45.1705 5.74319 -12.1981
      vertex -45.2021 5.82451 -14.1981
    endloop
  endfacet
  facet normal -0.932002 -0.362452 0
    outer loop
      vertex -45.1705 5.74319 -12.1981
      vertex -45.2021 5.82451 -12.1981
      vertex -45.2021 5.82451 -14.1981
    endloop
  endfacet
  facet normal -0.915308 -0.402755 0
    outer loop
      vertex -45.2021 5.82451 -14.1981
      vertex -45.2021 5.82451 -12.1981
      vertex -45.2373 5.90438 -14.1981
    endloop
  endfacet
  facet normal -0.915308 -0.402755 0
    outer loop
      vertex -45.2021 5.82451 -12.1981
      vertex -45.2373 5.90438 -12.1981
      vertex -45.2373 5.90438 -14.1981
    endloop
  endfacet
  facet normal -0.896872 -0.442291 0
    outer loop
      vertex -45.2373 5.90438 -14.1981
      vertex -45.2373 5.90438 -12.1981
      vertex -45.2759 5.98264 -14.1981
    endloop
  endfacet
  facet normal -0.896872 -0.442291 0
    outer loop
      vertex -45.2373 5.90438 -12.1981
      vertex -45.2759 5.98264 -12.1981
      vertex -45.2759 5.98264 -14.1981
    endloop
  endfacet
  facet normal -0.876736 -0.480972 0
    outer loop
      vertex -45.2759 5.98264 -14.1981
      vertex -45.2759 5.98264 -12.1981
      vertex -45.3178 6.05915 -14.1981
    endloop
  endfacet
  facet normal -0.876736 -0.480972 0
    outer loop
      vertex -45.2759 5.98264 -12.1981
      vertex -45.3178 6.05915 -12.1981
      vertex -45.3178 6.05915 -14.1981
    endloop
  endfacet
  facet normal -0.854902 -0.51879 0
    outer loop
      vertex -45.3178 6.05915 -14.1981
      vertex -45.3178 6.05915 -12.1981
      vertex -45.3631 6.13374 -14.1981
    endloop
  endfacet
  facet normal -0.854902 -0.51879 0
    outer loop
      vertex -45.3178 6.05915 -12.1981
      vertex -45.3631 6.13374 -12.1981
      vertex -45.3631 6.13374 -14.1981
    endloop
  endfacet
  facet normal -0.831478 -0.555557 0
    outer loop
      vertex -45.3631 6.13374 -14.1981
      vertex -45.3631 6.13374 -12.1981
      vertex -45.4116 6.2063 -14.1981
    endloop
  endfacet
  facet normal -0.831478 -0.555557 0
    outer loop
      vertex -45.3631 6.13374 -12.1981
      vertex -45.4116 6.2063 -12.1981
      vertex -45.4116 6.2063 -14.1981
    endloop
  endfacet
  facet normal -0.806435 -0.591322 0
    outer loop
      vertex -45.4116 6.2063 -14.1981
      vertex -45.4116 6.2063 -12.1981
      vertex -45.4632 6.27667 -14.1981
    endloop
  endfacet
  facet normal -0.806435 -0.591322 0
    outer loop
      vertex -45.4116 6.2063 -12.1981
      vertex -45.4632 6.27667 -12.1981
      vertex -45.4632 6.27667 -14.1981
    endloop
  endfacet
  facet normal -0.779893 -0.625913 0
    outer loop
      vertex -45.4632 6.27667 -14.1981
      vertex -45.4632 6.27667 -12.1981
      vertex -45.5178 6.34472 -14.1981
    endloop
  endfacet
  facet normal -0.779893 -0.625913 0
    outer loop
      vertex -45.4632 6.27667 -12.1981
      vertex -45.5178 6.34472 -12.1981
      vertex -45.5178 6.34472 -14.1981
    endloop
  endfacet
  facet normal -0.751844 -0.659341 0
    outer loop
      vertex -45.5178 6.34472 -14.1981
      vertex -45.5178 6.34472 -12.1981
      vertex -45.5753 6.41033 -14.1981
    endloop
  endfacet
  facet normal -0.751844 -0.659341 0
    outer loop
      vertex -45.5178 6.34472 -12.1981
      vertex -45.5753 6.41033 -12.1981
      vertex -45.5753 6.41033 -14.1981
    endloop
  endfacet
  facet normal -0.722356 -0.691522 0
    outer loop
      vertex -45.5753 6.41033 -14.1981
      vertex -45.5753 6.41033 -12.1981
      vertex -45.6357 6.47336 -14.1981
    endloop
  endfacet
  facet normal -0.722356 -0.691522 0
    outer loop
      vertex -45.5753 6.41033 -12.1981
      vertex -45.6357 6.47336 -12.1981
      vertex -45.6357 6.47336 -14.1981
    endloop
  endfacet
  facet normal -0.691521 -0.722356 0
    outer loop
      vertex -45.6357 6.47336 -14.1981
      vertex -45.6357 6.47336 -12.1981
      vertex -45.6987 6.5337 -14.1981
    endloop
  endfacet
  facet normal -0.691521 -0.722356 0
    outer loop
      vertex -45.6357 6.47336 -12.1981
      vertex -45.6987 6.5337 -12.1981
      vertex -45.6987 6.5337 -14.1981
    endloop
  endfacet
  facet normal -0.659341 -0.751844 0
    outer loop
      vertex -45.6987 6.5337 -14.1981
      vertex -45.6987 6.5337 -12.1981
      vertex -45.7643 6.59123 -14.1981
    endloop
  endfacet
  facet normal -0.659341 -0.751844 0
    outer loop
      vertex -45.6987 6.5337 -12.1981
      vertex -45.7643 6.59123 -12.1981
      vertex -45.7643 6.59123 -14.1981
    endloop
  endfacet
  facet normal -0.625917 -0.77989 0
    outer loop
      vertex -45.7643 6.59123 -14.1981
      vertex -45.7643 6.59123 -12.1981
      vertex -45.8324 6.64585 -14.1981
    endloop
  endfacet
  facet normal -0.625917 -0.77989 0
    outer loop
      vertex -45.7643 6.59123 -12.1981
      vertex -45.8324 6.64585 -12.1981
      vertex -45.8324 6.64585 -14.1981
    endloop
  endfacet
  facet normal -0.591324 -0.806434 0
    outer loop
      vertex -45.8324 6.64585 -14.1981
      vertex -45.8324 6.64585 -12.1981
      vertex -45.9027 6.69745 -14.1981
    endloop
  endfacet
  facet normal -0.591324 -0.806434 0
    outer loop
      vertex -45.8324 6.64585 -12.1981
      vertex -45.9027 6.69745 -12.1981
      vertex -45.9027 6.69745 -14.1981
    endloop
  endfacet
  facet normal -0.555572 -0.831469 0
    outer loop
      vertex -45.9027 6.69745 -14.1981
      vertex -45.9027 6.69745 -12.1981
      vertex -45.9753 6.74593 -14.1981
    endloop
  endfacet
  facet normal -0.555572 -0.831469 0
    outer loop
      vertex -45.9027 6.69745 -12.1981
      vertex -45.9753 6.74593 -12.1981
      vertex -45.9753 6.74593 -14.1981
    endloop
  endfacet
  facet normal -0.518755 -0.854923 0
    outer loop
      vertex -45.9753 6.74593 -14.1981
      vertex -45.9753 6.74593 -12.1981
      vertex -46.0499 6.7912 -14.1981
    endloop
  endfacet
  facet normal -0.518755 -0.854923 0
    outer loop
      vertex -45.9753 6.74593 -12.1981
      vertex -46.0499 6.7912 -12.1981
      vertex -46.0499 6.7912 -14.1981
    endloop
  endfacet
  facet normal -0.480991 -0.876726 0
    outer loop
      vertex -46.0499 6.7912 -14.1981
      vertex -46.0499 6.7912 -12.1981
      vertex -46.1264 6.83317 -14.1981
    endloop
  endfacet
  facet normal -0.480991 -0.876726 0
    outer loop
      vertex -46.0499 6.7912 -12.1981
      vertex -46.1264 6.83317 -12.1981
      vertex -46.1264 6.83317 -14.1981
    endloop
  endfacet
  facet normal -0.442284 -0.896875 0
    outer loop
      vertex -46.1264 6.83317 -14.1981
      vertex -46.1264 6.83317 -12.1981
      vertex -46.2046 6.87176 -14.1981
    endloop
  endfacet
  facet normal -0.442284 -0.896875 0
    outer loop
      vertex -46.1264 6.83317 -12.1981
      vertex -46.2046 6.87176 -12.1981
      vertex -46.2046 6.87176 -14.1981
    endloop
  endfacet
  facet normal -0.40276 -0.915306 0
    outer loop
      vertex -46.2046 6.87176 -14.1981
      vertex -46.2046 6.87176 -12.1981
      vertex -46.2845 6.9069 -14.1981
    endloop
  endfacet
  facet normal -0.40276 -0.915306 0
    outer loop
      vertex -46.2046 6.87176 -12.1981
      vertex -46.2845 6.9069 -12.1981
      vertex -46.2845 6.9069 -14.1981
    endloop
  endfacet
  facet normal -0.362439 -0.932008 0
    outer loop
      vertex -46.2845 6.9069 -14.1981
      vertex -46.2845 6.9069 -12.1981
      vertex -46.3658 6.93853 -14.1981
    endloop
  endfacet
  facet normal -0.362439 -0.932008 0
    outer loop
      vertex -46.2845 6.9069 -12.1981
      vertex -46.3658 6.93853 -12.1981
      vertex -46.3658 6.93853 -14.1981
    endloop
  endfacet
  facet normal -0.321432 -0.946933 0
    outer loop
      vertex -46.3658 6.93853 -14.1981
      vertex -46.3658 6.93853 -12.1981
      vertex -46.4485 6.96658 -14.1981
    endloop
  endfacet
  facet normal -0.321432 -0.946933 0
    outer loop
      vertex -46.3658 6.93853 -12.1981
      vertex -46.4485 6.96658 -12.1981
      vertex -46.4485 6.96658 -14.1981
    endloop
  endfacet
  facet normal -0.279828 -0.96005 0
    outer loop
      vertex -46.4485 6.96658 -14.1981
      vertex -46.4485 6.96658 -12.1981
      vertex -46.5322 6.991 -14.1981
    endloop
  endfacet
  facet normal -0.279828 -0.96005 0
    outer loop
      vertex -46.4485 6.96658 -12.1981
      vertex -46.5322 6.991 -12.1981
      vertex -46.5322 6.991 -14.1981
    endloop
  endfacet
  facet normal -0.237686 -0.971342 0
    outer loop
      vertex -46.5322 6.991 -14.1981
      vertex -46.5322 6.991 -12.1981
      vertex -46.617 7.01174 -14.1981
    endloop
  endfacet
  facet normal -0.237686 -0.971342 0
    outer loop
      vertex -46.5322 6.991 -12.1981
      vertex -46.617 7.01174 -12.1981
      vertex -46.617 7.01174 -14.1981
    endloop
  endfacet
  facet normal -0.195096 -0.980784 0
    outer loop
      vertex -46.617 7.01174 -14.1981
      vertex -46.617 7.01174 -12.1981
      vertex -46.7026 7.02876 -14.1981
    endloop
  endfacet
  facet normal -0.195096 -0.980784 0
    outer loop
      vertex -46.617 7.01174 -12.1981
      vertex -46.7026 7.02876 -12.1981
      vertex -46.7026 7.02876 -14.1981
    endloop
  endfacet
  facet normal -0.152122 -0.988362 0
    outer loop
      vertex -46.7026 7.02876 -14.1981
      vertex -46.7026 7.02876 -12.1981
      vertex -46.7888 7.04203 -14.1981
    endloop
  endfacet
  facet normal -0.152122 -0.988362 0
    outer loop
      vertex -46.7026 7.02876 -12.1981
      vertex -46.7888 7.04203 -12.1981
      vertex -46.7888 7.04203 -14.1981
    endloop
  endfacet
  facet normal -0.108867 -0.994056 0
    outer loop
      vertex -46.7888 7.04203 -14.1981
      vertex -46.7888 7.04203 -12.1981
      vertex -46.8756 7.05153 -14.1981
    endloop
  endfacet
  facet normal -0.108867 -0.994056 0
    outer loop
      vertex -46.7888 7.04203 -12.1981
      vertex -46.8756 7.05153 -12.1981
      vertex -46.8756 7.05153 -14.1981
    endloop
  endfacet
  facet normal -0.0654001 -0.997859 0
    outer loop
      vertex -46.8756 7.05153 -14.1981
      vertex -46.8756 7.05153 -12.1981
      vertex -46.9626 7.05724 -14.1981
    endloop
  endfacet
  facet normal -0.0654001 -0.997859 0
    outer loop
      vertex -46.8756 7.05153 -12.1981
      vertex -46.9626 7.05724 -12.1981
      vertex -46.9626 7.05724 -14.1981
    endloop
  endfacet
  facet normal -0.0218156 -0.999762 0
    outer loop
      vertex -46.9626 7.05724 -14.1981
      vertex -46.9626 7.05724 -12.1981
      vertex -47.0499 7.05915 -14.1981
    endloop
  endfacet
  facet normal -0.0218156 -0.999762 0
    outer loop
      vertex -46.9626 7.05724 -12.1981
      vertex -47.0499 7.05915 -12.1981
      vertex -47.0499 7.05915 -14.1981
    endloop
  endfacet
  facet normal 0.0218156 -0.999762 0
    outer loop
      vertex -47.0499 7.05915 -14.1981
      vertex -47.0499 7.05915 -12.1981
      vertex -47.1371 7.05724 -14.1981
    endloop
  endfacet
  facet normal 0.0218156 -0.999762 0
    outer loop
      vertex -47.0499 7.05915 -12.1981
      vertex -47.1371 7.05724 -12.1981
      vertex -47.1371 7.05724 -14.1981
    endloop
  endfacet
  facet normal 0.0654001 -0.997859 0
    outer loop
      vertex -47.1371 7.05724 -14.1981
      vertex -47.1371 7.05724 -12.1981
      vertex -47.2242 7.05153 -14.1981
    endloop
  endfacet
  facet normal 0.0654001 -0.997859 0
    outer loop
      vertex -47.1371 7.05724 -12.1981
      vertex -47.2242 7.05153 -12.1981
      vertex -47.2242 7.05153 -14.1981
    endloop
  endfacet
  facet normal 0.108867 -0.994056 0
    outer loop
      vertex -47.2242 7.05153 -14.1981
      vertex -47.2242 7.05153 -12.1981
      vertex -47.3109 7.04203 -14.1981
    endloop
  endfacet
  facet normal 0.108867 -0.994056 0
    outer loop
      vertex -47.2242 7.05153 -12.1981
      vertex -47.3109 7.04203 -12.1981
      vertex -47.3109 7.04203 -14.1981
    endloop
  endfacet
  facet normal 0.152122 -0.988362 0
    outer loop
      vertex -47.3109 7.04203 -14.1981
      vertex -47.3109 7.04203 -12.1981
      vertex -47.3972 7.02876 -14.1981
    endloop
  endfacet
  facet normal 0.152122 -0.988362 0
    outer loop
      vertex -47.3109 7.04203 -12.1981
      vertex -47.3972 7.02876 -12.1981
      vertex -47.3972 7.02876 -14.1981
    endloop
  endfacet
  facet normal 0.195096 -0.980784 0
    outer loop
      vertex -47.3972 7.02876 -14.1981
      vertex -47.3972 7.02876 -12.1981
      vertex -47.4828 7.01174 -14.1981
    endloop
  endfacet
  facet normal 0.195096 -0.980784 0
    outer loop
      vertex -47.3972 7.02876 -12.1981
      vertex -47.4828 7.01174 -12.1981
      vertex -47.4828 7.01174 -14.1981
    endloop
  endfacet
  facet normal 0.237686 -0.971342 0
    outer loop
      vertex -47.4828 7.01174 -14.1981
      vertex -47.4828 7.01174 -12.1981
      vertex -47.5675 6.991 -14.1981
    endloop
  endfacet
  facet normal 0.237686 -0.971342 0
    outer loop
      vertex -47.4828 7.01174 -12.1981
      vertex -47.5675 6.991 -12.1981
      vertex -47.5675 6.991 -14.1981
    endloop
  endfacet
  facet normal 0.279828 -0.96005 0
    outer loop
      vertex -47.5675 6.991 -14.1981
      vertex -47.5675 6.991 -12.1981
      vertex -47.6513 6.96658 -14.1981
    endloop
  endfacet
  facet normal 0.279828 -0.96005 0
    outer loop
      vertex -47.5675 6.991 -12.1981
      vertex -47.6513 6.96658 -12.1981
      vertex -47.6513 6.96658 -14.1981
    endloop
  endfacet
  facet normal 0.321432 -0.946933 0
    outer loop
      vertex -47.6513 6.96658 -14.1981
      vertex -47.6513 6.96658 -12.1981
      vertex -47.7339 6.93853 -14.1981
    endloop
  endfacet
  facet normal 0.321432 -0.946933 0
    outer loop
      vertex -47.6513 6.96658 -12.1981
      vertex -47.7339 6.93853 -12.1981
      vertex -47.7339 6.93853 -14.1981
    endloop
  endfacet
  facet normal 0.362439 -0.932008 0
    outer loop
      vertex -47.7339 6.93853 -14.1981
      vertex -47.7339 6.93853 -12.1981
      vertex -47.8153 6.9069 -14.1981
    endloop
  endfacet
  facet normal 0.362439 -0.932008 0
    outer loop
      vertex -47.7339 6.93853 -12.1981
      vertex -47.8153 6.9069 -12.1981
      vertex -47.8153 6.9069 -14.1981
    endloop
  endfacet
  facet normal 0.40276 -0.915306 0
    outer loop
      vertex -47.8153 6.9069 -14.1981
      vertex -47.8153 6.9069 -12.1981
      vertex -47.8951 6.87176 -14.1981
    endloop
  endfacet
  facet normal 0.40276 -0.915306 0
    outer loop
      vertex -47.8153 6.9069 -12.1981
      vertex -47.8951 6.87176 -12.1981
      vertex -47.8951 6.87176 -14.1981
    endloop
  endfacet
  facet normal 0.442284 -0.896875 0
    outer loop
      vertex -47.8951 6.87176 -14.1981
      vertex -47.8951 6.87176 -12.1981
      vertex -47.9734 6.83317 -14.1981
    endloop
  endfacet
  facet normal 0.442284 -0.896875 0
    outer loop
      vertex -47.8951 6.87176 -12.1981
      vertex -47.9734 6.83317 -12.1981
      vertex -47.9734 6.83317 -14.1981
    endloop
  endfacet
  facet normal 0.480991 -0.876726 0
    outer loop
      vertex -47.9734 6.83317 -14.1981
      vertex -47.9734 6.83317 -12.1981
      vertex -48.0499 6.7912 -14.1981
    endloop
  endfacet
  facet normal 0.480991 -0.876726 0
    outer loop
      vertex -47.9734 6.83317 -12.1981
      vertex -48.0499 6.7912 -12.1981
      vertex -48.0499 6.7912 -14.1981
    endloop
  endfacet
  facet normal 0.518755 -0.854923 0
    outer loop
      vertex -48.0499 6.7912 -14.1981
      vertex -48.0499 6.7912 -12.1981
      vertex -48.1245 6.74593 -14.1981
    endloop
  endfacet
  facet normal 0.518755 -0.854923 0
    outer loop
      vertex -48.0499 6.7912 -12.1981
      vertex -48.1245 6.74593 -12.1981
      vertex -48.1245 6.74593 -14.1981
    endloop
  endfacet
  facet normal 0.555572 -0.831469 0
    outer loop
      vertex -48.1245 6.74593 -14.1981
      vertex -48.1245 6.74593 -12.1981
      vertex -48.197 6.69745 -14.1981
    endloop
  endfacet
  facet normal 0.555572 -0.831469 0
    outer loop
      vertex -48.1245 6.74593 -12.1981
      vertex -48.197 6.69745 -12.1981
      vertex -48.197 6.69745 -14.1981
    endloop
  endfacet
  facet normal 0.591324 -0.806434 0
    outer loop
      vertex -48.197 6.69745 -14.1981
      vertex -48.197 6.69745 -12.1981
      vertex -48.2674 6.64585 -14.1981
    endloop
  endfacet
  facet normal 0.591324 -0.806434 0
    outer loop
      vertex -48.197 6.69745 -12.1981
      vertex -48.2674 6.64585 -12.1981
      vertex -48.2674 6.64585 -14.1981
    endloop
  endfacet
  facet normal 0.625917 -0.77989 0
    outer loop
      vertex -48.2674 6.64585 -14.1981
      vertex -48.2674 6.64585 -12.1981
      vertex -48.3355 6.59123 -14.1981
    endloop
  endfacet
  facet normal 0.625917 -0.77989 0
    outer loop
      vertex -48.2674 6.64585 -12.1981
      vertex -48.3355 6.59123 -12.1981
      vertex -48.3355 6.59123 -14.1981
    endloop
  endfacet
  facet normal 0.659341 -0.751844 0
    outer loop
      vertex -48.3355 6.59123 -14.1981
      vertex -48.3355 6.59123 -12.1981
      vertex -48.4011 6.5337 -14.1981
    endloop
  endfacet
  facet normal 0.659341 -0.751844 0
    outer loop
      vertex -48.3355 6.59123 -12.1981
      vertex -48.4011 6.5337 -12.1981
      vertex -48.4011 6.5337 -14.1981
    endloop
  endfacet
  facet normal 0.691521 -0.722356 0
    outer loop
      vertex -48.4011 6.5337 -14.1981
      vertex -48.4011 6.5337 -12.1981
      vertex -48.4641 6.47336 -14.1981
    endloop
  endfacet
  facet normal 0.691521 -0.722356 0
    outer loop
      vertex -48.4011 6.5337 -12.1981
      vertex -48.4641 6.47336 -12.1981
      vertex -48.4641 6.47336 -14.1981
    endloop
  endfacet
  facet normal 0.722356 -0.691522 0
    outer loop
      vertex -48.4641 6.47336 -14.1981
      vertex -48.4641 6.47336 -12.1981
      vertex -48.5244 6.41033 -14.1981
    endloop
  endfacet
  facet normal 0.722356 -0.691522 0
    outer loop
      vertex -48.4641 6.47336 -12.1981
      vertex -48.5244 6.41033 -12.1981
      vertex -48.5244 6.41033 -14.1981
    endloop
  endfacet
  facet normal 0.751844 -0.659341 0
    outer loop
      vertex -48.5244 6.41033 -14.1981
      vertex -48.5244 6.41033 -12.1981
      vertex -48.582 6.34472 -14.1981
    endloop
  endfacet
  facet normal 0.751844 -0.659341 0
    outer loop
      vertex -48.5244 6.41033 -12.1981
      vertex -48.582 6.34472 -12.1981
      vertex -48.582 6.34472 -14.1981
    endloop
  endfacet
  facet normal 0.779893 -0.625913 0
    outer loop
      vertex -48.582 6.34472 -14.1981
      vertex -48.582 6.34472 -12.1981
      vertex -48.6366 6.27667 -14.1981
    endloop
  endfacet
  facet normal 0.779893 -0.625913 0
    outer loop
      vertex -48.582 6.34472 -12.1981
      vertex -48.6366 6.27667 -12.1981
      vertex -48.6366 6.27667 -14.1981
    endloop
  endfacet
  facet normal 0.806435 -0.591322 0
    outer loop
      vertex -48.6366 6.27667 -14.1981
      vertex -48.6366 6.27667 -12.1981
      vertex -48.6882 6.2063 -14.1981
    endloop
  endfacet
  facet normal 0.806435 -0.591322 0
    outer loop
      vertex -48.6366 6.27667 -12.1981
      vertex -48.6882 6.2063 -12.1981
      vertex -48.6882 6.2063 -14.1981
    endloop
  endfacet
  facet normal 0.831478 -0.555557 0
    outer loop
      vertex -48.6882 6.2063 -14.1981
      vertex -48.6882 6.2063 -12.1981
      vertex -48.7367 6.13374 -14.1981
    endloop
  endfacet
  facet normal 0.831478 -0.555557 0
    outer loop
      vertex -48.6882 6.2063 -12.1981
      vertex -48.7367 6.13374 -12.1981
      vertex -48.7367 6.13374 -14.1981
    endloop
  endfacet
  facet normal 0.854902 -0.51879 0
    outer loop
      vertex -48.7367 6.13374 -14.1981
      vertex -48.7367 6.13374 -12.1981
      vertex -48.7819 6.05915 -14.1981
    endloop
  endfacet
  facet normal 0.854902 -0.51879 0
    outer loop
      vertex -48.7367 6.13374 -12.1981
      vertex -48.7819 6.05915 -12.1981
      vertex -48.7819 6.05915 -14.1981
    endloop
  endfacet
  facet normal 0.876736 -0.480972 0
    outer loop
      vertex -48.7819 6.05915 -14.1981
      vertex -48.7819 6.05915 -12.1981
      vertex -48.8239 5.98264 -14.1981
    endloop
  endfacet
  facet normal 0.876736 -0.480972 0
    outer loop
      vertex -48.7819 6.05915 -12.1981
      vertex -48.8239 5.98264 -12.1981
      vertex -48.8239 5.98264 -14.1981
    endloop
  endfacet
  facet normal 0.896872 -0.442291 0
    outer loop
      vertex -48.8239 5.98264 -14.1981
      vertex -48.8239 5.98264 -12.1981
      vertex -48.8625 5.90438 -14.1981
    endloop
  endfacet
  facet normal 0.896872 -0.442291 0
    outer loop
      vertex -48.8239 5.98264 -12.1981
      vertex -48.8625 5.90438 -12.1981
      vertex -48.8625 5.90438 -14.1981
    endloop
  endfacet
  facet normal 0.915308 -0.402755 0
    outer loop
      vertex -48.8625 5.90438 -14.1981
      vertex -48.8625 5.90438 -12.1981
      vertex -48.8976 5.82451 -14.1981
    endloop
  endfacet
  facet normal 0.915308 -0.402755 0
    outer loop
      vertex -48.8625 5.90438 -12.1981
      vertex -48.8976 5.82451 -12.1981
      vertex -48.8976 5.82451 -14.1981
    endloop
  endfacet
  facet normal 0.932002 -0.362452 0
    outer loop
      vertex -48.8976 5.82451 -14.1981
      vertex -48.8976 5.82451 -12.1981
      vertex -48.9293 5.74319 -14.1981
    endloop
  endfacet
  facet normal 0.932002 -0.362452 0
    outer loop
      vertex -48.8976 5.82451 -12.1981
      vertex -48.9293 5.74319 -12.1981
      vertex -48.9293 5.74319 -14.1981
    endloop
  endfacet
  facet normal 0.946933 -0.321431 0
    outer loop
      vertex -48.9293 5.74319 -14.1981
      vertex -48.9293 5.74319 -12.1981
      vertex -48.9573 5.66056 -14.1981
    endloop
  endfacet
  facet normal 0.946933 -0.321431 0
    outer loop
      vertex -48.9293 5.74319 -12.1981
      vertex -48.9573 5.66056 -12.1981
      vertex -48.9573 5.66056 -14.1981
    endloop
  endfacet
  facet normal 0.960057 -0.279805 0
    outer loop
      vertex -48.9573 5.66056 -14.1981
      vertex -48.9573 5.66056 -12.1981
      vertex -48.9817 5.57678 -14.1981
    endloop
  endfacet
  facet normal 0.960057 -0.279805 0
    outer loop
      vertex -48.9573 5.66056 -12.1981
      vertex -48.9817 5.57678 -12.1981
      vertex -48.9817 5.57678 -14.1981
    endloop
  endfacet
  facet normal 0.971337 -0.237708 0
    outer loop
      vertex -48.9817 5.57678 -14.1981
      vertex -48.9817 5.57678 -12.1981
      vertex -49.0025 5.49202 -14.1981
    endloop
  endfacet
  facet normal 0.971337 -0.237708 0
    outer loop
      vertex -48.9817 5.57678 -12.1981
      vertex -49.0025 5.49202 -12.1981
      vertex -49.0025 5.49202 -14.1981
    endloop
  endfacet
  facet normal 0.980783 -0.195102 0
    outer loop
      vertex -49.0025 5.49202 -14.1981
      vertex -49.0025 5.49202 -12.1981
      vertex -49.0195 5.40644 -14.1981
    endloop
  endfacet
  facet normal 0.980783 -0.195102 0
    outer loop
      vertex -49.0025 5.49202 -12.1981
      vertex -49.0195 5.40644 -12.1981
      vertex -49.0195 5.40644 -14.1981
    endloop
  endfacet
  facet normal 0.988363 -0.152113 0
    outer loop
      vertex -49.0195 5.40644 -14.1981
      vertex -49.0195 5.40644 -12.1981
      vertex -49.0328 5.3202 -14.1981
    endloop
  endfacet
  facet normal 0.988363 -0.152113 0
    outer loop
      vertex -49.0195 5.40644 -12.1981
      vertex -49.0328 5.3202 -12.1981
      vertex -49.0328 5.3202 -14.1981
    endloop
  endfacet
  facet normal 0.994057 -0.108865 0
    outer loop
      vertex -49.0328 5.3202 -14.1981
      vertex -49.0328 5.3202 -12.1981
      vertex -49.0423 5.23346 -14.1981
    endloop
  endfacet
  facet normal 0.994057 -0.108865 0
    outer loop
      vertex -49.0328 5.3202 -12.1981
      vertex -49.0423 5.23346 -12.1981
      vertex -49.0423 5.23346 -14.1981
    endloop
  endfacet
  facet normal 0.997859 -0.0654043 0
    outer loop
      vertex -49.0423 5.23346 -14.1981
      vertex -49.0423 5.23346 -12.1981
      vertex -49.048 5.14638 -14.1981
    endloop
  endfacet
  facet normal 0.997859 -0.0654043 0
    outer loop
      vertex -49.0423 5.23346 -12.1981
      vertex -49.048 5.14638 -12.1981
      vertex -49.048 5.14638 -14.1981
    endloop
  endfacet
  facet normal 0.999762 -0.0218156 0
    outer loop
      vertex -49.048 5.14638 -14.1981
      vertex -49.048 5.14638 -12.1981
      vertex -49.0499 5.05915 -14.1981
    endloop
  endfacet
  facet normal 0.999762 -0.0218156 0
    outer loop
      vertex -49.048 5.14638 -12.1981
      vertex -49.0499 5.05915 -12.1981
      vertex -49.0499 5.05915 -14.1981
    endloop
  endfacet
  facet normal 0.999762 0.0218156 0
    outer loop
      vertex -49.0499 5.05915 -14.1981
      vertex -49.0499 5.05915 -12.1981
      vertex -49.048 4.97191 -14.1981
    endloop
  endfacet
  facet normal 0.999762 0.0218156 0
    outer loop
      vertex -49.0499 5.05915 -12.1981
      vertex -49.048 4.97191 -12.1981
      vertex -49.048 4.97191 -14.1981
    endloop
  endfacet
  facet normal 0.997859 0.0654043 0
    outer loop
      vertex -49.048 4.97191 -14.1981
      vertex -49.048 4.97191 -12.1981
      vertex -49.0423 4.88483 -14.1981
    endloop
  endfacet
  facet normal 0.997859 0.0654043 0
    outer loop
      vertex -49.048 4.97191 -12.1981
      vertex -49.0423 4.88483 -12.1981
      vertex -49.0423 4.88483 -14.1981
    endloop
  endfacet
  facet normal 0.994057 0.108865 0
    outer loop
      vertex -49.0423 4.88483 -14.1981
      vertex -49.0423 4.88483 -12.1981
      vertex -49.0328 4.79809 -14.1981
    endloop
  endfacet
  facet normal 0.994057 0.108865 0
    outer loop
      vertex -49.0423 4.88483 -12.1981
      vertex -49.0328 4.79809 -12.1981
      vertex -49.0328 4.79809 -14.1981
    endloop
  endfacet
  facet normal 0.988363 0.152113 0
    outer loop
      vertex -49.0328 4.79809 -14.1981
      vertex -49.0328 4.79809 -12.1981
      vertex -49.0195 4.71185 -14.1981
    endloop
  endfacet
  facet normal 0.988363 0.152113 0
    outer loop
      vertex -49.0328 4.79809 -12.1981
      vertex -49.0195 4.71185 -12.1981
      vertex -49.0195 4.71185 -14.1981
    endloop
  endfacet
  facet normal 0.980783 0.195102 0
    outer loop
      vertex -49.0195 4.71185 -14.1981
      vertex -49.0195 4.71185 -12.1981
      vertex -49.0025 4.62627 -14.1981
    endloop
  endfacet
  facet normal 0.980783 0.195102 0
    outer loop
      vertex -49.0195 4.71185 -12.1981
      vertex -49.0025 4.62627 -12.1981
      vertex -49.0025 4.62627 -14.1981
    endloop
  endfacet
  facet normal 0.971337 0.237708 0
    outer loop
      vertex -49.0025 4.62627 -14.1981
      vertex -49.0025 4.62627 -12.1981
      vertex -48.9817 4.54151 -14.1981
    endloop
  endfacet
  facet normal 0.971337 0.237708 0
    outer loop
      vertex -49.0025 4.62627 -12.1981
      vertex -48.9817 4.54151 -12.1981
      vertex -48.9817 4.54151 -14.1981
    endloop
  endfacet
  facet normal 0.960057 0.279805 0
    outer loop
      vertex -48.9817 4.54151 -14.1981
      vertex -48.9817 4.54151 -12.1981
      vertex -48.9573 4.45773 -14.1981
    endloop
  endfacet
  facet normal 0.960057 0.279805 0
    outer loop
      vertex -48.9817 4.54151 -12.1981
      vertex -48.9573 4.45773 -12.1981
      vertex -48.9573 4.45773 -14.1981
    endloop
  endfacet
  facet normal 0.946933 0.321431 0
    outer loop
      vertex -48.9573 4.45773 -14.1981
      vertex -48.9573 4.45773 -12.1981
      vertex -48.9293 4.37511 -14.1981
    endloop
  endfacet
  facet normal 0.946933 0.321431 0
    outer loop
      vertex -48.9573 4.45773 -12.1981
      vertex -48.9293 4.37511 -12.1981
      vertex -48.9293 4.37511 -14.1981
    endloop
  endfacet
  facet normal 0.932002 0.362452 0
    outer loop
      vertex -48.9293 4.37511 -14.1981
      vertex -48.9293 4.37511 -12.1981
      vertex -48.8976 4.29378 -14.1981
    endloop
  endfacet
  facet normal 0.932002 0.362452 0
    outer loop
      vertex -48.9293 4.37511 -12.1981
      vertex -48.8976 4.29378 -12.1981
      vertex -48.8976 4.29378 -14.1981
    endloop
  endfacet
  facet normal 0.915308 0.402755 0
    outer loop
      vertex -48.8976 4.29378 -14.1981
      vertex -48.8976 4.29378 -12.1981
      vertex -48.8625 4.21391 -14.1981
    endloop
  endfacet
  facet normal 0.915308 0.402755 0
    outer loop
      vertex -48.8976 4.29378 -12.1981
      vertex -48.8625 4.21391 -12.1981
      vertex -48.8625 4.21391 -14.1981
    endloop
  endfacet
  facet normal 0.896872 0.442291 0
    outer loop
      vertex -48.8625 4.21391 -14.1981
      vertex -48.8625 4.21391 -12.1981
      vertex -48.8239 4.13565 -14.1981
    endloop
  endfacet
  facet normal 0.896872 0.442291 0
    outer loop
      vertex -48.8625 4.21391 -12.1981
      vertex -48.8239 4.13565 -12.1981
      vertex -48.8239 4.13565 -14.1981
    endloop
  endfacet
  facet normal 0.876736 0.480972 0
    outer loop
      vertex -48.8239 4.13565 -14.1981
      vertex -48.8239 4.13565 -12.1981
      vertex -48.7819 4.05915 -14.1981
    endloop
  endfacet
  facet normal 0.876736 0.480972 0
    outer loop
      vertex -48.8239 4.13565 -12.1981
      vertex -48.7819 4.05915 -12.1981
      vertex -48.7819 4.05915 -14.1981
    endloop
  endfacet
  facet normal 0.854902 0.51879 0
    outer loop
      vertex -48.7819 4.05915 -14.1981
      vertex -48.7819 4.05915 -12.1981
      vertex -48.7367 3.98455 -14.1981
    endloop
  endfacet
  facet normal 0.854902 0.51879 0
    outer loop
      vertex -48.7819 4.05915 -12.1981
      vertex -48.7367 3.98455 -12.1981
      vertex -48.7367 3.98455 -14.1981
    endloop
  endfacet
  facet normal 0.831478 0.555557 0
    outer loop
      vertex -48.7367 3.98455 -14.1981
      vertex -48.7367 3.98455 -12.1981
      vertex -48.6882 3.91199 -14.1981
    endloop
  endfacet
  facet normal 0.831478 0.555557 0
    outer loop
      vertex -48.7367 3.98455 -12.1981
      vertex -48.6882 3.91199 -12.1981
      vertex -48.6882 3.91199 -14.1981
    endloop
  endfacet
  facet normal 0.806436 0.591321 0
    outer loop
      vertex -48.6882 3.91199 -14.1981
      vertex -48.6882 3.91199 -12.1981
      vertex -48.6366 3.84162 -14.1981
    endloop
  endfacet
  facet normal 0.806436 0.591321 0
    outer loop
      vertex -48.6882 3.91199 -12.1981
      vertex -48.6366 3.84162 -12.1981
      vertex -48.6366 3.84162 -14.1981
    endloop
  endfacet
  facet normal 0.779892 0.625914 0
    outer loop
      vertex -48.6366 3.84162 -14.1981
      vertex -48.6366 3.84162 -12.1981
      vertex -48.582 3.77357 -14.1981
    endloop
  endfacet
  facet normal 0.779892 0.625914 0
    outer loop
      vertex -48.6366 3.84162 -12.1981
      vertex -48.582 3.77357 -12.1981
      vertex -48.582 3.77357 -14.1981
    endloop
  endfacet
  facet normal 0.751844 0.659341 0
    outer loop
      vertex -48.582 3.77357 -14.1981
      vertex -48.582 3.77357 -12.1981
      vertex -48.5244 3.70796 -14.1981
    endloop
  endfacet
  facet normal 0.751844 0.659341 0
    outer loop
      vertex -48.582 3.77357 -12.1981
      vertex -48.5244 3.70796 -12.1981
      vertex -48.5244 3.70796 -14.1981
    endloop
  endfacet
  facet normal 0.722357 0.69152 0
    outer loop
      vertex -48.5244 3.70796 -14.1981
      vertex -48.5244 3.70796 -12.1981
      vertex -48.4641 3.64493 -14.1981
    endloop
  endfacet
  facet normal 0.722357 0.69152 0
    outer loop
      vertex -48.5244 3.70796 -12.1981
      vertex -48.4641 3.64493 -12.1981
      vertex -48.4641 3.64493 -14.1981
    endloop
  endfacet
  facet normal 0.69152 0.722357 0
    outer loop
      vertex -48.4641 3.64493 -14.1981
      vertex -48.4641 3.64493 -12.1981
      vertex -48.4011 3.58459 -14.1981
    endloop
  endfacet
  facet normal 0.69152 0.722357 0
    outer loop
      vertex -48.4641 3.64493 -12.1981
      vertex -48.4011 3.58459 -12.1981
      vertex -48.4011 3.58459 -14.1981
    endloop
  endfacet
  facet normal 0.659341 0.751844 0
    outer loop
      vertex -48.4011 3.58459 -14.1981
      vertex -48.4011 3.58459 -12.1981
      vertex -48.3355 3.52706 -14.1981
    endloop
  endfacet
  facet normal 0.659341 0.751844 0
    outer loop
      vertex -48.4011 3.58459 -12.1981
      vertex -48.3355 3.52706 -12.1981
      vertex -48.3355 3.52706 -14.1981
    endloop
  endfacet
  facet normal 0.625915 0.779891 0
    outer loop
      vertex -48.3355 3.52706 -14.1981
      vertex -48.3355 3.52706 -12.1981
      vertex -48.2674 3.47244 -14.1981
    endloop
  endfacet
  facet normal 0.625915 0.779891 0
    outer loop
      vertex -48.3355 3.52706 -12.1981
      vertex -48.2674 3.47244 -12.1981
      vertex -48.2674 3.47244 -14.1981
    endloop
  endfacet
  facet normal 0.591326 0.806433 0
    outer loop
      vertex -48.2674 3.47244 -14.1981
      vertex -48.2674 3.47244 -12.1981
      vertex -48.197 3.42084 -14.1981
    endloop
  endfacet
  facet normal 0.591326 0.806433 0
    outer loop
      vertex -48.2674 3.47244 -12.1981
      vertex -48.197 3.42084 -12.1981
      vertex -48.197 3.42084 -14.1981
    endloop
  endfacet
  facet normal 0.55557 0.83147 0
    outer loop
      vertex -48.197 3.42084 -14.1981
      vertex -48.197 3.42084 -12.1981
      vertex -48.1245 3.37236 -14.1981
    endloop
  endfacet
  facet normal 0.55557 0.83147 0
    outer loop
      vertex -48.197 3.42084 -12.1981
      vertex -48.1245 3.37236 -12.1981
      vertex -48.1245 3.37236 -14.1981
    endloop
  endfacet
  facet normal 0.518757 0.854922 0
    outer loop
      vertex -48.1245 3.37236 -14.1981
      vertex -48.1245 3.37236 -12.1981
      vertex -48.0499 3.32709 -14.1981
    endloop
  endfacet
  facet normal 0.518757 0.854922 0
    outer loop
      vertex -48.1245 3.37236 -12.1981
      vertex -48.0499 3.32709 -12.1981
      vertex -48.0499 3.32709 -14.1981
    endloop
  endfacet
  facet normal 0.480989 0.876727 0
    outer loop
      vertex -48.0499 3.32709 -14.1981
      vertex -48.0499 3.32709 -12.1981
      vertex -47.9734 3.28512 -14.1981
    endloop
  endfacet
  facet normal 0.480989 0.876727 0
    outer loop
      vertex -48.0499 3.32709 -12.1981
      vertex -47.9734 3.28512 -12.1981
      vertex -47.9734 3.28512 -14.1981
    endloop
  endfacet
  facet normal 0.442289 0.896873 0
    outer loop
      vertex -47.9734 3.28512 -14.1981
      vertex -47.9734 3.28512 -12.1981
      vertex -47.8951 3.24653 -14.1981
    endloop
  endfacet
  facet normal 0.442289 0.896873 0
    outer loop
      vertex -47.9734 3.28512 -12.1981
      vertex -47.8951 3.24653 -12.1981
      vertex -47.8951 3.24653 -14.1981
    endloop
  endfacet
  facet normal 0.40276 0.915306 0
    outer loop
      vertex -47.8951 3.24653 -14.1981
      vertex -47.8951 3.24653 -12.1981
      vertex -47.8153 3.21139 -14.1981
    endloop
  endfacet
  facet normal 0.40276 0.915306 0
    outer loop
      vertex -47.8951 3.24653 -12.1981
      vertex -47.8153 3.21139 -12.1981
      vertex -47.8153 3.21139 -14.1981
    endloop
  endfacet
  facet normal 0.362436 0.932009 0
    outer loop
      vertex -47.8153 3.21139 -14.1981
      vertex -47.8153 3.21139 -12.1981
      vertex -47.7339 3.17976 -14.1981
    endloop
  endfacet
  facet normal 0.362436 0.932009 0
    outer loop
      vertex -47.8153 3.21139 -12.1981
      vertex -47.7339 3.17976 -12.1981
      vertex -47.7339 3.17976 -14.1981
    endloop
  endfacet
  facet normal 0.321432 0.946933 0
    outer loop
      vertex -47.7339 3.17976 -14.1981
      vertex -47.7339 3.17976 -12.1981
      vertex -47.6513 3.15171 -14.1981
    endloop
  endfacet
  facet normal 0.321432 0.946933 0
    outer loop
      vertex -47.7339 3.17976 -12.1981
      vertex -47.6513 3.15171 -12.1981
      vertex -47.6513 3.15171 -14.1981
    endloop
  endfacet
  facet normal 0.279828 0.96005 0
    outer loop
      vertex -47.6513 3.15171 -14.1981
      vertex -47.6513 3.15171 -12.1981
      vertex -47.5675 3.12729 -14.1981
    endloop
  endfacet
  facet normal 0.279828 0.96005 0
    outer loop
      vertex -47.6513 3.15171 -12.1981
      vertex -47.5675 3.12729 -12.1981
      vertex -47.5675 3.12729 -14.1981
    endloop
  endfacet
  facet normal 0.237688 0.971341 0
    outer loop
      vertex -47.5675 3.12729 -14.1981
      vertex -47.5675 3.12729 -12.1981
      vertex -47.4828 3.10655 -14.1981
    endloop
  endfacet
  facet normal 0.237688 0.971341 0
    outer loop
      vertex -47.5675 3.12729 -12.1981
      vertex -47.4828 3.10655 -12.1981
      vertex -47.4828 3.10655 -14.1981
    endloop
  endfacet
  facet normal 0.195093 0.980785 0
    outer loop
      vertex -47.4828 3.10655 -14.1981
      vertex -47.4828 3.10655 -12.1981
      vertex -47.3972 3.08953 -14.1981
    endloop
  endfacet
  facet normal 0.195093 0.980785 0
    outer loop
      vertex -47.4828 3.10655 -12.1981
      vertex -47.3972 3.08953 -12.1981
      vertex -47.3972 3.08953 -14.1981
    endloop
  endfacet
  facet normal 0.152125 0.988361 0
    outer loop
      vertex -47.3972 3.08953 -14.1981
      vertex -47.3972 3.08953 -12.1981
      vertex -47.3109 3.07626 -14.1981
    endloop
  endfacet
  facet normal 0.152125 0.988361 0
    outer loop
      vertex -47.3972 3.08953 -12.1981
      vertex -47.3109 3.07626 -12.1981
      vertex -47.3109 3.07626 -14.1981
    endloop
  endfacet
  facet normal 0.108862 0.994057 0
    outer loop
      vertex -47.3109 3.07626 -14.1981
      vertex -47.3109 3.07626 -12.1981
      vertex -47.2242 3.06676 -14.1981
    endloop
  endfacet
  facet normal 0.108862 0.994057 0
    outer loop
      vertex -47.3109 3.07626 -12.1981
      vertex -47.2242 3.06676 -12.1981
      vertex -47.2242 3.06676 -14.1981
    endloop
  endfacet
  facet normal 0.0654054 0.997859 0
    outer loop
      vertex -47.2242 3.06676 -14.1981
      vertex -47.2242 3.06676 -12.1981
      vertex -47.1371 3.06105 -14.1981
    endloop
  endfacet
  facet normal 0.0654054 0.997859 0
    outer loop
      vertex -47.2242 3.06676 -12.1981
      vertex -47.1371 3.06105 -12.1981
      vertex -47.1371 3.06105 -14.1981
    endloop
  endfacet
  facet normal 0.0218156 0.999762 0
    outer loop
      vertex -47.1371 3.06105 -14.1981
      vertex -47.1371 3.06105 -12.1981
      vertex -47.0499 3.05915 -14.1981
    endloop
  endfacet
  facet normal 0.0218156 0.999762 0
    outer loop
      vertex -47.1371 3.06105 -12.1981
      vertex -47.0499 3.05915 -12.1981
      vertex -47.0499 3.05915 -14.1981
    endloop
  endfacet
  facet normal -0.0218156 0.999762 0
    outer loop
      vertex -47.0499 3.05915 -14.1981
      vertex -47.0499 3.05915 -12.1981
      vertex -46.9626 3.06105 -14.1981
    endloop
  endfacet
  facet normal -0.0218156 0.999762 0
    outer loop
      vertex -47.0499 3.05915 -12.1981
      vertex -46.9626 3.06105 -12.1981
      vertex -46.9626 3.06105 -14.1981
    endloop
  endfacet
  facet normal -0.0654054 0.997859 0
    outer loop
      vertex -46.9626 3.06105 -14.1981
      vertex -46.9626 3.06105 -12.1981
      vertex -46.8756 3.06676 -14.1981
    endloop
  endfacet
  facet normal -0.0654054 0.997859 0
    outer loop
      vertex -46.9626 3.06105 -12.1981
      vertex -46.8756 3.06676 -12.1981
      vertex -46.8756 3.06676 -14.1981
    endloop
  endfacet
  facet normal -0.108862 0.994057 0
    outer loop
      vertex -46.8756 3.06676 -14.1981
      vertex -46.8756 3.06676 -12.1981
      vertex -46.7888 3.07626 -14.1981
    endloop
  endfacet
  facet normal -0.108862 0.994057 0
    outer loop
      vertex -46.8756 3.06676 -12.1981
      vertex -46.7888 3.07626 -12.1981
      vertex -46.7888 3.07626 -14.1981
    endloop
  endfacet
  facet normal -0.152125 0.988361 0
    outer loop
      vertex -46.7888 3.07626 -14.1981
      vertex -46.7888 3.07626 -12.1981
      vertex -46.7026 3.08953 -14.1981
    endloop
  endfacet
  facet normal -0.152125 0.988361 0
    outer loop
      vertex -46.7888 3.07626 -12.1981
      vertex -46.7026 3.08953 -12.1981
      vertex -46.7026 3.08953 -14.1981
    endloop
  endfacet
  facet normal -0.195093 0.980785 0
    outer loop
      vertex -46.7026 3.08953 -14.1981
      vertex -46.7026 3.08953 -12.1981
      vertex -46.617 3.10655 -14.1981
    endloop
  endfacet
  facet normal -0.195093 0.980785 0
    outer loop
      vertex -46.7026 3.08953 -12.1981
      vertex -46.617 3.10655 -12.1981
      vertex -46.617 3.10655 -14.1981
    endloop
  endfacet
  facet normal -0.237688 0.971341 0
    outer loop
      vertex -46.617 3.10655 -14.1981
      vertex -46.617 3.10655 -12.1981
      vertex -46.5322 3.12729 -14.1981
    endloop
  endfacet
  facet normal -0.237688 0.971341 0
    outer loop
      vertex -46.617 3.10655 -12.1981
      vertex -46.5322 3.12729 -12.1981
      vertex -46.5322 3.12729 -14.1981
    endloop
  endfacet
  facet normal -0.279828 0.96005 0
    outer loop
      vertex -46.5322 3.12729 -14.1981
      vertex -46.5322 3.12729 -12.1981
      vertex -46.4485 3.15171 -14.1981
    endloop
  endfacet
  facet normal -0.279828 0.96005 0
    outer loop
      vertex -46.5322 3.12729 -12.1981
      vertex -46.4485 3.15171 -12.1981
      vertex -46.4485 3.15171 -14.1981
    endloop
  endfacet
  facet normal -0.321432 0.946933 0
    outer loop
      vertex -46.4485 3.15171 -14.1981
      vertex -46.4485 3.15171 -12.1981
      vertex -46.3658 3.17976 -14.1981
    endloop
  endfacet
  facet normal -0.321432 0.946933 0
    outer loop
      vertex -46.4485 3.15171 -12.1981
      vertex -46.3658 3.17976 -12.1981
      vertex -46.3658 3.17976 -14.1981
    endloop
  endfacet
  facet normal -0.362436 0.932009 0
    outer loop
      vertex -46.3658 3.17976 -14.1981
      vertex -46.3658 3.17976 -12.1981
      vertex -46.2845 3.21139 -14.1981
    endloop
  endfacet
  facet normal -0.362436 0.932009 0
    outer loop
      vertex -46.3658 3.17976 -12.1981
      vertex -46.2845 3.21139 -12.1981
      vertex -46.2845 3.21139 -14.1981
    endloop
  endfacet
  facet normal -0.40276 0.915306 0
    outer loop
      vertex -46.2845 3.21139 -14.1981
      vertex -46.2845 3.21139 -12.1981
      vertex -46.2046 3.24653 -14.1981
    endloop
  endfacet
  facet normal -0.40276 0.915306 0
    outer loop
      vertex -46.2845 3.21139 -12.1981
      vertex -46.2046 3.24653 -12.1981
      vertex -46.2046 3.24653 -14.1981
    endloop
  endfacet
  facet normal -0.442289 0.896873 0
    outer loop
      vertex -46.2046 3.24653 -14.1981
      vertex -46.2046 3.24653 -12.1981
      vertex -46.1264 3.28512 -14.1981
    endloop
  endfacet
  facet normal -0.442289 0.896873 0
    outer loop
      vertex -46.2046 3.24653 -12.1981
      vertex -46.1264 3.28512 -12.1981
      vertex -46.1264 3.28512 -14.1981
    endloop
  endfacet
  facet normal -0.480989 0.876727 0
    outer loop
      vertex -46.1264 3.28512 -14.1981
      vertex -46.1264 3.28512 -12.1981
      vertex -46.0499 3.32709 -14.1981
    endloop
  endfacet
  facet normal -0.480989 0.876727 0
    outer loop
      vertex -46.1264 3.28512 -12.1981
      vertex -46.0499 3.32709 -12.1981
      vertex -46.0499 3.32709 -14.1981
    endloop
  endfacet
  facet normal -0.518757 0.854922 0
    outer loop
      vertex -46.0499 3.32709 -14.1981
      vertex -46.0499 3.32709 -12.1981
      vertex -45.9753 3.37236 -14.1981
    endloop
  endfacet
  facet normal -0.518757 0.854922 0
    outer loop
      vertex -46.0499 3.32709 -12.1981
      vertex -45.9753 3.37236 -12.1981
      vertex -45.9753 3.37236 -14.1981
    endloop
  endfacet
  facet normal -0.55557 0.83147 0
    outer loop
      vertex -45.9753 3.37236 -14.1981
      vertex -45.9753 3.37236 -12.1981
      vertex -45.9027 3.42084 -14.1981
    endloop
  endfacet
  facet normal -0.55557 0.83147 0
    outer loop
      vertex -45.9753 3.37236 -12.1981
      vertex -45.9027 3.42084 -12.1981
      vertex -45.9027 3.42084 -14.1981
    endloop
  endfacet
  facet normal -0.591326 0.806433 0
    outer loop
      vertex -45.9027 3.42084 -14.1981
      vertex -45.9027 3.42084 -12.1981
      vertex -45.8324 3.47244 -14.1981
    endloop
  endfacet
  facet normal -0.591326 0.806433 0
    outer loop
      vertex -45.9027 3.42084 -12.1981
      vertex -45.8324 3.47244 -12.1981
      vertex -45.8324 3.47244 -14.1981
    endloop
  endfacet
  facet normal -0.625915 0.779891 0
    outer loop
      vertex -45.8324 3.47244 -14.1981
      vertex -45.8324 3.47244 -12.1981
      vertex -45.7643 3.52706 -14.1981
    endloop
  endfacet
  facet normal -0.625915 0.779891 0
    outer loop
      vertex -45.8324 3.47244 -12.1981
      vertex -45.7643 3.52706 -12.1981
      vertex -45.7643 3.52706 -14.1981
    endloop
  endfacet
  facet normal -0.659341 0.751844 0
    outer loop
      vertex -45.7643 3.52706 -14.1981
      vertex -45.7643 3.52706 -12.1981
      vertex -45.6987 3.58459 -14.1981
    endloop
  endfacet
  facet normal -0.659341 0.751844 0
    outer loop
      vertex -45.7643 3.52706 -12.1981
      vertex -45.6987 3.58459 -12.1981
      vertex -45.6987 3.58459 -14.1981
    endloop
  endfacet
  facet normal -0.69152 0.722357 0
    outer loop
      vertex -45.6987 3.58459 -14.1981
      vertex -45.6987 3.58459 -12.1981
      vertex -45.6357 3.64493 -14.1981
    endloop
  endfacet
  facet normal -0.69152 0.722357 0
    outer loop
      vertex -45.6987 3.58459 -12.1981
      vertex -45.6357 3.64493 -12.1981
      vertex -45.6357 3.64493 -14.1981
    endloop
  endfacet
  facet normal -0.722357 0.69152 0
    outer loop
      vertex -45.6357 3.64493 -14.1981
      vertex -45.6357 3.64493 -12.1981
      vertex -45.5753 3.70796 -14.1981
    endloop
  endfacet
  facet normal -0.722357 0.69152 0
    outer loop
      vertex -45.6357 3.64493 -12.1981
      vertex -45.5753 3.70796 -12.1981
      vertex -45.5753 3.70796 -14.1981
    endloop
  endfacet
  facet normal -0.751844 0.659341 0
    outer loop
      vertex -45.5753 3.70796 -14.1981
      vertex -45.5753 3.70796 -12.1981
      vertex -45.5178 3.77357 -14.1981
    endloop
  endfacet
  facet normal -0.751844 0.659341 0
    outer loop
      vertex -45.5753 3.70796 -12.1981
      vertex -45.5178 3.77357 -12.1981
      vertex -45.5178 3.77357 -14.1981
    endloop
  endfacet
  facet normal -0.779892 0.625914 0
    outer loop
      vertex -45.5178 3.77357 -14.1981
      vertex -45.5178 3.77357 -12.1981
      vertex -45.4632 3.84162 -14.1981
    endloop
  endfacet
  facet normal -0.779892 0.625914 0
    outer loop
      vertex -45.5178 3.77357 -12.1981
      vertex -45.4632 3.84162 -12.1981
      vertex -45.4632 3.84162 -14.1981
    endloop
  endfacet
  facet normal -0.806436 0.591321 0
    outer loop
      vertex -45.4632 3.84162 -14.1981
      vertex -45.4632 3.84162 -12.1981
      vertex -45.4116 3.91199 -14.1981
    endloop
  endfacet
  facet normal -0.806436 0.591321 0
    outer loop
      vertex -45.4632 3.84162 -12.1981
      vertex -45.4116 3.91199 -12.1981
      vertex -45.4116 3.91199 -14.1981
    endloop
  endfacet
  facet normal -0.831478 0.555557 0
    outer loop
      vertex -45.4116 3.91199 -14.1981
      vertex -45.4116 3.91199 -12.1981
      vertex -45.3631 3.98455 -14.1981
    endloop
  endfacet
  facet normal -0.831478 0.555557 0
    outer loop
      vertex -45.4116 3.91199 -12.1981
      vertex -45.3631 3.98455 -12.1981
      vertex -45.3631 3.98455 -14.1981
    endloop
  endfacet
  facet normal -0.854902 0.51879 0
    outer loop
      vertex -45.3631 3.98455 -14.1981
      vertex -45.3631 3.98455 -12.1981
      vertex -45.3178 4.05915 -14.1981
    endloop
  endfacet
  facet normal -0.854902 0.51879 0
    outer loop
      vertex -45.3631 3.98455 -12.1981
      vertex -45.3178 4.05915 -12.1981
      vertex -45.3178 4.05915 -14.1981
    endloop
  endfacet
  facet normal -0.876736 0.480972 0
    outer loop
      vertex -45.3178 4.05915 -14.1981
      vertex -45.3178 4.05915 -12.1981
      vertex -45.2759 4.13565 -14.1981
    endloop
  endfacet
  facet normal -0.876736 0.480972 0
    outer loop
      vertex -45.3178 4.05915 -12.1981
      vertex -45.2759 4.13565 -12.1981
      vertex -45.2759 4.13565 -14.1981
    endloop
  endfacet
  facet normal -0.896872 0.442291 0
    outer loop
      vertex -45.2759 4.13565 -14.1981
      vertex -45.2759 4.13565 -12.1981
      vertex -45.2373 4.21391 -14.1981
    endloop
  endfacet
  facet normal -0.896872 0.442291 0
    outer loop
      vertex -45.2759 4.13565 -12.1981
      vertex -45.2373 4.21391 -12.1981
      vertex -45.2373 4.21391 -14.1981
    endloop
  endfacet
  facet normal -0.915308 0.402755 0
    outer loop
      vertex -45.2373 4.21391 -14.1981
      vertex -45.2373 4.21391 -12.1981
      vertex -45.2021 4.29378 -14.1981
    endloop
  endfacet
  facet normal -0.915308 0.402755 0
    outer loop
      vertex -45.2373 4.21391 -12.1981
      vertex -45.2021 4.29378 -12.1981
      vertex -45.2021 4.29378 -14.1981
    endloop
  endfacet
  facet normal -0.932002 0.362452 0
    outer loop
      vertex -45.2021 4.29378 -14.1981
      vertex -45.2021 4.29378 -12.1981
      vertex -45.1705 4.37511 -14.1981
    endloop
  endfacet
  facet normal -0.932002 0.362452 0
    outer loop
      vertex -45.2021 4.29378 -12.1981
      vertex -45.1705 4.37511 -12.1981
      vertex -45.1705 4.37511 -14.1981
    endloop
  endfacet
  facet normal -0.946933 0.321431 0
    outer loop
      vertex -45.1705 4.37511 -14.1981
      vertex -45.1705 4.37511 -12.1981
      vertex -45.1424 4.45773 -14.1981
    endloop
  endfacet
  facet normal -0.946933 0.321431 0
    outer loop
      vertex -45.1705 4.37511 -12.1981
      vertex -45.1424 4.45773 -12.1981
      vertex -45.1424 4.45773 -14.1981
    endloop
  endfacet
  facet normal -0.960057 0.279805 0
    outer loop
      vertex -45.1424 4.45773 -14.1981
      vertex -45.1424 4.45773 -12.1981
      vertex -45.118 4.54151 -14.1981
    endloop
  endfacet
  facet normal -0.960057 0.279805 0
    outer loop
      vertex -45.1424 4.45773 -12.1981
      vertex -45.118 4.54151 -12.1981
      vertex -45.118 4.54151 -14.1981
    endloop
  endfacet
  facet normal -0.971337 0.237708 0
    outer loop
      vertex -45.118 4.54151 -14.1981
      vertex -45.118 4.54151 -12.1981
      vertex -45.0973 4.62627 -14.1981
    endloop
  endfacet
  facet normal -0.971337 0.237708 0
    outer loop
      vertex -45.118 4.54151 -12.1981
      vertex -45.0973 4.62627 -12.1981
      vertex -45.0973 4.62627 -14.1981
    endloop
  endfacet
  facet normal -0.980783 0.195102 0
    outer loop
      vertex -45.0973 4.62627 -14.1981
      vertex -45.0973 4.62627 -12.1981
      vertex -45.0803 4.71185 -14.1981
    endloop
  endfacet
  facet normal -0.980783 0.195102 0
    outer loop
      vertex -45.0973 4.62627 -12.1981
      vertex -45.0803 4.71185 -12.1981
      vertex -45.0803 4.71185 -14.1981
    endloop
  endfacet
  facet normal -0.988363 0.152113 0
    outer loop
      vertex -45.0803 4.71185 -14.1981
      vertex -45.0803 4.71185 -12.1981
      vertex -45.067 4.79809 -14.1981
    endloop
  endfacet
  facet normal -0.988363 0.152113 0
    outer loop
      vertex -45.0803 4.71185 -12.1981
      vertex -45.067 4.79809 -12.1981
      vertex -45.067 4.79809 -14.1981
    endloop
  endfacet
  facet normal -0.994057 0.108865 0
    outer loop
      vertex -45.067 4.79809 -14.1981
      vertex -45.067 4.79809 -12.1981
      vertex -45.0575 4.88483 -14.1981
    endloop
  endfacet
  facet normal -0.994057 0.108865 0
    outer loop
      vertex -45.067 4.79809 -12.1981
      vertex -45.0575 4.88483 -12.1981
      vertex -45.0575 4.88483 -14.1981
    endloop
  endfacet
  facet normal -0.997859 0.0654043 0
    outer loop
      vertex -45.0575 4.88483 -14.1981
      vertex -45.0575 4.88483 -12.1981
      vertex -45.0518 4.97191 -14.1981
    endloop
  endfacet
  facet normal -0.997859 0.0654043 0
    outer loop
      vertex -45.0575 4.88483 -12.1981
      vertex -45.0518 4.97191 -12.1981
      vertex -45.0518 4.97191 -14.1981
    endloop
  endfacet
  facet normal -0.999762 0.0218156 0
    outer loop
      vertex -45.0518 4.97191 -14.1981
      vertex -45.0518 4.97191 -12.1981
      vertex -45.0499 5.05915 -14.1981
    endloop
  endfacet
  facet normal -0.999762 0.0218156 0
    outer loop
      vertex -45.0518 4.97191 -12.1981
      vertex -45.0499 5.05915 -12.1981
      vertex -45.0499 5.05915 -14.1981
    endloop
  endfacet
  facet normal -0.999765 -0.0216876 0
    outer loop
      vertex -125.276 -39.9136 -14.1981
      vertex -125.276 -39.9136 -12.1981
      vertex -125.278 -39.8263 -14.1981
    endloop
  endfacet
  facet normal -0.999765 -0.0216876 0
    outer loop
      vertex -125.276 -39.9136 -12.1981
      vertex -125.278 -39.8263 -12.1981
      vertex -125.278 -39.8263 -14.1981
    endloop
  endfacet
  facet normal -0.997859 -0.0654054 0
    outer loop
      vertex -125.278 -39.8263 -14.1981
      vertex -125.278 -39.8263 -12.1981
      vertex -125.283 -39.7392 -14.1981
    endloop
  endfacet
  facet normal -0.997859 -0.0654054 0
    outer loop
      vertex -125.278 -39.8263 -12.1981
      vertex -125.283 -39.7392 -12.1981
      vertex -125.283 -39.7392 -14.1981
    endloop
  endfacet
  facet normal -0.994047 -0.108951 0
    outer loop
      vertex -125.283 -39.7392 -14.1981
      vertex -125.283 -39.7392 -12.1981
      vertex -125.293 -39.6525 -14.1981
    endloop
  endfacet
  facet normal -0.994047 -0.108951 0
    outer loop
      vertex -125.283 -39.7392 -12.1981
      vertex -125.293 -39.6525 -12.1981
      vertex -125.293 -39.6525 -14.1981
    endloop
  endfacet
  facet normal -0.988357 -0.152153 0
    outer loop
      vertex -125.293 -39.6525 -14.1981
      vertex -125.293 -39.6525 -12.1981
      vertex -125.306 -39.5663 -14.1981
    endloop
  endfacet
  facet normal -0.988357 -0.152153 0
    outer loop
      vertex -125.293 -39.6525 -12.1981
      vertex -125.306 -39.5663 -12.1981
      vertex -125.306 -39.5663 -14.1981
    endloop
  endfacet
  facet normal -0.9808 -0.195016 0
    outer loop
      vertex -125.306 -39.5663 -14.1981
      vertex -125.306 -39.5663 -12.1981
      vertex -125.323 -39.4807 -14.1981
    endloop
  endfacet
  facet normal -0.9808 -0.195016 0
    outer loop
      vertex -125.306 -39.5663 -12.1981
      vertex -125.323 -39.4807 -12.1981
      vertex -125.323 -39.4807 -14.1981
    endloop
  endfacet
  facet normal -0.971336 -0.237711 0
    outer loop
      vertex -125.323 -39.4807 -14.1981
      vertex -125.323 -39.4807 -12.1981
      vertex -125.344 -39.3959 -14.1981
    endloop
  endfacet
  facet normal -0.971336 -0.237711 0
    outer loop
      vertex -125.323 -39.4807 -12.1981
      vertex -125.344 -39.3959 -12.1981
      vertex -125.344 -39.3959 -14.1981
    endloop
  endfacet
  facet normal -0.960034 -0.279882 0
    outer loop
      vertex -125.344 -39.3959 -14.1981
      vertex -125.344 -39.3959 -12.1981
      vertex -125.368 -39.3121 -14.1981
    endloop
  endfacet
  facet normal -0.960034 -0.279882 0
    outer loop
      vertex -125.344 -39.3959 -12.1981
      vertex -125.368 -39.3121 -12.1981
      vertex -125.368 -39.3121 -14.1981
    endloop
  endfacet
  facet normal -0.946944 -0.321398 0
    outer loop
      vertex -125.368 -39.3121 -14.1981
      vertex -125.368 -39.3121 -12.1981
      vertex -125.396 -39.2295 -14.1981
    endloop
  endfacet
  facet normal -0.946944 -0.321398 0
    outer loop
      vertex -125.368 -39.3121 -12.1981
      vertex -125.396 -39.2295 -12.1981
      vertex -125.396 -39.2295 -14.1981
    endloop
  endfacet
  facet normal -0.932031 -0.362378 0
    outer loop
      vertex -125.396 -39.2295 -14.1981
      vertex -125.396 -39.2295 -12.1981
      vertex -125.428 -39.1482 -14.1981
    endloop
  endfacet
  facet normal -0.932031 -0.362378 0
    outer loop
      vertex -125.396 -39.2295 -12.1981
      vertex -125.428 -39.1482 -12.1981
      vertex -125.428 -39.1482 -14.1981
    endloop
  endfacet
  facet normal -0.915277 -0.402824 0
    outer loop
      vertex -125.428 -39.1482 -14.1981
      vertex -125.428 -39.1482 -12.1981
      vertex -125.463 -39.0683 -14.1981
    endloop
  endfacet
  facet normal -0.915277 -0.402824 0
    outer loop
      vertex -125.428 -39.1482 -12.1981
      vertex -125.463 -39.0683 -12.1981
      vertex -125.463 -39.0683 -14.1981
    endloop
  endfacet
  facet normal -0.896873 -0.442289 0
    outer loop
      vertex -125.463 -39.0683 -14.1981
      vertex -125.463 -39.0683 -12.1981
      vertex -125.502 -38.9901 -14.1981
    endloop
  endfacet
  facet normal -0.896873 -0.442289 0
    outer loop
      vertex -125.463 -39.0683 -12.1981
      vertex -125.502 -38.9901 -12.1981
      vertex -125.502 -38.9901 -14.1981
    endloop
  endfacet
  facet normal -0.876771 -0.480909 0
    outer loop
      vertex -125.502 -38.9901 -14.1981
      vertex -125.502 -38.9901 -12.1981
      vertex -125.544 -38.9136 -14.1981
    endloop
  endfacet
  facet normal -0.876771 -0.480909 0
    outer loop
      vertex -125.502 -38.9901 -12.1981
      vertex -125.544 -38.9136 -12.1981
      vertex -125.544 -38.9136 -14.1981
    endloop
  endfacet
  facet normal -0.854902 -0.51879 0
    outer loop
      vertex -125.544 -38.9136 -14.1981
      vertex -125.544 -38.9136 -12.1981
      vertex -125.589 -38.839 -14.1981
    endloop
  endfacet
  facet normal -0.854902 -0.51879 0
    outer loop
      vertex -125.544 -38.9136 -12.1981
      vertex -125.589 -38.839 -12.1981
      vertex -125.589 -38.839 -14.1981
    endloop
  endfacet
  facet normal -0.831419 -0.555646 0
    outer loop
      vertex -125.589 -38.839 -14.1981
      vertex -125.589 -38.839 -12.1981
      vertex -125.638 -38.7664 -14.1981
    endloop
  endfacet
  facet normal -0.831419 -0.555646 0
    outer loop
      vertex -125.589 -38.839 -12.1981
      vertex -125.638 -38.7664 -12.1981
      vertex -125.638 -38.7664 -14.1981
    endloop
  endfacet
  facet normal -0.8065 -0.591234 0
    outer loop
      vertex -125.638 -38.7664 -14.1981
      vertex -125.638 -38.7664 -12.1981
      vertex -125.689 -38.696 -14.1981
    endloop
  endfacet
  facet normal -0.8065 -0.591234 0
    outer loop
      vertex -125.638 -38.7664 -12.1981
      vertex -125.689 -38.696 -12.1981
      vertex -125.689 -38.696 -14.1981
    endloop
  endfacet
  facet normal -0.779835 -0.625985 0
    outer loop
      vertex -125.689 -38.696 -14.1981
      vertex -125.689 -38.696 -12.1981
      vertex -125.744 -38.628 -14.1981
    endloop
  endfacet
  facet normal -0.779835 -0.625985 0
    outer loop
      vertex -125.689 -38.696 -12.1981
      vertex -125.744 -38.628 -12.1981
      vertex -125.744 -38.628 -14.1981
    endloop
  endfacet
  facet normal -0.75183 -0.659357 0
    outer loop
      vertex -125.744 -38.628 -14.1981
      vertex -125.744 -38.628 -12.1981
      vertex -125.801 -38.5624 -14.1981
    endloop
  endfacet
  facet normal -0.75183 -0.659357 0
    outer loop
      vertex -125.744 -38.628 -12.1981
      vertex -125.801 -38.5624 -12.1981
      vertex -125.801 -38.5624 -14.1981
    endloop
  endfacet
  facet normal -0.722414 -0.691461 0
    outer loop
      vertex -125.801 -38.5624 -14.1981
      vertex -125.801 -38.5624 -12.1981
      vertex -125.862 -38.4993 -14.1981
    endloop
  endfacet
  facet normal -0.722414 -0.691461 0
    outer loop
      vertex -125.801 -38.5624 -12.1981
      vertex -125.862 -38.4993 -12.1981
      vertex -125.862 -38.4993 -14.1981
    endloop
  endfacet
  facet normal -0.691505 -0.722372 0
    outer loop
      vertex -125.862 -38.4993 -14.1981
      vertex -125.862 -38.4993 -12.1981
      vertex -125.925 -38.439 -14.1981
    endloop
  endfacet
  facet normal -0.691505 -0.722372 0
    outer loop
      vertex -125.862 -38.4993 -12.1981
      vertex -125.925 -38.439 -12.1981
      vertex -125.925 -38.439 -14.1981
    endloop
  endfacet
  facet normal -0.659338 -0.751846 0
    outer loop
      vertex -125.925 -38.439 -14.1981
      vertex -125.925 -38.439 -12.1981
      vertex -125.99 -38.3815 -14.1981
    endloop
  endfacet
  facet normal -0.659338 -0.751846 0
    outer loop
      vertex -125.925 -38.439 -12.1981
      vertex -125.99 -38.3815 -12.1981
      vertex -125.99 -38.3815 -14.1981
    endloop
  endfacet
  facet normal -0.625907 -0.779897 0
    outer loop
      vertex -125.99 -38.3815 -14.1981
      vertex -125.99 -38.3815 -12.1981
      vertex -126.058 -38.3268 -14.1981
    endloop
  endfacet
  facet normal -0.625907 -0.779897 0
    outer loop
      vertex -125.99 -38.3815 -12.1981
      vertex -126.058 -38.3268 -12.1981
      vertex -126.058 -38.3268 -14.1981
    endloop
  endfacet
  facet normal -0.591358 -0.806409 0
    outer loop
      vertex -126.058 -38.3268 -14.1981
      vertex -126.058 -38.3268 -12.1981
      vertex -126.129 -38.2752 -14.1981
    endloop
  endfacet
  facet normal -0.591358 -0.806409 0
    outer loop
      vertex -126.058 -38.3268 -12.1981
      vertex -126.129 -38.2752 -12.1981
      vertex -126.129 -38.2752 -14.1981
    endloop
  endfacet
  facet normal -0.555557 -0.831478 0
    outer loop
      vertex -126.129 -38.2752 -14.1981
      vertex -126.129 -38.2752 -12.1981
      vertex -126.201 -38.2268 -14.1981
    endloop
  endfacet
  facet normal -0.555557 -0.831478 0
    outer loop
      vertex -126.129 -38.2752 -12.1981
      vertex -126.201 -38.2268 -12.1981
      vertex -126.201 -38.2268 -14.1981
    endloop
  endfacet
  facet normal -0.518733 -0.854936 0
    outer loop
      vertex -126.201 -38.2268 -14.1981
      vertex -126.201 -38.2268 -12.1981
      vertex -126.276 -38.1815 -14.1981
    endloop
  endfacet
  facet normal -0.518733 -0.854936 0
    outer loop
      vertex -126.201 -38.2268 -12.1981
      vertex -126.276 -38.1815 -12.1981
      vertex -126.276 -38.1815 -14.1981
    endloop
  endfacet
  facet normal -0.480974 -0.876735 0
    outer loop
      vertex -126.276 -38.1815 -14.1981
      vertex -126.276 -38.1815 -12.1981
      vertex -126.352 -38.1395 -14.1981
    endloop
  endfacet
  facet normal -0.480974 -0.876735 0
    outer loop
      vertex -126.276 -38.1815 -12.1981
      vertex -126.352 -38.1395 -12.1981
      vertex -126.352 -38.1395 -14.1981
    endloop
  endfacet
  facet normal -0.442289 -0.896873 0
    outer loop
      vertex -126.352 -38.1395 -14.1981
      vertex -126.352 -38.1395 -12.1981
      vertex -126.431 -38.1009 -14.1981
    endloop
  endfacet
  facet normal -0.442289 -0.896873 0
    outer loop
      vertex -126.352 -38.1395 -12.1981
      vertex -126.431 -38.1009 -12.1981
      vertex -126.431 -38.1009 -14.1981
    endloop
  endfacet
  facet normal -0.402753 -0.915309 0
    outer loop
      vertex -126.431 -38.1009 -14.1981
      vertex -126.431 -38.1009 -12.1981
      vertex -126.511 -38.0658 -14.1981
    endloop
  endfacet
  facet normal -0.402753 -0.915309 0
    outer loop
      vertex -126.431 -38.1009 -12.1981
      vertex -126.511 -38.0658 -12.1981
      vertex -126.511 -38.0658 -14.1981
    endloop
  endfacet
  facet normal -0.362459 -0.932 0
    outer loop
      vertex -126.511 -38.0658 -14.1981
      vertex -126.511 -38.0658 -12.1981
      vertex -126.592 -38.0342 -14.1981
    endloop
  endfacet
  facet normal -0.362459 -0.932 0
    outer loop
      vertex -126.511 -38.0658 -12.1981
      vertex -126.592 -38.0342 -12.1981
      vertex -126.592 -38.0342 -14.1981
    endloop
  endfacet
  facet normal -0.321474 -0.946918 0
    outer loop
      vertex -126.592 -38.0342 -14.1981
      vertex -126.592 -38.0342 -12.1981
      vertex -126.674 -38.0061 -14.1981
    endloop
  endfacet
  facet normal -0.321474 -0.946918 0
    outer loop
      vertex -126.592 -38.0342 -12.1981
      vertex -126.674 -38.0061 -12.1981
      vertex -126.674 -38.0061 -14.1981
    endloop
  endfacet
  facet normal -0.279803 -0.960057 0
    outer loop
      vertex -126.674 -38.0061 -14.1981
      vertex -126.674 -38.0061 -12.1981
      vertex -126.758 -37.9817 -14.1981
    endloop
  endfacet
  facet normal -0.279803 -0.960057 0
    outer loop
      vertex -126.674 -38.0061 -12.1981
      vertex -126.758 -37.9817 -12.1981
      vertex -126.758 -37.9817 -14.1981
    endloop
  endfacet
  facet normal -0.237711 -0.971336 0
    outer loop
      vertex -126.758 -37.9817 -14.1981
      vertex -126.758 -37.9817 -12.1981
      vertex -126.843 -37.961 -14.1981
    endloop
  endfacet
  facet normal -0.237711 -0.971336 0
    outer loop
      vertex -126.758 -37.9817 -12.1981
      vertex -126.843 -37.961 -12.1981
      vertex -126.843 -37.961 -14.1981
    endloop
  endfacet
  facet normal -0.195041 -0.980795 0
    outer loop
      vertex -126.843 -37.961 -14.1981
      vertex -126.843 -37.961 -12.1981
      vertex -126.929 -37.9439 -14.1981
    endloop
  endfacet
  facet normal -0.195041 -0.980795 0
    outer loop
      vertex -126.843 -37.961 -12.1981
      vertex -126.929 -37.9439 -12.1981
      vertex -126.929 -37.9439 -14.1981
    endloop
  endfacet
  facet normal -0.152173 -0.988354 0
    outer loop
      vertex -126.929 -37.9439 -14.1981
      vertex -126.929 -37.9439 -12.1981
      vertex -127.015 -37.9307 -14.1981
    endloop
  endfacet
  facet normal -0.152173 -0.988354 0
    outer loop
      vertex -126.929 -37.9439 -12.1981
      vertex -127.015 -37.9307 -12.1981
      vertex -127.015 -37.9307 -14.1981
    endloop
  endfacet
  facet normal -0.108848 -0.994058 0
    outer loop
      vertex -127.015 -37.9307 -14.1981
      vertex -127.015 -37.9307 -12.1981
      vertex -127.102 -37.9212 -14.1981
    endloop
  endfacet
  facet normal -0.108848 -0.994058 0
    outer loop
      vertex -127.015 -37.9307 -12.1981
      vertex -127.102 -37.9212 -12.1981
      vertex -127.102 -37.9212 -14.1981
    endloop
  endfacet
  facet normal -0.0654082 -0.997859 0
    outer loop
      vertex -127.102 -37.9212 -14.1981
      vertex -127.102 -37.9212 -12.1981
      vertex -127.189 -37.9155 -14.1981
    endloop
  endfacet
  facet normal -0.0654082 -0.997859 0
    outer loop
      vertex -127.102 -37.9212 -12.1981
      vertex -127.189 -37.9155 -12.1981
      vertex -127.189 -37.9155 -14.1981
    endloop
  endfacet
  facet normal -0.0218175 -0.999762 0
    outer loop
      vertex -127.189 -37.9155 -14.1981
      vertex -127.189 -37.9155 -12.1981
      vertex -127.276 -37.9136 -14.1981
    endloop
  endfacet
  facet normal -0.0218175 -0.999762 0
    outer loop
      vertex -127.189 -37.9155 -12.1981
      vertex -127.276 -37.9136 -12.1981
      vertex -127.276 -37.9136 -14.1981
    endloop
  endfacet
  facet normal 0.0218138 -0.999762 0
    outer loop
      vertex -127.276 -37.9136 -14.1981
      vertex -127.276 -37.9136 -12.1981
      vertex -127.363 -37.9155 -14.1981
    endloop
  endfacet
  facet normal 0.0218138 -0.999762 0
    outer loop
      vertex -127.276 -37.9136 -12.1981
      vertex -127.363 -37.9155 -12.1981
      vertex -127.363 -37.9155 -14.1981
    endloop
  endfacet
  facet normal 0.0654082 -0.997859 0
    outer loop
      vertex -127.363 -37.9155 -14.1981
      vertex -127.363 -37.9155 -12.1981
      vertex -127.45 -37.9212 -14.1981
    endloop
  endfacet
  facet normal 0.0654082 -0.997859 0
    outer loop
      vertex -127.363 -37.9155 -12.1981
      vertex -127.45 -37.9212 -12.1981
      vertex -127.45 -37.9212 -14.1981
    endloop
  endfacet
  facet normal 0.108866 -0.994056 0
    outer loop
      vertex -127.45 -37.9212 -14.1981
      vertex -127.45 -37.9212 -12.1981
      vertex -127.537 -37.9307 -14.1981
    endloop
  endfacet
  facet normal 0.108866 -0.994056 0
    outer loop
      vertex -127.45 -37.9212 -12.1981
      vertex -127.537 -37.9307 -12.1981
      vertex -127.537 -37.9307 -14.1981
    endloop
  endfacet
  facet normal 0.152147 -0.988358 0
    outer loop
      vertex -127.537 -37.9307 -14.1981
      vertex -127.537 -37.9307 -12.1981
      vertex -127.623 -37.9439 -14.1981
    endloop
  endfacet
  facet normal 0.152147 -0.988358 0
    outer loop
      vertex -127.537 -37.9307 -12.1981
      vertex -127.623 -37.9439 -12.1981
      vertex -127.623 -37.9439 -14.1981
    endloop
  endfacet
  facet normal 0.195073 -0.980789 0
    outer loop
      vertex -127.623 -37.9439 -14.1981
      vertex -127.623 -37.9439 -12.1981
      vertex -127.709 -37.961 -14.1981
    endloop
  endfacet
  facet normal 0.195073 -0.980789 0
    outer loop
      vertex -127.623 -37.9439 -12.1981
      vertex -127.709 -37.961 -12.1981
      vertex -127.709 -37.961 -14.1981
    endloop
  endfacet
  facet normal 0.237671 -0.971346 0
    outer loop
      vertex -127.709 -37.961 -14.1981
      vertex -127.709 -37.961 -12.1981
      vertex -127.794 -37.9817 -14.1981
    endloop
  endfacet
  facet normal 0.237671 -0.971346 0
    outer loop
      vertex -127.709 -37.961 -12.1981
      vertex -127.794 -37.9817 -12.1981
      vertex -127.794 -37.9817 -14.1981
    endloop
  endfacet
  facet normal 0.279849 -0.960044 0
    outer loop
      vertex -127.794 -37.9817 -14.1981
      vertex -127.794 -37.9817 -12.1981
      vertex -127.877 -38.0061 -14.1981
    endloop
  endfacet
  facet normal 0.279849 -0.960044 0
    outer loop
      vertex -127.794 -37.9817 -12.1981
      vertex -127.877 -38.0061 -12.1981
      vertex -127.877 -38.0061 -14.1981
    endloop
  endfacet
  facet normal 0.321422 -0.946936 0
    outer loop
      vertex -127.877 -38.0061 -14.1981
      vertex -127.877 -38.0061 -12.1981
      vertex -127.96 -38.0342 -14.1981
    endloop
  endfacet
  facet normal 0.321422 -0.946936 0
    outer loop
      vertex -127.877 -38.0061 -12.1981
      vertex -127.96 -38.0342 -12.1981
      vertex -127.96 -38.0342 -14.1981
    endloop
  endfacet
  facet normal 0.362459 -0.932 0
    outer loop
      vertex -127.96 -38.0342 -14.1981
      vertex -127.96 -38.0342 -12.1981
      vertex -128.041 -38.0658 -14.1981
    endloop
  endfacet
  facet normal 0.362459 -0.932 0
    outer loop
      vertex -127.96 -38.0342 -12.1981
      vertex -128.041 -38.0658 -12.1981
      vertex -128.041 -38.0658 -14.1981
    endloop
  endfacet
  facet normal 0.402753 -0.915309 0
    outer loop
      vertex -128.041 -38.0658 -14.1981
      vertex -128.041 -38.0658 -12.1981
      vertex -128.121 -38.1009 -14.1981
    endloop
  endfacet
  facet normal 0.402753 -0.915309 0
    outer loop
      vertex -128.041 -38.0658 -12.1981
      vertex -128.121 -38.1009 -12.1981
      vertex -128.121 -38.1009 -14.1981
    endloop
  endfacet
  facet normal 0.442289 -0.896873 0
    outer loop
      vertex -128.121 -38.1009 -14.1981
      vertex -128.121 -38.1009 -12.1981
      vertex -128.199 -38.1395 -14.1981
    endloop
  endfacet
  facet normal 0.442289 -0.896873 0
    outer loop
      vertex -128.121 -38.1009 -12.1981
      vertex -128.199 -38.1395 -12.1981
      vertex -128.199 -38.1395 -14.1981
    endloop
  endfacet
  facet normal 0.480974 -0.876735 0
    outer loop
      vertex -128.199 -38.1395 -14.1981
      vertex -128.199 -38.1395 -12.1981
      vertex -128.276 -38.1815 -14.1981
    endloop
  endfacet
  facet normal 0.480974 -0.876735 0
    outer loop
      vertex -128.199 -38.1395 -12.1981
      vertex -128.276 -38.1815 -12.1981
      vertex -128.276 -38.1815 -14.1981
    endloop
  endfacet
  facet normal 0.518733 -0.854936 0
    outer loop
      vertex -128.276 -38.1815 -14.1981
      vertex -128.276 -38.1815 -12.1981
      vertex -128.35 -38.2268 -14.1981
    endloop
  endfacet
  facet normal 0.518733 -0.854936 0
    outer loop
      vertex -128.276 -38.1815 -12.1981
      vertex -128.35 -38.2268 -12.1981
      vertex -128.35 -38.2268 -14.1981
    endloop
  endfacet
  facet normal 0.555557 -0.831478 0
    outer loop
      vertex -128.35 -38.2268 -14.1981
      vertex -128.35 -38.2268 -12.1981
      vertex -128.423 -38.2752 -14.1981
    endloop
  endfacet
  facet normal 0.555557 -0.831478 0
    outer loop
      vertex -128.35 -38.2268 -12.1981
      vertex -128.423 -38.2752 -12.1981
      vertex -128.423 -38.2752 -14.1981
    endloop
  endfacet
  facet normal 0.591358 -0.806409 0
    outer loop
      vertex -128.423 -38.2752 -14.1981
      vertex -128.423 -38.2752 -12.1981
      vertex -128.493 -38.3268 -14.1981
    endloop
  endfacet
  facet normal 0.591358 -0.806409 0
    outer loop
      vertex -128.423 -38.2752 -12.1981
      vertex -128.493 -38.3268 -12.1981
      vertex -128.493 -38.3268 -14.1981
    endloop
  endfacet
  facet normal 0.625907 -0.779897 0
    outer loop
      vertex -128.493 -38.3268 -14.1981
      vertex -128.493 -38.3268 -12.1981
      vertex -128.561 -38.3815 -14.1981
    endloop
  endfacet
  facet normal 0.625907 -0.779897 0
    outer loop
      vertex -128.493 -38.3268 -12.1981
      vertex -128.561 -38.3815 -12.1981
      vertex -128.561 -38.3815 -14.1981
    endloop
  endfacet
  facet normal 0.659338 -0.751846 0
    outer loop
      vertex -128.561 -38.3815 -14.1981
      vertex -128.561 -38.3815 -12.1981
      vertex -128.627 -38.439 -14.1981
    endloop
  endfacet
  facet normal 0.659338 -0.751846 0
    outer loop
      vertex -128.561 -38.3815 -12.1981
      vertex -128.627 -38.439 -12.1981
      vertex -128.627 -38.439 -14.1981
    endloop
  endfacet
  facet normal 0.691505 -0.722372 0
    outer loop
      vertex -128.627 -38.439 -14.1981
      vertex -128.627 -38.439 -12.1981
      vertex -128.69 -38.4993 -14.1981
    endloop
  endfacet
  facet normal 0.691505 -0.722372 0
    outer loop
      vertex -128.627 -38.439 -12.1981
      vertex -128.69 -38.4993 -12.1981
      vertex -128.69 -38.4993 -14.1981
    endloop
  endfacet
  facet normal 0.722414 -0.691461 0
    outer loop
      vertex -128.69 -38.4993 -14.1981
      vertex -128.69 -38.4993 -12.1981
      vertex -128.75 -38.5624 -14.1981
    endloop
  endfacet
  facet normal 0.722414 -0.691461 0
    outer loop
      vertex -128.69 -38.4993 -12.1981
      vertex -128.75 -38.5624 -12.1981
      vertex -128.75 -38.5624 -14.1981
    endloop
  endfacet
  facet normal 0.75183 -0.659357 0
    outer loop
      vertex -128.75 -38.5624 -14.1981
      vertex -128.75 -38.5624 -12.1981
      vertex -128.808 -38.628 -14.1981
    endloop
  endfacet
  facet normal 0.75183 -0.659357 0
    outer loop
      vertex -128.75 -38.5624 -12.1981
      vertex -128.808 -38.628 -12.1981
      vertex -128.808 -38.628 -14.1981
    endloop
  endfacet
  facet normal 0.779918 -0.625881 0
    outer loop
      vertex -128.808 -38.628 -14.1981
      vertex -128.808 -38.628 -12.1981
      vertex -128.863 -38.696 -14.1981
    endloop
  endfacet
  facet normal 0.779918 -0.625881 0
    outer loop
      vertex -128.808 -38.628 -12.1981
      vertex -128.863 -38.696 -12.1981
      vertex -128.863 -38.696 -14.1981
    endloop
  endfacet
  facet normal 0.806419 -0.591345 0
    outer loop
      vertex -128.863 -38.696 -14.1981
      vertex -128.863 -38.696 -12.1981
      vertex -128.914 -38.7664 -14.1981
    endloop
  endfacet
  facet normal 0.806419 -0.591345 0
    outer loop
      vertex -128.863 -38.696 -12.1981
      vertex -128.914 -38.7664 -12.1981
      vertex -128.914 -38.7664 -14.1981
    endloop
  endfacet
  facet normal 0.831498 -0.555528 0
    outer loop
      vertex -128.914 -38.7664 -14.1981
      vertex -128.914 -38.7664 -12.1981
      vertex -128.963 -38.839 -14.1981
    endloop
  endfacet
  facet normal 0.831498 -0.555528 0
    outer loop
      vertex -128.914 -38.7664 -12.1981
      vertex -128.963 -38.839 -12.1981
      vertex -128.963 -38.839 -14.1981
    endloop
  endfacet
  facet normal 0.854902 -0.51879 0
    outer loop
      vertex -128.963 -38.839 -14.1981
      vertex -128.963 -38.839 -12.1981
      vertex -129.008 -38.9136 -14.1981
    endloop
  endfacet
  facet normal 0.854902 -0.51879 0
    outer loop
      vertex -128.963 -38.839 -12.1981
      vertex -129.008 -38.9136 -12.1981
      vertex -129.008 -38.9136 -14.1981
    endloop
  endfacet
  facet normal 0.876699 -0.48104 0
    outer loop
      vertex -129.008 -38.9136 -14.1981
      vertex -129.008 -38.9136 -12.1981
      vertex -129.05 -38.9901 -14.1981
    endloop
  endfacet
  facet normal 0.876699 -0.48104 0
    outer loop
      vertex -129.008 -38.9136 -12.1981
      vertex -129.05 -38.9901 -12.1981
      vertex -129.05 -38.9901 -14.1981
    endloop
  endfacet
  facet normal 0.896873 -0.442289 0
    outer loop
      vertex -129.05 -38.9901 -14.1981
      vertex -129.05 -38.9901 -12.1981
      vertex -129.088 -39.0683 -14.1981
    endloop
  endfacet
  facet normal 0.896873 -0.442289 0
    outer loop
      vertex -129.05 -38.9901 -12.1981
      vertex -129.088 -39.0683 -12.1981
      vertex -129.088 -39.0683 -14.1981
    endloop
  endfacet
  facet normal 0.91534 -0.402681 0
    outer loop
      vertex -129.088 -39.0683 -14.1981
      vertex -129.088 -39.0683 -12.1981
      vertex -129.124 -39.1482 -14.1981
    endloop
  endfacet
  facet normal 0.91534 -0.402681 0
    outer loop
      vertex -129.088 -39.0683 -12.1981
      vertex -129.124 -39.1482 -12.1981
      vertex -129.124 -39.1482 -14.1981
    endloop
  endfacet
  facet normal 0.931973 -0.362527 0
    outer loop
      vertex -129.124 -39.1482 -14.1981
      vertex -129.124 -39.1482 -12.1981
      vertex -129.155 -39.2295 -14.1981
    endloop
  endfacet
  facet normal 0.931973 -0.362527 0
    outer loop
      vertex -129.124 -39.1482 -12.1981
      vertex -129.155 -39.2295 -12.1981
      vertex -129.155 -39.2295 -14.1981
    endloop
  endfacet
  facet normal 0.946944 -0.321398 0
    outer loop
      vertex -129.155 -39.2295 -14.1981
      vertex -129.155 -39.2295 -12.1981
      vertex -129.183 -39.3121 -14.1981
    endloop
  endfacet
  facet normal 0.946944 -0.321398 0
    outer loop
      vertex -129.155 -39.2295 -12.1981
      vertex -129.183 -39.3121 -12.1981
      vertex -129.183 -39.3121 -14.1981
    endloop
  endfacet
  facet normal 0.960034 -0.279882 0
    outer loop
      vertex -129.183 -39.3121 -14.1981
      vertex -129.183 -39.3121 -12.1981
      vertex -129.208 -39.3959 -14.1981
    endloop
  endfacet
  facet normal 0.960034 -0.279882 0
    outer loop
      vertex -129.183 -39.3121 -12.1981
      vertex -129.208 -39.3959 -12.1981
      vertex -129.208 -39.3959 -14.1981
    endloop
  endfacet
  facet normal 0.971336 -0.237711 0
    outer loop
      vertex -129.208 -39.3959 -14.1981
      vertex -129.208 -39.3959 -12.1981
      vertex -129.228 -39.4807 -14.1981
    endloop
  endfacet
  facet normal 0.971336 -0.237711 0
    outer loop
      vertex -129.208 -39.3959 -12.1981
      vertex -129.228 -39.4807 -12.1981
      vertex -129.228 -39.4807 -14.1981
    endloop
  endfacet
  facet normal 0.9808 -0.195016 0
    outer loop
      vertex -129.228 -39.4807 -14.1981
      vertex -129.228 -39.4807 -12.1981
      vertex -129.245 -39.5663 -14.1981
    endloop
  endfacet
  facet normal 0.9808 -0.195016 0
    outer loop
      vertex -129.228 -39.4807 -12.1981
      vertex -129.245 -39.5663 -12.1981
      vertex -129.245 -39.5663 -14.1981
    endloop
  endfacet
  facet normal 0.988357 -0.152153 0
    outer loop
      vertex -129.245 -39.5663 -14.1981
      vertex -129.245 -39.5663 -12.1981
      vertex -129.259 -39.6525 -14.1981
    endloop
  endfacet
  facet normal 0.988357 -0.152153 0
    outer loop
      vertex -129.245 -39.5663 -12.1981
      vertex -129.259 -39.6525 -12.1981
      vertex -129.259 -39.6525 -14.1981
    endloop
  endfacet
  facet normal 0.994066 -0.108782 0
    outer loop
      vertex -129.259 -39.6525 -14.1981
      vertex -129.259 -39.6525 -12.1981
      vertex -129.268 -39.7392 -14.1981
    endloop
  endfacet
  facet normal 0.994066 -0.108782 0
    outer loop
      vertex -129.259 -39.6525 -12.1981
      vertex -129.268 -39.7392 -12.1981
      vertex -129.268 -39.7392 -14.1981
    endloop
  endfacet
  facet normal 0.997859 -0.0654054 0
    outer loop
      vertex -129.268 -39.7392 -14.1981
      vertex -129.268 -39.7392 -12.1981
      vertex -129.274 -39.8263 -14.1981
    endloop
  endfacet
  facet normal 0.997859 -0.0654054 0
    outer loop
      vertex -129.268 -39.7392 -12.1981
      vertex -129.274 -39.8263 -12.1981
      vertex -129.274 -39.8263 -14.1981
    endloop
  endfacet
  facet normal 0.999761 -0.0218583 0
    outer loop
      vertex -129.274 -39.8263 -14.1981
      vertex -129.274 -39.8263 -12.1981
      vertex -129.276 -39.9136 -14.1981
    endloop
  endfacet
  facet normal 0.999761 -0.0218583 0
    outer loop
      vertex -129.274 -39.8263 -12.1981
      vertex -129.276 -39.9136 -12.1981
      vertex -129.276 -39.9136 -14.1981
    endloop
  endfacet
  facet normal 0.999761 0.0218583 0
    outer loop
      vertex -129.276 -39.9136 -14.1981
      vertex -129.276 -39.9136 -12.1981
      vertex -129.274 -40.0008 -14.1981
    endloop
  endfacet
  facet normal 0.999761 0.0218583 0
    outer loop
      vertex -129.276 -39.9136 -12.1981
      vertex -129.274 -40.0008 -12.1981
      vertex -129.274 -40.0008 -14.1981
    endloop
  endfacet
  facet normal 0.997859 0.0654026 0
    outer loop
      vertex -129.274 -40.0008 -14.1981
      vertex -129.274 -40.0008 -12.1981
      vertex -129.268 -40.0879 -14.1981
    endloop
  endfacet
  facet normal 0.997859 0.0654026 0
    outer loop
      vertex -129.274 -40.0008 -12.1981
      vertex -129.268 -40.0879 -12.1981
      vertex -129.268 -40.0879 -14.1981
    endloop
  endfacet
  facet normal 0.994066 0.108782 0
    outer loop
      vertex -129.268 -40.0879 -14.1981
      vertex -129.268 -40.0879 -12.1981
      vertex -129.259 -40.1746 -14.1981
    endloop
  endfacet
  facet normal 0.994066 0.108782 0
    outer loop
      vertex -129.268 -40.0879 -12.1981
      vertex -129.259 -40.1746 -12.1981
      vertex -129.259 -40.1746 -14.1981
    endloop
  endfacet
  facet normal 0.988357 0.152153 0
    outer loop
      vertex -129.259 -40.1746 -14.1981
      vertex -129.259 -40.1746 -12.1981
      vertex -129.245 -40.2609 -14.1981
    endloop
  endfacet
  facet normal 0.988357 0.152153 0
    outer loop
      vertex -129.259 -40.1746 -12.1981
      vertex -129.245 -40.2609 -12.1981
      vertex -129.245 -40.2609 -14.1981
    endloop
  endfacet
  facet normal 0.980798 0.195024 0
    outer loop
      vertex -129.245 -40.2609 -14.1981
      vertex -129.245 -40.2609 -12.1981
      vertex -129.228 -40.3464 -14.1981
    endloop
  endfacet
  facet normal 0.980798 0.195024 0
    outer loop
      vertex -129.245 -40.2609 -12.1981
      vertex -129.228 -40.3464 -12.1981
      vertex -129.228 -40.3464 -14.1981
    endloop
  endfacet
  facet normal 0.971338 0.237701 0
    outer loop
      vertex -129.228 -40.3464 -14.1981
      vertex -129.228 -40.3464 -12.1981
      vertex -129.208 -40.4312 -14.1981
    endloop
  endfacet
  facet normal 0.971338 0.237701 0
    outer loop
      vertex -129.228 -40.3464 -12.1981
      vertex -129.208 -40.4312 -12.1981
      vertex -129.208 -40.4312 -14.1981
    endloop
  endfacet
  facet normal 0.960034 0.279882 0
    outer loop
      vertex -129.208 -40.4312 -14.1981
      vertex -129.208 -40.4312 -12.1981
      vertex -129.183 -40.515 -14.1981
    endloop
  endfacet
  facet normal 0.960034 0.279882 0
    outer loop
      vertex -129.208 -40.4312 -12.1981
      vertex -129.183 -40.515 -12.1981
      vertex -129.183 -40.515 -14.1981
    endloop
  endfacet
  facet normal 0.946944 0.321398 0
    outer loop
      vertex -129.183 -40.515 -14.1981
      vertex -129.183 -40.515 -12.1981
      vertex -129.155 -40.5976 -14.1981
    endloop
  endfacet
  facet normal 0.946944 0.321398 0
    outer loop
      vertex -129.183 -40.515 -12.1981
      vertex -129.155 -40.5976 -12.1981
      vertex -129.155 -40.5976 -14.1981
    endloop
  endfacet
  facet normal 0.931973 0.362527 0
    outer loop
      vertex -129.155 -40.5976 -14.1981
      vertex -129.155 -40.5976 -12.1981
      vertex -129.124 -40.6789 -14.1981
    endloop
  endfacet
  facet normal 0.931973 0.362527 0
    outer loop
      vertex -129.155 -40.5976 -12.1981
      vertex -129.124 -40.6789 -12.1981
      vertex -129.124 -40.6789 -14.1981
    endloop
  endfacet
  facet normal 0.91534 0.402681 0
    outer loop
      vertex -129.124 -40.6789 -14.1981
      vertex -129.124 -40.6789 -12.1981
      vertex -129.088 -40.7588 -14.1981
    endloop
  endfacet
  facet normal 0.91534 0.402681 0
    outer loop
      vertex -129.124 -40.6789 -12.1981
      vertex -129.088 -40.7588 -12.1981
      vertex -129.088 -40.7588 -14.1981
    endloop
  endfacet
  facet normal 0.896873 0.442289 0
    outer loop
      vertex -129.088 -40.7588 -14.1981
      vertex -129.088 -40.7588 -12.1981
      vertex -129.05 -40.8371 -14.1981
    endloop
  endfacet
  facet normal 0.896873 0.442289 0
    outer loop
      vertex -129.088 -40.7588 -12.1981
      vertex -129.05 -40.8371 -12.1981
      vertex -129.05 -40.8371 -14.1981
    endloop
  endfacet
  facet normal 0.876699 0.48104 0
    outer loop
      vertex -129.05 -40.8371 -14.1981
      vertex -129.05 -40.8371 -12.1981
      vertex -129.008 -40.9136 -14.1981
    endloop
  endfacet
  facet normal 0.876699 0.48104 0
    outer loop
      vertex -129.05 -40.8371 -12.1981
      vertex -129.008 -40.9136 -12.1981
      vertex -129.008 -40.9136 -14.1981
    endloop
  endfacet
  facet normal 0.854902 0.51879 0
    outer loop
      vertex -129.008 -40.9136 -14.1981
      vertex -129.008 -40.9136 -12.1981
      vertex -128.963 -40.9882 -14.1981
    endloop
  endfacet
  facet normal 0.854902 0.51879 0
    outer loop
      vertex -129.008 -40.9136 -12.1981
      vertex -128.963 -40.9882 -12.1981
      vertex -128.963 -40.9882 -14.1981
    endloop
  endfacet
  facet normal 0.831498 0.555528 0
    outer loop
      vertex -128.963 -40.9882 -14.1981
      vertex -128.963 -40.9882 -12.1981
      vertex -128.914 -41.0607 -14.1981
    endloop
  endfacet
  facet normal 0.831498 0.555528 0
    outer loop
      vertex -128.963 -40.9882 -12.1981
      vertex -128.914 -41.0607 -12.1981
      vertex -128.914 -41.0607 -14.1981
    endloop
  endfacet
  facet normal 0.806419 0.591345 0
    outer loop
      vertex -128.914 -41.0607 -14.1981
      vertex -128.914 -41.0607 -12.1981
      vertex -128.863 -41.1311 -14.1981
    endloop
  endfacet
  facet normal 0.806419 0.591345 0
    outer loop
      vertex -128.914 -41.0607 -12.1981
      vertex -128.863 -41.1311 -12.1981
      vertex -128.863 -41.1311 -14.1981
    endloop
  endfacet
  facet normal 0.779902 0.625902 0
    outer loop
      vertex -128.863 -41.1311 -14.1981
      vertex -128.863 -41.1311 -12.1981
      vertex -128.808 -41.1991 -14.1981
    endloop
  endfacet
  facet normal 0.779902 0.625902 0
    outer loop
      vertex -128.863 -41.1311 -12.1981
      vertex -128.808 -41.1991 -12.1981
      vertex -128.808 -41.1991 -14.1981
    endloop
  endfacet
  facet normal 0.751849 0.659335 0
    outer loop
      vertex -128.808 -41.1991 -14.1981
      vertex -128.808 -41.1991 -12.1981
      vertex -128.75 -41.2647 -14.1981
    endloop
  endfacet
  facet normal 0.751849 0.659335 0
    outer loop
      vertex -128.808 -41.1991 -12.1981
      vertex -128.75 -41.2647 -12.1981
      vertex -128.75 -41.2647 -14.1981
    endloop
  endfacet
  facet normal 0.722393 0.691482 0
    outer loop
      vertex -128.75 -41.2647 -14.1981
      vertex -128.75 -41.2647 -12.1981
      vertex -128.69 -41.3278 -14.1981
    endloop
  endfacet
  facet normal 0.722393 0.691482 0
    outer loop
      vertex -128.75 -41.2647 -12.1981
      vertex -128.69 -41.3278 -12.1981
      vertex -128.69 -41.3278 -14.1981
    endloop
  endfacet
  facet normal 0.691527 0.722351 0
    outer loop
      vertex -128.69 -41.3278 -14.1981
      vertex -128.69 -41.3278 -12.1981
      vertex -128.627 -41.3881 -14.1981
    endloop
  endfacet
  facet normal 0.691527 0.722351 0
    outer loop
      vertex -128.69 -41.3278 -12.1981
      vertex -128.627 -41.3881 -12.1981
      vertex -128.627 -41.3881 -14.1981
    endloop
  endfacet
  facet normal 0.659314 0.751868 0
    outer loop
      vertex -128.627 -41.3881 -14.1981
      vertex -128.627 -41.3881 -12.1981
      vertex -128.561 -41.4456 -14.1981
    endloop
  endfacet
  facet normal 0.659314 0.751868 0
    outer loop
      vertex -128.627 -41.3881 -12.1981
      vertex -128.561 -41.4456 -12.1981
      vertex -128.561 -41.4456 -14.1981
    endloop
  endfacet
  facet normal 0.625933 0.779877 0
    outer loop
      vertex -128.561 -41.4456 -14.1981
      vertex -128.561 -41.4456 -12.1981
      vertex -128.493 -41.5003 -14.1981
    endloop
  endfacet
  facet normal 0.625933 0.779877 0
    outer loop
      vertex -128.561 -41.4456 -12.1981
      vertex -128.493 -41.5003 -12.1981
      vertex -128.493 -41.5003 -14.1981
    endloop
  endfacet
  facet normal 0.59133 0.806429 0
    outer loop
      vertex -128.493 -41.5003 -14.1981
      vertex -128.493 -41.5003 -12.1981
      vertex -128.423 -41.5519 -14.1981
    endloop
  endfacet
  facet normal 0.59133 0.806429 0
    outer loop
      vertex -128.493 -41.5003 -12.1981
      vertex -128.423 -41.5519 -12.1981
      vertex -128.423 -41.5519 -14.1981
    endloop
  endfacet
  facet normal 0.555587 0.831459 0
    outer loop
      vertex -128.423 -41.5519 -14.1981
      vertex -128.423 -41.5519 -12.1981
      vertex -128.35 -41.6003 -14.1981
    endloop
  endfacet
  facet normal 0.555587 0.831459 0
    outer loop
      vertex -128.423 -41.5519 -12.1981
      vertex -128.35 -41.6003 -12.1981
      vertex -128.35 -41.6003 -14.1981
    endloop
  endfacet
  facet normal 0.518702 0.854955 0
    outer loop
      vertex -128.35 -41.6003 -14.1981
      vertex -128.35 -41.6003 -12.1981
      vertex -128.276 -41.6456 -14.1981
    endloop
  endfacet
  facet normal 0.518702 0.854955 0
    outer loop
      vertex -128.35 -41.6003 -12.1981
      vertex -128.276 -41.6456 -12.1981
      vertex -128.276 -41.6456 -14.1981
    endloop
  endfacet
  facet normal 0.481007 0.876717 0
    outer loop
      vertex -128.276 -41.6456 -14.1981
      vertex -128.276 -41.6456 -12.1981
      vertex -128.199 -41.6876 -14.1981
    endloop
  endfacet
  facet normal 0.481007 0.876717 0
    outer loop
      vertex -128.276 -41.6456 -12.1981
      vertex -128.199 -41.6876 -12.1981
      vertex -128.199 -41.6876 -14.1981
    endloop
  endfacet
  facet normal 0.442289 0.896873 0
    outer loop
      vertex -128.199 -41.6876 -14.1981
      vertex -128.199 -41.6876 -12.1981
      vertex -128.121 -41.7262 -14.1981
    endloop
  endfacet
  facet normal 0.442289 0.896873 0
    outer loop
      vertex -128.199 -41.6876 -12.1981
      vertex -128.121 -41.7262 -12.1981
      vertex -128.121 -41.7262 -14.1981
    endloop
  endfacet
  facet normal 0.402717 0.915324 0
    outer loop
      vertex -128.121 -41.7262 -14.1981
      vertex -128.121 -41.7262 -12.1981
      vertex -128.041 -41.7613 -14.1981
    endloop
  endfacet
  facet normal 0.402717 0.915324 0
    outer loop
      vertex -128.121 -41.7262 -12.1981
      vertex -128.041 -41.7613 -12.1981
      vertex -128.041 -41.7613 -14.1981
    endloop
  endfacet
  facet normal 0.362496 0.931985 0
    outer loop
      vertex -128.041 -41.7613 -14.1981
      vertex -128.041 -41.7613 -12.1981
      vertex -127.96 -41.7929 -14.1981
    endloop
  endfacet
  facet normal 0.362496 0.931985 0
    outer loop
      vertex -128.041 -41.7613 -12.1981
      vertex -127.96 -41.7929 -12.1981
      vertex -127.96 -41.7929 -14.1981
    endloop
  endfacet
  facet normal 0.321384 0.946949 0
    outer loop
      vertex -127.96 -41.7929 -14.1981
      vertex -127.96 -41.7929 -12.1981
      vertex -127.877 -41.821 -14.1981
    endloop
  endfacet
  facet normal 0.321384 0.946949 0
    outer loop
      vertex -127.96 -41.7929 -12.1981
      vertex -127.877 -41.821 -12.1981
      vertex -127.877 -41.821 -14.1981
    endloop
  endfacet
  facet normal 0.279889 0.960033 0
    outer loop
      vertex -127.877 -41.821 -14.1981
      vertex -127.877 -41.821 -12.1981
      vertex -127.794 -41.8454 -14.1981
    endloop
  endfacet
  facet normal 0.279889 0.960033 0
    outer loop
      vertex -127.877 -41.821 -12.1981
      vertex -127.794 -41.8454 -12.1981
      vertex -127.794 -41.8454 -14.1981
    endloop
  endfacet
  facet normal 0.237631 0.971355 0
    outer loop
      vertex -127.794 -41.8454 -14.1981
      vertex -127.794 -41.8454 -12.1981
      vertex -127.709 -41.8661 -14.1981
    endloop
  endfacet
  facet normal 0.237631 0.971355 0
    outer loop
      vertex -127.794 -41.8454 -12.1981
      vertex -127.709 -41.8661 -12.1981
      vertex -127.709 -41.8661 -14.1981
    endloop
  endfacet
  facet normal 0.195114 0.980781 0
    outer loop
      vertex -127.709 -41.8661 -14.1981
      vertex -127.709 -41.8661 -12.1981
      vertex -127.623 -41.8832 -14.1981
    endloop
  endfacet
  facet normal 0.195114 0.980781 0
    outer loop
      vertex -127.709 -41.8661 -12.1981
      vertex -127.623 -41.8832 -12.1981
      vertex -127.623 -41.8832 -14.1981
    endloop
  endfacet
  facet normal 0.152105 0.988364 0
    outer loop
      vertex -127.623 -41.8832 -14.1981
      vertex -127.623 -41.8832 -12.1981
      vertex -127.537 -41.8964 -14.1981
    endloop
  endfacet
  facet normal 0.152105 0.988364 0
    outer loop
      vertex -127.623 -41.8832 -12.1981
      vertex -127.537 -41.8964 -12.1981
      vertex -127.537 -41.8964 -14.1981
    endloop
  endfacet
  facet normal 0.108866 0.994056 0
    outer loop
      vertex -127.537 -41.8964 -14.1981
      vertex -127.537 -41.8964 -12.1981
      vertex -127.45 -41.9059 -14.1981
    endloop
  endfacet
  facet normal 0.108866 0.994056 0
    outer loop
      vertex -127.537 -41.8964 -12.1981
      vertex -127.45 -41.9059 -12.1981
      vertex -127.45 -41.9059 -14.1981
    endloop
  endfacet
  facet normal 0.0654082 0.997859 0
    outer loop
      vertex -127.45 -41.9059 -14.1981
      vertex -127.45 -41.9059 -12.1981
      vertex -127.363 -41.9117 -14.1981
    endloop
  endfacet
  facet normal 0.0654082 0.997859 0
    outer loop
      vertex -127.45 -41.9059 -12.1981
      vertex -127.363 -41.9117 -12.1981
      vertex -127.363 -41.9117 -14.1981
    endloop
  endfacet
  facet normal 0.0218138 0.999762 0
    outer loop
      vertex -127.363 -41.9117 -14.1981
      vertex -127.363 -41.9117 -12.1981
      vertex -127.276 -41.9136 -14.1981
    endloop
  endfacet
  facet normal 0.0218138 0.999762 0
    outer loop
      vertex -127.363 -41.9117 -12.1981
      vertex -127.276 -41.9136 -12.1981
      vertex -127.276 -41.9136 -14.1981
    endloop
  endfacet
  facet normal -0.0218175 0.999762 0
    outer loop
      vertex -127.276 -41.9136 -14.1981
      vertex -127.276 -41.9136 -12.1981
      vertex -127.189 -41.9117 -14.1981
    endloop
  endfacet
  facet normal -0.0218175 0.999762 0
    outer loop
      vertex -127.276 -41.9136 -12.1981
      vertex -127.189 -41.9117 -12.1981
      vertex -127.189 -41.9117 -14.1981
    endloop
  endfacet
  facet normal -0.0654082 0.997859 0
    outer loop
      vertex -127.189 -41.9117 -14.1981
      vertex -127.189 -41.9117 -12.1981
      vertex -127.102 -41.9059 -14.1981
    endloop
  endfacet
  facet normal -0.0654082 0.997859 0
    outer loop
      vertex -127.189 -41.9117 -12.1981
      vertex -127.102 -41.9059 -12.1981
      vertex -127.102 -41.9059 -14.1981
    endloop
  endfacet
  facet normal -0.108848 0.994058 0
    outer loop
      vertex -127.102 -41.9059 -14.1981
      vertex -127.102 -41.9059 -12.1981
      vertex -127.015 -41.8964 -14.1981
    endloop
  endfacet
  facet normal -0.108848 0.994058 0
    outer loop
      vertex -127.102 -41.9059 -12.1981
      vertex -127.015 -41.8964 -12.1981
      vertex -127.015 -41.8964 -14.1981
    endloop
  endfacet
  facet normal -0.152131 0.98836 0
    outer loop
      vertex -127.015 -41.8964 -14.1981
      vertex -127.015 -41.8964 -12.1981
      vertex -126.929 -41.8832 -14.1981
    endloop
  endfacet
  facet normal -0.152131 0.98836 0
    outer loop
      vertex -127.015 -41.8964 -12.1981
      vertex -126.929 -41.8832 -12.1981
      vertex -126.929 -41.8832 -14.1981
    endloop
  endfacet
  facet normal -0.195082 0.980787 0
    outer loop
      vertex -126.929 -41.8832 -14.1981
      vertex -126.929 -41.8832 -12.1981
      vertex -126.843 -41.8661 -14.1981
    endloop
  endfacet
  facet normal -0.195082 0.980787 0
    outer loop
      vertex -126.929 -41.8832 -12.1981
      vertex -126.843 -41.8661 -12.1981
      vertex -126.843 -41.8661 -14.1981
    endloop
  endfacet
  facet normal -0.237671 0.971346 0
    outer loop
      vertex -126.843 -41.8661 -14.1981
      vertex -126.843 -41.8661 -12.1981
      vertex -126.758 -41.8454 -14.1981
    endloop
  endfacet
  facet normal -0.237671 0.971346 0
    outer loop
      vertex -126.843 -41.8661 -12.1981
      vertex -126.758 -41.8454 -12.1981
      vertex -126.758 -41.8454 -14.1981
    endloop
  endfacet
  facet normal -0.279843 0.960046 0
    outer loop
      vertex -126.758 -41.8454 -14.1981
      vertex -126.758 -41.8454 -12.1981
      vertex -126.674 -41.821 -14.1981
    endloop
  endfacet
  facet normal -0.279843 0.960046 0
    outer loop
      vertex -126.758 -41.8454 -12.1981
      vertex -126.674 -41.821 -12.1981
      vertex -126.674 -41.821 -14.1981
    endloop
  endfacet
  facet normal -0.321436 0.946931 0
    outer loop
      vertex -126.674 -41.821 -14.1981
      vertex -126.674 -41.821 -12.1981
      vertex -126.592 -41.7929 -14.1981
    endloop
  endfacet
  facet normal -0.321436 0.946931 0
    outer loop
      vertex -126.674 -41.821 -12.1981
      vertex -126.592 -41.7929 -12.1981
      vertex -126.592 -41.7929 -14.1981
    endloop
  endfacet
  facet normal -0.362496 0.931985 0
    outer loop
      vertex -126.592 -41.7929 -14.1981
      vertex -126.592 -41.7929 -12.1981
      vertex -126.511 -41.7613 -14.1981
    endloop
  endfacet
  facet normal -0.362496 0.931985 0
    outer loop
      vertex -126.592 -41.7929 -12.1981
      vertex -126.511 -41.7613 -12.1981
      vertex -126.511 -41.7613 -14.1981
    endloop
  endfacet
  facet normal -0.402717 0.915324 0
    outer loop
      vertex -126.511 -41.7613 -14.1981
      vertex -126.511 -41.7613 -12.1981
      vertex -126.431 -41.7262 -14.1981
    endloop
  endfacet
  facet normal -0.402717 0.915324 0
    outer loop
      vertex -126.511 -41.7613 -12.1981
      vertex -126.431 -41.7262 -12.1981
      vertex -126.431 -41.7262 -14.1981
    endloop
  endfacet
  facet normal -0.442289 0.896873 0
    outer loop
      vertex -126.431 -41.7262 -14.1981
      vertex -126.431 -41.7262 -12.1981
      vertex -126.352 -41.6876 -14.1981
    endloop
  endfacet
  facet normal -0.442289 0.896873 0
    outer loop
      vertex -126.431 -41.7262 -12.1981
      vertex -126.352 -41.6876 -12.1981
      vertex -126.352 -41.6876 -14.1981
    endloop
  endfacet
  facet normal -0.481007 0.876717 0
    outer loop
      vertex -126.352 -41.6876 -14.1981
      vertex -126.352 -41.6876 -12.1981
      vertex -126.276 -41.6456 -14.1981
    endloop
  endfacet
  facet normal -0.481007 0.876717 0
    outer loop
      vertex -126.352 -41.6876 -12.1981
      vertex -126.276 -41.6456 -12.1981
      vertex -126.276 -41.6456 -14.1981
    endloop
  endfacet
  facet normal -0.518702 0.854955 0
    outer loop
      vertex -126.276 -41.6456 -14.1981
      vertex -126.276 -41.6456 -12.1981
      vertex -126.201 -41.6003 -14.1981
    endloop
  endfacet
  facet normal -0.518702 0.854955 0
    outer loop
      vertex -126.276 -41.6456 -12.1981
      vertex -126.201 -41.6003 -12.1981
      vertex -126.201 -41.6003 -14.1981
    endloop
  endfacet
  facet normal -0.555587 0.831459 0
    outer loop
      vertex -126.201 -41.6003 -14.1981
      vertex -126.201 -41.6003 -12.1981
      vertex -126.129 -41.5519 -14.1981
    endloop
  endfacet
  facet normal -0.555587 0.831459 0
    outer loop
      vertex -126.201 -41.6003 -12.1981
      vertex -126.129 -41.5519 -12.1981
      vertex -126.129 -41.5519 -14.1981
    endloop
  endfacet
  facet normal -0.59133 0.806429 0
    outer loop
      vertex -126.129 -41.5519 -14.1981
      vertex -126.129 -41.5519 -12.1981
      vertex -126.058 -41.5003 -14.1981
    endloop
  endfacet
  facet normal -0.59133 0.806429 0
    outer loop
      vertex -126.129 -41.5519 -12.1981
      vertex -126.058 -41.5003 -12.1981
      vertex -126.058 -41.5003 -14.1981
    endloop
  endfacet
  facet normal -0.625933 0.779877 0
    outer loop
      vertex -126.058 -41.5003 -14.1981
      vertex -126.058 -41.5003 -12.1981
      vertex -125.99 -41.4456 -14.1981
    endloop
  endfacet
  facet normal -0.625933 0.779877 0
    outer loop
      vertex -126.058 -41.5003 -12.1981
      vertex -125.99 -41.4456 -12.1981
      vertex -125.99 -41.4456 -14.1981
    endloop
  endfacet
  facet normal -0.659314 0.751868 0
    outer loop
      vertex -125.99 -41.4456 -14.1981
      vertex -125.99 -41.4456 -12.1981
      vertex -125.925 -41.3881 -14.1981
    endloop
  endfacet
  facet normal -0.659314 0.751868 0
    outer loop
      vertex -125.99 -41.4456 -12.1981
      vertex -125.925 -41.3881 -12.1981
      vertex -125.925 -41.3881 -14.1981
    endloop
  endfacet
  facet normal -0.691527 0.722351 0
    outer loop
      vertex -125.925 -41.3881 -14.1981
      vertex -125.925 -41.3881 -12.1981
      vertex -125.862 -41.3278 -14.1981
    endloop
  endfacet
  facet normal -0.691527 0.722351 0
    outer loop
      vertex -125.925 -41.3881 -12.1981
      vertex -125.862 -41.3278 -12.1981
      vertex -125.862 -41.3278 -14.1981
    endloop
  endfacet
  facet normal -0.722393 0.691482 0
    outer loop
      vertex -125.862 -41.3278 -14.1981
      vertex -125.862 -41.3278 -12.1981
      vertex -125.801 -41.2647 -14.1981
    endloop
  endfacet
  facet normal -0.722393 0.691482 0
    outer loop
      vertex -125.862 -41.3278 -12.1981
      vertex -125.801 -41.2647 -12.1981
      vertex -125.801 -41.2647 -14.1981
    endloop
  endfacet
  facet normal -0.751849 0.659335 0
    outer loop
      vertex -125.801 -41.2647 -14.1981
      vertex -125.801 -41.2647 -12.1981
      vertex -125.744 -41.1991 -14.1981
    endloop
  endfacet
  facet normal -0.751849 0.659335 0
    outer loop
      vertex -125.801 -41.2647 -12.1981
      vertex -125.744 -41.1991 -12.1981
      vertex -125.744 -41.1991 -14.1981
    endloop
  endfacet
  facet normal -0.779818 0.626006 0
    outer loop
      vertex -125.744 -41.1991 -14.1981
      vertex -125.744 -41.1991 -12.1981
      vertex -125.689 -41.1311 -14.1981
    endloop
  endfacet
  facet normal -0.779818 0.626006 0
    outer loop
      vertex -125.744 -41.1991 -12.1981
      vertex -125.689 -41.1311 -12.1981
      vertex -125.689 -41.1311 -14.1981
    endloop
  endfacet
  facet normal -0.8065 0.591234 0
    outer loop
      vertex -125.689 -41.1311 -14.1981
      vertex -125.689 -41.1311 -12.1981
      vertex -125.638 -41.0607 -14.1981
    endloop
  endfacet
  facet normal -0.8065 0.591234 0
    outer loop
      vertex -125.689 -41.1311 -12.1981
      vertex -125.638 -41.0607 -12.1981
      vertex -125.638 -41.0607 -14.1981
    endloop
  endfacet
  facet normal -0.831419 0.555646 0
    outer loop
      vertex -125.638 -41.0607 -14.1981
      vertex -125.638 -41.0607 -12.1981
      vertex -125.589 -40.9882 -14.1981
    endloop
  endfacet
  facet normal -0.831419 0.555646 0
    outer loop
      vertex -125.638 -41.0607 -12.1981
      vertex -125.589 -40.9882 -12.1981
      vertex -125.589 -40.9882 -14.1981
    endloop
  endfacet
  facet normal -0.854902 0.51879 0
    outer loop
      vertex -125.589 -40.9882 -14.1981
      vertex -125.589 -40.9882 -12.1981
      vertex -125.544 -40.9136 -14.1981
    endloop
  endfacet
  facet normal -0.854902 0.51879 0
    outer loop
      vertex -125.589 -40.9882 -12.1981
      vertex -125.544 -40.9136 -12.1981
      vertex -125.544 -40.9136 -14.1981
    endloop
  endfacet
  facet normal -0.876771 0.480909 0
    outer loop
      vertex -125.544 -40.9136 -14.1981
      vertex -125.544 -40.9136 -12.1981
      vertex -125.502 -40.8371 -14.1981
    endloop
  endfacet
  facet normal -0.876771 0.480909 0
    outer loop
      vertex -125.544 -40.9136 -12.1981
      vertex -125.502 -40.8371 -12.1981
      vertex -125.502 -40.8371 -14.1981
    endloop
  endfacet
  facet normal -0.896873 0.442289 0
    outer loop
      vertex -125.502 -40.8371 -14.1981
      vertex -125.502 -40.8371 -12.1981
      vertex -125.463 -40.7588 -14.1981
    endloop
  endfacet
  facet normal -0.896873 0.442289 0
    outer loop
      vertex -125.502 -40.8371 -12.1981
      vertex -125.463 -40.7588 -12.1981
      vertex -125.463 -40.7588 -14.1981
    endloop
  endfacet
  facet normal -0.915277 0.402824 0
    outer loop
      vertex -125.463 -40.7588 -14.1981
      vertex -125.463 -40.7588 -12.1981
      vertex -125.428 -40.6789 -14.1981
    endloop
  endfacet
  facet normal -0.915277 0.402824 0
    outer loop
      vertex -125.463 -40.7588 -12.1981
      vertex -125.428 -40.6789 -12.1981
      vertex -125.428 -40.6789 -14.1981
    endloop
  endfacet
  facet normal -0.932031 0.362378 0
    outer loop
      vertex -125.428 -40.6789 -14.1981
      vertex -125.428 -40.6789 -12.1981
      vertex -125.396 -40.5976 -14.1981
    endloop
  endfacet
  facet normal -0.932031 0.362378 0
    outer loop
      vertex -125.428 -40.6789 -12.1981
      vertex -125.396 -40.5976 -12.1981
      vertex -125.396 -40.5976 -14.1981
    endloop
  endfacet
  facet normal -0.946944 0.321398 0
    outer loop
      vertex -125.396 -40.5976 -14.1981
      vertex -125.396 -40.5976 -12.1981
      vertex -125.368 -40.515 -14.1981
    endloop
  endfacet
  facet normal -0.946944 0.321398 0
    outer loop
      vertex -125.396 -40.5976 -12.1981
      vertex -125.368 -40.515 -12.1981
      vertex -125.368 -40.515 -14.1981
    endloop
  endfacet
  facet normal -0.960034 0.279882 0
    outer loop
      vertex -125.368 -40.515 -14.1981
      vertex -125.368 -40.515 -12.1981
      vertex -125.344 -40.4312 -14.1981
    endloop
  endfacet
  facet normal -0.960034 0.279882 0
    outer loop
      vertex -125.368 -40.515 -12.1981
      vertex -125.344 -40.4312 -12.1981
      vertex -125.344 -40.4312 -14.1981
    endloop
  endfacet
  facet normal -0.971338 0.237701 0
    outer loop
      vertex -125.344 -40.4312 -14.1981
      vertex -125.344 -40.4312 -12.1981
      vertex -125.323 -40.3464 -14.1981
    endloop
  endfacet
  facet normal -0.971338 0.237701 0
    outer loop
      vertex -125.344 -40.4312 -12.1981
      vertex -125.323 -40.3464 -12.1981
      vertex -125.323 -40.3464 -14.1981
    endloop
  endfacet
  facet normal -0.980798 0.195024 0
    outer loop
      vertex -125.323 -40.3464 -14.1981
      vertex -125.323 -40.3464 -12.1981
      vertex -125.306 -40.2609 -14.1981
    endloop
  endfacet
  facet normal -0.980798 0.195024 0
    outer loop
      vertex -125.323 -40.3464 -12.1981
      vertex -125.306 -40.2609 -12.1981
      vertex -125.306 -40.2609 -14.1981
    endloop
  endfacet
  facet normal -0.988357 0.152153 0
    outer loop
      vertex -125.306 -40.2609 -14.1981
      vertex -125.306 -40.2609 -12.1981
      vertex -125.293 -40.1746 -14.1981
    endloop
  endfacet
  facet normal -0.988357 0.152153 0
    outer loop
      vertex -125.306 -40.2609 -12.1981
      vertex -125.293 -40.1746 -12.1981
      vertex -125.293 -40.1746 -14.1981
    endloop
  endfacet
  facet normal -0.994047 0.108951 0
    outer loop
      vertex -125.293 -40.1746 -14.1981
      vertex -125.293 -40.1746 -12.1981
      vertex -125.283 -40.0879 -14.1981
    endloop
  endfacet
  facet normal -0.994047 0.108951 0
    outer loop
      vertex -125.293 -40.1746 -12.1981
      vertex -125.283 -40.0879 -12.1981
      vertex -125.283 -40.0879 -14.1981
    endloop
  endfacet
  facet normal -0.997859 0.0654026 0
    outer loop
      vertex -125.283 -40.0879 -14.1981
      vertex -125.283 -40.0879 -12.1981
      vertex -125.278 -40.0008 -14.1981
    endloop
  endfacet
  facet normal -0.997859 0.0654026 0
    outer loop
      vertex -125.283 -40.0879 -12.1981
      vertex -125.278 -40.0008 -12.1981
      vertex -125.278 -40.0008 -14.1981
    endloop
  endfacet
  facet normal -0.999765 0.0216876 0
    outer loop
      vertex -125.278 -40.0008 -14.1981
      vertex -125.278 -40.0008 -12.1981
      vertex -125.276 -39.9136 -14.1981
    endloop
  endfacet
  facet normal -0.999765 0.0216876 0
    outer loop
      vertex -125.278 -40.0008 -12.1981
      vertex -125.276 -39.9136 -12.1981
      vertex -125.276 -39.9136 -14.1981
    endloop
  endfacet
  facet normal 1 0 0
    outer loop
      vertex -41.9129 -44.6007 -17.1981
      vertex -41.9129 10.3993 -17.1981
      vertex -41.9129 -44.6007 -12.1981
    endloop
  endfacet
  facet normal 1 0 0
    outer loop
      vertex -41.9129 10.3993 -17.1981
      vertex -41.9129 10.3993 -12.1981
      vertex -41.9129 -44.6007 -12.1981
    endloop
  endfacet
  facet normal -0.999761 -0.0218583 0
    outer loop
      vertex -125.379 4.93871 -14.1981
      vertex -125.379 4.93871 -12.1981
      vertex -125.381 5.02595 -14.1981
    endloop
  endfacet
  facet normal -0.999761 -0.0218583 0
    outer loop
      vertex -125.379 4.93871 -12.1981
      vertex -125.381 5.02595 -12.1981
      vertex -125.381 5.02595 -14.1981
    endloop
  endfacet
  facet normal -0.997859 -0.0654043 0
    outer loop
      vertex -125.381 5.02595 -14.1981
      vertex -125.381 5.02595 -12.1981
      vertex -125.387 5.11302 -14.1981
    endloop
  endfacet
  facet normal -0.997859 -0.0654043 0
    outer loop
      vertex -125.381 5.02595 -12.1981
      vertex -125.387 5.11302 -12.1981
      vertex -125.387 5.11302 -14.1981
    endloop
  endfacet
  facet normal -0.994047 -0.108949 0
    outer loop
      vertex -125.387 5.11302 -14.1981
      vertex -125.387 5.11302 -12.1981
      vertex -125.397 5.19976 -14.1981
    endloop
  endfacet
  facet normal -0.994047 -0.108949 0
    outer loop
      vertex -125.387 5.11302 -12.1981
      vertex -125.397 5.19976 -12.1981
      vertex -125.397 5.19976 -14.1981
    endloop
  endfacet
  facet normal -0.988382 -0.151987 0
    outer loop
      vertex -125.397 5.19976 -14.1981
      vertex -125.397 5.19976 -12.1981
      vertex -125.41 5.28601 -14.1981
    endloop
  endfacet
  facet normal -0.988382 -0.151987 0
    outer loop
      vertex -125.397 5.19976 -12.1981
      vertex -125.41 5.28601 -12.1981
      vertex -125.41 5.28601 -14.1981
    endloop
  endfacet
  facet normal -0.980767 -0.195184 0
    outer loop
      vertex -125.41 5.28601 -14.1981
      vertex -125.41 5.28601 -12.1981
      vertex -125.427 5.37159 -14.1981
    endloop
  endfacet
  facet normal -0.980767 -0.195184 0
    outer loop
      vertex -125.41 5.28601 -12.1981
      vertex -125.427 5.37159 -12.1981
      vertex -125.427 5.37159 -14.1981
    endloop
  endfacet
  facet normal -0.971337 -0.237708 0
    outer loop
      vertex -125.427 5.37159 -14.1981
      vertex -125.427 5.37159 -12.1981
      vertex -125.448 5.45635 -14.1981
    endloop
  endfacet
  facet normal -0.971337 -0.237708 0
    outer loop
      vertex -125.427 5.37159 -12.1981
      vertex -125.448 5.45635 -12.1981
      vertex -125.448 5.45635 -14.1981
    endloop
  endfacet
  facet normal -0.96008 -0.279726 0
    outer loop
      vertex -125.448 5.45635 -14.1981
      vertex -125.448 5.45635 -12.1981
      vertex -125.472 5.54012 -14.1981
    endloop
  endfacet
  facet normal -0.96008 -0.279726 0
    outer loop
      vertex -125.448 5.45635 -12.1981
      vertex -125.472 5.54012 -12.1981
      vertex -125.472 5.54012 -14.1981
    endloop
  endfacet
  facet normal -0.946894 -0.321546 0
    outer loop
      vertex -125.472 5.54012 -14.1981
      vertex -125.472 5.54012 -12.1981
      vertex -125.5 5.62275 -14.1981
    endloop
  endfacet
  facet normal -0.946894 -0.321546 0
    outer loop
      vertex -125.472 5.54012 -12.1981
      vertex -125.5 5.62275 -12.1981
      vertex -125.5 5.62275 -14.1981
    endloop
  endfacet
  facet normal -0.932031 -0.362378 0
    outer loop
      vertex -125.5 5.62275 -14.1981
      vertex -125.5 5.62275 -12.1981
      vertex -125.532 5.70408 -14.1981
    endloop
  endfacet
  facet normal -0.932031 -0.362378 0
    outer loop
      vertex -125.5 5.62275 -12.1981
      vertex -125.532 5.70408 -12.1981
      vertex -125.532 5.70408 -14.1981
    endloop
  endfacet
  facet normal -0.915339 -0.402683 0
    outer loop
      vertex -125.532 5.70408 -14.1981
      vertex -125.532 5.70408 -12.1981
      vertex -125.567 5.78395 -14.1981
    endloop
  endfacet
  facet normal -0.915339 -0.402683 0
    outer loop
      vertex -125.532 5.70408 -12.1981
      vertex -125.567 5.78395 -12.1981
      vertex -125.567 5.78395 -14.1981
    endloop
  endfacet
  facet normal -0.896872 -0.442291 0
    outer loop
      vertex -125.567 5.78395 -14.1981
      vertex -125.567 5.78395 -12.1981
      vertex -125.605 5.86221 -14.1981
    endloop
  endfacet
  facet normal -0.896872 -0.442291 0
    outer loop
      vertex -125.567 5.78395 -12.1981
      vertex -125.605 5.86221 -12.1981
      vertex -125.605 5.86221 -14.1981
    endloop
  endfacet
  facet normal -0.8767 -0.481038 0
    outer loop
      vertex -125.605 5.86221 -14.1981
      vertex -125.605 5.86221 -12.1981
      vertex -125.647 5.93871 -14.1981
    endloop
  endfacet
  facet normal -0.8767 -0.481038 0
    outer loop
      vertex -125.605 5.86221 -12.1981
      vertex -125.647 5.93871 -12.1981
      vertex -125.647 5.93871 -14.1981
    endloop
  endfacet
  facet normal -0.854902 -0.51879 0
    outer loop
      vertex -125.647 5.93871 -14.1981
      vertex -125.647 5.93871 -12.1981
      vertex -125.693 6.01331 -14.1981
    endloop
  endfacet
  facet normal -0.854902 -0.51879 0
    outer loop
      vertex -125.647 5.93871 -12.1981
      vertex -125.693 6.01331 -12.1981
      vertex -125.693 6.01331 -14.1981
    endloop
  endfacet
  facet normal -0.831498 -0.555528 0
    outer loop
      vertex -125.693 6.01331 -14.1981
      vertex -125.693 6.01331 -12.1981
      vertex -125.741 6.08586 -14.1981
    endloop
  endfacet
  facet normal -0.831498 -0.555528 0
    outer loop
      vertex -125.693 6.01331 -12.1981
      vertex -125.741 6.08586 -12.1981
      vertex -125.741 6.08586 -14.1981
    endloop
  endfacet
  facet normal -0.806415 -0.59135 0
    outer loop
      vertex -125.741 6.08586 -14.1981
      vertex -125.741 6.08586 -12.1981
      vertex -125.793 6.15623 -14.1981
    endloop
  endfacet
  facet normal -0.806415 -0.59135 0
    outer loop
      vertex -125.741 6.08586 -12.1981
      vertex -125.793 6.15623 -12.1981
      vertex -125.793 6.15623 -14.1981
    endloop
  endfacet
  facet normal -0.779914 -0.625887 0
    outer loop
      vertex -125.793 6.15623 -14.1981
      vertex -125.793 6.15623 -12.1981
      vertex -125.847 6.22429 -14.1981
    endloop
  endfacet
  facet normal -0.779914 -0.625887 0
    outer loop
      vertex -125.793 6.15623 -12.1981
      vertex -125.847 6.22429 -12.1981
      vertex -125.847 6.22429 -14.1981
    endloop
  endfacet
  facet normal -0.751844 -0.659341 0
    outer loop
      vertex -125.847 6.22429 -14.1981
      vertex -125.847 6.22429 -12.1981
      vertex -125.905 6.28989 -14.1981
    endloop
  endfacet
  facet normal -0.751844 -0.659341 0
    outer loop
      vertex -125.847 6.22429 -12.1981
      vertex -125.905 6.28989 -12.1981
      vertex -125.905 6.28989 -14.1981
    endloop
  endfacet
  facet normal -0.722313 -0.691566 0
    outer loop
      vertex -125.905 6.28989 -14.1981
      vertex -125.905 6.28989 -12.1981
      vertex -125.965 6.35292 -14.1981
    endloop
  endfacet
  facet normal -0.722313 -0.691566 0
    outer loop
      vertex -125.905 6.28989 -12.1981
      vertex -125.965 6.35292 -12.1981
      vertex -125.965 6.35292 -14.1981
    endloop
  endfacet
  facet normal -0.691521 -0.722356 0
    outer loop
      vertex -125.965 6.35292 -14.1981
      vertex -125.965 6.35292 -12.1981
      vertex -126.028 6.41326 -14.1981
    endloop
  endfacet
  facet normal -0.691521 -0.722356 0
    outer loop
      vertex -125.965 6.35292 -12.1981
      vertex -126.028 6.41326 -12.1981
      vertex -126.028 6.41326 -14.1981
    endloop
  endfacet
  facet normal -0.65932 -0.751862 0
    outer loop
      vertex -126.028 6.41326 -14.1981
      vertex -126.028 6.41326 -12.1981
      vertex -126.094 6.4708 -14.1981
    endloop
  endfacet
  facet normal -0.65932 -0.751862 0
    outer loop
      vertex -126.028 6.41326 -12.1981
      vertex -126.094 6.4708 -12.1981
      vertex -126.094 6.4708 -14.1981
    endloop
  endfacet
  facet normal -0.626 -0.779823 0
    outer loop
      vertex -126.094 6.4708 -14.1981
      vertex -126.094 6.4708 -12.1981
      vertex -126.162 6.52542 -14.1981
    endloop
  endfacet
  facet normal -0.626 -0.779823 0
    outer loop
      vertex -126.094 6.4708 -12.1981
      vertex -126.162 6.52542 -12.1981
      vertex -126.162 6.52542 -14.1981
    endloop
  endfacet
  facet normal -0.591263 -0.806479 0
    outer loop
      vertex -126.162 6.52542 -14.1981
      vertex -126.162 6.52542 -12.1981
      vertex -126.232 6.57701 -14.1981
    endloop
  endfacet
  facet normal -0.591263 -0.806479 0
    outer loop
      vertex -126.162 6.52542 -12.1981
      vertex -126.232 6.57701 -12.1981
      vertex -126.232 6.57701 -14.1981
    endloop
  endfacet
  facet normal -0.555572 -0.831469 0
    outer loop
      vertex -126.232 6.57701 -14.1981
      vertex -126.232 6.57701 -12.1981
      vertex -126.305 6.62549 -14.1981
    endloop
  endfacet
  facet normal -0.555572 -0.831469 0
    outer loop
      vertex -126.232 6.57701 -12.1981
      vertex -126.305 6.62549 -12.1981
      vertex -126.305 6.62549 -14.1981
    endloop
  endfacet
  facet normal -0.518793 -0.8549 0
    outer loop
      vertex -126.305 6.62549 -14.1981
      vertex -126.305 6.62549 -12.1981
      vertex -126.379 6.67076 -14.1981
    endloop
  endfacet
  facet normal -0.518793 -0.8549 0
    outer loop
      vertex -126.305 6.62549 -12.1981
      vertex -126.379 6.67076 -12.1981
      vertex -126.379 6.67076 -14.1981
    endloop
  endfacet
  facet normal -0.480991 -0.876726 0
    outer loop
      vertex -126.379 6.67076 -14.1981
      vertex -126.379 6.67076 -12.1981
      vertex -126.456 6.71273 -14.1981
    endloop
  endfacet
  facet normal -0.480991 -0.876726 0
    outer loop
      vertex -126.379 6.67076 -12.1981
      vertex -126.456 6.71273 -12.1981
      vertex -126.456 6.71273 -14.1981
    endloop
  endfacet
  facet normal -0.442284 -0.896875 0
    outer loop
      vertex -126.456 6.71273 -14.1981
      vertex -126.456 6.71273 -12.1981
      vertex -126.534 6.75133 -14.1981
    endloop
  endfacet
  facet normal -0.442284 -0.896875 0
    outer loop
      vertex -126.456 6.71273 -12.1981
      vertex -126.534 6.75133 -12.1981
      vertex -126.534 6.75133 -14.1981
    endloop
  endfacet
  facet normal -0.402744 -0.915313 0
    outer loop
      vertex -126.534 6.75133 -14.1981
      vertex -126.534 6.75133 -12.1981
      vertex -126.614 6.78647 -14.1981
    endloop
  endfacet
  facet normal -0.402744 -0.915313 0
    outer loop
      vertex -126.534 6.75133 -12.1981
      vertex -126.614 6.78647 -12.1981
      vertex -126.614 6.78647 -14.1981
    endloop
  endfacet
  facet normal -0.362424 -0.932013 0
    outer loop
      vertex -126.614 6.78647 -14.1981
      vertex -126.614 6.78647 -12.1981
      vertex -126.695 6.8181 -14.1981
    endloop
  endfacet
  facet normal -0.362424 -0.932013 0
    outer loop
      vertex -126.614 6.78647 -12.1981
      vertex -126.695 6.8181 -12.1981
      vertex -126.695 6.8181 -14.1981
    endloop
  endfacet
  facet normal -0.321445 -0.946928 0
    outer loop
      vertex -126.695 6.8181 -14.1981
      vertex -126.695 6.8181 -12.1981
      vertex -126.778 6.84614 -14.1981
    endloop
  endfacet
  facet normal -0.321445 -0.946928 0
    outer loop
      vertex -126.695 6.8181 -12.1981
      vertex -126.778 6.84614 -12.1981
      vertex -126.778 6.84614 -14.1981
    endloop
  endfacet
  facet normal -0.279828 -0.96005 0
    outer loop
      vertex -126.778 6.84614 -14.1981
      vertex -126.778 6.84614 -12.1981
      vertex -126.862 6.87056 -14.1981
    endloop
  endfacet
  facet normal -0.279828 -0.96005 0
    outer loop
      vertex -126.778 6.84614 -12.1981
      vertex -126.862 6.87056 -12.1981
      vertex -126.862 6.87056 -14.1981
    endloop
  endfacet
  facet normal -0.237686 -0.971342 0
    outer loop
      vertex -126.862 6.87056 -14.1981
      vertex -126.862 6.87056 -12.1981
      vertex -126.947 6.8913 -14.1981
    endloop
  endfacet
  facet normal -0.237686 -0.971342 0
    outer loop
      vertex -126.862 6.87056 -12.1981
      vertex -126.947 6.8913 -12.1981
      vertex -126.947 6.8913 -14.1981
    endloop
  endfacet
  facet normal -0.195104 -0.980783 0
    outer loop
      vertex -126.947 6.8913 -14.1981
      vertex -126.947 6.8913 -12.1981
      vertex -127.032 6.90833 -14.1981
    endloop
  endfacet
  facet normal -0.195104 -0.980783 0
    outer loop
      vertex -126.947 6.8913 -12.1981
      vertex -127.032 6.90833 -12.1981
      vertex -127.032 6.90833 -14.1981
    endloop
  endfacet
  facet normal -0.152116 -0.988363 0
    outer loop
      vertex -127.032 6.90833 -14.1981
      vertex -127.032 6.90833 -12.1981
      vertex -127.118 6.9216 -14.1981
    endloop
  endfacet
  facet normal -0.152116 -0.988363 0
    outer loop
      vertex -127.032 6.90833 -12.1981
      vertex -127.118 6.9216 -12.1981
      vertex -127.118 6.9216 -14.1981
    endloop
  endfacet
  facet normal -0.108872 -0.994056 0
    outer loop
      vertex -127.118 6.9216 -14.1981
      vertex -127.118 6.9216 -12.1981
      vertex -127.205 6.9311 -14.1981
    endloop
  endfacet
  facet normal -0.108872 -0.994056 0
    outer loop
      vertex -127.118 6.9216 -12.1981
      vertex -127.205 6.9311 -12.1981
      vertex -127.205 6.9311 -14.1981
    endloop
  endfacet
  facet normal -0.0653917 -0.99786 0
    outer loop
      vertex -127.205 6.9311 -14.1981
      vertex -127.205 6.9311 -12.1981
      vertex -127.292 6.93681 -14.1981
    endloop
  endfacet
  facet normal -0.0653917 -0.99786 0
    outer loop
      vertex -127.205 6.9311 -12.1981
      vertex -127.292 6.93681 -12.1981
      vertex -127.292 6.93681 -14.1981
    endloop
  endfacet
  facet normal -0.0218175 -0.999762 0
    outer loop
      vertex -127.292 6.93681 -14.1981
      vertex -127.292 6.93681 -12.1981
      vertex -127.379 6.93871 -14.1981
    endloop
  endfacet
  facet normal -0.0218175 -0.999762 0
    outer loop
      vertex -127.292 6.93681 -12.1981
      vertex -127.379 6.93871 -12.1981
      vertex -127.379 6.93871 -14.1981
    endloop
  endfacet
  facet normal 0.0218175 -0.999762 0
    outer loop
      vertex -127.379 6.93871 -14.1981
      vertex -127.379 6.93871 -12.1981
      vertex -127.467 6.93681 -14.1981
    endloop
  endfacet
  facet normal 0.0218175 -0.999762 0
    outer loop
      vertex -127.379 6.93871 -12.1981
      vertex -127.467 6.93681 -12.1981
      vertex -127.467 6.93681 -14.1981
    endloop
  endfacet
  facet normal 0.0653917 -0.99786 0
    outer loop
      vertex -127.467 6.93681 -14.1981
      vertex -127.467 6.93681 -12.1981
      vertex -127.554 6.9311 -14.1981
    endloop
  endfacet
  facet normal 0.0653917 -0.99786 0
    outer loop
      vertex -127.467 6.93681 -12.1981
      vertex -127.554 6.9311 -12.1981
      vertex -127.554 6.9311 -14.1981
    endloop
  endfacet
  facet normal 0.108872 -0.994056 0
    outer loop
      vertex -127.554 6.9311 -14.1981
      vertex -127.554 6.9311 -12.1981
      vertex -127.64 6.9216 -14.1981
    endloop
  endfacet
  facet normal 0.108872 -0.994056 0
    outer loop
      vertex -127.554 6.9311 -12.1981
      vertex -127.64 6.9216 -12.1981
      vertex -127.64 6.9216 -14.1981
    endloop
  endfacet
  facet normal 0.152116 -0.988363 0
    outer loop
      vertex -127.64 6.9216 -14.1981
      vertex -127.64 6.9216 -12.1981
      vertex -127.727 6.90833 -14.1981
    endloop
  endfacet
  facet normal 0.152116 -0.988363 0
    outer loop
      vertex -127.64 6.9216 -12.1981
      vertex -127.727 6.90833 -12.1981
      vertex -127.727 6.90833 -14.1981
    endloop
  endfacet
  facet normal 0.195104 -0.980783 0
    outer loop
      vertex -127.727 6.90833 -14.1981
      vertex -127.727 6.90833 -12.1981
      vertex -127.812 6.8913 -14.1981
    endloop
  endfacet
  facet normal 0.195104 -0.980783 0
    outer loop
      vertex -127.727 6.90833 -12.1981
      vertex -127.812 6.8913 -12.1981
      vertex -127.812 6.8913 -14.1981
    endloop
  endfacet
  facet normal 0.237686 -0.971342 0
    outer loop
      vertex -127.812 6.8913 -14.1981
      vertex -127.812 6.8913 -12.1981
      vertex -127.897 6.87056 -14.1981
    endloop
  endfacet
  facet normal 0.237686 -0.971342 0
    outer loop
      vertex -127.812 6.8913 -12.1981
      vertex -127.897 6.87056 -12.1981
      vertex -127.897 6.87056 -14.1981
    endloop
  endfacet
  facet normal 0.279828 -0.96005 0
    outer loop
      vertex -127.897 6.87056 -14.1981
      vertex -127.897 6.87056 -12.1981
      vertex -127.981 6.84614 -14.1981
    endloop
  endfacet
  facet normal 0.279828 -0.96005 0
    outer loop
      vertex -127.897 6.87056 -12.1981
      vertex -127.981 6.84614 -12.1981
      vertex -127.981 6.84614 -14.1981
    endloop
  endfacet
  facet normal 0.321445 -0.946928 0
    outer loop
      vertex -127.981 6.84614 -14.1981
      vertex -127.981 6.84614 -12.1981
      vertex -128.063 6.8181 -14.1981
    endloop
  endfacet
  facet normal 0.321445 -0.946928 0
    outer loop
      vertex -127.981 6.84614 -12.1981
      vertex -128.063 6.8181 -12.1981
      vertex -128.063 6.8181 -14.1981
    endloop
  endfacet
  facet normal 0.362424 -0.932013 0
    outer loop
      vertex -128.063 6.8181 -14.1981
      vertex -128.063 6.8181 -12.1981
      vertex -128.145 6.78647 -14.1981
    endloop
  endfacet
  facet normal 0.362424 -0.932013 0
    outer loop
      vertex -128.063 6.8181 -12.1981
      vertex -128.145 6.78647 -12.1981
      vertex -128.145 6.78647 -14.1981
    endloop
  endfacet
  facet normal 0.402744 -0.915313 0
    outer loop
      vertex -128.145 6.78647 -14.1981
      vertex -128.145 6.78647 -12.1981
      vertex -128.225 6.75133 -14.1981
    endloop
  endfacet
  facet normal 0.402744 -0.915313 0
    outer loop
      vertex -128.145 6.78647 -12.1981
      vertex -128.225 6.75133 -12.1981
      vertex -128.225 6.75133 -14.1981
    endloop
  endfacet
  facet normal 0.442284 -0.896875 0
    outer loop
      vertex -128.225 6.75133 -14.1981
      vertex -128.225 6.75133 -12.1981
      vertex -128.303 6.71273 -14.1981
    endloop
  endfacet
  facet normal 0.442284 -0.896875 0
    outer loop
      vertex -128.225 6.75133 -12.1981
      vertex -128.303 6.71273 -12.1981
      vertex -128.303 6.71273 -14.1981
    endloop
  endfacet
  facet normal 0.480991 -0.876726 0
    outer loop
      vertex -128.303 6.71273 -14.1981
      vertex -128.303 6.71273 -12.1981
      vertex -128.379 6.67076 -14.1981
    endloop
  endfacet
  facet normal 0.480991 -0.876726 0
    outer loop
      vertex -128.303 6.71273 -12.1981
      vertex -128.379 6.67076 -12.1981
      vertex -128.379 6.67076 -14.1981
    endloop
  endfacet
  facet normal 0.518793 -0.8549 0
    outer loop
      vertex -128.379 6.67076 -14.1981
      vertex -128.379 6.67076 -12.1981
      vertex -128.454 6.62549 -14.1981
    endloop
  endfacet
  facet normal 0.518793 -0.8549 0
    outer loop
      vertex -128.379 6.67076 -12.1981
      vertex -128.454 6.62549 -12.1981
      vertex -128.454 6.62549 -14.1981
    endloop
  endfacet
  facet normal 0.555572 -0.831469 0
    outer loop
      vertex -128.454 6.62549 -14.1981
      vertex -128.454 6.62549 -12.1981
      vertex -128.527 6.57701 -14.1981
    endloop
  endfacet
  facet normal 0.555572 -0.831469 0
    outer loop
      vertex -128.454 6.62549 -12.1981
      vertex -128.527 6.57701 -12.1981
      vertex -128.527 6.57701 -14.1981
    endloop
  endfacet
  facet normal 0.591263 -0.806479 0
    outer loop
      vertex -128.527 6.57701 -14.1981
      vertex -128.527 6.57701 -12.1981
      vertex -128.597 6.52542 -14.1981
    endloop
  endfacet
  facet normal 0.591263 -0.806479 0
    outer loop
      vertex -128.527 6.57701 -12.1981
      vertex -128.597 6.52542 -12.1981
      vertex -128.597 6.52542 -14.1981
    endloop
  endfacet
  facet normal 0.626 -0.779823 0
    outer loop
      vertex -128.597 6.52542 -14.1981
      vertex -128.597 6.52542 -12.1981
      vertex -128.665 6.4708 -14.1981
    endloop
  endfacet
  facet normal 0.626 -0.779823 0
    outer loop
      vertex -128.597 6.52542 -12.1981
      vertex -128.665 6.4708 -12.1981
      vertex -128.665 6.4708 -14.1981
    endloop
  endfacet
  facet normal 0.65932 -0.751862 0
    outer loop
      vertex -128.665 6.4708 -14.1981
      vertex -128.665 6.4708 -12.1981
      vertex -128.731 6.41326 -14.1981
    endloop
  endfacet
  facet normal 0.65932 -0.751862 0
    outer loop
      vertex -128.665 6.4708 -12.1981
      vertex -128.731 6.41326 -12.1981
      vertex -128.731 6.41326 -14.1981
    endloop
  endfacet
  facet normal 0.691521 -0.722356 0
    outer loop
      vertex -128.731 6.41326 -14.1981
      vertex -128.731 6.41326 -12.1981
      vertex -128.794 6.35292 -14.1981
    endloop
  endfacet
  facet normal 0.691521 -0.722356 0
    outer loop
      vertex -128.731 6.41326 -12.1981
      vertex -128.794 6.35292 -12.1981
      vertex -128.794 6.35292 -14.1981
    endloop
  endfacet
  facet normal 0.722313 -0.691566 0
    outer loop
      vertex -128.794 6.35292 -14.1981
      vertex -128.794 6.35292 -12.1981
      vertex -128.854 6.28989 -14.1981
    endloop
  endfacet
  facet normal 0.722313 -0.691566 0
    outer loop
      vertex -128.794 6.35292 -12.1981
      vertex -128.854 6.28989 -12.1981
      vertex -128.854 6.28989 -14.1981
    endloop
  endfacet
  facet normal 0.751844 -0.659341 0
    outer loop
      vertex -128.854 6.28989 -14.1981
      vertex -128.854 6.28989 -12.1981
      vertex -128.912 6.22429 -14.1981
    endloop
  endfacet
  facet normal 0.751844 -0.659341 0
    outer loop
      vertex -128.854 6.28989 -12.1981
      vertex -128.912 6.22429 -12.1981
      vertex -128.912 6.22429 -14.1981
    endloop
  endfacet
  facet normal 0.779914 -0.625887 0
    outer loop
      vertex -128.912 6.22429 -14.1981
      vertex -128.912 6.22429 -12.1981
      vertex -128.966 6.15623 -14.1981
    endloop
  endfacet
  facet normal 0.779914 -0.625887 0
    outer loop
      vertex -128.912 6.22429 -12.1981
      vertex -128.966 6.15623 -12.1981
      vertex -128.966 6.15623 -14.1981
    endloop
  endfacet
  facet normal 0.806415 -0.59135 0
    outer loop
      vertex -128.966 6.15623 -14.1981
      vertex -128.966 6.15623 -12.1981
      vertex -129.018 6.08586 -14.1981
    endloop
  endfacet
  facet normal 0.806415 -0.59135 0
    outer loop
      vertex -128.966 6.15623 -12.1981
      vertex -129.018 6.08586 -12.1981
      vertex -129.018 6.08586 -14.1981
    endloop
  endfacet
  facet normal 0.831498 -0.555528 0
    outer loop
      vertex -129.018 6.08586 -14.1981
      vertex -129.018 6.08586 -12.1981
      vertex -129.066 6.01331 -14.1981
    endloop
  endfacet
  facet normal 0.831498 -0.555528 0
    outer loop
      vertex -129.018 6.08586 -12.1981
      vertex -129.066 6.01331 -12.1981
      vertex -129.066 6.01331 -14.1981
    endloop
  endfacet
  facet normal 0.854902 -0.51879 0
    outer loop
      vertex -129.066 6.01331 -14.1981
      vertex -129.066 6.01331 -12.1981
      vertex -129.111 5.93871 -14.1981
    endloop
  endfacet
  facet normal 0.854902 -0.51879 0
    outer loop
      vertex -129.066 6.01331 -12.1981
      vertex -129.111 5.93871 -12.1981
      vertex -129.111 5.93871 -14.1981
    endloop
  endfacet
  facet normal 0.8767 -0.481038 0
    outer loop
      vertex -129.111 5.93871 -14.1981
      vertex -129.111 5.93871 -12.1981
      vertex -129.153 5.86221 -14.1981
    endloop
  endfacet
  facet normal 0.8767 -0.481038 0
    outer loop
      vertex -129.111 5.93871 -12.1981
      vertex -129.153 5.86221 -12.1981
      vertex -129.153 5.86221 -14.1981
    endloop
  endfacet
  facet normal 0.896872 -0.442291 0
    outer loop
      vertex -129.153 5.86221 -14.1981
      vertex -129.153 5.86221 -12.1981
      vertex -129.192 5.78395 -14.1981
    endloop
  endfacet
  facet normal 0.896872 -0.442291 0
    outer loop
      vertex -129.153 5.86221 -12.1981
      vertex -129.192 5.78395 -12.1981
      vertex -129.192 5.78395 -14.1981
    endloop
  endfacet
  facet normal 0.915339 -0.402683 0
    outer loop
      vertex -129.192 5.78395 -14.1981
      vertex -129.192 5.78395 -12.1981
      vertex -129.227 5.70408 -14.1981
    endloop
  endfacet
  facet normal 0.915339 -0.402683 0
    outer loop
      vertex -129.192 5.78395 -12.1981
      vertex -129.227 5.70408 -12.1981
      vertex -129.227 5.70408 -14.1981
    endloop
  endfacet
  facet normal 0.932031 -0.362378 0
    outer loop
      vertex -129.227 5.70408 -14.1981
      vertex -129.227 5.70408 -12.1981
      vertex -129.259 5.62275 -14.1981
    endloop
  endfacet
  facet normal 0.932031 -0.362378 0
    outer loop
      vertex -129.227 5.70408 -12.1981
      vertex -129.259 5.62275 -12.1981
      vertex -129.259 5.62275 -14.1981
    endloop
  endfacet
  facet normal 0.946894 -0.321546 0
    outer loop
      vertex -129.259 5.62275 -14.1981
      vertex -129.259 5.62275 -12.1981
      vertex -129.287 5.54012 -14.1981
    endloop
  endfacet
  facet normal 0.946894 -0.321546 0
    outer loop
      vertex -129.259 5.62275 -12.1981
      vertex -129.287 5.54012 -12.1981
      vertex -129.287 5.54012 -14.1981
    endloop
  endfacet
  facet normal 0.96008 -0.279726 0
    outer loop
      vertex -129.287 5.54012 -14.1981
      vertex -129.287 5.54012 -12.1981
      vertex -129.311 5.45635 -14.1981
    endloop
  endfacet
  facet normal 0.96008 -0.279726 0
    outer loop
      vertex -129.287 5.54012 -12.1981
      vertex -129.311 5.45635 -12.1981
      vertex -129.311 5.45635 -14.1981
    endloop
  endfacet
  facet normal 0.971337 -0.237708 0
    outer loop
      vertex -129.311 5.45635 -14.1981
      vertex -129.311 5.45635 -12.1981
      vertex -129.332 5.37159 -14.1981
    endloop
  endfacet
  facet normal 0.971337 -0.237708 0
    outer loop
      vertex -129.311 5.45635 -12.1981
      vertex -129.332 5.37159 -12.1981
      vertex -129.332 5.37159 -14.1981
    endloop
  endfacet
  facet normal 0.980767 -0.195184 0
    outer loop
      vertex -129.332 5.37159 -14.1981
      vertex -129.332 5.37159 -12.1981
      vertex -129.349 5.28601 -14.1981
    endloop
  endfacet
  facet normal 0.980767 -0.195184 0
    outer loop
      vertex -129.332 5.37159 -12.1981
      vertex -129.349 5.28601 -12.1981
      vertex -129.349 5.28601 -14.1981
    endloop
  endfacet
  facet normal 0.988382 -0.151987 0
    outer loop
      vertex -129.349 5.28601 -14.1981
      vertex -129.349 5.28601 -12.1981
      vertex -129.362 5.19976 -14.1981
    endloop
  endfacet
  facet normal 0.988382 -0.151987 0
    outer loop
      vertex -129.349 5.28601 -12.1981
      vertex -129.362 5.19976 -12.1981
      vertex -129.362 5.19976 -14.1981
    endloop
  endfacet
  facet normal 0.994047 -0.108949 0
    outer loop
      vertex -129.362 5.19976 -14.1981
      vertex -129.362 5.19976 -12.1981
      vertex -129.372 5.11302 -14.1981
    endloop
  endfacet
  facet normal 0.994047 -0.108949 0
    outer loop
      vertex -129.362 5.19976 -12.1981
      vertex -129.372 5.11302 -12.1981
      vertex -129.372 5.11302 -14.1981
    endloop
  endfacet
  facet normal 0.997859 -0.0654043 0
    outer loop
      vertex -129.372 5.11302 -14.1981
      vertex -129.372 5.11302 -12.1981
      vertex -129.378 5.02595 -14.1981
    endloop
  endfacet
  facet normal 0.997859 -0.0654043 0
    outer loop
      vertex -129.372 5.11302 -12.1981
      vertex -129.378 5.02595 -12.1981
      vertex -129.378 5.02595 -14.1981
    endloop
  endfacet
  facet normal 0.999761 -0.0218583 0
    outer loop
      vertex -129.378 5.02595 -14.1981
      vertex -129.378 5.02595 -12.1981
      vertex -129.379 4.93871 -14.1981
    endloop
  endfacet
  facet normal 0.999761 -0.0218583 0
    outer loop
      vertex -129.378 5.02595 -12.1981
      vertex -129.379 4.93871 -12.1981
      vertex -129.379 4.93871 -14.1981
    endloop
  endfacet
  facet normal 0.999761 0.0218583 0
    outer loop
      vertex -129.379 4.93871 -14.1981
      vertex -129.379 4.93871 -12.1981
      vertex -129.378 4.85147 -14.1981
    endloop
  endfacet
  facet normal 0.999761 0.0218583 0
    outer loop
      vertex -129.379 4.93871 -12.1981
      vertex -129.378 4.85147 -12.1981
      vertex -129.378 4.85147 -14.1981
    endloop
  endfacet
  facet normal 0.997859 0.0654043 0
    outer loop
      vertex -129.378 4.85147 -14.1981
      vertex -129.378 4.85147 -12.1981
      vertex -129.372 4.7644 -14.1981
    endloop
  endfacet
  facet normal 0.997859 0.0654043 0
    outer loop
      vertex -129.378 4.85147 -12.1981
      vertex -129.372 4.7644 -12.1981
      vertex -129.372 4.7644 -14.1981
    endloop
  endfacet
  facet normal 0.994047 0.108949 0
    outer loop
      vertex -129.372 4.7644 -14.1981
      vertex -129.372 4.7644 -12.1981
      vertex -129.362 4.67766 -14.1981
    endloop
  endfacet
  facet normal 0.994047 0.108949 0
    outer loop
      vertex -129.372 4.7644 -12.1981
      vertex -129.362 4.67766 -12.1981
      vertex -129.362 4.67766 -14.1981
    endloop
  endfacet
  facet normal 0.988382 0.151987 0
    outer loop
      vertex -129.362 4.67766 -14.1981
      vertex -129.362 4.67766 -12.1981
      vertex -129.349 4.59141 -14.1981
    endloop
  endfacet
  facet normal 0.988382 0.151987 0
    outer loop
      vertex -129.362 4.67766 -12.1981
      vertex -129.349 4.59141 -12.1981
      vertex -129.349 4.59141 -14.1981
    endloop
  endfacet
  facet normal 0.980767 0.195184 0
    outer loop
      vertex -129.349 4.59141 -14.1981
      vertex -129.349 4.59141 -12.1981
      vertex -129.332 4.50583 -14.1981
    endloop
  endfacet
  facet normal 0.980767 0.195184 0
    outer loop
      vertex -129.349 4.59141 -12.1981
      vertex -129.332 4.50583 -12.1981
      vertex -129.332 4.50583 -14.1981
    endloop
  endfacet
  facet normal 0.971337 0.237708 0
    outer loop
      vertex -129.332 4.50583 -14.1981
      vertex -129.332 4.50583 -12.1981
      vertex -129.311 4.42107 -14.1981
    endloop
  endfacet
  facet normal 0.971337 0.237708 0
    outer loop
      vertex -129.332 4.50583 -12.1981
      vertex -129.311 4.42107 -12.1981
      vertex -129.311 4.42107 -14.1981
    endloop
  endfacet
  facet normal 0.96008 0.279726 0
    outer loop
      vertex -129.311 4.42107 -14.1981
      vertex -129.311 4.42107 -12.1981
      vertex -129.287 4.3373 -14.1981
    endloop
  endfacet
  facet normal 0.96008 0.279726 0
    outer loop
      vertex -129.311 4.42107 -12.1981
      vertex -129.287 4.3373 -12.1981
      vertex -129.287 4.3373 -14.1981
    endloop
  endfacet
  facet normal 0.946894 0.321546 0
    outer loop
      vertex -129.287 4.3373 -14.1981
      vertex -129.287 4.3373 -12.1981
      vertex -129.259 4.25467 -14.1981
    endloop
  endfacet
  facet normal 0.946894 0.321546 0
    outer loop
      vertex -129.287 4.3373 -12.1981
      vertex -129.259 4.25467 -12.1981
      vertex -129.259 4.25467 -14.1981
    endloop
  endfacet
  facet normal 0.932031 0.362378 0
    outer loop
      vertex -129.259 4.25467 -14.1981
      vertex -129.259 4.25467 -12.1981
      vertex -129.227 4.17334 -14.1981
    endloop
  endfacet
  facet normal 0.932031 0.362378 0
    outer loop
      vertex -129.259 4.25467 -12.1981
      vertex -129.227 4.17334 -12.1981
      vertex -129.227 4.17334 -14.1981
    endloop
  endfacet
  facet normal 0.915339 0.402683 0
    outer loop
      vertex -129.227 4.17334 -14.1981
      vertex -129.227 4.17334 -12.1981
      vertex -129.192 4.09347 -14.1981
    endloop
  endfacet
  facet normal 0.915339 0.402683 0
    outer loop
      vertex -129.227 4.17334 -12.1981
      vertex -129.192 4.09347 -12.1981
      vertex -129.192 4.09347 -14.1981
    endloop
  endfacet
  facet normal 0.896872 0.442291 0
    outer loop
      vertex -129.192 4.09347 -14.1981
      vertex -129.192 4.09347 -12.1981
      vertex -129.153 4.01521 -14.1981
    endloop
  endfacet
  facet normal 0.896872 0.442291 0
    outer loop
      vertex -129.192 4.09347 -12.1981
      vertex -129.153 4.01521 -12.1981
      vertex -129.153 4.01521 -14.1981
    endloop
  endfacet
  facet normal 0.8767 0.481038 0
    outer loop
      vertex -129.153 4.01521 -14.1981
      vertex -129.153 4.01521 -12.1981
      vertex -129.111 3.93871 -14.1981
    endloop
  endfacet
  facet normal 0.8767 0.481038 0
    outer loop
      vertex -129.153 4.01521 -12.1981
      vertex -129.111 3.93871 -12.1981
      vertex -129.111 3.93871 -14.1981
    endloop
  endfacet
  facet normal 0.854902 0.51879 0
    outer loop
      vertex -129.111 3.93871 -14.1981
      vertex -129.111 3.93871 -12.1981
      vertex -129.066 3.86411 -14.1981
    endloop
  endfacet
  facet normal 0.854902 0.51879 0
    outer loop
      vertex -129.111 3.93871 -12.1981
      vertex -129.066 3.86411 -12.1981
      vertex -129.066 3.86411 -14.1981
    endloop
  endfacet
  facet normal 0.831498 0.555528 0
    outer loop
      vertex -129.066 3.86411 -14.1981
      vertex -129.066 3.86411 -12.1981
      vertex -129.018 3.79156 -14.1981
    endloop
  endfacet
  facet normal 0.831498 0.555528 0
    outer loop
      vertex -129.066 3.86411 -12.1981
      vertex -129.018 3.79156 -12.1981
      vertex -129.018 3.79156 -14.1981
    endloop
  endfacet
  facet normal 0.806416 0.591349 0
    outer loop
      vertex -129.018 3.79156 -14.1981
      vertex -129.018 3.79156 -12.1981
      vertex -128.966 3.72119 -14.1981
    endloop
  endfacet
  facet normal 0.806416 0.591349 0
    outer loop
      vertex -129.018 3.79156 -12.1981
      vertex -128.966 3.72119 -12.1981
      vertex -128.966 3.72119 -14.1981
    endloop
  endfacet
  facet normal 0.779913 0.625888 0
    outer loop
      vertex -128.966 3.72119 -14.1981
      vertex -128.966 3.72119 -12.1981
      vertex -128.912 3.65313 -14.1981
    endloop
  endfacet
  facet normal 0.779913 0.625888 0
    outer loop
      vertex -128.966 3.72119 -12.1981
      vertex -128.912 3.65313 -12.1981
      vertex -128.912 3.65313 -14.1981
    endloop
  endfacet
  facet normal 0.751844 0.659341 0
    outer loop
      vertex -128.912 3.65313 -14.1981
      vertex -128.912 3.65313 -12.1981
      vertex -128.854 3.58753 -14.1981
    endloop
  endfacet
  facet normal 0.751844 0.659341 0
    outer loop
      vertex -128.912 3.65313 -12.1981
      vertex -128.854 3.58753 -12.1981
      vertex -128.854 3.58753 -14.1981
    endloop
  endfacet
  facet normal 0.722314 0.691565 0
    outer loop
      vertex -128.854 3.58753 -14.1981
      vertex -128.854 3.58753 -12.1981
      vertex -128.794 3.5245 -14.1981
    endloop
  endfacet
  facet normal 0.722314 0.691565 0
    outer loop
      vertex -128.854 3.58753 -12.1981
      vertex -128.794 3.5245 -12.1981
      vertex -128.794 3.5245 -14.1981
    endloop
  endfacet
  facet normal 0.69152 0.722357 0
    outer loop
      vertex -128.794 3.5245 -14.1981
      vertex -128.794 3.5245 -12.1981
      vertex -128.731 3.46416 -14.1981
    endloop
  endfacet
  facet normal 0.69152 0.722357 0
    outer loop
      vertex -128.794 3.5245 -12.1981
      vertex -128.731 3.46416 -12.1981
      vertex -128.731 3.46416 -14.1981
    endloop
  endfacet
  facet normal 0.65932 0.751862 0
    outer loop
      vertex -128.731 3.46416 -14.1981
      vertex -128.731 3.46416 -12.1981
      vertex -128.665 3.40662 -14.1981
    endloop
  endfacet
  facet normal 0.65932 0.751862 0
    outer loop
      vertex -128.731 3.46416 -12.1981
      vertex -128.665 3.40662 -12.1981
      vertex -128.665 3.40662 -14.1981
    endloop
  endfacet
  facet normal 0.625999 0.779824 0
    outer loop
      vertex -128.665 3.40662 -14.1981
      vertex -128.665 3.40662 -12.1981
      vertex -128.597 3.352 -14.1981
    endloop
  endfacet
  facet normal 0.625999 0.779824 0
    outer loop
      vertex -128.665 3.40662 -12.1981
      vertex -128.597 3.352 -12.1981
      vertex -128.597 3.352 -14.1981
    endloop
  endfacet
  facet normal 0.591265 0.806478 0
    outer loop
      vertex -128.597 3.352 -14.1981
      vertex -128.597 3.352 -12.1981
      vertex -128.527 3.30041 -14.1981
    endloop
  endfacet
  facet normal 0.591265 0.806478 0
    outer loop
      vertex -128.597 3.352 -12.1981
      vertex -128.527 3.30041 -12.1981
      vertex -128.527 3.30041 -14.1981
    endloop
  endfacet
  facet normal 0.55557 0.83147 0
    outer loop
      vertex -128.527 3.30041 -14.1981
      vertex -128.527 3.30041 -12.1981
      vertex -128.454 3.25193 -14.1981
    endloop
  endfacet
  facet normal 0.55557 0.83147 0
    outer loop
      vertex -128.527 3.30041 -12.1981
      vertex -128.454 3.25193 -12.1981
      vertex -128.454 3.25193 -14.1981
    endloop
  endfacet
  facet normal 0.518795 0.854899 0
    outer loop
      vertex -128.454 3.25193 -14.1981
      vertex -128.454 3.25193 -12.1981
      vertex -128.379 3.20666 -14.1981
    endloop
  endfacet
  facet normal 0.518795 0.854899 0
    outer loop
      vertex -128.454 3.25193 -12.1981
      vertex -128.379 3.20666 -12.1981
      vertex -128.379 3.20666 -14.1981
    endloop
  endfacet
  facet normal 0.480989 0.876727 0
    outer loop
      vertex -128.379 3.20666 -14.1981
      vertex -128.379 3.20666 -12.1981
      vertex -128.303 3.16469 -14.1981
    endloop
  endfacet
  facet normal 0.480989 0.876727 0
    outer loop
      vertex -128.379 3.20666 -12.1981
      vertex -128.303 3.16469 -12.1981
      vertex -128.303 3.16469 -14.1981
    endloop
  endfacet
  facet normal 0.442289 0.896873 0
    outer loop
      vertex -128.303 3.16469 -14.1981
      vertex -128.303 3.16469 -12.1981
      vertex -128.225 3.12609 -14.1981
    endloop
  endfacet
  facet normal 0.442289 0.896873 0
    outer loop
      vertex -128.303 3.16469 -12.1981
      vertex -128.225 3.12609 -12.1981
      vertex -128.225 3.12609 -14.1981
    endloop
  endfacet
  facet normal 0.402744 0.915313 0
    outer loop
      vertex -128.225 3.12609 -14.1981
      vertex -128.225 3.12609 -12.1981
      vertex -128.145 3.09095 -14.1981
    endloop
  endfacet
  facet normal 0.402744 0.915313 0
    outer loop
      vertex -128.225 3.12609 -12.1981
      vertex -128.145 3.09095 -12.1981
      vertex -128.145 3.09095 -14.1981
    endloop
  endfacet
  facet normal 0.362422 0.932014 0
    outer loop
      vertex -128.145 3.09095 -14.1981
      vertex -128.145 3.09095 -12.1981
      vertex -128.063 3.05932 -14.1981
    endloop
  endfacet
  facet normal 0.362422 0.932014 0
    outer loop
      vertex -128.145 3.09095 -12.1981
      vertex -128.063 3.05932 -12.1981
      vertex -128.063 3.05932 -14.1981
    endloop
  endfacet
  facet normal 0.321445 0.946928 0
    outer loop
      vertex -128.063 3.05932 -14.1981
      vertex -128.063 3.05932 -12.1981
      vertex -127.981 3.03128 -14.1981
    endloop
  endfacet
  facet normal 0.321445 0.946928 0
    outer loop
      vertex -128.063 3.05932 -12.1981
      vertex -127.981 3.03128 -12.1981
      vertex -127.981 3.03128 -14.1981
    endloop
  endfacet
  facet normal 0.279828 0.96005 0
    outer loop
      vertex -127.981 3.03128 -14.1981
      vertex -127.981 3.03128 -12.1981
      vertex -127.897 3.00686 -14.1981
    endloop
  endfacet
  facet normal 0.279828 0.96005 0
    outer loop
      vertex -127.981 3.03128 -12.1981
      vertex -127.897 3.00686 -12.1981
      vertex -127.897 3.00686 -14.1981
    endloop
  endfacet
  facet normal 0.237688 0.971341 0
    outer loop
      vertex -127.897 3.00686 -14.1981
      vertex -127.897 3.00686 -12.1981
      vertex -127.812 2.98612 -14.1981
    endloop
  endfacet
  facet normal 0.237688 0.971341 0
    outer loop
      vertex -127.897 3.00686 -12.1981
      vertex -127.812 2.98612 -12.1981
      vertex -127.812 2.98612 -14.1981
    endloop
  endfacet
  facet normal 0.195102 0.980783 0
    outer loop
      vertex -127.812 2.98612 -14.1981
      vertex -127.812 2.98612 -12.1981
      vertex -127.727 2.96909 -14.1981
    endloop
  endfacet
  facet normal 0.195102 0.980783 0
    outer loop
      vertex -127.812 2.98612 -12.1981
      vertex -127.727 2.96909 -12.1981
      vertex -127.727 2.96909 -14.1981
    endloop
  endfacet
  facet normal 0.152118 0.988362 0
    outer loop
      vertex -127.727 2.96909 -14.1981
      vertex -127.727 2.96909 -12.1981
      vertex -127.64 2.95582 -14.1981
    endloop
  endfacet
  facet normal 0.152118 0.988362 0
    outer loop
      vertex -127.727 2.96909 -12.1981
      vertex -127.64 2.95582 -12.1981
      vertex -127.64 2.95582 -14.1981
    endloop
  endfacet
  facet normal 0.108866 0.994056 0
    outer loop
      vertex -127.64 2.95582 -14.1981
      vertex -127.64 2.95582 -12.1981
      vertex -127.554 2.94632 -14.1981
    endloop
  endfacet
  facet normal 0.108866 0.994056 0
    outer loop
      vertex -127.64 2.95582 -12.1981
      vertex -127.554 2.94632 -12.1981
      vertex -127.554 2.94632 -14.1981
    endloop
  endfacet
  facet normal 0.065397 0.997859 0
    outer loop
      vertex -127.554 2.94632 -14.1981
      vertex -127.554 2.94632 -12.1981
      vertex -127.467 2.94061 -14.1981
    endloop
  endfacet
  facet normal 0.065397 0.997859 0
    outer loop
      vertex -127.554 2.94632 -12.1981
      vertex -127.467 2.94061 -12.1981
      vertex -127.467 2.94061 -14.1981
    endloop
  endfacet
  facet normal 0.0218175 0.999762 0
    outer loop
      vertex -127.467 2.94061 -14.1981
      vertex -127.467 2.94061 -12.1981
      vertex -127.379 2.93871 -14.1981
    endloop
  endfacet
  facet normal 0.0218175 0.999762 0
    outer loop
      vertex -127.467 2.94061 -12.1981
      vertex -127.379 2.93871 -12.1981
      vertex -127.379 2.93871 -14.1981
    endloop
  endfacet
  facet normal -0.0218175 0.999762 0
    outer loop
      vertex -127.379 2.93871 -14.1981
      vertex -127.379 2.93871 -12.1981
      vertex -127.292 2.94061 -14.1981
    endloop
  endfacet
  facet normal -0.0218175 0.999762 0
    outer loop
      vertex -127.379 2.93871 -12.1981
      vertex -127.292 2.94061 -12.1981
      vertex -127.292 2.94061 -14.1981
    endloop
  endfacet
  facet normal -0.065397 0.997859 0
    outer loop
      vertex -127.292 2.94061 -14.1981
      vertex -127.292 2.94061 -12.1981
      vertex -127.205 2.94632 -14.1981
    endloop
  endfacet
  facet normal -0.065397 0.997859 0
    outer loop
      vertex -127.292 2.94061 -12.1981
      vertex -127.205 2.94632 -12.1981
      vertex -127.205 2.94632 -14.1981
    endloop
  endfacet
  facet normal -0.108866 0.994056 0
    outer loop
      vertex -127.205 2.94632 -14.1981
      vertex -127.205 2.94632 -12.1981
      vertex -127.118 2.95582 -14.1981
    endloop
  endfacet
  facet normal -0.108866 0.994056 0
    outer loop
      vertex -127.205 2.94632 -12.1981
      vertex -127.118 2.95582 -12.1981
      vertex -127.118 2.95582 -14.1981
    endloop
  endfacet
  facet normal -0.152118 0.988362 0
    outer loop
      vertex -127.118 2.95582 -14.1981
      vertex -127.118 2.95582 -12.1981
      vertex -127.032 2.96909 -14.1981
    endloop
  endfacet
  facet normal -0.152118 0.988362 0
    outer loop
      vertex -127.118 2.95582 -12.1981
      vertex -127.032 2.96909 -12.1981
      vertex -127.032 2.96909 -14.1981
    endloop
  endfacet
  facet normal -0.195102 0.980783 0
    outer loop
      vertex -127.032 2.96909 -14.1981
      vertex -127.032 2.96909 -12.1981
      vertex -126.947 2.98612 -14.1981
    endloop
  endfacet
  facet normal -0.195102 0.980783 0
    outer loop
      vertex -127.032 2.96909 -12.1981
      vertex -126.947 2.98612 -12.1981
      vertex -126.947 2.98612 -14.1981
    endloop
  endfacet
  facet normal -0.237688 0.971341 0
    outer loop
      vertex -126.947 2.98612 -14.1981
      vertex -126.947 2.98612 -12.1981
      vertex -126.862 3.00686 -14.1981
    endloop
  endfacet
  facet normal -0.237688 0.971341 0
    outer loop
      vertex -126.947 2.98612 -12.1981
      vertex -126.862 3.00686 -12.1981
      vertex -126.862 3.00686 -14.1981
    endloop
  endfacet
  facet normal -0.279828 0.96005 0
    outer loop
      vertex -126.862 3.00686 -14.1981
      vertex -126.862 3.00686 -12.1981
      vertex -126.778 3.03128 -14.1981
    endloop
  endfacet
  facet normal -0.279828 0.96005 0
    outer loop
      vertex -126.862 3.00686 -12.1981
      vertex -126.778 3.03128 -12.1981
      vertex -126.778 3.03128 -14.1981
    endloop
  endfacet
  facet normal -0.321445 0.946928 0
    outer loop
      vertex -126.778 3.03128 -14.1981
      vertex -126.778 3.03128 -12.1981
      vertex -126.695 3.05932 -14.1981
    endloop
  endfacet
  facet normal -0.321445 0.946928 0
    outer loop
      vertex -126.778 3.03128 -12.1981
      vertex -126.695 3.05932 -12.1981
      vertex -126.695 3.05932 -14.1981
    endloop
  endfacet
  facet normal -0.362422 0.932014 0
    outer loop
      vertex -126.695 3.05932 -14.1981
      vertex -126.695 3.05932 -12.1981
      vertex -126.614 3.09095 -14.1981
    endloop
  endfacet
  facet normal -0.362422 0.932014 0
    outer loop
      vertex -126.695 3.05932 -12.1981
      vertex -126.614 3.09095 -12.1981
      vertex -126.614 3.09095 -14.1981
    endloop
  endfacet
  facet normal -0.402744 0.915313 0
    outer loop
      vertex -126.614 3.09095 -14.1981
      vertex -126.614 3.09095 -12.1981
      vertex -126.534 3.12609 -14.1981
    endloop
  endfacet
  facet normal -0.402744 0.915313 0
    outer loop
      vertex -126.614 3.09095 -12.1981
      vertex -126.534 3.12609 -12.1981
      vertex -126.534 3.12609 -14.1981
    endloop
  endfacet
  facet normal -0.442289 0.896873 0
    outer loop
      vertex -126.534 3.12609 -14.1981
      vertex -126.534 3.12609 -12.1981
      vertex -126.456 3.16469 -14.1981
    endloop
  endfacet
  facet normal -0.442289 0.896873 0
    outer loop
      vertex -126.534 3.12609 -12.1981
      vertex -126.456 3.16469 -12.1981
      vertex -126.456 3.16469 -14.1981
    endloop
  endfacet
  facet normal -0.480989 0.876727 0
    outer loop
      vertex -126.456 3.16469 -14.1981
      vertex -126.456 3.16469 -12.1981
      vertex -126.379 3.20666 -14.1981
    endloop
  endfacet
  facet normal -0.480989 0.876727 0
    outer loop
      vertex -126.456 3.16469 -12.1981
      vertex -126.379 3.20666 -12.1981
      vertex -126.379 3.20666 -14.1981
    endloop
  endfacet
  facet normal -0.518795 0.854899 0
    outer loop
      vertex -126.379 3.20666 -14.1981
      vertex -126.379 3.20666 -12.1981
      vertex -126.305 3.25193 -14.1981
    endloop
  endfacet
  facet normal -0.518795 0.854899 0
    outer loop
      vertex -126.379 3.20666 -12.1981
      vertex -126.305 3.25193 -12.1981
      vertex -126.305 3.25193 -14.1981
    endloop
  endfacet
  facet normal -0.55557 0.83147 0
    outer loop
      vertex -126.305 3.25193 -14.1981
      vertex -126.305 3.25193 -12.1981
      vertex -126.232 3.30041 -14.1981
    endloop
  endfacet
  facet normal -0.55557 0.83147 0
    outer loop
      vertex -126.305 3.25193 -12.1981
      vertex -126.232 3.30041 -12.1981
      vertex -126.232 3.30041 -14.1981
    endloop
  endfacet
  facet normal -0.591265 0.806478 0
    outer loop
      vertex -126.232 3.30041 -14.1981
      vertex -126.232 3.30041 -12.1981
      vertex -126.162 3.352 -14.1981
    endloop
  endfacet
  facet normal -0.591265 0.806478 0
    outer loop
      vertex -126.232 3.30041 -12.1981
      vertex -126.162 3.352 -12.1981
      vertex -126.162 3.352 -14.1981
    endloop
  endfacet
  facet normal -0.625999 0.779824 0
    outer loop
      vertex -126.162 3.352 -14.1981
      vertex -126.162 3.352 -12.1981
      vertex -126.094 3.40662 -14.1981
    endloop
  endfacet
  facet normal -0.625999 0.779824 0
    outer loop
      vertex -126.162 3.352 -12.1981
      vertex -126.094 3.40662 -12.1981
      vertex -126.094 3.40662 -14.1981
    endloop
  endfacet
  facet normal -0.65932 0.751862 0
    outer loop
      vertex -126.094 3.40662 -14.1981
      vertex -126.094 3.40662 -12.1981
      vertex -126.028 3.46416 -14.1981
    endloop
  endfacet
  facet normal -0.65932 0.751862 0
    outer loop
      vertex -126.094 3.40662 -12.1981
      vertex -126.028 3.46416 -12.1981
      vertex -126.028 3.46416 -14.1981
    endloop
  endfacet
  facet normal -0.69152 0.722357 0
    outer loop
      vertex -126.028 3.46416 -14.1981
      vertex -126.028 3.46416 -12.1981
      vertex -125.965 3.5245 -14.1981
    endloop
  endfacet
  facet normal -0.69152 0.722357 0
    outer loop
      vertex -126.028 3.46416 -12.1981
      vertex -125.965 3.5245 -12.1981
      vertex -125.965 3.5245 -14.1981
    endloop
  endfacet
  facet normal -0.722314 0.691565 0
    outer loop
      vertex -125.965 3.5245 -14.1981
      vertex -125.965 3.5245 -12.1981
      vertex -125.905 3.58753 -14.1981
    endloop
  endfacet
  facet normal -0.722314 0.691565 0
    outer loop
      vertex -125.965 3.5245 -12.1981
      vertex -125.905 3.58753 -12.1981
      vertex -125.905 3.58753 -14.1981
    endloop
  endfacet
  facet normal -0.751844 0.659341 0
    outer loop
      vertex -125.905 3.58753 -14.1981
      vertex -125.905 3.58753 -12.1981
      vertex -125.847 3.65313 -14.1981
    endloop
  endfacet
  facet normal -0.751844 0.659341 0
    outer loop
      vertex -125.905 3.58753 -12.1981
      vertex -125.847 3.65313 -12.1981
      vertex -125.847 3.65313 -14.1981
    endloop
  endfacet
  facet normal -0.779913 0.625888 0
    outer loop
      vertex -125.847 3.65313 -14.1981
      vertex -125.847 3.65313 -12.1981
      vertex -125.793 3.72119 -14.1981
    endloop
  endfacet
  facet normal -0.779913 0.625888 0
    outer loop
      vertex -125.847 3.65313 -12.1981
      vertex -125.793 3.72119 -12.1981
      vertex -125.793 3.72119 -14.1981
    endloop
  endfacet
  facet normal -0.806416 0.591349 0
    outer loop
      vertex -125.793 3.72119 -14.1981
      vertex -125.793 3.72119 -12.1981
      vertex -125.741 3.79156 -14.1981
    endloop
  endfacet
  facet normal -0.806416 0.591349 0
    outer loop
      vertex -125.793 3.72119 -12.1981
      vertex -125.741 3.79156 -12.1981
      vertex -125.741 3.79156 -14.1981
    endloop
  endfacet
  facet normal -0.831498 0.555528 0
    outer loop
      vertex -125.741 3.79156 -14.1981
      vertex -125.741 3.79156 -12.1981
      vertex -125.693 3.86411 -14.1981
    endloop
  endfacet
  facet normal -0.831498 0.555528 0
    outer loop
      vertex -125.741 3.79156 -12.1981
      vertex -125.693 3.86411 -12.1981
      vertex -125.693 3.86411 -14.1981
    endloop
  endfacet
  facet normal -0.854902 0.51879 0
    outer loop
      vertex -125.693 3.86411 -14.1981
      vertex -125.693 3.86411 -12.1981
      vertex -125.647 3.93871 -14.1981
    endloop
  endfacet
  facet normal -0.854902 0.51879 0
    outer loop
      vertex -125.693 3.86411 -12.1981
      vertex -125.647 3.93871 -12.1981
      vertex -125.647 3.93871 -14.1981
    endloop
  endfacet
  facet normal -0.8767 0.481038 0
    outer loop
      vertex -125.647 3.93871 -14.1981
      vertex -125.647 3.93871 -12.1981
      vertex -125.605 4.01521 -14.1981
    endloop
  endfacet
  facet normal -0.8767 0.481038 0
    outer loop
      vertex -125.647 3.93871 -12.1981
      vertex -125.605 4.01521 -12.1981
      vertex -125.605 4.01521 -14.1981
    endloop
  endfacet
  facet normal -0.896872 0.442291 0
    outer loop
      vertex -125.605 4.01521 -14.1981
      vertex -125.605 4.01521 -12.1981
      vertex -125.567 4.09347 -14.1981
    endloop
  endfacet
  facet normal -0.896872 0.442291 0
    outer loop
      vertex -125.605 4.01521 -12.1981
      vertex -125.567 4.09347 -12.1981
      vertex -125.567 4.09347 -14.1981
    endloop
  endfacet
  facet normal -0.915339 0.402683 0
    outer loop
      vertex -125.567 4.09347 -14.1981
      vertex -125.567 4.09347 -12.1981
      vertex -125.532 4.17334 -14.1981
    endloop
  endfacet
  facet normal -0.915339 0.402683 0
    outer loop
      vertex -125.567 4.09347 -12.1981
      vertex -125.532 4.17334 -12.1981
      vertex -125.532 4.17334 -14.1981
    endloop
  endfacet
  facet normal -0.932031 0.362378 0
    outer loop
      vertex -125.532 4.17334 -14.1981
      vertex -125.532 4.17334 -12.1981
      vertex -125.5 4.25467 -14.1981
    endloop
  endfacet
  facet normal -0.932031 0.362378 0
    outer loop
      vertex -125.532 4.17334 -12.1981
      vertex -125.5 4.25467 -12.1981
      vertex -125.5 4.25467 -14.1981
    endloop
  endfacet
  facet normal -0.946894 0.321546 0
    outer loop
      vertex -125.5 4.25467 -14.1981
      vertex -125.5 4.25467 -12.1981
      vertex -125.472 4.3373 -14.1981
    endloop
  endfacet
  facet normal -0.946894 0.321546 0
    outer loop
      vertex -125.5 4.25467 -12.1981
      vertex -125.472 4.3373 -12.1981
      vertex -125.472 4.3373 -14.1981
    endloop
  endfacet
  facet normal -0.96008 0.279726 0
    outer loop
      vertex -125.472 4.3373 -14.1981
      vertex -125.472 4.3373 -12.1981
      vertex -125.448 4.42107 -14.1981
    endloop
  endfacet
  facet normal -0.96008 0.279726 0
    outer loop
      vertex -125.472 4.3373 -12.1981
      vertex -125.448 4.42107 -12.1981
      vertex -125.448 4.42107 -14.1981
    endloop
  endfacet
  facet normal -0.971337 0.237708 0
    outer loop
      vertex -125.448 4.42107 -14.1981
      vertex -125.448 4.42107 -12.1981
      vertex -125.427 4.50583 -14.1981
    endloop
  endfacet
  facet normal -0.971337 0.237708 0
    outer loop
      vertex -125.448 4.42107 -12.1981
      vertex -125.427 4.50583 -12.1981
      vertex -125.427 4.50583 -14.1981
    endloop
  endfacet
  facet normal -0.980767 0.195184 0
    outer loop
      vertex -125.427 4.50583 -14.1981
      vertex -125.427 4.50583 -12.1981
      vertex -125.41 4.59141 -14.1981
    endloop
  endfacet
  facet normal -0.980767 0.195184 0
    outer loop
      vertex -125.427 4.50583 -12.1981
      vertex -125.41 4.59141 -12.1981
      vertex -125.41 4.59141 -14.1981
    endloop
  endfacet
  facet normal -0.988382 0.151987 0
    outer loop
      vertex -125.41 4.59141 -14.1981
      vertex -125.41 4.59141 -12.1981
      vertex -125.397 4.67766 -14.1981
    endloop
  endfacet
  facet normal -0.988382 0.151987 0
    outer loop
      vertex -125.41 4.59141 -12.1981
      vertex -125.397 4.67766 -12.1981
      vertex -125.397 4.67766 -14.1981
    endloop
  endfacet
  facet normal -0.994047 0.108949 0
    outer loop
      vertex -125.397 4.67766 -14.1981
      vertex -125.397 4.67766 -12.1981
      vertex -125.387 4.7644 -14.1981
    endloop
  endfacet
  facet normal -0.994047 0.108949 0
    outer loop
      vertex -125.397 4.67766 -12.1981
      vertex -125.387 4.7644 -12.1981
      vertex -125.387 4.7644 -14.1981
    endloop
  endfacet
  facet normal -0.997859 0.0654043 0
    outer loop
      vertex -125.387 4.7644 -14.1981
      vertex -125.387 4.7644 -12.1981
      vertex -125.381 4.85147 -14.1981
    endloop
  endfacet
  facet normal -0.997859 0.0654043 0
    outer loop
      vertex -125.387 4.7644 -12.1981
      vertex -125.381 4.85147 -12.1981
      vertex -125.381 4.85147 -14.1981
    endloop
  endfacet
  facet normal -0.999761 0.0218583 0
    outer loop
      vertex -125.381 4.85147 -14.1981
      vertex -125.381 4.85147 -12.1981
      vertex -125.379 4.93871 -14.1981
    endloop
  endfacet
  facet normal -0.999761 0.0218583 0
    outer loop
      vertex -125.381 4.85147 -12.1981
      vertex -125.379 4.93871 -12.1981
      vertex -125.379 4.93871 -14.1981
    endloop
  endfacet
  facet normal -1 0 0
    outer loop
      vertex -131.913 10.3993 -17.1981
      vertex -131.913 -44.6007 -17.1981
      vertex -131.913 10.3993 -12.1981
    endloop
  endfacet
  facet normal -1 0 0
    outer loop
      vertex -131.913 -44.6007 -17.1981
      vertex -131.913 -44.6007 -12.1981
      vertex -131.913 10.3993 -12.1981
    endloop
  endfacet
  facet normal 0 0 -1
    outer loop
      vertex -130.763 -40.2186 -17.1981
      vertex -130.746 -40.3704 -17.1981
      vertex -131.913 -44.6007 -17.1981
    endloop
  endfacet
  facet normal 0 0 -1
    outer loop
      vertex -131.913 -44.6007 -17.1981
      vertex -130.657 -40.8194 -17.1981
      vertex -130.614 -40.966 -17.1981
    endloop
  endfacet
  facet normal 0 0 -1
    outer loop
      vertex -130.156 2.80804 -17.1981
      vertex -131.913 -44.6007 -17.1981
      vertex -130.246 2.93119 -17.1981
    endloop
  endfacet
  facet normal 0 0 -1
    outer loop
      vertex -131.913 -44.6007 -17.1981
      vertex -130.331 3.05816 -17.1981
      vertex -130.246 2.93119 -17.1981
    endloop
  endfacet
  facet normal 0 0 -1
    outer loop
      vertex -130.763 -40.2186 -17.1981
      vertex -131.913 -44.6007 -17.1981
      vertex -130.773 -40.0662 -17.1981
    endloop
  endfacet
  facet normal 0 0 -1
    outer loop
      vertex -130.614 -40.966 -17.1981
      vertex -130.565 -41.1106 -17.1981
      vertex -131.913 -44.6007 -17.1981
    endloop
  endfacet
  facet normal 0 0 -1
    outer loop
      vertex -130.565 -41.1106 -17.1981
      vertex -130.509 -41.2529 -17.1981
      vertex -131.913 -44.6007 -17.1981
    endloop
  endfacet
  facet normal 0 0 -1
    outer loop
      vertex -131.913 -44.6007 -17.1981
      vertex -130.509 -41.2529 -17.1981
      vertex -130.448 -41.3927 -17.1981
    endloop
  endfacet
  facet normal 0 0 -1
    outer loop
      vertex -123.987 -38.7165 -17.1981
      vertex -124.042 -38.5742 -17.1981
      vertex -130.156 2.80804 -17.1981
    endloop
  endfacet
  facet normal 0 0 -1
    outer loop
      vertex -130.746 -40.3704 -17.1981
      vertex -130.723 -40.5213 -17.1981
      vertex -131.913 -44.6007 -17.1981
    endloop
  endfacet
  facet normal 0 0 -1
    outer loop
      vertex -130.723 -40.5213 -17.1981
      vertex -130.693 -40.6711 -17.1981
      vertex -131.913 -44.6007 -17.1981
    endloop
  endfacet
  facet normal 0 0 -1
    outer loop
      vertex -131.913 -44.6007 -17.1981
      vertex -130.693 -40.6711 -17.1981
      vertex -130.657 -40.8194 -17.1981
    endloop
  endfacet
  facet normal 0 0 -1
    outer loop
      vertex -130.448 -41.3927 -17.1981
      vertex -130.38 -41.5297 -17.1981
      vertex -131.913 -44.6007 -17.1981
    endloop
  endfacet
  facet normal 0 0 -1
    outer loop
      vertex -130.38 -41.5297 -17.1981
      vertex -130.307 -41.6636 -17.1981
      vertex -131.913 -44.6007 -17.1981
    endloop
  endfacet
  facet normal 0 0 -1
    outer loop
      vertex -131.913 -44.6007 -17.1981
      vertex -130.307 -41.6636 -17.1981
      vertex -130.228 -41.7941 -17.1981
    endloop
  endfacet
  facet normal 0 0 -1
    outer loop
      vertex -131.913 -44.6007 -17.1981
      vertex -130.76 4.03284 -17.1981
      vertex -130.717 3.88624 -17.1981
    endloop
  endfacet
  facet normal 0 0 -1
    outer loop
      vertex -130.746 -39.4567 -17.1981
      vertex -130.763 -39.6085 -17.1981
      vertex -131.913 -44.6007 -17.1981
    endloop
  endfacet
  facet normal 0 0 -1
    outer loop
      vertex -130.228 -41.7941 -17.1981
      vertex -130.143 -41.9211 -17.1981
      vertex -131.913 -44.6007 -17.1981
    endloop
  endfacet
  facet normal 0 0 -1
    outer loop
      vertex -130.143 -41.9211 -17.1981
      vertex -130.053 -42.0442 -17.1981
      vertex -131.913 -44.6007 -17.1981
    endloop
  endfacet
  facet normal 0 0 -1
    outer loop
      vertex -131.913 -44.6007 -17.1981
      vertex -130.053 -42.0442 -17.1981
      vertex -129.957 -42.1633 -17.1981
    endloop
  endfacet
  facet normal 0 0 -1
    outer loop
      vertex -131.913 10.3993 -17.1981
      vertex -130.876 4.78604 -17.1981
      vertex -131.913 -44.6007 -17.1981
    endloop
  endfacet
  facet normal 0 0 -1
    outer loop
      vertex -130.876 4.78604 -17.1981
      vertex -130.866 4.63367 -17.1981
      vertex -131.913 -44.6007 -17.1981
    endloop
  endfacet
  facet normal 0 0 -1
    outer loop
      vertex -131.913 -44.6007 -17.1981
      vertex -130.866 4.63367 -17.1981
      vertex -130.849 4.48187 -17.1981
    endloop
  endfacet
  facet normal 0 0 -1
    outer loop
      vertex -130.717 3.88624 -17.1981
      vertex -130.668 3.74164 -17.1981
      vertex -131.913 -44.6007 -17.1981
    endloop
  endfacet
  facet normal 0 0 -1
    outer loop
      vertex -130.668 3.74164 -17.1981
      vertex -130.613 3.59932 -17.1981
      vertex -131.913 -44.6007 -17.1981
    endloop
  endfacet
  facet normal 0 0 -1
    outer loop
      vertex -131.913 -44.6007 -17.1981
      vertex -130.613 3.59932 -17.1981
      vertex -130.552 3.45955 -17.1981
    endloop
  endfacet
  facet normal 0 0 -1
    outer loop
      vertex -130.552 3.45955 -17.1981
      vertex -130.484 3.32259 -17.1981
      vertex -131.913 -44.6007 -17.1981
    endloop
  endfacet
  facet normal 0 0 -1
    outer loop
      vertex -130.484 3.32259 -17.1981
      vertex -130.411 3.18871 -17.1981
      vertex -131.913 -44.6007 -17.1981
    endloop
  endfacet
  facet normal 0 0 -1
    outer loop
      vertex -131.913 -44.6007 -17.1981
      vertex -130.411 3.18871 -17.1981
      vertex -130.331 3.05816 -17.1981
    endloop
  endfacet
  facet normal 0 0 -1
    outer loop
      vertex -130.763 -39.6085 -17.1981
      vertex -130.773 -39.7609 -17.1981
      vertex -131.913 -44.6007 -17.1981
    endloop
  endfacet
  facet normal 0 0 -1
    outer loop
      vertex -130.773 -39.7609 -17.1981
      vertex -130.776 -39.9136 -17.1981
      vertex -131.913 -44.6007 -17.1981
    endloop
  endfacet
  facet normal 0 0 -1
    outer loop
      vertex -131.913 -44.6007 -17.1981
      vertex -130.776 -39.9136 -17.1981
      vertex -130.773 -40.0662 -17.1981
    endloop
  endfacet
  facet normal 0 0 -1
    outer loop
      vertex -130.614 -38.8611 -17.1981
      vertex -130.156 2.80804 -17.1981
      vertex -130.565 -38.7165 -17.1981
    endloop
  endfacet
  facet normal 0 0 -1
    outer loop
      vertex -130.156 2.80804 -17.1981
      vertex -130.509 -38.5742 -17.1981
      vertex -130.565 -38.7165 -17.1981
    endloop
  endfacet
  facet normal 0 0 -1
    outer loop
      vertex -130.614 -38.8611 -17.1981
      vertex -130.657 -39.0077 -17.1981
      vertex -130.156 2.80804 -17.1981
    endloop
  endfacet
  facet normal 0 0 -1
    outer loop
      vertex -130.657 -39.0077 -17.1981
      vertex -130.693 -39.156 -17.1981
      vertex -130.156 2.80804 -17.1981
    endloop
  endfacet
  facet normal 0 0 -1
    outer loop
      vertex -130.156 2.80804 -17.1981
      vertex -130.693 -39.156 -17.1981
      vertex -131.913 -44.6007 -17.1981
    endloop
  endfacet
  facet normal 0 0 -1
    outer loop
      vertex -130.693 -39.156 -17.1981
      vertex -130.723 -39.3058 -17.1981
      vertex -131.913 -44.6007 -17.1981
    endloop
  endfacet
  facet normal 0 0 -1
    outer loop
      vertex -131.913 -44.6007 -17.1981
      vertex -130.723 -39.3058 -17.1981
      vertex -130.746 -39.4567 -17.1981
    endloop
  endfacet
  facet normal 0 0 -1
    outer loop
      vertex -123.962 5.69625 -17.1981
      vertex -123.999 5.84458 -17.1981
      vertex -50.5499 5.05915 -17.1981
    endloop
  endfacet
  facet normal 0 0 -1
    outer loop
      vertex -123.999 5.84458 -17.1981
      vertex -124.041 5.99118 -17.1981
      vertex -50.5499 5.05915 -17.1981
    endloop
  endfacet
  facet normal 0 0 -1
    outer loop
      vertex -50.5499 5.05915 -17.1981
      vertex -124.041 5.99118 -17.1981
      vertex -124.091 6.13578 -17.1981
    endloop
  endfacet
  facet normal 0 0 -1
    outer loop
      vertex -124.512 6.94623 -17.1981
      vertex -124.603 7.06937 -17.1981
      vertex -50.5499 5.05915 -17.1981
    endloop
  endfacet
  facet normal 0 0 -1
    outer loop
      vertex -130.331 6.81926 -17.1981
      vertex -130.411 6.68871 -17.1981
      vertex -131.913 10.3993 -17.1981
    endloop
  endfacet
  facet normal 0 0 -1
    outer loop
      vertex -130.849 4.48187 -17.1981
      vertex -130.826 4.33094 -17.1981
      vertex -131.913 -44.6007 -17.1981
    endloop
  endfacet
  facet normal 0 0 -1
    outer loop
      vertex -130.826 4.33094 -17.1981
      vertex -130.796 4.18117 -17.1981
      vertex -131.913 -44.6007 -17.1981
    endloop
  endfacet
  facet normal 0 0 -1
    outer loop
      vertex -131.913 -44.6007 -17.1981
      vertex -130.796 4.18117 -17.1981
      vertex -130.76 4.03284 -17.1981
    endloop
  endfacet
  facet normal 0 0 -1
    outer loop
      vertex -123.859 -39.156 -17.1981
      vertex -123.895 -39.0077 -17.1981
      vertex -130.156 2.80804 -17.1981
    endloop
  endfacet
  facet normal 0 0 -1
    outer loop
      vertex -123.895 -39.0077 -17.1981
      vertex -123.938 -38.8611 -17.1981
      vertex -130.156 2.80804 -17.1981
    endloop
  endfacet
  facet normal 0 0 -1
    outer loop
      vertex -130.156 2.80804 -17.1981
      vertex -123.938 -38.8611 -17.1981
      vertex -123.987 -38.7165 -17.1981
    endloop
  endfacet
  facet normal 0 0 -1
    outer loop
      vertex -124.042 -38.5742 -17.1981
      vertex -124.104 -38.4344 -17.1981
      vertex -130.156 2.80804 -17.1981
    endloop
  endfacet
  facet normal 0 0 -1
    outer loop
      vertex -124.104 -38.4344 -17.1981
      vertex -124.171 -38.2974 -17.1981
      vertex -130.156 2.80804 -17.1981
    endloop
  endfacet
  facet normal 0 0 -1
    outer loop
      vertex -130.156 2.80804 -17.1981
      vertex -124.171 -38.2974 -17.1981
      vertex -124.245 -38.1636 -17.1981
    endloop
  endfacet
  facet normal 0 0 -1
    outer loop
      vertex -129.957 -42.1633 -17.1981
      vertex -129.856 -42.2781 -17.1981
      vertex -131.913 -44.6007 -17.1981
    endloop
  endfacet
  facet normal 0 0 -1
    outer loop
      vertex -129.856 -42.2781 -17.1981
      vertex -129.751 -42.3884 -17.1981
      vertex -131.913 -44.6007 -17.1981
    endloop
  endfacet
  facet normal 0 0 -1
    outer loop
      vertex -131.913 -44.6007 -17.1981
      vertex -129.751 -42.3884 -17.1981
      vertex -129.64 -42.494 -17.1981
    endloop
  endfacet
  facet normal 0 0 -1
    outer loop
      vertex -124.091 6.13578 -17.1981
      vertex -124.146 6.2781 -17.1981
      vertex -50.5499 5.05915 -17.1981
    endloop
  endfacet
  facet normal 0 0 -1
    outer loop
      vertex -124.146 6.2781 -17.1981
      vertex -124.207 6.41787 -17.1981
      vertex -50.5499 5.05915 -17.1981
    endloop
  endfacet
  facet normal 0 0 -1
    outer loop
      vertex -50.5499 5.05915 -17.1981
      vertex -124.207 6.41787 -17.1981
      vertex -124.275 6.55483 -17.1981
    endloop
  endfacet
  facet normal 0 0 -1
    outer loop
      vertex -130.866 5.24375 -17.1981
      vertex -130.876 5.09138 -17.1981
      vertex -131.913 10.3993 -17.1981
    endloop
  endfacet
  facet normal 0 0 -1
    outer loop
      vertex -130.876 5.09138 -17.1981
      vertex -130.879 4.93871 -17.1981
      vertex -131.913 10.3993 -17.1981
    endloop
  endfacet
  facet normal 0 0 -1
    outer loop
      vertex -131.913 10.3993 -17.1981
      vertex -130.879 4.93871 -17.1981
      vertex -130.876 4.78604 -17.1981
    endloop
  endfacet
  facet normal 0 0 -1
    outer loop
      vertex -123.859 -39.156 -17.1981
      vertex -130.156 2.80804 -17.1981
      vertex -123.829 -39.3058 -17.1981
    endloop
  endfacet
  facet normal 0 0 -1
    outer loop
      vertex -130.156 2.80804 -17.1981
      vertex -130.061 2.68895 -17.1981
      vertex -123.829 -39.3058 -17.1981
    endloop
  endfacet
  facet normal 0 0 -1
    outer loop
      vertex -123.829 -39.3058 -17.1981
      vertex -130.061 2.68895 -17.1981
      vertex -123.806 -39.4567 -17.1981
    endloop
  endfacet
  facet normal 0 0 -1
    outer loop
      vertex -124.245 -38.1636 -17.1981
      vertex -124.324 -38.033 -17.1981
      vertex -130.156 2.80804 -17.1981
    endloop
  endfacet
  facet normal 0 0 -1
    outer loop
      vertex -124.324 -38.033 -17.1981
      vertex -124.409 -37.906 -17.1981
      vertex -130.156 2.80804 -17.1981
    endloop
  endfacet
  facet normal 0 0 -1
    outer loop
      vertex -130.156 2.80804 -17.1981
      vertex -124.409 -37.906 -17.1981
      vertex -124.499 -37.7829 -17.1981
    endloop
  endfacet
  facet normal 0 0 -1
    outer loop
      vertex -129.283 -37.0465 -17.1981
      vertex -129.407 -37.1368 -17.1981
      vertex -130.156 2.80804 -17.1981
    endloop
  endfacet
  facet normal 0 0 -1
    outer loop
      vertex -130.307 -38.1636 -17.1981
      vertex -130.38 -38.2974 -17.1981
      vertex -130.156 2.80804 -17.1981
    endloop
  endfacet
  facet normal 0 0 -1
    outer loop
      vertex -130.38 -38.2974 -17.1981
      vertex -130.448 -38.4344 -17.1981
      vertex -130.156 2.80804 -17.1981
    endloop
  endfacet
  facet normal 0 0 -1
    outer loop
      vertex -130.156 2.80804 -17.1981
      vertex -130.448 -38.4344 -17.1981
      vertex -130.509 -38.5742 -17.1981
    endloop
  endfacet
  facet normal 0 0 -1
    outer loop
      vertex -124.603 7.06937 -17.1981
      vertex -124.698 7.18847 -17.1981
      vertex -50.5499 5.05915 -17.1981
    endloop
  endfacet
  facet normal 0 0 -1
    outer loop
      vertex -124.698 7.18847 -17.1981
      vertex -124.799 7.30328 -17.1981
      vertex -50.5499 5.05915 -17.1981
    endloop
  endfacet
  facet normal 0 0 -1
    outer loop
      vertex -50.5499 5.05915 -17.1981
      vertex -124.799 7.30328 -17.1981
      vertex -124.905 7.41358 -17.1981
    endloop
  endfacet
  facet normal 0 0 -1
    outer loop
      vertex -130.331 6.81926 -17.1981
      vertex -131.913 10.3993 -17.1981
      vertex -130.246 6.94623 -17.1981
    endloop
  endfacet
  facet normal 0 0 -1
    outer loop
      vertex -130.411 6.68871 -17.1981
      vertex -130.484 6.55483 -17.1981
      vertex -131.913 10.3993 -17.1981
    endloop
  endfacet
  facet normal 0 0 -1
    outer loop
      vertex -130.484 6.55483 -17.1981
      vertex -130.552 6.41787 -17.1981
      vertex -131.913 10.3993 -17.1981
    endloop
  endfacet
  facet normal 0 0 -1
    outer loop
      vertex -131.913 10.3993 -17.1981
      vertex -130.552 6.41787 -17.1981
      vertex -130.613 6.2781 -17.1981
    endloop
  endfacet
  facet normal 0 0 -1
    outer loop
      vertex -131.913 10.3993 -17.1981
      vertex -130.76 5.84458 -17.1981
      vertex -130.796 5.69625 -17.1981
    endloop
  endfacet
  facet normal 0 0 -1
    outer loop
      vertex -124.499 -37.7829 -17.1981
      vertex -124.595 -37.6638 -17.1981
      vertex -130.156 2.80804 -17.1981
    endloop
  endfacet
  facet normal 0 0 -1
    outer loop
      vertex -124.595 -37.6638 -17.1981
      vertex -124.695 -37.549 -17.1981
      vertex -130.156 2.80804 -17.1981
    endloop
  endfacet
  facet normal 0 0 -1
    outer loop
      vertex -130.156 2.80804 -17.1981
      vertex -124.695 -37.549 -17.1981
      vertex -124.801 -37.4387 -17.1981
    endloop
  endfacet
  facet normal 0 0 -1
    outer loop
      vertex -130.053 -37.7829 -17.1981
      vertex -130.143 -37.906 -17.1981
      vertex -130.156 2.80804 -17.1981
    endloop
  endfacet
  facet normal 0 0 -1
    outer loop
      vertex -130.143 -37.906 -17.1981
      vertex -130.228 -38.033 -17.1981
      vertex -130.156 2.80804 -17.1981
    endloop
  endfacet
  facet normal 0 0 -1
    outer loop
      vertex -130.156 2.80804 -17.1981
      vertex -130.228 -38.033 -17.1981
      vertex -130.307 -38.1636 -17.1981
    endloop
  endfacet
  facet normal 0 0 -1
    outer loop
      vertex -129.64 -42.494 -17.1981
      vertex -129.526 -42.5947 -17.1981
      vertex -131.913 -44.6007 -17.1981
    endloop
  endfacet
  facet normal 0 0 -1
    outer loop
      vertex -129.526 -42.5947 -17.1981
      vertex -129.407 -42.6903 -17.1981
      vertex -131.913 -44.6007 -17.1981
    endloop
  endfacet
  facet normal 0 0 -1
    outer loop
      vertex -131.913 -44.6007 -17.1981
      vertex -129.407 -42.6903 -17.1981
      vertex -129.283 -42.7806 -17.1981
    endloop
  endfacet
  facet normal 0 0 -1
    outer loop
      vertex -49.4144 -42.3228 -17.1981
      vertex -49.2996 -42.4235 -17.1981
      vertex -131.913 -44.6007 -17.1981
    endloop
  endfacet
  facet normal 0 0 -1
    outer loop
      vertex -43.7119 -40.7948 -17.1981
      vertex -43.6691 -40.6482 -17.1981
      vertex -41.9129 -44.6007 -17.1981
    endloop
  endfacet
  facet normal 0 0 -1
    outer loop
      vertex -124.801 -42.3884 -17.1981
      vertex -50.5499 -39.7423 -17.1981
      vertex -124.911 -42.494 -17.1981
    endloop
  endfacet
  facet normal 0 0 -1
    outer loop
      vertex -50.5499 -39.7423 -17.1981
      vertex -125.026 -42.5947 -17.1981
      vertex -124.911 -42.494 -17.1981
    endloop
  endfacet
  facet normal 0 0 -1
    outer loop
      vertex -124.275 6.55483 -17.1981
      vertex -124.348 6.68871 -17.1981
      vertex -50.5499 5.05915 -17.1981
    endloop
  endfacet
  facet normal 0 0 -1
    outer loop
      vertex -124.348 6.68871 -17.1981
      vertex -124.428 6.81926 -17.1981
      vertex -50.5499 5.05915 -17.1981
    endloop
  endfacet
  facet normal 0 0 -1
    outer loop
      vertex -50.5499 5.05915 -17.1981
      vertex -124.428 6.81926 -17.1981
      vertex -124.512 6.94623 -17.1981
    endloop
  endfacet
  facet normal 0 0 -1
    outer loop
      vertex -130.796 5.69625 -17.1981
      vertex -130.826 5.54648 -17.1981
      vertex -131.913 10.3993 -17.1981
    endloop
  endfacet
  facet normal 0 0 -1
    outer loop
      vertex -130.826 5.54648 -17.1981
      vertex -130.849 5.39555 -17.1981
      vertex -131.913 10.3993 -17.1981
    endloop
  endfacet
  facet normal 0 0 -1
    outer loop
      vertex -131.913 10.3993 -17.1981
      vertex -130.849 5.39555 -17.1981
      vertex -130.866 5.24375 -17.1981
    endloop
  endfacet
  facet normal 0 0 -1
    outer loop
      vertex -125.145 -37.1368 -17.1981
      vertex -125.268 -37.0465 -17.1981
      vertex -130.156 2.80804 -17.1981
    endloop
  endfacet
  facet normal 0 0 -1
    outer loop
      vertex -125.268 -37.0465 -17.1981
      vertex -125.395 -36.9617 -17.1981
      vertex -130.156 2.80804 -17.1981
    endloop
  endfacet
  facet normal 0 0 -1
    outer loop
      vertex -130.156 2.80804 -17.1981
      vertex -125.395 -36.9617 -17.1981
      vertex -125.526 -36.8825 -17.1981
    endloop
  endfacet
  facet normal 0 0 -1
    outer loop
      vertex -129.407 -37.1368 -17.1981
      vertex -129.526 -37.2324 -17.1981
      vertex -130.156 2.80804 -17.1981
    endloop
  endfacet
  facet normal 0 0 -1
    outer loop
      vertex -129.526 -37.2324 -17.1981
      vertex -129.64 -37.3331 -17.1981
      vertex -130.156 2.80804 -17.1981
    endloop
  endfacet
  facet normal 0 0 -1
    outer loop
      vertex -130.156 2.80804 -17.1981
      vertex -129.64 -37.3331 -17.1981
      vertex -129.751 -37.4387 -17.1981
    endloop
  endfacet
  facet normal 0 0 -1
    outer loop
      vertex -129.751 -37.4387 -17.1981
      vertex -129.856 -37.549 -17.1981
      vertex -130.156 2.80804 -17.1981
    endloop
  endfacet
  facet normal 0 0 -1
    outer loop
      vertex -129.856 -37.549 -17.1981
      vertex -129.957 -37.6638 -17.1981
      vertex -130.156 2.80804 -17.1981
    endloop
  endfacet
  facet normal 0 0 -1
    outer loop
      vertex -130.156 2.80804 -17.1981
      vertex -129.957 -37.6638 -17.1981
      vertex -130.053 -37.7829 -17.1981
    endloop
  endfacet
  facet normal 0 0 -1
    outer loop
      vertex -43.6691 4.15328 -17.1981
      vertex -43.6328 4.30161 -17.1981
      vertex -44.575 -37.2675 -17.1981
    endloop
  endfacet
  facet normal 0 0 -1
    outer loop
      vertex -129.96 7.30328 -17.1981
      vertex -130.061 7.18847 -17.1981
      vertex -131.913 10.3993 -17.1981
    endloop
  endfacet
  facet normal 0 0 -1
    outer loop
      vertex -130.061 7.18847 -17.1981
      vertex -130.156 7.06937 -17.1981
      vertex -131.913 10.3993 -17.1981
    endloop
  endfacet
  facet normal 0 0 -1
    outer loop
      vertex -131.913 10.3993 -17.1981
      vertex -130.156 7.06937 -17.1981
      vertex -130.246 6.94623 -17.1981
    endloop
  endfacet
  facet normal 0 0 -1
    outer loop
      vertex -130.613 6.2781 -17.1981
      vertex -130.668 6.13578 -17.1981
      vertex -131.913 10.3993 -17.1981
    endloop
  endfacet
  facet normal 0 0 -1
    outer loop
      vertex -130.668 6.13578 -17.1981
      vertex -130.717 5.99118 -17.1981
      vertex -131.913 10.3993 -17.1981
    endloop
  endfacet
  facet normal 0 0 -1
    outer loop
      vertex -131.913 10.3993 -17.1981
      vertex -130.717 5.99118 -17.1981
      vertex -130.76 5.84458 -17.1981
    endloop
  endfacet
  facet normal 0 0 -1
    outer loop
      vertex -124.801 -37.4387 -17.1981
      vertex -124.911 -37.3331 -17.1981
      vertex -130.156 2.80804 -17.1981
    endloop
  endfacet
  facet normal 0 0 -1
    outer loop
      vertex -124.911 -37.3331 -17.1981
      vertex -125.026 -37.2324 -17.1981
      vertex -130.156 2.80804 -17.1981
    endloop
  endfacet
  facet normal 0 0 -1
    outer loop
      vertex -130.156 2.80804 -17.1981
      vertex -125.026 -37.2324 -17.1981
      vertex -125.145 -37.1368 -17.1981
    endloop
  endfacet
  facet normal 0 0 -1
    outer loop
      vertex -128.892 -43.0181 -17.1981
      vertex -128.755 -43.0856 -17.1981
      vertex -131.913 -44.6007 -17.1981
    endloop
  endfacet
  facet normal 0 0 -1
    outer loop
      vertex -128.755 -43.0856 -17.1981
      vertex -128.615 -43.1471 -17.1981
      vertex -131.913 -44.6007 -17.1981
    endloop
  endfacet
  facet normal 0 0 -1
    outer loop
      vertex -131.913 -44.6007 -17.1981
      vertex -128.615 -43.1471 -17.1981
      vertex -128.473 -43.2025 -17.1981
    endloop
  endfacet
  facet normal 0 0 -1
    outer loop
      vertex -50.5366 -40.0474 -17.1981
      vertex -50.5199 -40.1992 -17.1981
      vertex -131.913 -44.6007 -17.1981
    endloop
  endfacet
  facet normal 0 0 -1
    outer loop
      vertex -50.5199 -40.1992 -17.1981
      vertex -50.4967 -40.3501 -17.1981
      vertex -131.913 -44.6007 -17.1981
    endloop
  endfacet
  facet normal 0 0 -1
    outer loop
      vertex -50.0018 -41.6229 -17.1981
      vertex -49.9169 -41.7499 -17.1981
      vertex -131.913 -44.6007 -17.1981
    endloop
  endfacet
  facet normal 0 0 -1
    outer loop
      vertex -49.9169 -41.7499 -17.1981
      vertex -49.8266 -41.873 -17.1981
      vertex -131.913 -44.6007 -17.1981
    endloop
  endfacet
  facet normal 0 0 -1
    outer loop
      vertex -131.913 -44.6007 -17.1981
      vertex -49.8266 -41.873 -17.1981
      vertex -49.731 -41.9921 -17.1981
    endloop
  endfacet
  facet normal 0 0 -1
    outer loop
      vertex -49.731 -41.9921 -17.1981
      vertex -49.6304 -42.1069 -17.1981
      vertex -131.913 -44.6007 -17.1981
    endloop
  endfacet
  facet normal 0 0 -1
    outer loop
      vertex -49.6304 -42.1069 -17.1981
      vertex -49.5248 -42.2172 -17.1981
      vertex -131.913 -44.6007 -17.1981
    endloop
  endfacet
  facet normal 0 0 -1
    outer loop
      vertex -131.913 -44.6007 -17.1981
      vertex -49.5248 -42.2172 -17.1981
      vertex -49.4144 -42.3228 -17.1981
    endloop
  endfacet
  facet normal 0 0 -1
    outer loop
      vertex -49.2996 -42.4235 -17.1981
      vertex -49.1805 -42.5191 -17.1981
      vertex -131.913 -44.6007 -17.1981
    endloop
  endfacet
  facet normal 0 0 -1
    outer loop
      vertex -49.1805 -42.5191 -17.1981
      vertex -49.0574 -42.6094 -17.1981
      vertex -131.913 -44.6007 -17.1981
    endloop
  endfacet
  facet normal 0 0 -1
    outer loop
      vertex -131.913 -44.6007 -17.1981
      vertex -49.0574 -42.6094 -17.1981
      vertex -48.9304 -42.6942 -17.1981
    endloop
  endfacet
  facet normal 0 0 -1
    outer loop
      vertex -48.1024 -43.0804 -17.1981
      vertex -47.9558 -43.1231 -17.1981
      vertex -131.913 -44.6007 -17.1981
    endloop
  endfacet
  facet normal 0 0 -1
    outer loop
      vertex -44.0188 -41.4923 -17.1981
      vertex -43.9453 -41.3585 -17.1981
      vertex -41.9129 -44.6007 -17.1981
    endloop
  endfacet
  facet normal 0 0 -1
    outer loop
      vertex -43.9453 -41.3585 -17.1981
      vertex -43.8778 -41.2215 -17.1981
      vertex -41.9129 -44.6007 -17.1981
    endloop
  endfacet
  facet normal 0 0 -1
    outer loop
      vertex -124.042 -41.2529 -17.1981
      vertex -123.987 -41.1106 -17.1981
      vertex -50.5499 -39.7423 -17.1981
    endloop
  endfacet
  facet normal 0 0 -1
    outer loop
      vertex -123.987 -41.1106 -17.1981
      vertex -123.938 -40.966 -17.1981
      vertex -50.5499 -39.7423 -17.1981
    endloop
  endfacet
  facet normal 0 0 -1
    outer loop
      vertex -126.772 8.38554 -17.1981
      vertex -126.923 8.40877 -17.1981
      vertex -131.913 10.3993 -17.1981
    endloop
  endfacet
  facet normal 0 0 -1
    outer loop
      vertex -129.629 7.61987 -17.1981
      vertex -129.744 7.51918 -17.1981
      vertex -131.913 10.3993 -17.1981
    endloop
  endfacet
  facet normal 0 0 -1
    outer loop
      vertex -129.744 7.51918 -17.1981
      vertex -129.854 7.41358 -17.1981
      vertex -131.913 10.3993 -17.1981
    endloop
  endfacet
  facet normal 0 0 -1
    outer loop
      vertex -131.913 10.3993 -17.1981
      vertex -129.854 7.41358 -17.1981
      vertex -129.96 7.30328 -17.1981
    endloop
  endfacet
  facet normal 0 0 -1
    outer loop
      vertex -125.526 -36.8825 -17.1981
      vertex -125.66 -36.809 -17.1981
      vertex -130.156 2.80804 -17.1981
    endloop
  endfacet
  facet normal 0 0 -1
    outer loop
      vertex -125.66 -36.809 -17.1981
      vertex -125.797 -36.7415 -17.1981
      vertex -130.156 2.80804 -17.1981
    endloop
  endfacet
  facet normal 0 0 -1
    outer loop
      vertex -130.156 2.80804 -17.1981
      vertex -125.797 -36.7415 -17.1981
      vertex -125.936 -36.68 -17.1981
    endloop
  endfacet
  facet normal 0 0 -1
    outer loop
      vertex -129.283 -42.7806 -17.1981
      vertex -129.156 -42.8654 -17.1981
      vertex -131.913 -44.6007 -17.1981
    endloop
  endfacet
  facet normal 0 0 -1
    outer loop
      vertex -129.156 -42.8654 -17.1981
      vertex -129.026 -42.9446 -17.1981
      vertex -131.913 -44.6007 -17.1981
    endloop
  endfacet
  facet normal 0 0 -1
    outer loop
      vertex -131.913 -44.6007 -17.1981
      vertex -129.026 -42.9446 -17.1981
      vertex -128.892 -43.0181 -17.1981
    endloop
  endfacet
  facet normal 0 0 -1
    outer loop
      vertex -128.473 -43.2025 -17.1981
      vertex -128.328 -43.2516 -17.1981
      vertex -131.913 -44.6007 -17.1981
    endloop
  endfacet
  facet normal 0 0 -1
    outer loop
      vertex -128.328 -43.2516 -17.1981
      vertex -128.182 -43.2943 -17.1981
      vertex -131.913 -44.6007 -17.1981
    endloop
  endfacet
  facet normal 0 0 -1
    outer loop
      vertex -131.913 -44.6007 -17.1981
      vertex -128.182 -43.2943 -17.1981
      vertex -128.033 -43.3306 -17.1981
    endloop
  endfacet
  facet normal 0 0 -1
    outer loop
      vertex -50.4967 -40.3501 -17.1981
      vertex -50.4669 -40.4999 -17.1981
      vertex -131.913 -44.6007 -17.1981
    endloop
  endfacet
  facet normal 0 0 -1
    outer loop
      vertex -50.4669 -40.4999 -17.1981
      vertex -50.4306 -40.6482 -17.1981
      vertex -131.913 -44.6007 -17.1981
    endloop
  endfacet
  facet normal 0 0 -1
    outer loop
      vertex -131.913 -44.6007 -17.1981
      vertex -50.4306 -40.6482 -17.1981
      vertex -50.3879 -40.7948 -17.1981
    endloop
  endfacet
  facet normal 0 0 -1
    outer loop
      vertex -43.8778 -41.2215 -17.1981
      vertex -43.8163 -41.0817 -17.1981
      vertex -41.9129 -44.6007 -17.1981
    endloop
  endfacet
  facet normal 0 0 -1
    outer loop
      vertex -43.8163 -41.0817 -17.1981
      vertex -43.761 -40.9394 -17.1981
      vertex -41.9129 -44.6007 -17.1981
    endloop
  endfacet
  facet normal 0 0 -1
    outer loop
      vertex -41.9129 -44.6007 -17.1981
      vertex -43.761 -40.9394 -17.1981
      vertex -43.7119 -40.7948 -17.1981
    endloop
  endfacet
  facet normal 0 0 -1
    outer loop
      vertex -43.6691 -40.6482 -17.1981
      vertex -43.6328 -40.4999 -17.1981
      vertex -41.9129 -44.6007 -17.1981
    endloop
  endfacet
  facet normal 0 0 -1
    outer loop
      vertex -43.6328 -40.4999 -17.1981
      vertex -43.6031 -40.3501 -17.1981
      vertex -41.9129 -44.6007 -17.1981
    endloop
  endfacet
  facet normal 0 0 -1
    outer loop
      vertex -41.9129 -44.6007 -17.1981
      vertex -43.6031 -40.3501 -17.1981
      vertex -43.5798 -40.1992 -17.1981
    endloop
  endfacet
  facet normal 0 0 -1
    outer loop
      vertex -125.395 -42.8654 -17.1981
      vertex -125.268 -42.7806 -17.1981
      vertex -50.5499 -39.7423 -17.1981
    endloop
  endfacet
  facet normal 0 0 -1
    outer loop
      vertex -125.268 -42.7806 -17.1981
      vertex -125.145 -42.6903 -17.1981
      vertex -50.5499 -39.7423 -17.1981
    endloop
  endfacet
  facet normal 0 0 -1
    outer loop
      vertex -50.5499 -39.7423 -17.1981
      vertex -125.145 -42.6903 -17.1981
      vertex -125.026 -42.5947 -17.1981
    endloop
  endfacet
  facet normal 0 0 -1
    outer loop
      vertex -123.999 4.03284 -17.1981
      vertex -45.4338 -36.6378 -17.1981
      vertex -124.041 3.88624 -17.1981
    endloop
  endfacet
  facet normal 0 0 -1
    outer loop
      vertex -45.4338 -36.6378 -17.1981
      vertex -124.091 3.74164 -17.1981
      vertex -124.041 3.88624 -17.1981
    endloop
  endfacet
  facet normal 0 0 -1
    outer loop
      vertex -43.6691 4.15328 -17.1981
      vertex -44.575 -37.2675 -17.1981
      vertex -43.7119 4.00667 -17.1981
    endloop
  endfacet
  facet normal 0 0 -1
    outer loop
      vertex -50.5199 4.6023 -17.1981
      vertex -44.8001 -37.0612 -17.1981
      vertex -44.9192 -36.9656 -17.1981
    endloop
  endfacet
  facet normal 0 0 -1
    outer loop
      vertex -124.905 7.41358 -17.1981
      vertex -125.015 7.51918 -17.1981
      vertex -50.5499 5.05915 -17.1981
    endloop
  endfacet
  facet normal 0 0 -1
    outer loop
      vertex -125.015 7.51918 -17.1981
      vertex -125.13 7.61987 -17.1981
      vertex -50.5499 5.05915 -17.1981
    endloop
  endfacet
  facet normal 0 0 -1
    outer loop
      vertex -50.5499 5.05915 -17.1981
      vertex -125.13 7.61987 -17.1981
      vertex -125.249 7.71545 -17.1981
    endloop
  endfacet
  facet normal 0 0 -1
    outer loop
      vertex -125.936 -36.68 -17.1981
      vertex -126.079 -36.6246 -17.1981
      vertex -130.156 2.80804 -17.1981
    endloop
  endfacet
  facet normal 0 0 -1
    outer loop
      vertex -126.079 -36.6246 -17.1981
      vertex -126.223 -36.5755 -17.1981
      vertex -130.156 2.80804 -17.1981
    endloop
  endfacet
  facet normal 0 0 -1
    outer loop
      vertex -130.156 2.80804 -17.1981
      vertex -126.223 -36.5755 -17.1981
      vertex -126.37 -36.5328 -17.1981
    endloop
  endfacet
  facet normal 0 0 -1
    outer loop
      vertex -126.37 -36.5328 -17.1981
      vertex -126.518 -36.4965 -17.1981
      vertex -130.156 2.80804 -17.1981
    endloop
  endfacet
  facet normal 0 0 -1
    outer loop
      vertex -126.518 -36.4965 -17.1981
      vertex -126.668 -36.4667 -17.1981
      vertex -130.156 2.80804 -17.1981
    endloop
  endfacet
  facet normal 0 0 -1
    outer loop
      vertex -130.156 2.80804 -17.1981
      vertex -126.668 -36.4667 -17.1981
      vertex -126.819 -36.4435 -17.1981
    endloop
  endfacet
  facet normal 0 0 -1
    outer loop
      vertex -128.892 -36.809 -17.1981
      vertex -129.026 -36.8825 -17.1981
      vertex -130.156 2.80804 -17.1981
    endloop
  endfacet
  facet normal 0 0 -1
    outer loop
      vertex -129.026 -36.8825 -17.1981
      vertex -129.156 -36.9617 -17.1981
      vertex -130.156 2.80804 -17.1981
    endloop
  endfacet
  facet normal 0 0 -1
    outer loop
      vertex -130.156 2.80804 -17.1981
      vertex -129.156 -36.9617 -17.1981
      vertex -129.283 -37.0465 -17.1981
    endloop
  endfacet
  facet normal 0 0 -1
    outer loop
      vertex -128.033 -43.3306 -17.1981
      vertex -127.884 -43.3604 -17.1981
      vertex -131.913 -44.6007 -17.1981
    endloop
  endfacet
  facet normal 0 0 -1
    outer loop
      vertex -127.884 -43.3604 -17.1981
      vertex -127.733 -43.3836 -17.1981
      vertex -131.913 -44.6007 -17.1981
    endloop
  endfacet
  facet normal 0 0 -1
    outer loop
      vertex -131.913 -44.6007 -17.1981
      vertex -127.733 -43.3836 -17.1981
      vertex -127.581 -43.4002 -17.1981
    endloop
  endfacet
  facet normal 0 0 -1
    outer loop
      vertex -50.3879 -40.7948 -17.1981
      vertex -50.3388 -40.9394 -17.1981
      vertex -131.913 -44.6007 -17.1981
    endloop
  endfacet
  facet normal 0 0 -1
    outer loop
      vertex -50.3388 -40.9394 -17.1981
      vertex -50.2835 -41.0817 -17.1981
      vertex -131.913 -44.6007 -17.1981
    endloop
  endfacet
  facet normal 0 0 -1
    outer loop
      vertex -131.913 -44.6007 -17.1981
      vertex -50.2835 -41.0817 -17.1981
      vertex -50.222 -41.2215 -17.1981
    endloop
  endfacet
  facet normal 0 0 -1
    outer loop
      vertex -50.222 -41.2215 -17.1981
      vertex -50.1544 -41.3585 -17.1981
      vertex -131.913 -44.6007 -17.1981
    endloop
  endfacet
  facet normal 0 0 -1
    outer loop
      vertex -50.1544 -41.3585 -17.1981
      vertex -50.081 -41.4923 -17.1981
      vertex -131.913 -44.6007 -17.1981
    endloop
  endfacet
  facet normal 0 0 -1
    outer loop
      vertex -131.913 -44.6007 -17.1981
      vertex -50.081 -41.4923 -17.1981
      vertex -50.0018 -41.6229 -17.1981
    endloop
  endfacet
  facet normal 0 0 -1
    outer loop
      vertex -44.6853 -42.3228 -17.1981
      vertex -44.575 -42.2172 -17.1981
      vertex -41.9129 -44.6007 -17.1981
    endloop
  endfacet
  facet normal 0 0 -1
    outer loop
      vertex -43.6031 -39.1346 -17.1981
      vertex -41.9129 10.3993 -17.1981
      vertex -43.5798 -39.2855 -17.1981
    endloop
  endfacet
  facet normal 0 0 -1
    outer loop
      vertex -41.9129 10.3993 -17.1981
      vertex -41.9129 -44.6007 -17.1981
      vertex -43.5798 -39.2855 -17.1981
    endloop
  endfacet
  facet normal 0 0 -1
    outer loop
      vertex -43.6031 -39.1346 -17.1981
      vertex -43.6328 -38.9848 -17.1981
      vertex -41.9129 10.3993 -17.1981
    endloop
  endfacet
  facet normal 0 0 -1
    outer loop
      vertex -43.6328 -38.9848 -17.1981
      vertex -43.6691 -38.8365 -17.1981
      vertex -41.9129 10.3993 -17.1981
    endloop
  endfacet
  facet normal 0 0 -1
    outer loop
      vertex -41.9129 10.3993 -17.1981
      vertex -43.6691 -38.8365 -17.1981
      vertex -43.7119 -38.6899 -17.1981
    endloop
  endfacet
  facet normal 0 0 -1
    outer loop
      vertex -50.5499 -39.7423 -17.1981
      vertex -126.819 -43.3836 -17.1981
      vertex -126.668 -43.3604 -17.1981
    endloop
  endfacet
  facet normal 0 0 -1
    outer loop
      vertex -126.668 -43.3604 -17.1981
      vertex -126.518 -43.3306 -17.1981
      vertex -50.5499 -39.7423 -17.1981
    endloop
  endfacet
  facet normal 0 0 -1
    outer loop
      vertex -126.518 -43.3306 -17.1981
      vertex -126.37 -43.2943 -17.1981
      vertex -50.5499 -39.7423 -17.1981
    endloop
  endfacet
  facet normal 0 0 -1
    outer loop
      vertex -50.5499 -39.7423 -17.1981
      vertex -126.37 -43.2943 -17.1981
      vertex -126.223 -43.2516 -17.1981
    endloop
  endfacet
  facet normal 0 0 -1
    outer loop
      vertex -126.223 -43.2516 -17.1981
      vertex -126.079 -43.2025 -17.1981
      vertex -50.5499 -39.7423 -17.1981
    endloop
  endfacet
  facet normal 0 0 -1
    outer loop
      vertex -126.079 -43.2025 -17.1981
      vertex -125.936 -43.1471 -17.1981
      vertex -50.5499 -39.7423 -17.1981
    endloop
  endfacet
  facet normal 0 0 -1
    outer loop
      vertex -50.5499 -39.7423 -17.1981
      vertex -125.936 -43.1471 -17.1981
      vertex -125.797 -43.0856 -17.1981
    endloop
  endfacet
  facet normal 0 0 -1
    outer loop
      vertex -130.061 2.68895 -17.1981
      vertex -129.96 2.57414 -17.1981
      vertex -123.806 -39.4567 -17.1981
    endloop
  endfacet
  facet normal 0 0 -1
    outer loop
      vertex -129.96 2.57414 -17.1981
      vertex -129.854 2.46384 -17.1981
      vertex -123.806 -39.4567 -17.1981
    endloop
  endfacet
  facet normal 0 0 -1
    outer loop
      vertex -123.806 -39.4567 -17.1981
      vertex -129.854 2.46384 -17.1981
      vertex -129.744 2.35824 -17.1981
    endloop
  endfacet
  facet normal 0 0 -1
    outer loop
      vertex -50.4306 5.96501 -17.1981
      vertex -50.4669 5.81668 -17.1981
      vertex -131.913 10.3993 -17.1981
    endloop
  endfacet
  facet normal 0 0 -1
    outer loop
      vertex -44.9192 -36.9656 -17.1981
      vertex -45.0424 -36.8753 -17.1981
      vertex -50.5199 4.6023 -17.1981
    endloop
  endfacet
  facet normal 0 0 -1
    outer loop
      vertex -45.0424 -36.8753 -17.1981
      vertex -45.1693 -36.7905 -17.1981
      vertex -50.5199 4.6023 -17.1981
    endloop
  endfacet
  facet normal 0 0 -1
    outer loop
      vertex -50.5199 4.6023 -17.1981
      vertex -45.1693 -36.7905 -17.1981
      vertex -45.2999 -36.7113 -17.1981
    endloop
  endfacet
  facet normal 0 0 -1
    outer loop
      vertex -128.285 8.31945 -17.1981
      vertex -128.432 8.27672 -17.1981
      vertex -131.913 10.3993 -17.1981
    endloop
  endfacet
  facet normal 0 0 -1
    outer loop
      vertex -128.033 -36.4965 -17.1981
      vertex -130.156 2.80804 -17.1981
      vertex -127.884 -36.4667 -17.1981
    endloop
  endfacet
  facet normal 0 0 -1
    outer loop
      vertex -130.156 2.80804 -17.1981
      vertex -127.733 -36.4435 -17.1981
      vertex -127.884 -36.4667 -17.1981
    endloop
  endfacet
  facet normal 0 0 -1
    outer loop
      vertex -127.581 -43.4002 -17.1981
      vertex -127.429 -43.4102 -17.1981
      vertex -131.913 -44.6007 -17.1981
    endloop
  endfacet
  facet normal 0 0 -1
    outer loop
      vertex -127.429 -43.4102 -17.1981
      vertex -127.276 -43.4136 -17.1981
      vertex -131.913 -44.6007 -17.1981
    endloop
  endfacet
  facet normal 0 0 -1
    outer loop
      vertex -131.913 -44.6007 -17.1981
      vertex -127.276 -43.4136 -17.1981
      vertex -127.123 -43.4102 -17.1981
    endloop
  endfacet
  facet normal 0 0 -1
    outer loop
      vertex -48.9304 -42.6942 -17.1981
      vertex -48.7999 -42.7734 -17.1981
      vertex -131.913 -44.6007 -17.1981
    endloop
  endfacet
  facet normal 0 0 -1
    outer loop
      vertex -48.7999 -42.7734 -17.1981
      vertex -48.666 -42.8469 -17.1981
      vertex -131.913 -44.6007 -17.1981
    endloop
  endfacet
  facet normal 0 0 -1
    outer loop
      vertex -131.913 -44.6007 -17.1981
      vertex -48.666 -42.8469 -17.1981
      vertex -48.529 -42.9144 -17.1981
    endloop
  endfacet
  facet normal 0 0 -1
    outer loop
      vertex -41.9129 -44.6007 -17.1981
      vertex -46.593 -43.2124 -17.1981
      vertex -46.4421 -43.1892 -17.1981
    endloop
  endfacet
  facet normal 0 0 -1
    outer loop
      vertex -44.6853 -42.3228 -17.1981
      vertex -41.9129 -44.6007 -17.1981
      vertex -44.8001 -42.4235 -17.1981
    endloop
  endfacet
  facet normal 0 0 -1
    outer loop
      vertex -43.5798 -40.1992 -17.1981
      vertex -43.5632 -40.0474 -17.1981
      vertex -41.9129 -44.6007 -17.1981
    endloop
  endfacet
  facet normal 0 0 -1
    outer loop
      vertex -43.5632 -40.0474 -17.1981
      vertex -43.5532 -39.895 -17.1981
      vertex -41.9129 -44.6007 -17.1981
    endloop
  endfacet
  facet normal 0 0 -1
    outer loop
      vertex -41.9129 -44.6007 -17.1981
      vertex -43.5532 -39.895 -17.1981
      vertex -43.5499 -39.7423 -17.1981
    endloop
  endfacet
  facet normal 0 0 -1
    outer loop
      vertex -43.5499 -39.7423 -17.1981
      vertex -43.5532 -39.5897 -17.1981
      vertex -41.9129 -44.6007 -17.1981
    endloop
  endfacet
  facet normal 0 0 -1
    outer loop
      vertex -43.5532 -39.5897 -17.1981
      vertex -43.5632 -39.4373 -17.1981
      vertex -41.9129 -44.6007 -17.1981
    endloop
  endfacet
  facet normal 0 0 -1
    outer loop
      vertex -41.9129 -44.6007 -17.1981
      vertex -43.5632 -39.4373 -17.1981
      vertex -43.5798 -39.2855 -17.1981
    endloop
  endfacet
  facet normal 0 0 -1
    outer loop
      vertex -43.7119 -38.6899 -17.1981
      vertex -43.761 -38.5453 -17.1981
      vertex -41.9129 10.3993 -17.1981
    endloop
  endfacet
  facet normal 0 0 -1
    outer loop
      vertex -43.761 -38.5453 -17.1981
      vertex -43.8163 -38.403 -17.1981
      vertex -41.9129 10.3993 -17.1981
    endloop
  endfacet
  facet normal 0 0 -1
    outer loop
      vertex -41.9129 10.3993 -17.1981
      vertex -43.8163 -38.403 -17.1981
      vertex -43.8778 -38.2632 -17.1981
    endloop
  endfacet
  facet normal 0 0 -1
    outer loop
      vertex -43.8778 -38.2632 -17.1981
      vertex -43.9453 -38.1262 -17.1981
      vertex -41.9129 10.3993 -17.1981
    endloop
  endfacet
  facet normal 0 0 -1
    outer loop
      vertex -43.9453 -38.1262 -17.1981
      vertex -44.0188 -37.9923 -17.1981
      vertex -41.9129 10.3993 -17.1981
    endloop
  endfacet
  facet normal 0 0 -1
    outer loop
      vertex -41.9129 10.3993 -17.1981
      vertex -44.0188 -37.9923 -17.1981
      vertex -44.098 -37.8618 -17.1981
    endloop
  endfacet
  facet normal 0 0 -1
    outer loop
      vertex -44.098 -37.8618 -17.1981
      vertex -44.1829 -37.7348 -17.1981
      vertex -41.9129 10.3993 -17.1981
    endloop
  endfacet
  facet normal 0 0 -1
    outer loop
      vertex -44.1829 -37.7348 -17.1981
      vertex -44.2731 -37.6117 -17.1981
      vertex -41.9129 10.3993 -17.1981
    endloop
  endfacet
  facet normal 0 0 -1
    outer loop
      vertex -41.9129 10.3993 -17.1981
      vertex -44.2731 -37.6117 -17.1981
      vertex -44.3687 -37.4926 -17.1981
    endloop
  endfacet
  facet normal 0 0 -1
    outer loop
      vertex -125.797 -43.0856 -17.1981
      vertex -125.66 -43.0181 -17.1981
      vertex -50.5499 -39.7423 -17.1981
    endloop
  endfacet
  facet normal 0 0 -1
    outer loop
      vertex -125.66 -43.0181 -17.1981
      vertex -125.526 -42.9446 -17.1981
      vertex -50.5499 -39.7423 -17.1981
    endloop
  endfacet
  facet normal 0 0 -1
    outer loop
      vertex -50.5499 -39.7423 -17.1981
      vertex -125.526 -42.9446 -17.1981
      vertex -125.395 -42.8654 -17.1981
    endloop
  endfacet
  facet normal 0 0 -1
    outer loop
      vertex -124.499 -42.0442 -17.1981
      vertex -124.409 -41.9211 -17.1981
      vertex -50.5499 -39.7423 -17.1981
    endloop
  endfacet
  facet normal 0 0 -1
    outer loop
      vertex -124.409 -41.9211 -17.1981
      vertex -124.324 -41.7941 -17.1981
      vertex -50.5499 -39.7423 -17.1981
    endloop
  endfacet
  facet normal 0 0 -1
    outer loop
      vertex -50.5499 -39.7423 -17.1981
      vertex -124.324 -41.7941 -17.1981
      vertex -124.245 -41.6636 -17.1981
    endloop
  endfacet
  facet normal 0 0 -1
    outer loop
      vertex -44.1829 3.05163 -17.1981
      vertex -44.098 3.1786 -17.1981
      vertex -44.575 -37.2675 -17.1981
    endloop
  endfacet
  facet normal 0 0 -1
    outer loop
      vertex -123.933 4.33094 -17.1981
      vertex -123.909 4.48187 -17.1981
      vertex -50.5366 4.7541 -17.1981
    endloop
  endfacet
  facet normal 0 0 -1
    outer loop
      vertex -126.772 8.38554 -17.1981
      vertex -131.913 10.3993 -17.1981
      vertex -126.622 8.35575 -17.1981
    endloop
  endfacet
  facet normal 0 0 -1
    outer loop
      vertex -128.033 -36.4965 -17.1981
      vertex -128.182 -36.5328 -17.1981
      vertex -130.156 2.80804 -17.1981
    endloop
  endfacet
  facet normal 0 0 -1
    outer loop
      vertex -128.182 -36.5328 -17.1981
      vertex -128.328 -36.5755 -17.1981
      vertex -130.156 2.80804 -17.1981
    endloop
  endfacet
  facet normal 0 0 -1
    outer loop
      vertex -130.156 2.80804 -17.1981
      vertex -128.328 -36.5755 -17.1981
      vertex -128.473 -36.6246 -17.1981
    endloop
  endfacet
  facet normal 0 0 -1
    outer loop
      vertex -128.473 -36.6246 -17.1981
      vertex -128.615 -36.68 -17.1981
      vertex -130.156 2.80804 -17.1981
    endloop
  endfacet
  facet normal 0 0 -1
    outer loop
      vertex -128.615 -36.68 -17.1981
      vertex -128.755 -36.7415 -17.1981
      vertex -130.156 2.80804 -17.1981
    endloop
  endfacet
  facet normal 0 0 -1
    outer loop
      vertex -130.156 2.80804 -17.1981
      vertex -128.755 -36.7415 -17.1981
      vertex -128.892 -36.809 -17.1981
    endloop
  endfacet
  facet normal 0 0 -1
    outer loop
      vertex -50.5366 -40.0474 -17.1981
      vertex -131.913 -44.6007 -17.1981
      vertex -50.5466 -39.895 -17.1981
    endloop
  endfacet
  facet normal 0 0 -1
    outer loop
      vertex -131.913 -44.6007 -17.1981
      vertex -127.123 -43.4102 -17.1981
      vertex -50.5466 -39.895 -17.1981
    endloop
  endfacet
  facet normal 0 0 -1
    outer loop
      vertex -50.5466 -39.895 -17.1981
      vertex -127.123 -43.4102 -17.1981
      vertex -50.5499 -39.7423 -17.1981
    endloop
  endfacet
  facet normal 0 0 -1
    outer loop
      vertex -127.123 -43.4102 -17.1981
      vertex -126.971 -43.4002 -17.1981
      vertex -50.5499 -39.7423 -17.1981
    endloop
  endfacet
  facet normal 0 0 -1
    outer loop
      vertex -50.5499 -39.7423 -17.1981
      vertex -126.971 -43.4002 -17.1981
      vertex -126.819 -43.3836 -17.1981
    endloop
  endfacet
  facet normal 0 0 -1
    outer loop
      vertex -48.529 -42.9144 -17.1981
      vertex -48.3893 -42.9759 -17.1981
      vertex -131.913 -44.6007 -17.1981
    endloop
  endfacet
  facet normal 0 0 -1
    outer loop
      vertex -48.3893 -42.9759 -17.1981
      vertex -48.247 -43.0313 -17.1981
      vertex -131.913 -44.6007 -17.1981
    endloop
  endfacet
  facet normal 0 0 -1
    outer loop
      vertex -131.913 -44.6007 -17.1981
      vertex -48.247 -43.0313 -17.1981
      vertex -48.1024 -43.0804 -17.1981
    endloop
  endfacet
  facet normal 0 0 -1
    outer loop
      vertex -47.9558 -43.1231 -17.1981
      vertex -47.8074 -43.1594 -17.1981
      vertex -131.913 -44.6007 -17.1981
    endloop
  endfacet
  facet normal 0 0 -1
    outer loop
      vertex -47.8074 -43.1594 -17.1981
      vertex -47.6577 -43.1892 -17.1981
      vertex -131.913 -44.6007 -17.1981
    endloop
  endfacet
  facet normal 0 0 -1
    outer loop
      vertex -131.913 -44.6007 -17.1981
      vertex -47.6577 -43.1892 -17.1981
      vertex -41.9129 -44.6007 -17.1981
    endloop
  endfacet
  facet normal 0 0 -1
    outer loop
      vertex -47.6577 -43.1892 -17.1981
      vertex -47.5067 -43.2124 -17.1981
      vertex -41.9129 -44.6007 -17.1981
    endloop
  endfacet
  facet normal 0 0 -1
    outer loop
      vertex -46.4421 -43.1892 -17.1981
      vertex -46.2923 -43.1594 -17.1981
      vertex -41.9129 -44.6007 -17.1981
    endloop
  endfacet
  facet normal 0 0 -1
    outer loop
      vertex -46.2923 -43.1594 -17.1981
      vertex -46.144 -43.1231 -17.1981
      vertex -41.9129 -44.6007 -17.1981
    endloop
  endfacet
  facet normal 0 0 -1
    outer loop
      vertex -41.9129 -44.6007 -17.1981
      vertex -46.144 -43.1231 -17.1981
      vertex -45.9974 -43.0804 -17.1981
    endloop
  endfacet
  facet normal 0 0 -1
    outer loop
      vertex -124.245 -41.6636 -17.1981
      vertex -124.171 -41.5297 -17.1981
      vertex -50.5499 -39.7423 -17.1981
    endloop
  endfacet
  facet normal 0 0 -1
    outer loop
      vertex -124.171 -41.5297 -17.1981
      vertex -124.104 -41.3927 -17.1981
      vertex -50.5499 -39.7423 -17.1981
    endloop
  endfacet
  facet normal 0 0 -1
    outer loop
      vertex -50.5499 -39.7423 -17.1981
      vertex -124.104 -41.3927 -17.1981
      vertex -124.042 -41.2529 -17.1981
    endloop
  endfacet
  facet normal 0 0 -1
    outer loop
      vertex -46.144 -36.3616 -17.1981
      vertex -46.2923 -36.3253 -17.1981
      vertex -124.146 3.59932 -17.1981
    endloop
  endfacet
  facet normal 0 0 -1
    outer loop
      vertex -44.8001 -37.0612 -17.1981
      vertex -50.5199 4.6023 -17.1981
      vertex -44.6853 -37.1619 -17.1981
    endloop
  endfacet
  facet normal 0 0 -1
    outer loop
      vertex -50.5199 4.6023 -17.1981
      vertex -50.4967 4.45138 -17.1981
      vertex -44.6853 -37.1619 -17.1981
    endloop
  endfacet
  facet normal 0 0 -1
    outer loop
      vertex -44.6853 -37.1619 -17.1981
      vertex -50.4967 4.45138 -17.1981
      vertex -44.575 -37.2675 -17.1981
    endloop
  endfacet
  facet normal 0 0 -1
    outer loop
      vertex -50.1544 3.44303 -17.1981
      vertex -50.081 3.30915 -17.1981
      vertex -44.575 -37.2675 -17.1981
    endloop
  endfacet
  facet normal 0 0 -1
    outer loop
      vertex -43.8778 3.57998 -17.1981
      vertex -43.8163 3.71975 -17.1981
      vertex -44.575 -37.2675 -17.1981
    endloop
  endfacet
  facet normal 0 0 -1
    outer loop
      vertex -43.8163 3.71975 -17.1981
      vertex -43.761 3.86207 -17.1981
      vertex -44.575 -37.2675 -17.1981
    endloop
  endfacet
  facet normal 0 0 -1
    outer loop
      vertex -44.575 -37.2675 -17.1981
      vertex -43.761 3.86207 -17.1981
      vertex -43.7119 4.00667 -17.1981
    endloop
  endfacet
  facet normal 0 0 -1
    outer loop
      vertex -44.3687 -37.4926 -17.1981
      vertex -44.4694 -37.3778 -17.1981
      vertex -41.9129 10.3993 -17.1981
    endloop
  endfacet
  facet normal 0 0 -1
    outer loop
      vertex -44.4694 -37.3778 -17.1981
      vertex -44.575 -37.2675 -17.1981
      vertex -41.9129 10.3993 -17.1981
    endloop
  endfacet
  facet normal 0 0 -1
    outer loop
      vertex -41.9129 10.3993 -17.1981
      vertex -44.575 -37.2675 -17.1981
      vertex -43.6031 4.45138 -17.1981
    endloop
  endfacet
  facet normal 0 0 -1
    outer loop
      vertex -44.575 -37.2675 -17.1981
      vertex -43.6328 4.30161 -17.1981
      vertex -43.6031 4.45138 -17.1981
    endloop
  endfacet
  facet normal 0 0 -1
    outer loop
      vertex -43.6031 4.45138 -17.1981
      vertex -43.5798 4.6023 -17.1981
      vertex -41.9129 10.3993 -17.1981
    endloop
  endfacet
  facet normal 0 0 -1
    outer loop
      vertex -43.5798 4.6023 -17.1981
      vertex -43.5632 4.7541 -17.1981
      vertex -41.9129 10.3993 -17.1981
    endloop
  endfacet
  facet normal 0 0 -1
    outer loop
      vertex -41.9129 10.3993 -17.1981
      vertex -43.5632 4.7541 -17.1981
      vertex -43.5532 4.90648 -17.1981
    endloop
  endfacet
  facet normal 0 0 -1
    outer loop
      vertex -43.5532 4.90648 -17.1981
      vertex -43.5499 5.05915 -17.1981
      vertex -41.9129 10.3993 -17.1981
    endloop
  endfacet
  facet normal 0 0 -1
    outer loop
      vertex -43.5499 5.05915 -17.1981
      vertex -43.5532 5.21181 -17.1981
      vertex -41.9129 10.3993 -17.1981
    endloop
  endfacet
  facet normal 0 0 -1
    outer loop
      vertex -41.9129 10.3993 -17.1981
      vertex -43.5532 5.21181 -17.1981
      vertex -43.5632 5.36419 -17.1981
    endloop
  endfacet
  facet normal 0 0 -1
    outer loop
      vertex -43.5632 5.36419 -17.1981
      vertex -43.5798 5.51599 -17.1981
      vertex -41.9129 10.3993 -17.1981
    endloop
  endfacet
  facet normal 0 0 -1
    outer loop
      vertex -43.5798 5.51599 -17.1981
      vertex -43.6031 5.66691 -17.1981
      vertex -41.9129 10.3993 -17.1981
    endloop
  endfacet
  facet normal 0 0 -1
    outer loop
      vertex -41.9129 10.3993 -17.1981
      vertex -43.6031 5.66691 -17.1981
      vertex -43.6328 5.81668 -17.1981
    endloop
  endfacet
  facet normal 0 0 -1
    outer loop
      vertex -131.913 10.3993 -17.1981
      vertex -49.731 7.3089 -17.1981
      vertex -49.8266 7.18981 -17.1981
    endloop
  endfacet
  facet normal 0 0 -1
    outer loop
      vertex -50.5499 5.05915 -17.1981
      vertex -131.913 10.3993 -17.1981
      vertex -50.5466 5.21181 -17.1981
    endloop
  endfacet
  facet normal 0 0 -1
    outer loop
      vertex -131.913 10.3993 -17.1981
      vertex -50.5366 5.36419 -17.1981
      vertex -50.5466 5.21181 -17.1981
    endloop
  endfacet
  facet normal 0 0 -1
    outer loop
      vertex -123.909 4.48187 -17.1981
      vertex -123.893 4.63367 -17.1981
      vertex -50.5366 4.7541 -17.1981
    endloop
  endfacet
  facet normal 0 0 -1
    outer loop
      vertex -123.893 4.63367 -17.1981
      vertex -123.883 4.78604 -17.1981
      vertex -50.5366 4.7541 -17.1981
    endloop
  endfacet
  facet normal 0 0 -1
    outer loop
      vertex -50.5366 4.7541 -17.1981
      vertex -123.883 4.78604 -17.1981
      vertex -50.5466 4.90648 -17.1981
    endloop
  endfacet
  facet normal 0 0 -1
    outer loop
      vertex -123.883 4.78604 -17.1981
      vertex -123.879 4.93871 -17.1981
      vertex -50.5466 4.90648 -17.1981
    endloop
  endfacet
  facet normal 0 0 -1
    outer loop
      vertex -50.5466 4.90648 -17.1981
      vertex -123.879 4.93871 -17.1981
      vertex -50.5499 5.05915 -17.1981
    endloop
  endfacet
  facet normal 0 0 -1
    outer loop
      vertex -123.879 4.93871 -17.1981
      vertex -123.883 5.09138 -17.1981
      vertex -50.5499 5.05915 -17.1981
    endloop
  endfacet
  facet normal 0 0 -1
    outer loop
      vertex -50.5499 5.05915 -17.1981
      vertex -123.883 5.09138 -17.1981
      vertex -123.893 5.24375 -17.1981
    endloop
  endfacet
  facet normal 0 0 -1
    outer loop
      vertex -123.893 5.24375 -17.1981
      vertex -123.909 5.39555 -17.1981
      vertex -50.5499 5.05915 -17.1981
    endloop
  endfacet
  facet normal 0 0 -1
    outer loop
      vertex -123.909 5.39555 -17.1981
      vertex -123.933 5.54648 -17.1981
      vertex -50.5499 5.05915 -17.1981
    endloop
  endfacet
  facet normal 0 0 -1
    outer loop
      vertex -50.5499 5.05915 -17.1981
      vertex -123.933 5.54648 -17.1981
      vertex -123.962 5.69625 -17.1981
    endloop
  endfacet
  facet normal 0 0 -1
    outer loop
      vertex -125.249 7.71545 -17.1981
      vertex -125.372 7.80574 -17.1981
      vertex -50.5499 5.05915 -17.1981
    endloop
  endfacet
  facet normal 0 0 -1
    outer loop
      vertex -125.372 7.80574 -17.1981
      vertex -125.499 7.89058 -17.1981
      vertex -50.5499 5.05915 -17.1981
    endloop
  endfacet
  facet normal 0 0 -1
    outer loop
      vertex -50.5499 5.05915 -17.1981
      vertex -125.499 7.89058 -17.1981
      vertex -125.629 7.9698 -17.1981
    endloop
  endfacet
  facet normal 0 0 -1
    outer loop
      vertex -126.04 8.17229 -17.1981
      vertex -126.182 8.22763 -17.1981
      vertex -50.5499 5.05915 -17.1981
    endloop
  endfacet
  facet normal 0 0 -1
    outer loop
      vertex -126.182 8.22763 -17.1981
      vertex -126.327 8.27672 -17.1981
      vertex -50.5499 5.05915 -17.1981
    endloop
  endfacet
  facet normal 0 0 -1
    outer loop
      vertex -50.5499 5.05915 -17.1981
      vertex -126.327 8.27672 -17.1981
      vertex -131.913 10.3993 -17.1981
    endloop
  endfacet
  facet normal 0 0 -1
    outer loop
      vertex -126.327 8.27672 -17.1981
      vertex -126.474 8.31945 -17.1981
      vertex -131.913 10.3993 -17.1981
    endloop
  endfacet
  facet normal 0 0 -1
    outer loop
      vertex -131.913 10.3993 -17.1981
      vertex -126.474 8.31945 -17.1981
      vertex -126.622 8.35575 -17.1981
    endloop
  endfacet
  facet normal 0 0 -1
    outer loop
      vertex -126.923 8.40877 -17.1981
      vertex -127.074 8.42539 -17.1981
      vertex -131.913 10.3993 -17.1981
    endloop
  endfacet
  facet normal 0 0 -1
    outer loop
      vertex -127.074 8.42539 -17.1981
      vertex -127.227 8.43538 -17.1981
      vertex -131.913 10.3993 -17.1981
    endloop
  endfacet
  facet normal 0 0 -1
    outer loop
      vertex -131.913 10.3993 -17.1981
      vertex -127.227 8.43538 -17.1981
      vertex -127.379 8.43871 -17.1981
    endloop
  endfacet
  facet normal 0 0 -1
    outer loop
      vertex -127.379 8.43871 -17.1981
      vertex -127.532 8.43538 -17.1981
      vertex -131.913 10.3993 -17.1981
    endloop
  endfacet
  facet normal 0 0 -1
    outer loop
      vertex -127.532 8.43538 -17.1981
      vertex -127.684 8.42539 -17.1981
      vertex -131.913 10.3993 -17.1981
    endloop
  endfacet
  facet normal 0 0 -1
    outer loop
      vertex -131.913 10.3993 -17.1981
      vertex -127.684 8.42539 -17.1981
      vertex -127.836 8.40877 -17.1981
    endloop
  endfacet
  facet normal 0 0 -1
    outer loop
      vertex -126.819 -36.4435 -17.1981
      vertex -126.971 -36.4269 -17.1981
      vertex -130.156 2.80804 -17.1981
    endloop
  endfacet
  facet normal 0 0 -1
    outer loop
      vertex -126.971 -36.4269 -17.1981
      vertex -127.123 -36.4169 -17.1981
      vertex -130.156 2.80804 -17.1981
    endloop
  endfacet
  facet normal 0 0 -1
    outer loop
      vertex -130.156 2.80804 -17.1981
      vertex -127.123 -36.4169 -17.1981
      vertex -127.276 -36.4136 -17.1981
    endloop
  endfacet
  facet normal 0 0 -1
    outer loop
      vertex -127.276 -36.4136 -17.1981
      vertex -127.429 -36.4169 -17.1981
      vertex -130.156 2.80804 -17.1981
    endloop
  endfacet
  facet normal 0 0 -1
    outer loop
      vertex -127.429 -36.4169 -17.1981
      vertex -127.581 -36.4269 -17.1981
      vertex -130.156 2.80804 -17.1981
    endloop
  endfacet
  facet normal 0 0 -1
    outer loop
      vertex -130.156 2.80804 -17.1981
      vertex -127.581 -36.4269 -17.1981
      vertex -127.733 -36.4435 -17.1981
    endloop
  endfacet
  facet normal 0 0 -1
    outer loop
      vertex -47.5067 -43.2124 -17.1981
      vertex -47.3549 -43.229 -17.1981
      vertex -41.9129 -44.6007 -17.1981
    endloop
  endfacet
  facet normal 0 0 -1
    outer loop
      vertex -47.3549 -43.229 -17.1981
      vertex -47.2025 -43.239 -17.1981
      vertex -41.9129 -44.6007 -17.1981
    endloop
  endfacet
  facet normal 0 0 -1
    outer loop
      vertex -41.9129 -44.6007 -17.1981
      vertex -47.2025 -43.239 -17.1981
      vertex -47.0499 -43.2423 -17.1981
    endloop
  endfacet
  facet normal 0 0 -1
    outer loop
      vertex -47.0499 -43.2423 -17.1981
      vertex -46.8972 -43.239 -17.1981
      vertex -41.9129 -44.6007 -17.1981
    endloop
  endfacet
  facet normal 0 0 -1
    outer loop
      vertex -46.8972 -43.239 -17.1981
      vertex -46.7448 -43.229 -17.1981
      vertex -41.9129 -44.6007 -17.1981
    endloop
  endfacet
  facet normal 0 0 -1
    outer loop
      vertex -41.9129 -44.6007 -17.1981
      vertex -46.7448 -43.229 -17.1981
      vertex -46.593 -43.2124 -17.1981
    endloop
  endfacet
  facet normal 0 0 -1
    outer loop
      vertex -45.9974 -43.0804 -17.1981
      vertex -45.8528 -43.0313 -17.1981
      vertex -41.9129 -44.6007 -17.1981
    endloop
  endfacet
  facet normal 0 0 -1
    outer loop
      vertex -45.8528 -43.0313 -17.1981
      vertex -45.7105 -42.9759 -17.1981
      vertex -41.9129 -44.6007 -17.1981
    endloop
  endfacet
  facet normal 0 0 -1
    outer loop
      vertex -41.9129 -44.6007 -17.1981
      vertex -45.7105 -42.9759 -17.1981
      vertex -45.5707 -42.9144 -17.1981
    endloop
  endfacet
  facet normal 0 0 -1
    outer loop
      vertex -45.5707 -42.9144 -17.1981
      vertex -45.4338 -42.8469 -17.1981
      vertex -41.9129 -44.6007 -17.1981
    endloop
  endfacet
  facet normal 0 0 -1
    outer loop
      vertex -45.4338 -42.8469 -17.1981
      vertex -45.2999 -42.7734 -17.1981
      vertex -41.9129 -44.6007 -17.1981
    endloop
  endfacet
  facet normal 0 0 -1
    outer loop
      vertex -41.9129 -44.6007 -17.1981
      vertex -45.2999 -42.7734 -17.1981
      vertex -45.1693 -42.6942 -17.1981
    endloop
  endfacet
  facet normal 0 0 -1
    outer loop
      vertex -45.1693 -42.6942 -17.1981
      vertex -45.0424 -42.6094 -17.1981
      vertex -41.9129 -44.6007 -17.1981
    endloop
  endfacet
  facet normal 0 0 -1
    outer loop
      vertex -45.0424 -42.6094 -17.1981
      vertex -44.9192 -42.5191 -17.1981
      vertex -41.9129 -44.6007 -17.1981
    endloop
  endfacet
  facet normal 0 0 -1
    outer loop
      vertex -41.9129 -44.6007 -17.1981
      vertex -44.9192 -42.5191 -17.1981
      vertex -44.8001 -42.4235 -17.1981
    endloop
  endfacet
  facet normal 0 0 -1
    outer loop
      vertex -44.575 -42.2172 -17.1981
      vertex -44.4694 -42.1069 -17.1981
      vertex -41.9129 -44.6007 -17.1981
    endloop
  endfacet
  facet normal 0 0 -1
    outer loop
      vertex -44.4694 -42.1069 -17.1981
      vertex -44.3687 -41.9921 -17.1981
      vertex -41.9129 -44.6007 -17.1981
    endloop
  endfacet
  facet normal 0 0 -1
    outer loop
      vertex -41.9129 -44.6007 -17.1981
      vertex -44.3687 -41.9921 -17.1981
      vertex -44.2731 -41.873 -17.1981
    endloop
  endfacet
  facet normal 0 0 -1
    outer loop
      vertex -44.2731 -41.873 -17.1981
      vertex -44.1829 -41.7499 -17.1981
      vertex -41.9129 -44.6007 -17.1981
    endloop
  endfacet
  facet normal 0 0 -1
    outer loop
      vertex -44.1829 -41.7499 -17.1981
      vertex -44.098 -41.6229 -17.1981
      vertex -41.9129 -44.6007 -17.1981
    endloop
  endfacet
  facet normal 0 0 -1
    outer loop
      vertex -41.9129 -44.6007 -17.1981
      vertex -44.098 -41.6229 -17.1981
      vertex -44.0188 -41.4923 -17.1981
    endloop
  endfacet
  facet normal 0 0 -1
    outer loop
      vertex -129.744 2.35824 -17.1981
      vertex -129.629 2.25755 -17.1981
      vertex -123.806 -39.4567 -17.1981
    endloop
  endfacet
  facet normal 0 0 -1
    outer loop
      vertex -129.629 2.25755 -17.1981
      vertex -129.51 2.16197 -17.1981
      vertex -123.806 -39.4567 -17.1981
    endloop
  endfacet
  facet normal 0 0 -1
    outer loop
      vertex -123.806 -39.4567 -17.1981
      vertex -129.51 2.16197 -17.1981
      vertex -129.387 2.07168 -17.1981
    endloop
  endfacet
  facet normal 0 0 -1
    outer loop
      vertex -129.387 2.07168 -17.1981
      vertex -129.26 1.98684 -17.1981
      vertex -123.806 -39.4567 -17.1981
    endloop
  endfacet
  facet normal 0 0 -1
    outer loop
      vertex -129.26 1.98684 -17.1981
      vertex -129.129 1.90762 -17.1981
      vertex -123.806 -39.4567 -17.1981
    endloop
  endfacet
  facet normal 0 0 -1
    outer loop
      vertex -123.806 -39.4567 -17.1981
      vertex -129.129 1.90762 -17.1981
      vertex -128.996 1.83417 -17.1981
    endloop
  endfacet
  facet normal 0 0 -1
    outer loop
      vertex -50.5366 -39.4373 -17.1981
      vertex -50.5466 -39.5897 -17.1981
      vertex -125.015 2.35824 -17.1981
    endloop
  endfacet
  facet normal 0 0 -1
    outer loop
      vertex -50.5466 -39.5897 -17.1981
      vertex -50.5499 -39.7423 -17.1981
      vertex -125.015 2.35824 -17.1981
    endloop
  endfacet
  facet normal 0 0 -1
    outer loop
      vertex -125.015 2.35824 -17.1981
      vertex -50.5499 -39.7423 -17.1981
      vertex -125.13 2.25755 -17.1981
    endloop
  endfacet
  facet normal 0 0 -1
    outer loop
      vertex -50.1544 3.44303 -17.1981
      vertex -44.575 -37.2675 -17.1981
      vertex -50.222 3.57998 -17.1981
    endloop
  endfacet
  facet normal 0 0 -1
    outer loop
      vertex -44.098 3.1786 -17.1981
      vertex -44.0188 3.30915 -17.1981
      vertex -44.575 -37.2675 -17.1981
    endloop
  endfacet
  facet normal 0 0 -1
    outer loop
      vertex -44.0188 3.30915 -17.1981
      vertex -43.9453 3.44303 -17.1981
      vertex -44.575 -37.2675 -17.1981
    endloop
  endfacet
  facet normal 0 0 -1
    outer loop
      vertex -44.575 -37.2675 -17.1981
      vertex -43.9453 3.44303 -17.1981
      vertex -43.8778 3.57998 -17.1981
    endloop
  endfacet
  facet normal 0 0 -1
    outer loop
      vertex -49.4144 7.63962 -17.1981
      vertex -49.5248 7.53402 -17.1981
      vertex -131.913 10.3993 -17.1981
    endloop
  endfacet
  facet normal 0 0 -1
    outer loop
      vertex -49.5248 7.53402 -17.1981
      vertex -49.6304 7.42371 -17.1981
      vertex -131.913 10.3993 -17.1981
    endloop
  endfacet
  facet normal 0 0 -1
    outer loop
      vertex -131.913 10.3993 -17.1981
      vertex -49.6304 7.42371 -17.1981
      vertex -49.731 7.3089 -17.1981
    endloop
  endfacet
  facet normal 0 0 -1
    outer loop
      vertex -49.8266 7.18981 -17.1981
      vertex -49.9169 7.06666 -17.1981
      vertex -131.913 10.3993 -17.1981
    endloop
  endfacet
  facet normal 0 0 -1
    outer loop
      vertex -49.9169 7.06666 -17.1981
      vertex -50.0018 6.93969 -17.1981
      vertex -131.913 10.3993 -17.1981
    endloop
  endfacet
  facet normal 0 0 -1
    outer loop
      vertex -131.913 10.3993 -17.1981
      vertex -50.0018 6.93969 -17.1981
      vertex -50.081 6.80915 -17.1981
    endloop
  endfacet
  facet normal 0 0 -1
    outer loop
      vertex -50.4669 5.81668 -17.1981
      vertex -50.4967 5.66691 -17.1981
      vertex -131.913 10.3993 -17.1981
    endloop
  endfacet
  facet normal 0 0 -1
    outer loop
      vertex -50.4967 5.66691 -17.1981
      vertex -50.5199 5.51599 -17.1981
      vertex -131.913 10.3993 -17.1981
    endloop
  endfacet
  facet normal 0 0 -1
    outer loop
      vertex -131.913 10.3993 -17.1981
      vertex -50.5199 5.51599 -17.1981
      vertex -50.5366 5.36419 -17.1981
    endloop
  endfacet
  facet normal 0 0 -1
    outer loop
      vertex -45.2999 -36.7113 -17.1981
      vertex -45.4338 -36.6378 -17.1981
      vertex -50.5199 4.6023 -17.1981
    endloop
  endfacet
  facet normal 0 0 -1
    outer loop
      vertex -45.4338 -36.6378 -17.1981
      vertex -123.999 4.03284 -17.1981
      vertex -50.5199 4.6023 -17.1981
    endloop
  endfacet
  facet normal 0 0 -1
    outer loop
      vertex -50.5199 4.6023 -17.1981
      vertex -123.999 4.03284 -17.1981
      vertex -50.5366 4.7541 -17.1981
    endloop
  endfacet
  facet normal 0 0 -1
    outer loop
      vertex -123.999 4.03284 -17.1981
      vertex -123.962 4.18117 -17.1981
      vertex -50.5366 4.7541 -17.1981
    endloop
  endfacet
  facet normal 0 0 -1
    outer loop
      vertex -50.5366 4.7541 -17.1981
      vertex -123.962 4.18117 -17.1981
      vertex -123.933 4.33094 -17.1981
    endloop
  endfacet
  facet normal 0 0 -1
    outer loop
      vertex -125.629 7.9698 -17.1981
      vertex -125.763 8.04325 -17.1981
      vertex -50.5499 5.05915 -17.1981
    endloop
  endfacet
  facet normal 0 0 -1
    outer loop
      vertex -125.763 8.04325 -17.1981
      vertex -125.9 8.11079 -17.1981
      vertex -50.5499 5.05915 -17.1981
    endloop
  endfacet
  facet normal 0 0 -1
    outer loop
      vertex -50.5499 5.05915 -17.1981
      vertex -125.9 8.11079 -17.1981
      vertex -126.04 8.17229 -17.1981
    endloop
  endfacet
  facet normal 0 0 -1
    outer loop
      vertex -127.836 8.40877 -17.1981
      vertex -127.987 8.38554 -17.1981
      vertex -131.913 10.3993 -17.1981
    endloop
  endfacet
  facet normal 0 0 -1
    outer loop
      vertex -127.987 8.38554 -17.1981
      vertex -128.137 8.35575 -17.1981
      vertex -131.913 10.3993 -17.1981
    endloop
  endfacet
  facet normal 0 0 -1
    outer loop
      vertex -131.913 10.3993 -17.1981
      vertex -128.137 8.35575 -17.1981
      vertex -128.285 8.31945 -17.1981
    endloop
  endfacet
  facet normal 0 0 -1
    outer loop
      vertex -128.432 8.27672 -17.1981
      vertex -128.577 8.22763 -17.1981
      vertex -131.913 10.3993 -17.1981
    endloop
  endfacet
  facet normal 0 0 -1
    outer loop
      vertex -128.577 8.22763 -17.1981
      vertex -128.719 8.17229 -17.1981
      vertex -131.913 10.3993 -17.1981
    endloop
  endfacet
  facet normal 0 0 -1
    outer loop
      vertex -131.913 10.3993 -17.1981
      vertex -128.719 8.17229 -17.1981
      vertex -128.859 8.11079 -17.1981
    endloop
  endfacet
  facet normal 0 0 -1
    outer loop
      vertex -124.801 -42.3884 -17.1981
      vertex -124.695 -42.2781 -17.1981
      vertex -50.5499 -39.7423 -17.1981
    endloop
  endfacet
  facet normal 0 0 -1
    outer loop
      vertex -124.695 -42.2781 -17.1981
      vertex -124.595 -42.1633 -17.1981
      vertex -50.5499 -39.7423 -17.1981
    endloop
  endfacet
  facet normal 0 0 -1
    outer loop
      vertex -50.5499 -39.7423 -17.1981
      vertex -124.595 -42.1633 -17.1981
      vertex -124.499 -42.0442 -17.1981
    endloop
  endfacet
  facet normal 0 0 -1
    outer loop
      vertex -128.137 1.52167 -17.1981
      vertex -127.987 1.49188 -17.1981
      vertex -123.806 -39.4567 -17.1981
    endloop
  endfacet
  facet normal 0 0 -1
    outer loop
      vertex -123.779 -39.7609 -17.1981
      vertex -50.5499 -39.7423 -17.1981
      vertex -123.776 -39.9136 -17.1981
    endloop
  endfacet
  facet normal 0 0 -1
    outer loop
      vertex -50.5499 -39.7423 -17.1981
      vertex -123.779 -40.0662 -17.1981
      vertex -123.776 -39.9136 -17.1981
    endloop
  endfacet
  facet normal 0 0 -1
    outer loop
      vertex -125.499 1.98684 -17.1981
      vertex -125.372 2.07168 -17.1981
      vertex -50.5499 -39.7423 -17.1981
    endloop
  endfacet
  facet normal 0 0 -1
    outer loop
      vertex -125.372 2.07168 -17.1981
      vertex -125.249 2.16197 -17.1981
      vertex -50.5499 -39.7423 -17.1981
    endloop
  endfacet
  facet normal 0 0 -1
    outer loop
      vertex -50.5499 -39.7423 -17.1981
      vertex -125.249 2.16197 -17.1981
      vertex -125.13 2.25755 -17.1981
    endloop
  endfacet
  facet normal 0 0 -1
    outer loop
      vertex -124.091 3.74164 -17.1981
      vertex -45.4338 -36.6378 -17.1981
      vertex -124.146 3.59932 -17.1981
    endloop
  endfacet
  facet normal 0 0 -1
    outer loop
      vertex -45.4338 -36.6378 -17.1981
      vertex -45.5707 -36.5703 -17.1981
      vertex -124.146 3.59932 -17.1981
    endloop
  endfacet
  facet normal 0 0 -1
    outer loop
      vertex -124.146 3.59932 -17.1981
      vertex -45.5707 -36.5703 -17.1981
      vertex -45.7105 -36.5088 -17.1981
    endloop
  endfacet
  facet normal 0 0 -1
    outer loop
      vertex -47.2025 -36.2457 -17.1981
      vertex -47.3549 -36.2557 -17.1981
      vertex -124.146 3.59932 -17.1981
    endloop
  endfacet
  facet normal 0 0 -1
    outer loop
      vertex -47.3549 -36.2557 -17.1981
      vertex -47.5067 -36.2723 -17.1981
      vertex -124.146 3.59932 -17.1981
    endloop
  endfacet
  facet normal 0 0 -1
    outer loop
      vertex -124.146 3.59932 -17.1981
      vertex -47.5067 -36.2723 -17.1981
      vertex -47.6577 -36.2955 -17.1981
    endloop
  endfacet
  facet normal 0 0 -1
    outer loop
      vertex -50.4306 -38.8365 -17.1981
      vertex -50.4669 -38.9848 -17.1981
      vertex -125.015 2.35824 -17.1981
    endloop
  endfacet
  facet normal 0 0 -1
    outer loop
      vertex -50.4669 -38.9848 -17.1981
      vertex -50.4967 -39.1346 -17.1981
      vertex -125.015 2.35824 -17.1981
    endloop
  endfacet
  facet normal 0 0 -1
    outer loop
      vertex -50.4967 -39.1346 -17.1981
      vertex -50.5199 -39.2855 -17.1981
      vertex -125.015 2.35824 -17.1981
    endloop
  endfacet
  facet normal 0 0 -1
    outer loop
      vertex -125.015 2.35824 -17.1981
      vertex -50.5199 -39.2855 -17.1981
      vertex -50.5366 -39.4373 -17.1981
    endloop
  endfacet
  facet normal 0 0 -1
    outer loop
      vertex -50.081 3.30915 -17.1981
      vertex -50.0018 3.1786 -17.1981
      vertex -44.575 -37.2675 -17.1981
    endloop
  endfacet
  facet normal 0 0 -1
    outer loop
      vertex -50.0018 3.1786 -17.1981
      vertex -49.9169 3.05163 -17.1981
      vertex -44.575 -37.2675 -17.1981
    endloop
  endfacet
  facet normal 0 0 -1
    outer loop
      vertex -44.575 -37.2675 -17.1981
      vertex -49.9169 3.05163 -17.1981
      vertex -49.8266 2.92848 -17.1981
    endloop
  endfacet
  facet normal 0 0 -1
    outer loop
      vertex -50.081 6.80915 -17.1981
      vertex -50.1544 6.67527 -17.1981
      vertex -131.913 10.3993 -17.1981
    endloop
  endfacet
  facet normal 0 0 -1
    outer loop
      vertex -50.1544 6.67527 -17.1981
      vertex -50.222 6.53831 -17.1981
      vertex -131.913 10.3993 -17.1981
    endloop
  endfacet
  facet normal 0 0 -1
    outer loop
      vertex -131.913 10.3993 -17.1981
      vertex -50.222 6.53831 -17.1981
      vertex -50.2835 6.39854 -17.1981
    endloop
  endfacet
  facet normal 0 0 -1
    outer loop
      vertex -128.859 8.11079 -17.1981
      vertex -128.996 8.04325 -17.1981
      vertex -131.913 10.3993 -17.1981
    endloop
  endfacet
  facet normal 0 0 -1
    outer loop
      vertex -128.996 8.04325 -17.1981
      vertex -129.129 7.9698 -17.1981
      vertex -131.913 10.3993 -17.1981
    endloop
  endfacet
  facet normal 0 0 -1
    outer loop
      vertex -131.913 10.3993 -17.1981
      vertex -129.129 7.9698 -17.1981
      vertex -129.26 7.89058 -17.1981
    endloop
  endfacet
  facet normal 0 0 -1
    outer loop
      vertex -129.26 7.89058 -17.1981
      vertex -129.387 7.80574 -17.1981
      vertex -131.913 10.3993 -17.1981
    endloop
  endfacet
  facet normal 0 0 -1
    outer loop
      vertex -129.387 7.80574 -17.1981
      vertex -129.51 7.71545 -17.1981
      vertex -131.913 10.3993 -17.1981
    endloop
  endfacet
  facet normal 0 0 -1
    outer loop
      vertex -131.913 10.3993 -17.1981
      vertex -129.51 7.71545 -17.1981
      vertex -129.629 7.61987 -17.1981
    endloop
  endfacet
  facet normal 0 0 -1
    outer loop
      vertex -123.938 -40.966 -17.1981
      vertex -123.895 -40.8194 -17.1981
      vertex -50.5499 -39.7423 -17.1981
    endloop
  endfacet
  facet normal 0 0 -1
    outer loop
      vertex -123.895 -40.8194 -17.1981
      vertex -123.859 -40.6711 -17.1981
      vertex -50.5499 -39.7423 -17.1981
    endloop
  endfacet
  facet normal 0 0 -1
    outer loop
      vertex -50.5499 -39.7423 -17.1981
      vertex -123.859 -40.6711 -17.1981
      vertex -123.829 -40.5213 -17.1981
    endloop
  endfacet
  facet normal 0 0 -1
    outer loop
      vertex -126.04 1.70513 -17.1981
      vertex -125.9 1.76663 -17.1981
      vertex -123.779 -39.7609 -17.1981
    endloop
  endfacet
  facet normal 0 0 -1
    outer loop
      vertex -125.9 1.76663 -17.1981
      vertex -125.763 1.83417 -17.1981
      vertex -123.779 -39.7609 -17.1981
    endloop
  endfacet
  facet normal 0 0 -1
    outer loop
      vertex -123.779 -39.7609 -17.1981
      vertex -125.763 1.83417 -17.1981
      vertex -50.5499 -39.7423 -17.1981
    endloop
  endfacet
  facet normal 0 0 -1
    outer loop
      vertex -125.763 1.83417 -17.1981
      vertex -125.629 1.90762 -17.1981
      vertex -50.5499 -39.7423 -17.1981
    endloop
  endfacet
  facet normal 0 0 -1
    outer loop
      vertex -50.5499 -39.7423 -17.1981
      vertex -125.629 1.90762 -17.1981
      vertex -125.499 1.98684 -17.1981
    endloop
  endfacet
  facet normal 0 0 -1
    outer loop
      vertex -46.2923 -36.3253 -17.1981
      vertex -46.4421 -36.2955 -17.1981
      vertex -124.146 3.59932 -17.1981
    endloop
  endfacet
  facet normal 0 0 -1
    outer loop
      vertex -46.4421 -36.2955 -17.1981
      vertex -46.593 -36.2723 -17.1981
      vertex -124.146 3.59932 -17.1981
    endloop
  endfacet
  facet normal 0 0 -1
    outer loop
      vertex -124.146 3.59932 -17.1981
      vertex -46.593 -36.2723 -17.1981
      vertex -46.7448 -36.2557 -17.1981
    endloop
  endfacet
  facet normal 0 0 -1
    outer loop
      vertex -46.7448 -36.2557 -17.1981
      vertex -46.8972 -36.2457 -17.1981
      vertex -124.146 3.59932 -17.1981
    endloop
  endfacet
  facet normal 0 0 -1
    outer loop
      vertex -46.8972 -36.2457 -17.1981
      vertex -47.0499 -36.2423 -17.1981
      vertex -124.146 3.59932 -17.1981
    endloop
  endfacet
  facet normal 0 0 -1
    outer loop
      vertex -124.146 3.59932 -17.1981
      vertex -47.0499 -36.2423 -17.1981
      vertex -47.2025 -36.2457 -17.1981
    endloop
  endfacet
  facet normal 0 0 -1
    outer loop
      vertex -48.529 -36.5703 -17.1981
      vertex -48.666 -36.6378 -17.1981
      vertex -124.146 3.59932 -17.1981
    endloop
  endfacet
  facet normal 0 0 -1
    outer loop
      vertex -48.666 -36.6378 -17.1981
      vertex -48.7999 -36.7113 -17.1981
      vertex -124.146 3.59932 -17.1981
    endloop
  endfacet
  facet normal 0 0 -1
    outer loop
      vertex -50.1544 -38.1262 -17.1981
      vertex -50.222 -38.2632 -17.1981
      vertex -124.348 3.18871 -17.1981
    endloop
  endfacet
  facet normal 0 0 -1
    outer loop
      vertex -124.275 3.32259 -17.1981
      vertex -124.207 3.45955 -17.1981
      vertex -50.0018 -37.8618 -17.1981
    endloop
  endfacet
  facet normal 0 0 -1
    outer loop
      vertex -124.207 3.45955 -17.1981
      vertex -124.146 3.59932 -17.1981
      vertex -50.0018 -37.8618 -17.1981
    endloop
  endfacet
  facet normal 0 0 -1
    outer loop
      vertex -50.0018 -37.8618 -17.1981
      vertex -124.146 3.59932 -17.1981
      vertex -49.9169 -37.7348 -17.1981
    endloop
  endfacet
  facet normal 0 0 -1
    outer loop
      vertex -49.5248 2.58427 -17.1981
      vertex -49.4144 2.47867 -17.1981
      vertex -44.575 -37.2675 -17.1981
    endloop
  endfacet
  facet normal 0 0 -1
    outer loop
      vertex -44.575 -37.2675 -17.1981
      vertex -49.0574 2.19211 -17.1981
      vertex -48.9304 2.10728 -17.1981
    endloop
  endfacet
  facet normal 0 0 -1
    outer loop
      vertex -48.9304 2.10728 -17.1981
      vertex -48.7999 2.02806 -17.1981
      vertex -44.575 -37.2675 -17.1981
    endloop
  endfacet
  facet normal 0 0 -1
    outer loop
      vertex -48.7999 2.02806 -17.1981
      vertex -48.666 1.95461 -17.1981
      vertex -44.575 -37.2675 -17.1981
    endloop
  endfacet
  facet normal 0 0 -1
    outer loop
      vertex -44.575 -37.2675 -17.1981
      vertex -48.666 1.95461 -17.1981
      vertex -48.529 1.88707 -17.1981
    endloop
  endfacet
  facet normal 0 0 -1
    outer loop
      vertex -44.575 -37.2675 -17.1981
      vertex -46.144 1.6784 -17.1981
      vertex -45.9974 1.72114 -17.1981
    endloop
  endfacet
  facet normal 0 0 -1
    outer loop
      vertex -45.9974 1.72114 -17.1981
      vertex -45.8528 1.77022 -17.1981
      vertex -44.575 -37.2675 -17.1981
    endloop
  endfacet
  facet normal 0 0 -1
    outer loop
      vertex -45.8528 1.77022 -17.1981
      vertex -45.7105 1.82557 -17.1981
      vertex -44.575 -37.2675 -17.1981
    endloop
  endfacet
  facet normal 0 0 -1
    outer loop
      vertex -44.575 -37.2675 -17.1981
      vertex -45.7105 1.82557 -17.1981
      vertex -45.5707 1.88707 -17.1981
    endloop
  endfacet
  facet normal 0 0 -1
    outer loop
      vertex -45.5707 1.88707 -17.1981
      vertex -45.4338 1.95461 -17.1981
      vertex -44.575 -37.2675 -17.1981
    endloop
  endfacet
  facet normal 0 0 -1
    outer loop
      vertex -45.4338 1.95461 -17.1981
      vertex -45.2999 2.02806 -17.1981
      vertex -44.575 -37.2675 -17.1981
    endloop
  endfacet
  facet normal 0 0 -1
    outer loop
      vertex -44.575 -37.2675 -17.1981
      vertex -45.2999 2.02806 -17.1981
      vertex -45.1693 2.10728 -17.1981
    endloop
  endfacet
  facet normal 0 0 -1
    outer loop
      vertex -45.1693 2.10728 -17.1981
      vertex -45.0424 2.19211 -17.1981
      vertex -44.575 -37.2675 -17.1981
    endloop
  endfacet
  facet normal 0 0 -1
    outer loop
      vertex -45.0424 2.19211 -17.1981
      vertex -44.9192 2.28241 -17.1981
      vertex -44.575 -37.2675 -17.1981
    endloop
  endfacet
  facet normal 0 0 -1
    outer loop
      vertex -44.575 -37.2675 -17.1981
      vertex -44.9192 2.28241 -17.1981
      vertex -44.8001 2.37799 -17.1981
    endloop
  endfacet
  facet normal 0 0 -1
    outer loop
      vertex -41.9129 10.3993 -17.1981
      vertex -44.1829 7.06666 -17.1981
      vertex -44.2731 7.18981 -17.1981
    endloop
  endfacet
  facet normal 0 0 -1
    outer loop
      vertex -45.2999 8.09023 -17.1981
      vertex -45.4338 8.16368 -17.1981
      vertex -41.9129 10.3993 -17.1981
    endloop
  endfacet
  facet normal 0 0 -1
    outer loop
      vertex -45.4338 8.16368 -17.1981
      vertex -45.5707 8.23122 -17.1981
      vertex -41.9129 10.3993 -17.1981
    endloop
  endfacet
  facet normal 0 0 -1
    outer loop
      vertex -41.9129 10.3993 -17.1981
      vertex -45.5707 8.23122 -17.1981
      vertex -45.7105 8.29272 -17.1981
    endloop
  endfacet
  facet normal 0 0 -1
    outer loop
      vertex -41.9129 10.3993 -17.1981
      vertex -46.144 8.43989 -17.1981
      vertex -46.2923 8.47618 -17.1981
    endloop
  endfacet
  facet normal 0 0 -1
    outer loop
      vertex -50.2835 6.39854 -17.1981
      vertex -50.3388 6.25622 -17.1981
      vertex -131.913 10.3993 -17.1981
    endloop
  endfacet
  facet normal 0 0 -1
    outer loop
      vertex -50.3388 6.25622 -17.1981
      vertex -50.3879 6.11162 -17.1981
      vertex -131.913 10.3993 -17.1981
    endloop
  endfacet
  facet normal 0 0 -1
    outer loop
      vertex -131.913 10.3993 -17.1981
      vertex -50.3879 6.11162 -17.1981
      vertex -50.4306 5.96501 -17.1981
    endloop
  endfacet
  facet normal 0 0 -1
    outer loop
      vertex -127.987 1.49188 -17.1981
      vertex -127.836 1.46865 -17.1981
      vertex -123.806 -39.4567 -17.1981
    endloop
  endfacet
  facet normal 0 0 -1
    outer loop
      vertex -127.836 1.46865 -17.1981
      vertex -127.684 1.45203 -17.1981
      vertex -123.806 -39.4567 -17.1981
    endloop
  endfacet
  facet normal 0 0 -1
    outer loop
      vertex -123.806 -39.4567 -17.1981
      vertex -127.684 1.45203 -17.1981
      vertex -127.532 1.44204 -17.1981
    endloop
  endfacet
  facet normal 0 0 -1
    outer loop
      vertex -127.074 1.45203 -17.1981
      vertex -123.789 -39.6085 -17.1981
      vertex -127.227 1.44204 -17.1981
    endloop
  endfacet
  facet normal 0 0 -1
    outer loop
      vertex -123.789 -39.6085 -17.1981
      vertex -123.806 -39.4567 -17.1981
      vertex -127.227 1.44204 -17.1981
    endloop
  endfacet
  facet normal 0 0 -1
    outer loop
      vertex -127.227 1.44204 -17.1981
      vertex -123.806 -39.4567 -17.1981
      vertex -127.379 1.43871 -17.1981
    endloop
  endfacet
  facet normal 0 0 -1
    outer loop
      vertex -123.806 -39.4567 -17.1981
      vertex -127.532 1.44204 -17.1981
      vertex -127.379 1.43871 -17.1981
    endloop
  endfacet
  facet normal 0 0 -1
    outer loop
      vertex -123.829 -40.5213 -17.1981
      vertex -123.806 -40.3704 -17.1981
      vertex -50.5499 -39.7423 -17.1981
    endloop
  endfacet
  facet normal 0 0 -1
    outer loop
      vertex -123.806 -40.3704 -17.1981
      vertex -123.789 -40.2186 -17.1981
      vertex -50.5499 -39.7423 -17.1981
    endloop
  endfacet
  facet normal 0 0 -1
    outer loop
      vertex -50.5499 -39.7423 -17.1981
      vertex -123.789 -40.2186 -17.1981
      vertex -123.779 -40.0662 -17.1981
    endloop
  endfacet
  facet normal 0 0 -1
    outer loop
      vertex -47.6577 -36.2955 -17.1981
      vertex -47.8074 -36.3253 -17.1981
      vertex -124.146 3.59932 -17.1981
    endloop
  endfacet
  facet normal 0 0 -1
    outer loop
      vertex -47.8074 -36.3253 -17.1981
      vertex -47.9558 -36.3616 -17.1981
      vertex -124.146 3.59932 -17.1981
    endloop
  endfacet
  facet normal 0 0 -1
    outer loop
      vertex -124.146 3.59932 -17.1981
      vertex -47.9558 -36.3616 -17.1981
      vertex -48.1024 -36.4043 -17.1981
    endloop
  endfacet
  facet normal 0 0 -1
    outer loop
      vertex -48.1024 -36.4043 -17.1981
      vertex -48.247 -36.4534 -17.1981
      vertex -124.146 3.59932 -17.1981
    endloop
  endfacet
  facet normal 0 0 -1
    outer loop
      vertex -48.247 -36.4534 -17.1981
      vertex -48.3893 -36.5088 -17.1981
      vertex -124.146 3.59932 -17.1981
    endloop
  endfacet
  facet normal 0 0 -1
    outer loop
      vertex -124.146 3.59932 -17.1981
      vertex -48.3893 -36.5088 -17.1981
      vertex -48.529 -36.5703 -17.1981
    endloop
  endfacet
  facet normal 0 0 -1
    outer loop
      vertex -124.146 3.59932 -17.1981
      vertex -49.5248 -37.2675 -17.1981
      vertex -49.6304 -37.3778 -17.1981
    endloop
  endfacet
  facet normal 0 0 -1
    outer loop
      vertex -124.698 2.68895 -17.1981
      vertex -124.603 2.80804 -17.1981
      vertex -50.222 -38.2632 -17.1981
    endloop
  endfacet
  facet normal 0 0 -1
    outer loop
      vertex -50.4967 4.45138 -17.1981
      vertex -50.4669 4.30161 -17.1981
      vertex -44.575 -37.2675 -17.1981
    endloop
  endfacet
  facet normal 0 0 -1
    outer loop
      vertex -50.4669 4.30161 -17.1981
      vertex -50.4306 4.15328 -17.1981
      vertex -44.575 -37.2675 -17.1981
    endloop
  endfacet
  facet normal 0 0 -1
    outer loop
      vertex -44.575 -37.2675 -17.1981
      vertex -50.4306 4.15328 -17.1981
      vertex -50.3879 4.00667 -17.1981
    endloop
  endfacet
  facet normal 0 0 -1
    outer loop
      vertex -47.2025 1.56248 -17.1981
      vertex -47.0499 1.55915 -17.1981
      vertex -44.575 -37.2675 -17.1981
    endloop
  endfacet
  facet normal 0 0 -1
    outer loop
      vertex -46.593 1.58909 -17.1981
      vertex -46.4421 1.61232 -17.1981
      vertex -44.575 -37.2675 -17.1981
    endloop
  endfacet
  facet normal 0 0 -1
    outer loop
      vertex -46.4421 1.61232 -17.1981
      vertex -46.2923 1.64211 -17.1981
      vertex -44.575 -37.2675 -17.1981
    endloop
  endfacet
  facet normal 0 0 -1
    outer loop
      vertex -44.575 -37.2675 -17.1981
      vertex -46.2923 1.64211 -17.1981
      vertex -46.144 1.6784 -17.1981
    endloop
  endfacet
  facet normal 0 0 -1
    outer loop
      vertex -44.8001 2.37799 -17.1981
      vertex -44.6853 2.47867 -17.1981
      vertex -44.575 -37.2675 -17.1981
    endloop
  endfacet
  facet normal 0 0 -1
    outer loop
      vertex -44.6853 2.47867 -17.1981
      vertex -44.575 2.58427 -17.1981
      vertex -44.575 -37.2675 -17.1981
    endloop
  endfacet
  facet normal 0 0 -1
    outer loop
      vertex -44.575 -37.2675 -17.1981
      vertex -44.575 2.58427 -17.1981
      vertex -44.4694 2.69458 -17.1981
    endloop
  endfacet
  facet normal 0 0 -1
    outer loop
      vertex -44.4694 2.69458 -17.1981
      vertex -44.3687 2.80939 -17.1981
      vertex -44.575 -37.2675 -17.1981
    endloop
  endfacet
  facet normal 0 0 -1
    outer loop
      vertex -44.3687 2.80939 -17.1981
      vertex -44.2731 2.92848 -17.1981
      vertex -44.575 -37.2675 -17.1981
    endloop
  endfacet
  facet normal 0 0 -1
    outer loop
      vertex -44.575 -37.2675 -17.1981
      vertex -44.2731 2.92848 -17.1981
      vertex -44.1829 3.05163 -17.1981
    endloop
  endfacet
  facet normal 0 0 -1
    outer loop
      vertex -43.6328 5.81668 -17.1981
      vertex -43.6691 5.96501 -17.1981
      vertex -41.9129 10.3993 -17.1981
    endloop
  endfacet
  facet normal 0 0 -1
    outer loop
      vertex -43.6691 5.96501 -17.1981
      vertex -43.7119 6.11162 -17.1981
      vertex -41.9129 10.3993 -17.1981
    endloop
  endfacet
  facet normal 0 0 -1
    outer loop
      vertex -41.9129 10.3993 -17.1981
      vertex -43.7119 6.11162 -17.1981
      vertex -43.761 6.25622 -17.1981
    endloop
  endfacet
  facet normal 0 0 -1
    outer loop
      vertex -43.761 6.25622 -17.1981
      vertex -43.8163 6.39854 -17.1981
      vertex -41.9129 10.3993 -17.1981
    endloop
  endfacet
  facet normal 0 0 -1
    outer loop
      vertex -43.8163 6.39854 -17.1981
      vertex -43.8778 6.53831 -17.1981
      vertex -41.9129 10.3993 -17.1981
    endloop
  endfacet
  facet normal 0 0 -1
    outer loop
      vertex -41.9129 10.3993 -17.1981
      vertex -43.8778 6.53831 -17.1981
      vertex -43.9453 6.67527 -17.1981
    endloop
  endfacet
  facet normal 0 0 -1
    outer loop
      vertex -44.2731 7.18981 -17.1981
      vertex -44.3687 7.3089 -17.1981
      vertex -41.9129 10.3993 -17.1981
    endloop
  endfacet
  facet normal 0 0 -1
    outer loop
      vertex -44.3687 7.3089 -17.1981
      vertex -44.4694 7.42371 -17.1981
      vertex -41.9129 10.3993 -17.1981
    endloop
  endfacet
  facet normal 0 0 -1
    outer loop
      vertex -41.9129 10.3993 -17.1981
      vertex -44.4694 7.42371 -17.1981
      vertex -44.575 7.53402 -17.1981
    endloop
  endfacet
  facet normal 0 0 -1
    outer loop
      vertex -44.575 7.53402 -17.1981
      vertex -44.6853 7.63962 -17.1981
      vertex -41.9129 10.3993 -17.1981
    endloop
  endfacet
  facet normal 0 0 -1
    outer loop
      vertex -44.6853 7.63962 -17.1981
      vertex -44.8001 7.7403 -17.1981
      vertex -41.9129 10.3993 -17.1981
    endloop
  endfacet
  facet normal 0 0 -1
    outer loop
      vertex -41.9129 10.3993 -17.1981
      vertex -44.8001 7.7403 -17.1981
      vertex -44.9192 7.83588 -17.1981
    endloop
  endfacet
  facet normal 0 0 -1
    outer loop
      vertex -44.9192 7.83588 -17.1981
      vertex -45.0424 7.92618 -17.1981
      vertex -41.9129 10.3993 -17.1981
    endloop
  endfacet
  facet normal 0 0 -1
    outer loop
      vertex -45.0424 7.92618 -17.1981
      vertex -45.1693 8.01102 -17.1981
      vertex -41.9129 10.3993 -17.1981
    endloop
  endfacet
  facet normal 0 0 -1
    outer loop
      vertex -41.9129 10.3993 -17.1981
      vertex -45.1693 8.01102 -17.1981
      vertex -45.2999 8.09023 -17.1981
    endloop
  endfacet
  facet normal 0 0 -1
    outer loop
      vertex -45.7105 8.29272 -17.1981
      vertex -45.8528 8.34807 -17.1981
      vertex -41.9129 10.3993 -17.1981
    endloop
  endfacet
  facet normal 0 0 -1
    outer loop
      vertex -45.8528 8.34807 -17.1981
      vertex -45.9974 8.39715 -17.1981
      vertex -41.9129 10.3993 -17.1981
    endloop
  endfacet
  facet normal 0 0 -1
    outer loop
      vertex -41.9129 10.3993 -17.1981
      vertex -45.9974 8.39715 -17.1981
      vertex -46.144 8.43989 -17.1981
    endloop
  endfacet
  facet normal 0 0 -1
    outer loop
      vertex -46.2923 8.47618 -17.1981
      vertex -46.4421 8.50597 -17.1981
      vertex -41.9129 10.3993 -17.1981
    endloop
  endfacet
  facet normal 0 0 -1
    outer loop
      vertex -46.4421 8.50597 -17.1981
      vertex -46.593 8.5292 -17.1981
      vertex -41.9129 10.3993 -17.1981
    endloop
  endfacet
  facet normal 0 0 -1
    outer loop
      vertex -41.9129 10.3993 -17.1981
      vertex -46.593 8.5292 -17.1981
      vertex -46.7448 8.54583 -17.1981
    endloop
  endfacet
  facet normal 0 0 -1
    outer loop
      vertex -46.7448 8.54583 -17.1981
      vertex -46.8972 8.55581 -17.1981
      vertex -41.9129 10.3993 -17.1981
    endloop
  endfacet
  facet normal 0 0 -1
    outer loop
      vertex -46.8972 8.55581 -17.1981
      vertex -47.0499 8.55915 -17.1981
      vertex -41.9129 10.3993 -17.1981
    endloop
  endfacet
  facet normal 0 0 -1
    outer loop
      vertex -41.9129 10.3993 -17.1981
      vertex -47.0499 8.55915 -17.1981
      vertex -47.2025 8.55581 -17.1981
    endloop
  endfacet
  facet normal 0 0 -1
    outer loop
      vertex -128.996 1.83417 -17.1981
      vertex -128.859 1.76663 -17.1981
      vertex -123.806 -39.4567 -17.1981
    endloop
  endfacet
  facet normal 0 0 -1
    outer loop
      vertex -128.859 1.76663 -17.1981
      vertex -128.719 1.70513 -17.1981
      vertex -123.806 -39.4567 -17.1981
    endloop
  endfacet
  facet normal 0 0 -1
    outer loop
      vertex -123.806 -39.4567 -17.1981
      vertex -128.719 1.70513 -17.1981
      vertex -128.577 1.64979 -17.1981
    endloop
  endfacet
  facet normal 0 0 -1
    outer loop
      vertex -128.577 1.64979 -17.1981
      vertex -128.432 1.6007 -17.1981
      vertex -123.806 -39.4567 -17.1981
    endloop
  endfacet
  facet normal 0 0 -1
    outer loop
      vertex -128.432 1.6007 -17.1981
      vertex -128.285 1.55797 -17.1981
      vertex -123.806 -39.4567 -17.1981
    endloop
  endfacet
  facet normal 0 0 -1
    outer loop
      vertex -123.806 -39.4567 -17.1981
      vertex -128.285 1.55797 -17.1981
      vertex -128.137 1.52167 -17.1981
    endloop
  endfacet
  facet normal 0 0 -1
    outer loop
      vertex -127.074 1.45203 -17.1981
      vertex -126.923 1.46865 -17.1981
      vertex -123.789 -39.6085 -17.1981
    endloop
  endfacet
  facet normal 0 0 -1
    outer loop
      vertex -126.923 1.46865 -17.1981
      vertex -126.772 1.49188 -17.1981
      vertex -123.789 -39.6085 -17.1981
    endloop
  endfacet
  facet normal 0 0 -1
    outer loop
      vertex -123.789 -39.6085 -17.1981
      vertex -126.772 1.49188 -17.1981
      vertex -126.622 1.52167 -17.1981
    endloop
  endfacet
  facet normal 0 0 -1
    outer loop
      vertex -126.622 1.52167 -17.1981
      vertex -126.474 1.55797 -17.1981
      vertex -123.789 -39.6085 -17.1981
    endloop
  endfacet
  facet normal 0 0 -1
    outer loop
      vertex -126.474 1.55797 -17.1981
      vertex -126.327 1.6007 -17.1981
      vertex -123.789 -39.6085 -17.1981
    endloop
  endfacet
  facet normal 0 0 -1
    outer loop
      vertex -123.789 -39.6085 -17.1981
      vertex -126.327 1.6007 -17.1981
      vertex -123.779 -39.7609 -17.1981
    endloop
  endfacet
  facet normal 0 0 -1
    outer loop
      vertex -126.327 1.6007 -17.1981
      vertex -126.182 1.64979 -17.1981
      vertex -123.779 -39.7609 -17.1981
    endloop
  endfacet
  facet normal 0 0 -1
    outer loop
      vertex -123.779 -39.7609 -17.1981
      vertex -126.182 1.64979 -17.1981
      vertex -126.04 1.70513 -17.1981
    endloop
  endfacet
  facet normal 0 0 -1
    outer loop
      vertex -45.7105 -36.5088 -17.1981
      vertex -45.8528 -36.4534 -17.1981
      vertex -124.146 3.59932 -17.1981
    endloop
  endfacet
  facet normal 0 0 -1
    outer loop
      vertex -45.8528 -36.4534 -17.1981
      vertex -45.9974 -36.4043 -17.1981
      vertex -124.146 3.59932 -17.1981
    endloop
  endfacet
  facet normal 0 0 -1
    outer loop
      vertex -124.146 3.59932 -17.1981
      vertex -45.9974 -36.4043 -17.1981
      vertex -46.144 -36.3616 -17.1981
    endloop
  endfacet
  facet normal 0 0 -1
    outer loop
      vertex -48.7999 -36.7113 -17.1981
      vertex -48.9304 -36.7905 -17.1981
      vertex -124.146 3.59932 -17.1981
    endloop
  endfacet
  facet normal 0 0 -1
    outer loop
      vertex -48.9304 -36.7905 -17.1981
      vertex -49.0574 -36.8753 -17.1981
      vertex -124.146 3.59932 -17.1981
    endloop
  endfacet
  facet normal 0 0 -1
    outer loop
      vertex -124.146 3.59932 -17.1981
      vertex -49.0574 -36.8753 -17.1981
      vertex -49.1805 -36.9656 -17.1981
    endloop
  endfacet
  facet normal 0 0 -1
    outer loop
      vertex -49.1805 -36.9656 -17.1981
      vertex -49.2996 -37.0612 -17.1981
      vertex -124.146 3.59932 -17.1981
    endloop
  endfacet
  facet normal 0 0 -1
    outer loop
      vertex -49.2996 -37.0612 -17.1981
      vertex -49.4144 -37.1619 -17.1981
      vertex -124.146 3.59932 -17.1981
    endloop
  endfacet
  facet normal 0 0 -1
    outer loop
      vertex -124.146 3.59932 -17.1981
      vertex -49.4144 -37.1619 -17.1981
      vertex -49.5248 -37.2675 -17.1981
    endloop
  endfacet
  facet normal 0 0 -1
    outer loop
      vertex -49.6304 -37.3778 -17.1981
      vertex -49.731 -37.4926 -17.1981
      vertex -124.146 3.59932 -17.1981
    endloop
  endfacet
  facet normal 0 0 -1
    outer loop
      vertex -49.731 -37.4926 -17.1981
      vertex -49.8266 -37.6117 -17.1981
      vertex -124.146 3.59932 -17.1981
    endloop
  endfacet
  facet normal 0 0 -1
    outer loop
      vertex -124.146 3.59932 -17.1981
      vertex -49.8266 -37.6117 -17.1981
      vertex -49.9169 -37.7348 -17.1981
    endloop
  endfacet
  facet normal 0 0 -1
    outer loop
      vertex -124.698 2.68895 -17.1981
      vertex -50.222 -38.2632 -17.1981
      vertex -124.799 2.57414 -17.1981
    endloop
  endfacet
  facet normal 0 0 -1
    outer loop
      vertex -50.3879 4.00667 -17.1981
      vertex -50.3388 3.86207 -17.1981
      vertex -44.575 -37.2675 -17.1981
    endloop
  endfacet
  facet normal 0 0 -1
    outer loop
      vertex -50.3388 3.86207 -17.1981
      vertex -50.2835 3.71975 -17.1981
      vertex -44.575 -37.2675 -17.1981
    endloop
  endfacet
  facet normal 0 0 -1
    outer loop
      vertex -44.575 -37.2675 -17.1981
      vertex -50.2835 3.71975 -17.1981
      vertex -50.222 3.57998 -17.1981
    endloop
  endfacet
  facet normal 0 0 -1
    outer loop
      vertex -49.4144 2.47867 -17.1981
      vertex -49.2996 2.37799 -17.1981
      vertex -44.575 -37.2675 -17.1981
    endloop
  endfacet
  facet normal 0 0 -1
    outer loop
      vertex -49.2996 2.37799 -17.1981
      vertex -49.1805 2.28241 -17.1981
      vertex -44.575 -37.2675 -17.1981
    endloop
  endfacet
  facet normal 0 0 -1
    outer loop
      vertex -44.575 -37.2675 -17.1981
      vertex -49.1805 2.28241 -17.1981
      vertex -49.0574 2.19211 -17.1981
    endloop
  endfacet
  facet normal 0 0 -1
    outer loop
      vertex -48.529 1.88707 -17.1981
      vertex -48.3893 1.82557 -17.1981
      vertex -44.575 -37.2675 -17.1981
    endloop
  endfacet
  facet normal 0 0 -1
    outer loop
      vertex -48.3893 1.82557 -17.1981
      vertex -48.247 1.77022 -17.1981
      vertex -44.575 -37.2675 -17.1981
    endloop
  endfacet
  facet normal 0 0 -1
    outer loop
      vertex -44.575 -37.2675 -17.1981
      vertex -48.247 1.77022 -17.1981
      vertex -48.1024 1.72114 -17.1981
    endloop
  endfacet
  facet normal 0 0 -1
    outer loop
      vertex -47.0499 1.55915 -17.1981
      vertex -46.8972 1.56248 -17.1981
      vertex -44.575 -37.2675 -17.1981
    endloop
  endfacet
  facet normal 0 0 -1
    outer loop
      vertex -46.8972 1.56248 -17.1981
      vertex -46.7448 1.57246 -17.1981
      vertex -44.575 -37.2675 -17.1981
    endloop
  endfacet
  facet normal 0 0 -1
    outer loop
      vertex -44.575 -37.2675 -17.1981
      vertex -46.7448 1.57246 -17.1981
      vertex -46.593 1.58909 -17.1981
    endloop
  endfacet
  facet normal 0 0 -1
    outer loop
      vertex -43.9453 6.67527 -17.1981
      vertex -44.0188 6.80915 -17.1981
      vertex -41.9129 10.3993 -17.1981
    endloop
  endfacet
  facet normal 0 0 -1
    outer loop
      vertex -44.0188 6.80915 -17.1981
      vertex -44.098 6.93969 -17.1981
      vertex -41.9129 10.3993 -17.1981
    endloop
  endfacet
  facet normal 0 0 -1
    outer loop
      vertex -41.9129 10.3993 -17.1981
      vertex -44.098 6.93969 -17.1981
      vertex -44.1829 7.06666 -17.1981
    endloop
  endfacet
  facet normal 0 0 -1
    outer loop
      vertex -49.0574 7.92618 -17.1981
      vertex -49.1805 7.83588 -17.1981
      vertex -131.913 10.3993 -17.1981
    endloop
  endfacet
  facet normal 0 0 -1
    outer loop
      vertex -49.1805 7.83588 -17.1981
      vertex -49.2996 7.7403 -17.1981
      vertex -131.913 10.3993 -17.1981
    endloop
  endfacet
  facet normal 0 0 -1
    outer loop
      vertex -131.913 10.3993 -17.1981
      vertex -49.2996 7.7403 -17.1981
      vertex -49.4144 7.63962 -17.1981
    endloop
  endfacet
  facet normal 0 0 -1
    outer loop
      vertex -50.2835 -38.403 -17.1981
      vertex -50.3388 -38.5453 -17.1981
      vertex -125.015 2.35824 -17.1981
    endloop
  endfacet
  facet normal 0 0 -1
    outer loop
      vertex -50.3388 -38.5453 -17.1981
      vertex -50.3879 -38.6899 -17.1981
      vertex -125.015 2.35824 -17.1981
    endloop
  endfacet
  facet normal 0 0 -1
    outer loop
      vertex -125.015 2.35824 -17.1981
      vertex -50.3879 -38.6899 -17.1981
      vertex -50.4306 -38.8365 -17.1981
    endloop
  endfacet
  facet normal 0 0 -1
    outer loop
      vertex -49.8266 2.92848 -17.1981
      vertex -49.731 2.80939 -17.1981
      vertex -44.575 -37.2675 -17.1981
    endloop
  endfacet
  facet normal 0 0 -1
    outer loop
      vertex -49.731 2.80939 -17.1981
      vertex -49.6304 2.69458 -17.1981
      vertex -44.575 -37.2675 -17.1981
    endloop
  endfacet
  facet normal 0 0 -1
    outer loop
      vertex -44.575 -37.2675 -17.1981
      vertex -49.6304 2.69458 -17.1981
      vertex -49.5248 2.58427 -17.1981
    endloop
  endfacet
  facet normal 0 0 -1
    outer loop
      vertex -48.1024 1.72114 -17.1981
      vertex -47.9558 1.6784 -17.1981
      vertex -44.575 -37.2675 -17.1981
    endloop
  endfacet
  facet normal 0 0 -1
    outer loop
      vertex -47.9558 1.6784 -17.1981
      vertex -47.8074 1.64211 -17.1981
      vertex -44.575 -37.2675 -17.1981
    endloop
  endfacet
  facet normal 0 0 -1
    outer loop
      vertex -44.575 -37.2675 -17.1981
      vertex -47.8074 1.64211 -17.1981
      vertex -47.6577 1.61232 -17.1981
    endloop
  endfacet
  facet normal 0 0 -1
    outer loop
      vertex -47.6577 1.61232 -17.1981
      vertex -47.5067 1.58909 -17.1981
      vertex -44.575 -37.2675 -17.1981
    endloop
  endfacet
  facet normal 0 0 -1
    outer loop
      vertex -47.5067 1.58909 -17.1981
      vertex -47.3549 1.57246 -17.1981
      vertex -44.575 -37.2675 -17.1981
    endloop
  endfacet
  facet normal 0 0 -1
    outer loop
      vertex -44.575 -37.2675 -17.1981
      vertex -47.3549 1.57246 -17.1981
      vertex -47.2025 1.56248 -17.1981
    endloop
  endfacet
  facet normal 0 0 -1
    outer loop
      vertex -48.247 8.34807 -17.1981
      vertex -48.3893 8.29272 -17.1981
      vertex -131.913 10.3993 -17.1981
    endloop
  endfacet
  facet normal 0 0 -1
    outer loop
      vertex -48.3893 8.29272 -17.1981
      vertex -48.529 8.23122 -17.1981
      vertex -131.913 10.3993 -17.1981
    endloop
  endfacet
  facet normal 0 0 -1
    outer loop
      vertex -131.913 10.3993 -17.1981
      vertex -48.529 8.23122 -17.1981
      vertex -48.666 8.16368 -17.1981
    endloop
  endfacet
  facet normal 0 0 -1
    outer loop
      vertex -50.2835 -38.403 -17.1981
      vertex -125.015 2.35824 -17.1981
      vertex -50.222 -38.2632 -17.1981
    endloop
  endfacet
  facet normal 0 0 -1
    outer loop
      vertex -125.015 2.35824 -17.1981
      vertex -124.905 2.46384 -17.1981
      vertex -50.222 -38.2632 -17.1981
    endloop
  endfacet
  facet normal 0 0 -1
    outer loop
      vertex -50.222 -38.2632 -17.1981
      vertex -124.905 2.46384 -17.1981
      vertex -124.799 2.57414 -17.1981
    endloop
  endfacet
  facet normal 0 0 -1
    outer loop
      vertex -124.603 2.80804 -17.1981
      vertex -124.512 2.93119 -17.1981
      vertex -50.222 -38.2632 -17.1981
    endloop
  endfacet
  facet normal 0 0 -1
    outer loop
      vertex -124.512 2.93119 -17.1981
      vertex -124.428 3.05816 -17.1981
      vertex -50.222 -38.2632 -17.1981
    endloop
  endfacet
  facet normal 0 0 -1
    outer loop
      vertex -50.222 -38.2632 -17.1981
      vertex -124.428 3.05816 -17.1981
      vertex -124.348 3.18871 -17.1981
    endloop
  endfacet
  facet normal 0 0 -1
    outer loop
      vertex -47.8074 8.47618 -17.1981
      vertex -47.9558 8.43989 -17.1981
      vertex -131.913 10.3993 -17.1981
    endloop
  endfacet
  facet normal 0 0 -1
    outer loop
      vertex -47.9558 8.43989 -17.1981
      vertex -48.1024 8.39715 -17.1981
      vertex -131.913 10.3993 -17.1981
    endloop
  endfacet
  facet normal 0 0 -1
    outer loop
      vertex -131.913 10.3993 -17.1981
      vertex -48.1024 8.39715 -17.1981
      vertex -48.247 8.34807 -17.1981
    endloop
  endfacet
  facet normal 0 0 -1
    outer loop
      vertex -48.666 8.16368 -17.1981
      vertex -48.7999 8.09023 -17.1981
      vertex -131.913 10.3993 -17.1981
    endloop
  endfacet
  facet normal 0 0 -1
    outer loop
      vertex -48.7999 8.09023 -17.1981
      vertex -48.9304 8.01102 -17.1981
      vertex -131.913 10.3993 -17.1981
    endloop
  endfacet
  facet normal 0 0 -1
    outer loop
      vertex -131.913 10.3993 -17.1981
      vertex -48.9304 8.01102 -17.1981
      vertex -49.0574 7.92618 -17.1981
    endloop
  endfacet
  facet normal 0 0 -1
    outer loop
      vertex -124.275 3.32259 -17.1981
      vertex -50.0018 -37.8618 -17.1981
      vertex -124.348 3.18871 -17.1981
    endloop
  endfacet
  facet normal 0 0 -1
    outer loop
      vertex -50.0018 -37.8618 -17.1981
      vertex -50.081 -37.9923 -17.1981
      vertex -124.348 3.18871 -17.1981
    endloop
  endfacet
  facet normal 0 0 -1
    outer loop
      vertex -124.348 3.18871 -17.1981
      vertex -50.081 -37.9923 -17.1981
      vertex -50.1544 -38.1262 -17.1981
    endloop
  endfacet
  facet normal 0 0 -1
    outer loop
      vertex -47.2025 8.55581 -17.1981
      vertex -47.3549 8.54583 -17.1981
      vertex -41.9129 10.3993 -17.1981
    endloop
  endfacet
  facet normal 0 0 -1
    outer loop
      vertex -47.3549 8.54583 -17.1981
      vertex -47.5067 8.5292 -17.1981
      vertex -41.9129 10.3993 -17.1981
    endloop
  endfacet
  facet normal 0 0 -1
    outer loop
      vertex -41.9129 10.3993 -17.1981
      vertex -47.5067 8.5292 -17.1981
      vertex -131.913 10.3993 -17.1981
    endloop
  endfacet
  facet normal 0 0 -1
    outer loop
      vertex -47.5067 8.5292 -17.1981
      vertex -47.6577 8.50597 -17.1981
      vertex -131.913 10.3993 -17.1981
    endloop
  endfacet
  facet normal 0 0 -1
    outer loop
      vertex -131.913 10.3993 -17.1981
      vertex -47.6577 8.50597 -17.1981
      vertex -47.8074 8.47618 -17.1981
    endloop
  endfacet
  facet normal 0 1 0
    outer loop
      vertex -41.9129 10.3993 -17.1981
      vertex -131.913 10.3993 -17.1981
      vertex -41.9129 10.3993 -12.1981
    endloop
  endfacet
  facet normal 0 1 0
    outer loop
      vertex -131.913 10.3993 -17.1981
      vertex -131.913 10.3993 -12.1981
      vertex -41.9129 10.3993 -12.1981
    endloop
  endfacet
  facet normal 0 0 1
    outer loop
      vertex -125.368 -40.515 -12.1981
      vertex -125.396 -40.5976 -12.1981
      vertex -41.9129 -44.6007 -12.1981
    endloop
  endfacet
  facet normal 0 0 1
    outer loop
      vertex -129.287 5.54012 -12.1981
      vertex -129.259 5.62275 -12.1981
      vertex -131.913 10.3993 -12.1981
    endloop
  endfacet
  facet normal 0 0 1
    outer loop
      vertex -125.293 -40.1746 -12.1981
      vertex -125.306 -40.2609 -12.1981
      vertex -41.9129 -44.6007 -12.1981
    endloop
  endfacet
  facet normal 0 0 1
    outer loop
      vertex -128.69 -41.3278 -12.1981
      vertex -128.75 -41.2647 -12.1981
      vertex -131.913 -44.6007 -12.1981
    endloop
  endfacet
  facet normal 0 0 1
    outer loop
      vertex -129.183 -40.515 -12.1981
      vertex -129.208 -40.4312 -12.1981
      vertex -131.913 -44.6007 -12.1981
    endloop
  endfacet
  facet normal 0 0 1
    outer loop
      vertex -125.306 -40.2609 -12.1981
      vertex -125.323 -40.3464 -12.1981
      vertex -41.9129 -44.6007 -12.1981
    endloop
  endfacet
  facet normal 0 0 1
    outer loop
      vertex -125.323 -40.3464 -12.1981
      vertex -125.344 -40.4312 -12.1981
      vertex -41.9129 -44.6007 -12.1981
    endloop
  endfacet
  facet normal 0 0 1
    outer loop
      vertex -41.9129 -44.6007 -12.1981
      vertex -125.344 -40.4312 -12.1981
      vertex -125.368 -40.515 -12.1981
    endloop
  endfacet
  facet normal 0 0 1
    outer loop
      vertex -131.913 -44.6007 -12.1981
      vertex -129.05 -40.8371 -12.1981
      vertex -129.088 -40.7588 -12.1981
    endloop
  endfacet
  facet normal 0 0 1
    outer loop
      vertex -125.397 4.67766 -12.1981
      vertex -125.41 4.59141 -12.1981
      vertex -46.1264 -37.9683 -12.1981
    endloop
  endfacet
  facet normal 0 0 1
    outer loop
      vertex -125.41 4.59141 -12.1981
      vertex -125.427 4.50583 -12.1981
      vertex -46.1264 -37.9683 -12.1981
    endloop
  endfacet
  facet normal 0 0 1
    outer loop
      vertex -46.1264 -37.9683 -12.1981
      vertex -125.427 4.50583 -12.1981
      vertex -125.448 4.42107 -12.1981
    endloop
  endfacet
  facet normal 0 0 1
    outer loop
      vertex -129.183 -39.3121 -12.1981
      vertex -129.155 -39.2295 -12.1981
      vertex -131.913 10.3993 -12.1981
    endloop
  endfacet
  facet normal 0 0 1
    outer loop
      vertex -129.155 -39.2295 -12.1981
      vertex -129.287 4.3373 -12.1981
      vertex -131.913 10.3993 -12.1981
    endloop
  endfacet
  facet normal 0 0 1
    outer loop
      vertex -131.913 10.3993 -12.1981
      vertex -129.287 4.3373 -12.1981
      vertex -129.311 4.42107 -12.1981
    endloop
  endfacet
  facet normal 0 0 1
    outer loop
      vertex -129.362 5.19976 -12.1981
      vertex -129.349 5.28601 -12.1981
      vertex -131.913 10.3993 -12.1981
    endloop
  endfacet
  facet normal 0 0 1
    outer loop
      vertex -129.088 -40.7588 -12.1981
      vertex -129.124 -40.6789 -12.1981
      vertex -131.913 -44.6007 -12.1981
    endloop
  endfacet
  facet normal 0 0 1
    outer loop
      vertex -129.124 -40.6789 -12.1981
      vertex -129.155 -40.5976 -12.1981
      vertex -131.913 -44.6007 -12.1981
    endloop
  endfacet
  facet normal 0 0 1
    outer loop
      vertex -131.913 -44.6007 -12.1981
      vertex -129.155 -40.5976 -12.1981
      vertex -129.183 -40.515 -12.1981
    endloop
  endfacet
  facet normal 0 0 1
    outer loop
      vertex -129.208 -40.4312 -12.1981
      vertex -129.228 -40.3464 -12.1981
      vertex -131.913 -44.6007 -12.1981
    endloop
  endfacet
  facet normal 0 0 1
    outer loop
      vertex -129.228 -40.3464 -12.1981
      vertex -129.245 -40.2609 -12.1981
      vertex -131.913 -44.6007 -12.1981
    endloop
  endfacet
  facet normal 0 0 1
    outer loop
      vertex -131.913 -44.6007 -12.1981
      vertex -129.245 -40.2609 -12.1981
      vertex -129.259 -40.1746 -12.1981
    endloop
  endfacet
  facet normal 0 0 1
    outer loop
      vertex -129.155 -39.2295 -12.1981
      vertex -129.153 4.01521 -12.1981
      vertex -129.192 4.09347 -12.1981
    endloop
  endfacet
  facet normal 0 0 1
    outer loop
      vertex -125.323 -39.4807 -12.1981
      vertex -125.306 -39.5663 -12.1981
      vertex -47.1371 -41.7404 -12.1981
    endloop
  endfacet
  facet normal 0 0 1
    outer loop
      vertex -129.349 5.28601 -12.1981
      vertex -129.332 5.37159 -12.1981
      vertex -131.913 10.3993 -12.1981
    endloop
  endfacet
  facet normal 0 0 1
    outer loop
      vertex -129.332 5.37159 -12.1981
      vertex -129.311 5.45635 -12.1981
      vertex -131.913 10.3993 -12.1981
    endloop
  endfacet
  facet normal 0 0 1
    outer loop
      vertex -131.913 10.3993 -12.1981
      vertex -129.311 5.45635 -12.1981
      vertex -129.287 5.54012 -12.1981
    endloop
  endfacet
  facet normal 0 0 1
    outer loop
      vertex -41.9129 -44.6007 -12.1981
      vertex -125.502 -40.8371 -12.1981
      vertex -125.544 -40.9136 -12.1981
    endloop
  endfacet
  facet normal 0 0 1
    outer loop
      vertex -125.689 -41.1311 -12.1981
      vertex -125.744 -41.1991 -12.1981
      vertex -41.9129 -44.6007 -12.1981
    endloop
  endfacet
  facet normal 0 0 1
    outer loop
      vertex -125.744 -41.1991 -12.1981
      vertex -125.801 -41.2647 -12.1981
      vertex -41.9129 -44.6007 -12.1981
    endloop
  endfacet
  facet normal 0 0 1
    outer loop
      vertex -41.9129 -44.6007 -12.1981
      vertex -125.801 -41.2647 -12.1981
      vertex -125.862 -41.3278 -12.1981
    endloop
  endfacet
  facet normal 0 0 1
    outer loop
      vertex -128.75 -41.2647 -12.1981
      vertex -128.808 -41.1991 -12.1981
      vertex -131.913 -44.6007 -12.1981
    endloop
  endfacet
  facet normal 0 0 1
    outer loop
      vertex -128.808 -41.1991 -12.1981
      vertex -128.863 -41.1311 -12.1981
      vertex -131.913 -44.6007 -12.1981
    endloop
  endfacet
  facet normal 0 0 1
    outer loop
      vertex -131.913 -44.6007 -12.1981
      vertex -128.863 -41.1311 -12.1981
      vertex -128.914 -41.0607 -12.1981
    endloop
  endfacet
  facet normal 0 0 1
    outer loop
      vertex -125.448 4.42107 -12.1981
      vertex -125.472 4.3373 -12.1981
      vertex -46.1264 -37.9683 -12.1981
    endloop
  endfacet
  facet normal 0 0 1
    outer loop
      vertex -125.472 4.3373 -12.1981
      vertex -125.5 4.25467 -12.1981
      vertex -46.1264 -37.9683 -12.1981
    endloop
  endfacet
  facet normal 0 0 1
    outer loop
      vertex -46.1264 -37.9683 -12.1981
      vertex -125.5 4.25467 -12.1981
      vertex -46.2046 -37.9297 -12.1981
    endloop
  endfacet
  facet normal 0 0 1
    outer loop
      vertex -128.966 3.72119 -12.1981
      vertex -129.018 3.79156 -12.1981
      vertex -129.155 -39.2295 -12.1981
    endloop
  endfacet
  facet normal 0 0 1
    outer loop
      vertex -129.192 4.09347 -12.1981
      vertex -129.227 4.17334 -12.1981
      vertex -129.155 -39.2295 -12.1981
    endloop
  endfacet
  facet normal 0 0 1
    outer loop
      vertex -129.227 4.17334 -12.1981
      vertex -129.259 4.25467 -12.1981
      vertex -129.155 -39.2295 -12.1981
    endloop
  endfacet
  facet normal 0 0 1
    outer loop
      vertex -129.155 -39.2295 -12.1981
      vertex -129.259 4.25467 -12.1981
      vertex -129.287 4.3373 -12.1981
    endloop
  endfacet
  facet normal 0 0 1
    outer loop
      vertex -129.311 4.42107 -12.1981
      vertex -129.332 4.50583 -12.1981
      vertex -131.913 10.3993 -12.1981
    endloop
  endfacet
  facet normal 0 0 1
    outer loop
      vertex -129.332 4.50583 -12.1981
      vertex -129.349 4.59141 -12.1981
      vertex -131.913 10.3993 -12.1981
    endloop
  endfacet
  facet normal 0 0 1
    outer loop
      vertex -131.913 10.3993 -12.1981
      vertex -129.349 4.59141 -12.1981
      vertex -129.362 4.67766 -12.1981
    endloop
  endfacet
  facet normal 0 0 1
    outer loop
      vertex -129.362 4.67766 -12.1981
      vertex -129.372 4.7644 -12.1981
      vertex -131.913 10.3993 -12.1981
    endloop
  endfacet
  facet normal 0 0 1
    outer loop
      vertex -129.372 4.7644 -12.1981
      vertex -129.378 4.85147 -12.1981
      vertex -131.913 10.3993 -12.1981
    endloop
  endfacet
  facet normal 0 0 1
    outer loop
      vertex -131.913 10.3993 -12.1981
      vertex -129.378 4.85147 -12.1981
      vertex -129.379 4.93871 -12.1981
    endloop
  endfacet
  facet normal 0 0 1
    outer loop
      vertex -129.259 5.62275 -12.1981
      vertex -129.227 5.70408 -12.1981
      vertex -131.913 10.3993 -12.1981
    endloop
  endfacet
  facet normal 0 0 1
    outer loop
      vertex -129.227 5.70408 -12.1981
      vertex -129.192 5.78395 -12.1981
      vertex -131.913 10.3993 -12.1981
    endloop
  endfacet
  facet normal 0 0 1
    outer loop
      vertex -131.913 10.3993 -12.1981
      vertex -129.192 5.78395 -12.1981
      vertex -129.153 5.86221 -12.1981
    endloop
  endfacet
  facet normal 0 0 1
    outer loop
      vertex -125.605 5.86221 -12.1981
      vertex -125.567 5.78395 -12.1981
      vertex -41.9129 10.3993 -12.1981
    endloop
  endfacet
  facet normal 0 0 1
    outer loop
      vertex -125.567 5.78395 -12.1981
      vertex -125.532 5.70408 -12.1981
      vertex -41.9129 10.3993 -12.1981
    endloop
  endfacet
  facet normal 0 0 1
    outer loop
      vertex -41.9129 10.3993 -12.1981
      vertex -125.532 5.70408 -12.1981
      vertex -125.5 5.62275 -12.1981
    endloop
  endfacet
  facet normal 0 0 1
    outer loop
      vertex -125.41 5.28601 -12.1981
      vertex -47.1371 3.06105 -12.1981
      vertex -125.427 5.37159 -12.1981
    endloop
  endfacet
  facet normal 0 0 1
    outer loop
      vertex -47.1371 3.06105 -12.1981
      vertex -125.448 5.45635 -12.1981
      vertex -125.427 5.37159 -12.1981
    endloop
  endfacet
  facet normal 0 0 1
    outer loop
      vertex -41.9129 -44.6007 -12.1981
      vertex -46.0499 -41.4744 -12.1981
      vertex -46.1264 -41.5164 -12.1981
    endloop
  endfacet
  facet normal 0 0 1
    outer loop
      vertex -46.3658 -41.6217 -12.1981
      vertex -46.4485 -41.6498 -12.1981
      vertex -41.9129 -44.6007 -12.1981
    endloop
  endfacet
  facet normal 0 0 1
    outer loop
      vertex -46.4485 -41.6498 -12.1981
      vertex -46.5322 -41.6742 -12.1981
      vertex -41.9129 -44.6007 -12.1981
    endloop
  endfacet
  facet normal 0 0 1
    outer loop
      vertex -41.9129 -44.6007 -12.1981
      vertex -46.5322 -41.6742 -12.1981
      vertex -46.617 -41.6949 -12.1981
    endloop
  endfacet
  facet normal 0 0 1
    outer loop
      vertex -125.396 -40.5976 -12.1981
      vertex -125.428 -40.6789 -12.1981
      vertex -41.9129 -44.6007 -12.1981
    endloop
  endfacet
  facet normal 0 0 1
    outer loop
      vertex -125.428 -40.6789 -12.1981
      vertex -125.463 -40.7588 -12.1981
      vertex -41.9129 -44.6007 -12.1981
    endloop
  endfacet
  facet normal 0 0 1
    outer loop
      vertex -41.9129 -44.6007 -12.1981
      vertex -125.463 -40.7588 -12.1981
      vertex -125.502 -40.8371 -12.1981
    endloop
  endfacet
  facet normal 0 0 1
    outer loop
      vertex -125.544 -40.9136 -12.1981
      vertex -125.589 -40.9882 -12.1981
      vertex -41.9129 -44.6007 -12.1981
    endloop
  endfacet
  facet normal 0 0 1
    outer loop
      vertex -125.589 -40.9882 -12.1981
      vertex -125.638 -41.0607 -12.1981
      vertex -41.9129 -44.6007 -12.1981
    endloop
  endfacet
  facet normal 0 0 1
    outer loop
      vertex -41.9129 -44.6007 -12.1981
      vertex -125.638 -41.0607 -12.1981
      vertex -125.689 -41.1311 -12.1981
    endloop
  endfacet
  facet normal 0 0 1
    outer loop
      vertex -128.914 -41.0607 -12.1981
      vertex -128.963 -40.9882 -12.1981
      vertex -131.913 -44.6007 -12.1981
    endloop
  endfacet
  facet normal 0 0 1
    outer loop
      vertex -128.963 -40.9882 -12.1981
      vertex -129.008 -40.9136 -12.1981
      vertex -131.913 -44.6007 -12.1981
    endloop
  endfacet
  facet normal 0 0 1
    outer loop
      vertex -131.913 -44.6007 -12.1981
      vertex -129.008 -40.9136 -12.1981
      vertex -129.05 -40.8371 -12.1981
    endloop
  endfacet
  facet normal 0 0 1
    outer loop
      vertex -129.259 -40.1746 -12.1981
      vertex -129.268 -40.0879 -12.1981
      vertex -131.913 -44.6007 -12.1981
    endloop
  endfacet
  facet normal 0 0 1
    outer loop
      vertex -129.268 -40.0879 -12.1981
      vertex -129.274 -40.0008 -12.1981
      vertex -131.913 -44.6007 -12.1981
    endloop
  endfacet
  facet normal 0 0 1
    outer loop
      vertex -131.913 -44.6007 -12.1981
      vertex -129.274 -40.0008 -12.1981
      vertex -129.276 -39.9136 -12.1981
    endloop
  endfacet
  facet normal 0 0 1
    outer loop
      vertex -129.259 -39.6525 -12.1981
      vertex -129.245 -39.5663 -12.1981
      vertex -131.913 -44.6007 -12.1981
    endloop
  endfacet
  facet normal 0 0 1
    outer loop
      vertex -129.245 -39.5663 -12.1981
      vertex -129.228 -39.4807 -12.1981
      vertex -131.913 -44.6007 -12.1981
    endloop
  endfacet
  facet normal 0 0 1
    outer loop
      vertex -131.913 -44.6007 -12.1981
      vertex -129.228 -39.4807 -12.1981
      vertex -131.913 10.3993 -12.1981
    endloop
  endfacet
  facet normal 0 0 1
    outer loop
      vertex -129.228 -39.4807 -12.1981
      vertex -129.208 -39.3959 -12.1981
      vertex -131.913 10.3993 -12.1981
    endloop
  endfacet
  facet normal 0 0 1
    outer loop
      vertex -131.913 10.3993 -12.1981
      vertex -129.208 -39.3959 -12.1981
      vertex -129.183 -39.3121 -12.1981
    endloop
  endfacet
  facet normal 0 0 1
    outer loop
      vertex -129.088 -39.0683 -12.1981
      vertex -129.05 -38.9901 -12.1981
      vertex -128.854 3.58753 -12.1981
    endloop
  endfacet
  facet normal 0 0 1
    outer loop
      vertex -128.731 3.46416 -12.1981
      vertex -128.794 3.5245 -12.1981
      vertex -128.041 -38.0658 -12.1981
    endloop
  endfacet
  facet normal 0 0 1
    outer loop
      vertex -128.794 3.5245 -12.1981
      vertex -128.854 3.58753 -12.1981
      vertex -128.041 -38.0658 -12.1981
    endloop
  endfacet
  facet normal 0 0 1
    outer loop
      vertex -128.041 -38.0658 -12.1981
      vertex -128.854 3.58753 -12.1981
      vertex -128.121 -38.1009 -12.1981
    endloop
  endfacet
  facet normal 0 0 1
    outer loop
      vertex -125.589 -38.839 -12.1981
      vertex -125.544 -38.9136 -12.1981
      vertex -47.0499 -37.7423 -12.1981
    endloop
  endfacet
  facet normal 0 0 1
    outer loop
      vertex -125.544 -38.9136 -12.1981
      vertex -125.502 -38.9901 -12.1981
      vertex -47.0499 -37.7423 -12.1981
    endloop
  endfacet
  facet normal 0 0 1
    outer loop
      vertex -47.0499 -37.7423 -12.1981
      vertex -125.502 -38.9901 -12.1981
      vertex -125.463 -39.0683 -12.1981
    endloop
  endfacet
  facet normal 0 0 1
    outer loop
      vertex -128.966 3.72119 -12.1981
      vertex -129.155 -39.2295 -12.1981
      vertex -128.912 3.65313 -12.1981
    endloop
  endfacet
  facet normal 0 0 1
    outer loop
      vertex -129.018 3.79156 -12.1981
      vertex -129.066 3.86411 -12.1981
      vertex -129.155 -39.2295 -12.1981
    endloop
  endfacet
  facet normal 0 0 1
    outer loop
      vertex -129.066 3.86411 -12.1981
      vertex -129.111 3.93871 -12.1981
      vertex -129.155 -39.2295 -12.1981
    endloop
  endfacet
  facet normal 0 0 1
    outer loop
      vertex -129.155 -39.2295 -12.1981
      vertex -129.111 3.93871 -12.1981
      vertex -129.153 4.01521 -12.1981
    endloop
  endfacet
  facet normal 0 0 1
    outer loop
      vertex -125.396 -39.2295 -12.1981
      vertex -47.9734 -37.9683 -12.1981
      vertex -47.8951 -37.9297 -12.1981
    endloop
  endfacet
  facet normal 0 0 1
    outer loop
      vertex -125.306 -39.5663 -12.1981
      vertex -125.293 -39.6525 -12.1981
      vertex -47.1371 -41.7404 -12.1981
    endloop
  endfacet
  facet normal 0 0 1
    outer loop
      vertex -125.293 -39.6525 -12.1981
      vertex -125.283 -39.7392 -12.1981
      vertex -47.1371 -41.7404 -12.1981
    endloop
  endfacet
  facet normal 0 0 1
    outer loop
      vertex -47.1371 -41.7404 -12.1981
      vertex -125.283 -39.7392 -12.1981
      vertex -125.278 -39.8263 -12.1981
    endloop
  endfacet
  facet normal 0 0 1
    outer loop
      vertex -129.379 4.93871 -12.1981
      vertex -129.378 5.02595 -12.1981
      vertex -131.913 10.3993 -12.1981
    endloop
  endfacet
  facet normal 0 0 1
    outer loop
      vertex -129.378 5.02595 -12.1981
      vertex -129.372 5.11302 -12.1981
      vertex -131.913 10.3993 -12.1981
    endloop
  endfacet
  facet normal 0 0 1
    outer loop
      vertex -131.913 10.3993 -12.1981
      vertex -129.372 5.11302 -12.1981
      vertex -129.362 5.19976 -12.1981
    endloop
  endfacet
  facet normal 0 0 1
    outer loop
      vertex -129.153 5.86221 -12.1981
      vertex -129.111 5.93871 -12.1981
      vertex -131.913 10.3993 -12.1981
    endloop
  endfacet
  facet normal 0 0 1
    outer loop
      vertex -129.111 5.93871 -12.1981
      vertex -129.066 6.01331 -12.1981
      vertex -131.913 10.3993 -12.1981
    endloop
  endfacet
  facet normal 0 0 1
    outer loop
      vertex -131.913 10.3993 -12.1981
      vertex -129.066 6.01331 -12.1981
      vertex -129.018 6.08586 -12.1981
    endloop
  endfacet
  facet normal 0 0 1
    outer loop
      vertex -129.018 6.08586 -12.1981
      vertex -128.966 6.15623 -12.1981
      vertex -131.913 10.3993 -12.1981
    endloop
  endfacet
  facet normal 0 0 1
    outer loop
      vertex -128.966 6.15623 -12.1981
      vertex -128.912 6.22429 -12.1981
      vertex -131.913 10.3993 -12.1981
    endloop
  endfacet
  facet normal 0 0 1
    outer loop
      vertex -131.913 10.3993 -12.1981
      vertex -128.912 6.22429 -12.1981
      vertex -128.854 6.28989 -12.1981
    endloop
  endfacet
  facet normal 0 0 1
    outer loop
      vertex -45.1705 5.74319 -12.1981
      vertex -45.1424 5.66056 -12.1981
      vertex -41.9129 10.3993 -12.1981
    endloop
  endfacet
  facet normal 0 0 1
    outer loop
      vertex -125.41 5.28601 -12.1981
      vertex -125.397 5.19976 -12.1981
      vertex -47.1371 3.06105 -12.1981
    endloop
  endfacet
  facet normal 0 0 1
    outer loop
      vertex -125.397 5.19976 -12.1981
      vertex -125.387 5.11302 -12.1981
      vertex -47.1371 3.06105 -12.1981
    endloop
  endfacet
  facet normal 0 0 1
    outer loop
      vertex -47.1371 3.06105 -12.1981
      vertex -125.387 5.11302 -12.1981
      vertex -125.381 5.02595 -12.1981
    endloop
  endfacet
  facet normal 0 0 1
    outer loop
      vertex -41.9129 -44.6007 -12.1981
      vertex -45.0973 -40.1752 -12.1981
      vertex -45.118 -40.26 -12.1981
    endloop
  endfacet
  facet normal 0 0 1
    outer loop
      vertex -45.118 -40.26 -12.1981
      vertex -45.1424 -40.3438 -12.1981
      vertex -41.9129 -44.6007 -12.1981
    endloop
  endfacet
  facet normal 0 0 1
    outer loop
      vertex -45.1424 -40.3438 -12.1981
      vertex -45.1705 -40.4264 -12.1981
      vertex -41.9129 -44.6007 -12.1981
    endloop
  endfacet
  facet normal 0 0 1
    outer loop
      vertex -41.9129 -44.6007 -12.1981
      vertex -45.1705 -40.4264 -12.1981
      vertex -45.2021 -40.5077 -12.1981
    endloop
  endfacet
  facet normal 0 0 1
    outer loop
      vertex -41.9129 -44.6007 -12.1981
      vertex -45.3178 -40.7423 -12.1981
      vertex -45.3631 -40.8169 -12.1981
    endloop
  endfacet
  facet normal 0 0 1
    outer loop
      vertex -46.1264 -41.5164 -12.1981
      vertex -46.2046 -41.555 -12.1981
      vertex -41.9129 -44.6007 -12.1981
    endloop
  endfacet
  facet normal 0 0 1
    outer loop
      vertex -46.2046 -41.555 -12.1981
      vertex -46.2845 -41.5901 -12.1981
      vertex -41.9129 -44.6007 -12.1981
    endloop
  endfacet
  facet normal 0 0 1
    outer loop
      vertex -41.9129 -44.6007 -12.1981
      vertex -46.2845 -41.5901 -12.1981
      vertex -46.3658 -41.6217 -12.1981
    endloop
  endfacet
  facet normal 0 0 1
    outer loop
      vertex -125.862 -41.3278 -12.1981
      vertex -125.925 -41.3881 -12.1981
      vertex -41.9129 -44.6007 -12.1981
    endloop
  endfacet
  facet normal 0 0 1
    outer loop
      vertex -125.925 -41.3881 -12.1981
      vertex -125.99 -41.4456 -12.1981
      vertex -41.9129 -44.6007 -12.1981
    endloop
  endfacet
  facet normal 0 0 1
    outer loop
      vertex -41.9129 -44.6007 -12.1981
      vertex -125.99 -41.4456 -12.1981
      vertex -126.058 -41.5003 -12.1981
    endloop
  endfacet
  facet normal 0 0 1
    outer loop
      vertex -126.058 -41.5003 -12.1981
      vertex -126.129 -41.5519 -12.1981
      vertex -41.9129 -44.6007 -12.1981
    endloop
  endfacet
  facet normal 0 0 1
    outer loop
      vertex -126.129 -41.5519 -12.1981
      vertex -126.201 -41.6003 -12.1981
      vertex -41.9129 -44.6007 -12.1981
    endloop
  endfacet
  facet normal 0 0 1
    outer loop
      vertex -41.9129 -44.6007 -12.1981
      vertex -126.201 -41.6003 -12.1981
      vertex -126.276 -41.6456 -12.1981
    endloop
  endfacet
  facet normal 0 0 1
    outer loop
      vertex -129.276 -39.9136 -12.1981
      vertex -129.274 -39.8263 -12.1981
      vertex -131.913 -44.6007 -12.1981
    endloop
  endfacet
  facet normal 0 0 1
    outer loop
      vertex -129.274 -39.8263 -12.1981
      vertex -129.268 -39.7392 -12.1981
      vertex -131.913 -44.6007 -12.1981
    endloop
  endfacet
  facet normal 0 0 1
    outer loop
      vertex -131.913 -44.6007 -12.1981
      vertex -129.268 -39.7392 -12.1981
      vertex -129.259 -39.6525 -12.1981
    endloop
  endfacet
  facet normal 0 0 1
    outer loop
      vertex -45.0803 -39.395 -12.1981
      vertex -45.067 -39.4813 -12.1981
      vertex -41.9129 -44.6007 -12.1981
    endloop
  endfacet
  facet normal 0 0 1
    outer loop
      vertex -45.067 -39.4813 -12.1981
      vertex -45.0575 -39.568 -12.1981
      vertex -41.9129 -44.6007 -12.1981
    endloop
  endfacet
  facet normal 0 0 1
    outer loop
      vertex -41.9129 -44.6007 -12.1981
      vertex -45.0575 -39.568 -12.1981
      vertex -45.0518 -39.6551 -12.1981
    endloop
  endfacet
  facet normal 0 0 1
    outer loop
      vertex -128.75 -38.5624 -12.1981
      vertex -128.69 -38.4993 -12.1981
      vertex -128.854 3.58753 -12.1981
    endloop
  endfacet
  facet normal 0 0 1
    outer loop
      vertex -128.69 -38.4993 -12.1981
      vertex -128.627 -38.439 -12.1981
      vertex -128.854 3.58753 -12.1981
    endloop
  endfacet
  facet normal 0 0 1
    outer loop
      vertex -128.854 3.58753 -12.1981
      vertex -128.627 -38.439 -12.1981
      vertex -128.561 -38.3815 -12.1981
    endloop
  endfacet
  facet normal 0 0 1
    outer loop
      vertex -128.561 -38.3815 -12.1981
      vertex -128.493 -38.3268 -12.1981
      vertex -128.854 3.58753 -12.1981
    endloop
  endfacet
  facet normal 0 0 1
    outer loop
      vertex -128.493 -38.3268 -12.1981
      vertex -128.423 -38.2752 -12.1981
      vertex -128.854 3.58753 -12.1981
    endloop
  endfacet
  facet normal 0 0 1
    outer loop
      vertex -128.854 3.58753 -12.1981
      vertex -128.423 -38.2752 -12.1981
      vertex -128.35 -38.2268 -12.1981
    endloop
  endfacet
  facet normal 0 0 1
    outer loop
      vertex -125.463 -39.0683 -12.1981
      vertex -125.428 -39.1482 -12.1981
      vertex -47.0499 -37.7423 -12.1981
    endloop
  endfacet
  facet normal 0 0 1
    outer loop
      vertex -125.428 -39.1482 -12.1981
      vertex -125.396 -39.2295 -12.1981
      vertex -47.0499 -37.7423 -12.1981
    endloop
  endfacet
  facet normal 0 0 1
    outer loop
      vertex -47.0499 -37.7423 -12.1981
      vertex -125.396 -39.2295 -12.1981
      vertex -47.1371 -37.7443 -12.1981
    endloop
  endfacet
  facet normal 0 0 1
    outer loop
      vertex -47.3109 -41.7252 -12.1981
      vertex -47.3972 -41.712 -12.1981
      vertex -125.344 -39.3959 -12.1981
    endloop
  endfacet
  facet normal 0 0 1
    outer loop
      vertex -47.8951 -37.9297 -12.1981
      vertex -47.8153 -37.8946 -12.1981
      vertex -125.396 -39.2295 -12.1981
    endloop
  endfacet
  facet normal 0 0 1
    outer loop
      vertex -47.8153 -37.8946 -12.1981
      vertex -47.7339 -37.863 -12.1981
      vertex -125.396 -39.2295 -12.1981
    endloop
  endfacet
  facet normal 0 0 1
    outer loop
      vertex -125.396 -39.2295 -12.1981
      vertex -47.7339 -37.863 -12.1981
      vertex -47.6513 -37.8349 -12.1981
    endloop
  endfacet
  facet normal 0 0 1
    outer loop
      vertex -47.6513 -37.8349 -12.1981
      vertex -47.5675 -37.8105 -12.1981
      vertex -125.396 -39.2295 -12.1981
    endloop
  endfacet
  facet normal 0 0 1
    outer loop
      vertex -47.5675 -37.8105 -12.1981
      vertex -47.4828 -37.7898 -12.1981
      vertex -125.396 -39.2295 -12.1981
    endloop
  endfacet
  facet normal 0 0 1
    outer loop
      vertex -125.396 -39.2295 -12.1981
      vertex -47.4828 -37.7898 -12.1981
      vertex -47.3972 -37.7727 -12.1981
    endloop
  endfacet
  facet normal 0 0 1
    outer loop
      vertex -125.905 6.28989 -12.1981
      vertex -41.9129 10.3993 -12.1981
      vertex -125.965 6.35292 -12.1981
    endloop
  endfacet
  facet normal 0 0 1
    outer loop
      vertex -41.9129 10.3993 -12.1981
      vertex -126.028 6.41326 -12.1981
      vertex -125.965 6.35292 -12.1981
    endloop
  endfacet
  facet normal 0 0 1
    outer loop
      vertex -125.905 6.28989 -12.1981
      vertex -125.847 6.22429 -12.1981
      vertex -41.9129 10.3993 -12.1981
    endloop
  endfacet
  facet normal 0 0 1
    outer loop
      vertex -125.847 6.22429 -12.1981
      vertex -125.793 6.15623 -12.1981
      vertex -41.9129 10.3993 -12.1981
    endloop
  endfacet
  facet normal 0 0 1
    outer loop
      vertex -41.9129 10.3993 -12.1981
      vertex -125.793 6.15623 -12.1981
      vertex -125.741 6.08586 -12.1981
    endloop
  endfacet
  facet normal 0 0 1
    outer loop
      vertex -125.741 6.08586 -12.1981
      vertex -125.693 6.01331 -12.1981
      vertex -41.9129 10.3993 -12.1981
    endloop
  endfacet
  facet normal 0 0 1
    outer loop
      vertex -125.693 6.01331 -12.1981
      vertex -125.647 5.93871 -12.1981
      vertex -41.9129 10.3993 -12.1981
    endloop
  endfacet
  facet normal 0 0 1
    outer loop
      vertex -41.9129 10.3993 -12.1981
      vertex -125.647 5.93871 -12.1981
      vertex -125.605 5.86221 -12.1981
    endloop
  endfacet
  facet normal 0 0 1
    outer loop
      vertex -45.8324 6.64585 -12.1981
      vertex -45.7643 6.59123 -12.1981
      vertex -41.9129 10.3993 -12.1981
    endloop
  endfacet
  facet normal 0 0 1
    outer loop
      vertex -45.1424 5.66056 -12.1981
      vertex -45.118 5.57678 -12.1981
      vertex -41.9129 10.3993 -12.1981
    endloop
  endfacet
  facet normal 0 0 1
    outer loop
      vertex -45.118 5.57678 -12.1981
      vertex -45.0973 5.49202 -12.1981
      vertex -41.9129 10.3993 -12.1981
    endloop
  endfacet
  facet normal 0 0 1
    outer loop
      vertex -41.9129 10.3993 -12.1981
      vertex -45.0973 5.49202 -12.1981
      vertex -45.0803 5.40644 -12.1981
    endloop
  endfacet
  facet normal 0 0 1
    outer loop
      vertex -45.0803 5.40644 -12.1981
      vertex -45.067 5.3202 -12.1981
      vertex -41.9129 10.3993 -12.1981
    endloop
  endfacet
  facet normal 0 0 1
    outer loop
      vertex -45.067 5.3202 -12.1981
      vertex -45.0575 5.23346 -12.1981
      vertex -41.9129 10.3993 -12.1981
    endloop
  endfacet
  facet normal 0 0 1
    outer loop
      vertex -41.9129 10.3993 -12.1981
      vertex -45.0575 5.23346 -12.1981
      vertex -45.0518 5.14638 -12.1981
    endloop
  endfacet
  facet normal 0 0 1
    outer loop
      vertex -45.0518 -39.6551 -12.1981
      vertex -45.0499 -39.7423 -12.1981
      vertex -41.9129 -44.6007 -12.1981
    endloop
  endfacet
  facet normal 0 0 1
    outer loop
      vertex -45.0499 -39.7423 -12.1981
      vertex -45.0518 -39.8296 -12.1981
      vertex -41.9129 -44.6007 -12.1981
    endloop
  endfacet
  facet normal 0 0 1
    outer loop
      vertex -41.9129 -44.6007 -12.1981
      vertex -45.0518 -39.8296 -12.1981
      vertex -45.0575 -39.9167 -12.1981
    endloop
  endfacet
  facet normal 0 0 1
    outer loop
      vertex -45.2021 -40.5077 -12.1981
      vertex -45.2373 -40.5876 -12.1981
      vertex -41.9129 -44.6007 -12.1981
    endloop
  endfacet
  facet normal 0 0 1
    outer loop
      vertex -45.2373 -40.5876 -12.1981
      vertex -45.2759 -40.6658 -12.1981
      vertex -41.9129 -44.6007 -12.1981
    endloop
  endfacet
  facet normal 0 0 1
    outer loop
      vertex -41.9129 -44.6007 -12.1981
      vertex -45.2759 -40.6658 -12.1981
      vertex -45.3178 -40.7423 -12.1981
    endloop
  endfacet
  facet normal 0 0 1
    outer loop
      vertex -45.6357 -41.1566 -12.1981
      vertex -41.9129 -44.6007 -12.1981
      vertex -45.5753 -41.0935 -12.1981
    endloop
  endfacet
  facet normal 0 0 1
    outer loop
      vertex -41.9129 -44.6007 -12.1981
      vertex -45.5178 -41.0279 -12.1981
      vertex -45.5753 -41.0935 -12.1981
    endloop
  endfacet
  facet normal 0 0 1
    outer loop
      vertex -45.6357 -41.1566 -12.1981
      vertex -45.6987 -41.2169 -12.1981
      vertex -41.9129 -44.6007 -12.1981
    endloop
  endfacet
  facet normal 0 0 1
    outer loop
      vertex -45.6987 -41.2169 -12.1981
      vertex -45.7643 -41.2744 -12.1981
      vertex -41.9129 -44.6007 -12.1981
    endloop
  endfacet
  facet normal 0 0 1
    outer loop
      vertex -41.9129 -44.6007 -12.1981
      vertex -45.7643 -41.2744 -12.1981
      vertex -45.8324 -41.3291 -12.1981
    endloop
  endfacet
  facet normal 0 0 1
    outer loop
      vertex -45.8324 -41.3291 -12.1981
      vertex -45.9027 -41.3807 -12.1981
      vertex -41.9129 -44.6007 -12.1981
    endloop
  endfacet
  facet normal 0 0 1
    outer loop
      vertex -45.9027 -41.3807 -12.1981
      vertex -45.9753 -41.4291 -12.1981
      vertex -41.9129 -44.6007 -12.1981
    endloop
  endfacet
  facet normal 0 0 1
    outer loop
      vertex -41.9129 -44.6007 -12.1981
      vertex -45.9753 -41.4291 -12.1981
      vertex -46.0499 -41.4744 -12.1981
    endloop
  endfacet
  facet normal 0 0 1
    outer loop
      vertex -46.617 -41.6949 -12.1981
      vertex -46.7026 -41.712 -12.1981
      vertex -41.9129 -44.6007 -12.1981
    endloop
  endfacet
  facet normal 0 0 1
    outer loop
      vertex -46.7026 -41.712 -12.1981
      vertex -46.7888 -41.7252 -12.1981
      vertex -41.9129 -44.6007 -12.1981
    endloop
  endfacet
  facet normal 0 0 1
    outer loop
      vertex -41.9129 -44.6007 -12.1981
      vertex -46.7888 -41.7252 -12.1981
      vertex -46.8756 -41.7347 -12.1981
    endloop
  endfacet
  facet normal 0 0 1
    outer loop
      vertex -131.913 -44.6007 -12.1981
      vertex -126.843 -41.8661 -12.1981
      vertex -126.929 -41.8832 -12.1981
    endloop
  endfacet
  facet normal 0 0 1
    outer loop
      vertex -126.929 -41.8832 -12.1981
      vertex -127.015 -41.8964 -12.1981
      vertex -131.913 -44.6007 -12.1981
    endloop
  endfacet
  facet normal 0 0 1
    outer loop
      vertex -127.015 -41.8964 -12.1981
      vertex -127.102 -41.9059 -12.1981
      vertex -131.913 -44.6007 -12.1981
    endloop
  endfacet
  facet normal 0 0 1
    outer loop
      vertex -131.913 -44.6007 -12.1981
      vertex -127.102 -41.9059 -12.1981
      vertex -127.189 -41.9117 -12.1981
    endloop
  endfacet
  facet normal 0 0 1
    outer loop
      vertex -127.709 -41.8661 -12.1981
      vertex -127.794 -41.8454 -12.1981
      vertex -131.913 -44.6007 -12.1981
    endloop
  endfacet
  facet normal 0 0 1
    outer loop
      vertex -127.794 -41.8454 -12.1981
      vertex -127.877 -41.821 -12.1981
      vertex -131.913 -44.6007 -12.1981
    endloop
  endfacet
  facet normal 0 0 1
    outer loop
      vertex -131.913 -44.6007 -12.1981
      vertex -127.877 -41.821 -12.1981
      vertex -127.96 -41.7929 -12.1981
    endloop
  endfacet
  facet normal 0 0 1
    outer loop
      vertex -127.96 -41.7929 -12.1981
      vertex -128.041 -41.7613 -12.1981
      vertex -131.913 -44.6007 -12.1981
    endloop
  endfacet
  facet normal 0 0 1
    outer loop
      vertex -128.041 -41.7613 -12.1981
      vertex -128.121 -41.7262 -12.1981
      vertex -131.913 -44.6007 -12.1981
    endloop
  endfacet
  facet normal 0 0 1
    outer loop
      vertex -131.913 -44.6007 -12.1981
      vertex -128.121 -41.7262 -12.1981
      vertex -128.199 -41.6876 -12.1981
    endloop
  endfacet
  facet normal 0 0 1
    outer loop
      vertex -131.913 -44.6007 -12.1981
      vertex -128.423 -41.5519 -12.1981
      vertex -128.493 -41.5003 -12.1981
    endloop
  endfacet
  facet normal 0 0 1
    outer loop
      vertex -45.9753 3.37236 -12.1981
      vertex -46.0499 3.32709 -12.1981
      vertex -45.9027 -38.104 -12.1981
    endloop
  endfacet
  facet normal 0 0 1
    outer loop
      vertex -45.2021 -38.977 -12.1981
      vertex -45.1705 -39.0583 -12.1981
      vertex -41.9129 10.3993 -12.1981
    endloop
  endfacet
  facet normal 0 0 1
    outer loop
      vertex -128.912 3.65313 -12.1981
      vertex -129.155 -39.2295 -12.1981
      vertex -128.854 3.58753 -12.1981
    endloop
  endfacet
  facet normal 0 0 1
    outer loop
      vertex -129.155 -39.2295 -12.1981
      vertex -129.124 -39.1482 -12.1981
      vertex -128.854 3.58753 -12.1981
    endloop
  endfacet
  facet normal 0 0 1
    outer loop
      vertex -128.854 3.58753 -12.1981
      vertex -129.124 -39.1482 -12.1981
      vertex -129.088 -39.0683 -12.1981
    endloop
  endfacet
  facet normal 0 0 1
    outer loop
      vertex -129.05 -38.9901 -12.1981
      vertex -129.008 -38.9136 -12.1981
      vertex -128.854 3.58753 -12.1981
    endloop
  endfacet
  facet normal 0 0 1
    outer loop
      vertex -129.008 -38.9136 -12.1981
      vertex -128.963 -38.839 -12.1981
      vertex -128.854 3.58753 -12.1981
    endloop
  endfacet
  facet normal 0 0 1
    outer loop
      vertex -128.854 3.58753 -12.1981
      vertex -128.963 -38.839 -12.1981
      vertex -128.914 -38.7664 -12.1981
    endloop
  endfacet
  facet normal 0 0 1
    outer loop
      vertex -128.35 -38.2268 -12.1981
      vertex -128.276 -38.1815 -12.1981
      vertex -128.854 3.58753 -12.1981
    endloop
  endfacet
  facet normal 0 0 1
    outer loop
      vertex -128.276 -38.1815 -12.1981
      vertex -128.199 -38.1395 -12.1981
      vertex -128.854 3.58753 -12.1981
    endloop
  endfacet
  facet normal 0 0 1
    outer loop
      vertex -128.854 3.58753 -12.1981
      vertex -128.199 -38.1395 -12.1981
      vertex -128.121 -38.1009 -12.1981
    endloop
  endfacet
  facet normal 0 0 1
    outer loop
      vertex -48.4641 -41.1566 -12.1981
      vertex -48.5244 -41.0935 -12.1981
      vertex -125.396 -39.2295 -12.1981
    endloop
  endfacet
  facet normal 0 0 1
    outer loop
      vertex -48.8239 -40.6658 -12.1981
      vertex -48.8625 -40.5876 -12.1981
      vertex -125.396 -39.2295 -12.1981
    endloop
  endfacet
  facet normal 0 0 1
    outer loop
      vertex -48.197 -38.104 -12.1981
      vertex -48.1245 -38.0556 -12.1981
      vertex -125.396 -39.2295 -12.1981
    endloop
  endfacet
  facet normal 0 0 1
    outer loop
      vertex -48.1245 -38.0556 -12.1981
      vertex -48.0499 -38.0103 -12.1981
      vertex -125.396 -39.2295 -12.1981
    endloop
  endfacet
  facet normal 0 0 1
    outer loop
      vertex -125.396 -39.2295 -12.1981
      vertex -48.0499 -38.0103 -12.1981
      vertex -47.9734 -37.9683 -12.1981
    endloop
  endfacet
  facet normal 0 0 1
    outer loop
      vertex -47.3972 -37.7727 -12.1981
      vertex -47.3109 -37.7595 -12.1981
      vertex -125.396 -39.2295 -12.1981
    endloop
  endfacet
  facet normal 0 0 1
    outer loop
      vertex -47.3109 -37.7595 -12.1981
      vertex -47.2242 -37.75 -12.1981
      vertex -125.396 -39.2295 -12.1981
    endloop
  endfacet
  facet normal 0 0 1
    outer loop
      vertex -125.396 -39.2295 -12.1981
      vertex -47.2242 -37.75 -12.1981
      vertex -47.1371 -37.7443 -12.1981
    endloop
  endfacet
  facet normal 0 0 1
    outer loop
      vertex -127.379 6.93871 -12.1981
      vertex -127.292 6.93681 -12.1981
      vertex -131.913 10.3993 -12.1981
    endloop
  endfacet
  facet normal 0 0 1
    outer loop
      vertex -48.3355 3.52706 -12.1981
      vertex -48.4011 3.58459 -12.1981
      vertex -125.5 5.62275 -12.1981
    endloop
  endfacet
  facet normal 0 0 1
    outer loop
      vertex -48.4011 3.58459 -12.1981
      vertex -48.4641 3.64493 -12.1981
      vertex -125.5 5.62275 -12.1981
    endloop
  endfacet
  facet normal 0 0 1
    outer loop
      vertex -125.5 5.62275 -12.1981
      vertex -48.4641 3.64493 -12.1981
      vertex -48.5244 3.70796 -12.1981
    endloop
  endfacet
  facet normal 0 0 1
    outer loop
      vertex -45.0575 -39.9167 -12.1981
      vertex -45.067 -40.0034 -12.1981
      vertex -41.9129 -44.6007 -12.1981
    endloop
  endfacet
  facet normal 0 0 1
    outer loop
      vertex -45.067 -40.0034 -12.1981
      vertex -45.0803 -40.0896 -12.1981
      vertex -41.9129 -44.6007 -12.1981
    endloop
  endfacet
  facet normal 0 0 1
    outer loop
      vertex -41.9129 -44.6007 -12.1981
      vertex -45.0803 -40.0896 -12.1981
      vertex -45.0973 -40.1752 -12.1981
    endloop
  endfacet
  facet normal 0 0 1
    outer loop
      vertex -45.3631 -40.8169 -12.1981
      vertex -45.4116 -40.8895 -12.1981
      vertex -41.9129 -44.6007 -12.1981
    endloop
  endfacet
  facet normal 0 0 1
    outer loop
      vertex -45.4116 -40.8895 -12.1981
      vertex -45.4632 -40.9599 -12.1981
      vertex -41.9129 -44.6007 -12.1981
    endloop
  endfacet
  facet normal 0 0 1
    outer loop
      vertex -41.9129 -44.6007 -12.1981
      vertex -45.4632 -40.9599 -12.1981
      vertex -45.5178 -41.0279 -12.1981
    endloop
  endfacet
  facet normal 0 0 1
    outer loop
      vertex -46.8756 -41.7347 -12.1981
      vertex -46.9626 -41.7404 -12.1981
      vertex -41.9129 -44.6007 -12.1981
    endloop
  endfacet
  facet normal 0 0 1
    outer loop
      vertex -46.9626 -41.7404 -12.1981
      vertex -47.0499 -41.7423 -12.1981
      vertex -41.9129 -44.6007 -12.1981
    endloop
  endfacet
  facet normal 0 0 1
    outer loop
      vertex -41.9129 -44.6007 -12.1981
      vertex -47.0499 -41.7423 -12.1981
      vertex -47.1371 -41.7404 -12.1981
    endloop
  endfacet
  facet normal 0 0 1
    outer loop
      vertex -126.592 -41.7929 -12.1981
      vertex -126.674 -41.821 -12.1981
      vertex -131.913 -44.6007 -12.1981
    endloop
  endfacet
  facet normal 0 0 1
    outer loop
      vertex -126.674 -41.821 -12.1981
      vertex -126.758 -41.8454 -12.1981
      vertex -131.913 -44.6007 -12.1981
    endloop
  endfacet
  facet normal 0 0 1
    outer loop
      vertex -131.913 -44.6007 -12.1981
      vertex -126.758 -41.8454 -12.1981
      vertex -126.843 -41.8661 -12.1981
    endloop
  endfacet
  facet normal 0 0 1
    outer loop
      vertex -127.189 -41.9117 -12.1981
      vertex -127.276 -41.9136 -12.1981
      vertex -131.913 -44.6007 -12.1981
    endloop
  endfacet
  facet normal 0 0 1
    outer loop
      vertex -127.276 -41.9136 -12.1981
      vertex -127.363 -41.9117 -12.1981
      vertex -131.913 -44.6007 -12.1981
    endloop
  endfacet
  facet normal 0 0 1
    outer loop
      vertex -131.913 -44.6007 -12.1981
      vertex -127.363 -41.9117 -12.1981
      vertex -127.45 -41.9059 -12.1981
    endloop
  endfacet
  facet normal 0 0 1
    outer loop
      vertex -128.199 -41.6876 -12.1981
      vertex -128.276 -41.6456 -12.1981
      vertex -131.913 -44.6007 -12.1981
    endloop
  endfacet
  facet normal 0 0 1
    outer loop
      vertex -128.276 -41.6456 -12.1981
      vertex -128.35 -41.6003 -12.1981
      vertex -131.913 -44.6007 -12.1981
    endloop
  endfacet
  facet normal 0 0 1
    outer loop
      vertex -131.913 -44.6007 -12.1981
      vertex -128.35 -41.6003 -12.1981
      vertex -128.423 -41.5519 -12.1981
    endloop
  endfacet
  facet normal 0 0 1
    outer loop
      vertex -128.493 -41.5003 -12.1981
      vertex -128.561 -41.4456 -12.1981
      vertex -131.913 -44.6007 -12.1981
    endloop
  endfacet
  facet normal 0 0 1
    outer loop
      vertex -128.561 -41.4456 -12.1981
      vertex -128.627 -41.3881 -12.1981
      vertex -131.913 -44.6007 -12.1981
    endloop
  endfacet
  facet normal 0 0 1
    outer loop
      vertex -131.913 -44.6007 -12.1981
      vertex -128.627 -41.3881 -12.1981
      vertex -128.69 -41.3278 -12.1981
    endloop
  endfacet
  facet normal 0 0 1
    outer loop
      vertex -45.118 4.54151 -12.1981
      vertex -45.1424 4.45773 -12.1981
      vertex -45.9027 -38.104 -12.1981
    endloop
  endfacet
  facet normal 0 0 1
    outer loop
      vertex -45.9027 -38.104 -12.1981
      vertex -45.5178 3.77357 -12.1981
      vertex -45.5753 3.70796 -12.1981
    endloop
  endfacet
  facet normal 0 0 1
    outer loop
      vertex -46.1264 -37.9683 -12.1981
      vertex -46.0499 -38.0103 -12.1981
      vertex -46.9626 3.06105 -12.1981
    endloop
  endfacet
  facet normal 0 0 1
    outer loop
      vertex -46.0499 -38.0103 -12.1981
      vertex -45.9753 -38.0556 -12.1981
      vertex -46.9626 3.06105 -12.1981
    endloop
  endfacet
  facet normal 0 0 1
    outer loop
      vertex -45.9753 -38.0556 -12.1981
      vertex -45.9027 -38.104 -12.1981
      vertex -46.9626 3.06105 -12.1981
    endloop
  endfacet
  facet normal 0 0 1
    outer loop
      vertex -46.9626 3.06105 -12.1981
      vertex -45.9027 -38.104 -12.1981
      vertex -46.8756 3.06676 -12.1981
    endloop
  endfacet
  facet normal 0 0 1
    outer loop
      vertex -45.8324 -38.1556 -12.1981
      vertex -45.7643 -38.2103 -12.1981
      vertex -41.9129 10.3993 -12.1981
    endloop
  endfacet
  facet normal 0 0 1
    outer loop
      vertex -45.7643 -38.2103 -12.1981
      vertex -45.6987 -38.2678 -12.1981
      vertex -41.9129 10.3993 -12.1981
    endloop
  endfacet
  facet normal 0 0 1
    outer loop
      vertex -41.9129 10.3993 -12.1981
      vertex -45.6987 -38.2678 -12.1981
      vertex -45.6357 -38.3281 -12.1981
    endloop
  endfacet
  facet normal 0 0 1
    outer loop
      vertex -45.1705 -39.0583 -12.1981
      vertex -45.1424 -39.1409 -12.1981
      vertex -41.9129 10.3993 -12.1981
    endloop
  endfacet
  facet normal 0 0 1
    outer loop
      vertex -45.1424 -39.1409 -12.1981
      vertex -45.118 -39.2247 -12.1981
      vertex -41.9129 10.3993 -12.1981
    endloop
  endfacet
  facet normal 0 0 1
    outer loop
      vertex -41.9129 10.3993 -12.1981
      vertex -45.118 -39.2247 -12.1981
      vertex -41.9129 -44.6007 -12.1981
    endloop
  endfacet
  facet normal 0 0 1
    outer loop
      vertex -45.118 -39.2247 -12.1981
      vertex -45.0973 -39.3095 -12.1981
      vertex -41.9129 -44.6007 -12.1981
    endloop
  endfacet
  facet normal 0 0 1
    outer loop
      vertex -41.9129 -44.6007 -12.1981
      vertex -45.0973 -39.3095 -12.1981
      vertex -45.0803 -39.395 -12.1981
    endloop
  endfacet
  facet normal 0 0 1
    outer loop
      vertex -128.914 -38.7664 -12.1981
      vertex -128.863 -38.696 -12.1981
      vertex -128.854 3.58753 -12.1981
    endloop
  endfacet
  facet normal 0 0 1
    outer loop
      vertex -128.863 -38.696 -12.1981
      vertex -128.808 -38.628 -12.1981
      vertex -128.854 3.58753 -12.1981
    endloop
  endfacet
  facet normal 0 0 1
    outer loop
      vertex -128.854 3.58753 -12.1981
      vertex -128.808 -38.628 -12.1981
      vertex -128.75 -38.5624 -12.1981
    endloop
  endfacet
  facet normal 0 0 1
    outer loop
      vertex -126.511 -38.0658 -12.1981
      vertex -126.431 -38.1009 -12.1981
      vertex -125.5 4.25467 -12.1981
    endloop
  endfacet
  facet normal 0 0 1
    outer loop
      vertex -125.744 -38.628 -12.1981
      vertex -125.689 -38.696 -12.1981
      vertex -47.0499 -37.7423 -12.1981
    endloop
  endfacet
  facet normal 0 0 1
    outer loop
      vertex -125.689 -38.696 -12.1981
      vertex -125.638 -38.7664 -12.1981
      vertex -47.0499 -37.7423 -12.1981
    endloop
  endfacet
  facet normal 0 0 1
    outer loop
      vertex -47.0499 -37.7423 -12.1981
      vertex -125.638 -38.7664 -12.1981
      vertex -125.589 -38.839 -12.1981
    endloop
  endfacet
  facet normal 0 0 1
    outer loop
      vertex -125.323 -39.4807 -12.1981
      vertex -47.1371 -41.7404 -12.1981
      vertex -125.344 -39.3959 -12.1981
    endloop
  endfacet
  facet normal 0 0 1
    outer loop
      vertex -47.1371 -41.7404 -12.1981
      vertex -47.2242 -41.7347 -12.1981
      vertex -125.344 -39.3959 -12.1981
    endloop
  endfacet
  facet normal 0 0 1
    outer loop
      vertex -125.344 -39.3959 -12.1981
      vertex -47.2242 -41.7347 -12.1981
      vertex -47.3109 -41.7252 -12.1981
    endloop
  endfacet
  facet normal 0 0 1
    outer loop
      vertex -47.3972 -41.712 -12.1981
      vertex -47.4828 -41.6949 -12.1981
      vertex -125.344 -39.3959 -12.1981
    endloop
  endfacet
  facet normal 0 0 1
    outer loop
      vertex -47.4828 -41.6949 -12.1981
      vertex -47.5675 -41.6742 -12.1981
      vertex -125.344 -39.3959 -12.1981
    endloop
  endfacet
  facet normal 0 0 1
    outer loop
      vertex -125.344 -39.3959 -12.1981
      vertex -47.5675 -41.6742 -12.1981
      vertex -47.6513 -41.6498 -12.1981
    endloop
  endfacet
  facet normal 0 0 1
    outer loop
      vertex -48.3355 -41.2744 -12.1981
      vertex -48.4011 -41.2169 -12.1981
      vertex -125.344 -39.3959 -12.1981
    endloop
  endfacet
  facet normal 0 0 1
    outer loop
      vertex -48.4011 -41.2169 -12.1981
      vertex -48.4641 -41.1566 -12.1981
      vertex -125.344 -39.3959 -12.1981
    endloop
  endfacet
  facet normal 0 0 1
    outer loop
      vertex -125.344 -39.3959 -12.1981
      vertex -48.4641 -41.1566 -12.1981
      vertex -125.368 -39.3121 -12.1981
    endloop
  endfacet
  facet normal 0 0 1
    outer loop
      vertex -48.4641 -41.1566 -12.1981
      vertex -125.396 -39.2295 -12.1981
      vertex -125.368 -39.3121 -12.1981
    endloop
  endfacet
  facet normal 0 0 1
    outer loop
      vertex -125.396 -39.2295 -12.1981
      vertex -48.6366 -38.5248 -12.1981
      vertex -48.582 -38.4568 -12.1981
    endloop
  endfacet
  facet normal 0 0 1
    outer loop
      vertex -128.063 6.8181 -12.1981
      vertex -127.981 6.84614 -12.1981
      vertex -131.913 10.3993 -12.1981
    endloop
  endfacet
  facet normal 0 0 1
    outer loop
      vertex -127.981 6.84614 -12.1981
      vertex -127.897 6.87056 -12.1981
      vertex -131.913 10.3993 -12.1981
    endloop
  endfacet
  facet normal 0 0 1
    outer loop
      vertex -47.3972 3.08953 -12.1981
      vertex -47.4828 3.10655 -12.1981
      vertex -125.5 5.62275 -12.1981
    endloop
  endfacet
  facet normal 0 0 1
    outer loop
      vertex -47.4828 3.10655 -12.1981
      vertex -47.5675 3.12729 -12.1981
      vertex -125.5 5.62275 -12.1981
    endloop
  endfacet
  facet normal 0 0 1
    outer loop
      vertex -125.5 5.62275 -12.1981
      vertex -47.5675 3.12729 -12.1981
      vertex -47.6513 3.15171 -12.1981
    endloop
  endfacet
  facet normal 0 0 1
    outer loop
      vertex -48.8239 4.13565 -12.1981
      vertex -48.8625 4.21391 -12.1981
      vertex -125.5 5.62275 -12.1981
    endloop
  endfacet
  facet normal 0 0 1
    outer loop
      vertex -45.7643 6.59123 -12.1981
      vertex -45.6987 6.5337 -12.1981
      vertex -41.9129 10.3993 -12.1981
    endloop
  endfacet
  facet normal 0 0 1
    outer loop
      vertex -45.6987 6.5337 -12.1981
      vertex -45.6357 6.47336 -12.1981
      vertex -41.9129 10.3993 -12.1981
    endloop
  endfacet
  facet normal 0 0 1
    outer loop
      vertex -41.9129 10.3993 -12.1981
      vertex -45.6357 6.47336 -12.1981
      vertex -45.5753 6.41033 -12.1981
    endloop
  endfacet
  facet normal 0 0 1
    outer loop
      vertex -45.5753 6.41033 -12.1981
      vertex -45.5178 6.34472 -12.1981
      vertex -41.9129 10.3993 -12.1981
    endloop
  endfacet
  facet normal 0 0 1
    outer loop
      vertex -45.5178 6.34472 -12.1981
      vertex -45.4632 6.27667 -12.1981
      vertex -41.9129 10.3993 -12.1981
    endloop
  endfacet
  facet normal 0 0 1
    outer loop
      vertex -41.9129 10.3993 -12.1981
      vertex -45.4632 6.27667 -12.1981
      vertex -45.4116 6.2063 -12.1981
    endloop
  endfacet
  facet normal 0 0 1
    outer loop
      vertex -45.4116 6.2063 -12.1981
      vertex -45.3631 6.13374 -12.1981
      vertex -41.9129 10.3993 -12.1981
    endloop
  endfacet
  facet normal 0 0 1
    outer loop
      vertex -45.3631 6.13374 -12.1981
      vertex -45.3178 6.05915 -12.1981
      vertex -41.9129 10.3993 -12.1981
    endloop
  endfacet
  facet normal 0 0 1
    outer loop
      vertex -41.9129 10.3993 -12.1981
      vertex -45.3178 6.05915 -12.1981
      vertex -45.2759 5.98264 -12.1981
    endloop
  endfacet
  facet normal 0 0 1
    outer loop
      vertex -125.278 -39.8263 -12.1981
      vertex -125.276 -39.9136 -12.1981
      vertex -47.1371 -41.7404 -12.1981
    endloop
  endfacet
  facet normal 0 0 1
    outer loop
      vertex -125.276 -39.9136 -12.1981
      vertex -125.278 -40.0008 -12.1981
      vertex -47.1371 -41.7404 -12.1981
    endloop
  endfacet
  facet normal 0 0 1
    outer loop
      vertex -47.1371 -41.7404 -12.1981
      vertex -125.278 -40.0008 -12.1981
      vertex -41.9129 -44.6007 -12.1981
    endloop
  endfacet
  facet normal 0 0 1
    outer loop
      vertex -125.278 -40.0008 -12.1981
      vertex -125.283 -40.0879 -12.1981
      vertex -41.9129 -44.6007 -12.1981
    endloop
  endfacet
  facet normal 0 0 1
    outer loop
      vertex -41.9129 -44.6007 -12.1981
      vertex -125.283 -40.0879 -12.1981
      vertex -125.293 -40.1746 -12.1981
    endloop
  endfacet
  facet normal 0 0 1
    outer loop
      vertex -126.276 -41.6456 -12.1981
      vertex -126.352 -41.6876 -12.1981
      vertex -41.9129 -44.6007 -12.1981
    endloop
  endfacet
  facet normal 0 0 1
    outer loop
      vertex -126.352 -41.6876 -12.1981
      vertex -126.431 -41.7262 -12.1981
      vertex -41.9129 -44.6007 -12.1981
    endloop
  endfacet
  facet normal 0 0 1
    outer loop
      vertex -41.9129 -44.6007 -12.1981
      vertex -126.431 -41.7262 -12.1981
      vertex -131.913 -44.6007 -12.1981
    endloop
  endfacet
  facet normal 0 0 1
    outer loop
      vertex -126.431 -41.7262 -12.1981
      vertex -126.511 -41.7613 -12.1981
      vertex -131.913 -44.6007 -12.1981
    endloop
  endfacet
  facet normal 0 0 1
    outer loop
      vertex -131.913 -44.6007 -12.1981
      vertex -126.511 -41.7613 -12.1981
      vertex -126.592 -41.7929 -12.1981
    endloop
  endfacet
  facet normal 0 0 1
    outer loop
      vertex -127.45 -41.9059 -12.1981
      vertex -127.537 -41.8964 -12.1981
      vertex -131.913 -44.6007 -12.1981
    endloop
  endfacet
  facet normal 0 0 1
    outer loop
      vertex -127.537 -41.8964 -12.1981
      vertex -127.623 -41.8832 -12.1981
      vertex -131.913 -44.6007 -12.1981
    endloop
  endfacet
  facet normal 0 0 1
    outer loop
      vertex -131.913 -44.6007 -12.1981
      vertex -127.623 -41.8832 -12.1981
      vertex -127.709 -41.8661 -12.1981
    endloop
  endfacet
  facet normal 0 0 1
    outer loop
      vertex -45.6357 -38.3281 -12.1981
      vertex -45.5753 -38.3912 -12.1981
      vertex -41.9129 10.3993 -12.1981
    endloop
  endfacet
  facet normal 0 0 1
    outer loop
      vertex -45.5753 -38.3912 -12.1981
      vertex -45.5178 -38.4568 -12.1981
      vertex -41.9129 10.3993 -12.1981
    endloop
  endfacet
  facet normal 0 0 1
    outer loop
      vertex -41.9129 10.3993 -12.1981
      vertex -45.5178 -38.4568 -12.1981
      vertex -45.4632 -38.5248 -12.1981
    endloop
  endfacet
  facet normal 0 0 1
    outer loop
      vertex -127.709 -37.961 -12.1981
      vertex -127.623 -37.9439 -12.1981
      vertex -125.5 4.25467 -12.1981
    endloop
  endfacet
  facet normal 0 0 1
    outer loop
      vertex -126.511 -38.0658 -12.1981
      vertex -125.5 4.25467 -12.1981
      vertex -126.592 -38.0342 -12.1981
    endloop
  endfacet
  facet normal 0 0 1
    outer loop
      vertex -47.0499 -37.7423 -12.1981
      vertex -46.9626 -37.7443 -12.1981
      vertex -125.5 4.25467 -12.1981
    endloop
  endfacet
  facet normal 0 0 1
    outer loop
      vertex -46.9626 -37.7443 -12.1981
      vertex -46.8756 -37.75 -12.1981
      vertex -125.5 4.25467 -12.1981
    endloop
  endfacet
  facet normal 0 0 1
    outer loop
      vertex -46.4485 -37.8349 -12.1981
      vertex -125.5 4.25467 -12.1981
      vertex -46.5322 -37.8105 -12.1981
    endloop
  endfacet
  facet normal 0 0 1
    outer loop
      vertex -125.5 4.25467 -12.1981
      vertex -46.617 -37.7898 -12.1981
      vertex -46.5322 -37.8105 -12.1981
    endloop
  endfacet
  facet normal 0 0 1
    outer loop
      vertex -46.4485 -37.8349 -12.1981
      vertex -46.3658 -37.863 -12.1981
      vertex -125.5 4.25467 -12.1981
    endloop
  endfacet
  facet normal 0 0 1
    outer loop
      vertex -46.3658 -37.863 -12.1981
      vertex -46.2845 -37.8946 -12.1981
      vertex -125.5 4.25467 -12.1981
    endloop
  endfacet
  facet normal 0 0 1
    outer loop
      vertex -125.5 4.25467 -12.1981
      vertex -46.2845 -37.8946 -12.1981
      vertex -46.2046 -37.9297 -12.1981
    endloop
  endfacet
  facet normal 0 0 1
    outer loop
      vertex -47.6513 -41.6498 -12.1981
      vertex -47.7339 -41.6217 -12.1981
      vertex -125.344 -39.3959 -12.1981
    endloop
  endfacet
  facet normal 0 0 1
    outer loop
      vertex -47.7339 -41.6217 -12.1981
      vertex -47.8153 -41.5901 -12.1981
      vertex -125.344 -39.3959 -12.1981
    endloop
  endfacet
  facet normal 0 0 1
    outer loop
      vertex -125.344 -39.3959 -12.1981
      vertex -47.8153 -41.5901 -12.1981
      vertex -47.8951 -41.555 -12.1981
    endloop
  endfacet
  facet normal 0 0 1
    outer loop
      vertex -47.8951 -41.555 -12.1981
      vertex -47.9734 -41.5164 -12.1981
      vertex -125.344 -39.3959 -12.1981
    endloop
  endfacet
  facet normal 0 0 1
    outer loop
      vertex -47.9734 -41.5164 -12.1981
      vertex -48.0499 -41.4744 -12.1981
      vertex -125.344 -39.3959 -12.1981
    endloop
  endfacet
  facet normal 0 0 1
    outer loop
      vertex -125.344 -39.3959 -12.1981
      vertex -48.0499 -41.4744 -12.1981
      vertex -48.1245 -41.4291 -12.1981
    endloop
  endfacet
  facet normal 0 0 1
    outer loop
      vertex -48.1245 -41.4291 -12.1981
      vertex -48.197 -41.3807 -12.1981
      vertex -125.344 -39.3959 -12.1981
    endloop
  endfacet
  facet normal 0 0 1
    outer loop
      vertex -48.197 -41.3807 -12.1981
      vertex -48.2674 -41.3291 -12.1981
      vertex -125.344 -39.3959 -12.1981
    endloop
  endfacet
  facet normal 0 0 1
    outer loop
      vertex -125.344 -39.3959 -12.1981
      vertex -48.2674 -41.3291 -12.1981
      vertex -48.3355 -41.2744 -12.1981
    endloop
  endfacet
  facet normal 0 0 1
    outer loop
      vertex -48.582 -38.4568 -12.1981
      vertex -48.5244 -38.3912 -12.1981
      vertex -125.396 -39.2295 -12.1981
    endloop
  endfacet
  facet normal 0 0 1
    outer loop
      vertex -48.5244 -38.3912 -12.1981
      vertex -48.4641 -38.3281 -12.1981
      vertex -125.396 -39.2295 -12.1981
    endloop
  endfacet
  facet normal 0 0 1
    outer loop
      vertex -125.396 -39.2295 -12.1981
      vertex -48.4641 -38.3281 -12.1981
      vertex -48.4011 -38.2678 -12.1981
    endloop
  endfacet
  facet normal 0 0 1
    outer loop
      vertex -48.4011 -38.2678 -12.1981
      vertex -48.3355 -38.2103 -12.1981
      vertex -125.396 -39.2295 -12.1981
    endloop
  endfacet
  facet normal 0 0 1
    outer loop
      vertex -48.3355 -38.2103 -12.1981
      vertex -48.2674 -38.1556 -12.1981
      vertex -125.396 -39.2295 -12.1981
    endloop
  endfacet
  facet normal 0 0 1
    outer loop
      vertex -125.396 -39.2295 -12.1981
      vertex -48.2674 -38.1556 -12.1981
      vertex -48.197 -38.104 -12.1981
    endloop
  endfacet
  facet normal 0 0 1
    outer loop
      vertex -128.854 6.28989 -12.1981
      vertex -128.794 6.35292 -12.1981
      vertex -131.913 10.3993 -12.1981
    endloop
  endfacet
  facet normal 0 0 1
    outer loop
      vertex -128.794 6.35292 -12.1981
      vertex -128.731 6.41326 -12.1981
      vertex -131.913 10.3993 -12.1981
    endloop
  endfacet
  facet normal 0 0 1
    outer loop
      vertex -131.913 10.3993 -12.1981
      vertex -128.731 6.41326 -12.1981
      vertex -128.665 6.4708 -12.1981
    endloop
  endfacet
  facet normal 0 0 1
    outer loop
      vertex -128.303 6.71273 -12.1981
      vertex -131.913 10.3993 -12.1981
      vertex -128.379 6.67076 -12.1981
    endloop
  endfacet
  facet normal 0 0 1
    outer loop
      vertex -131.913 10.3993 -12.1981
      vertex -128.454 6.62549 -12.1981
      vertex -128.379 6.67076 -12.1981
    endloop
  endfacet
  facet normal 0 0 1
    outer loop
      vertex -128.303 6.71273 -12.1981
      vertex -128.225 6.75133 -12.1981
      vertex -131.913 10.3993 -12.1981
    endloop
  endfacet
  facet normal 0 0 1
    outer loop
      vertex -128.225 6.75133 -12.1981
      vertex -128.145 6.78647 -12.1981
      vertex -131.913 10.3993 -12.1981
    endloop
  endfacet
  facet normal 0 0 1
    outer loop
      vertex -131.913 10.3993 -12.1981
      vertex -128.145 6.78647 -12.1981
      vertex -128.063 6.8181 -12.1981
    endloop
  endfacet
  facet normal 0 0 1
    outer loop
      vertex -127.897 6.87056 -12.1981
      vertex -127.812 6.8913 -12.1981
      vertex -131.913 10.3993 -12.1981
    endloop
  endfacet
  facet normal 0 0 1
    outer loop
      vertex -127.812 6.8913 -12.1981
      vertex -127.727 6.90833 -12.1981
      vertex -131.913 10.3993 -12.1981
    endloop
  endfacet
  facet normal 0 0 1
    outer loop
      vertex -131.913 10.3993 -12.1981
      vertex -127.727 6.90833 -12.1981
      vertex -127.64 6.9216 -12.1981
    endloop
  endfacet
  facet normal 0 0 1
    outer loop
      vertex -127.64 6.9216 -12.1981
      vertex -127.554 6.9311 -12.1981
      vertex -131.913 10.3993 -12.1981
    endloop
  endfacet
  facet normal 0 0 1
    outer loop
      vertex -127.554 6.9311 -12.1981
      vertex -127.467 6.93681 -12.1981
      vertex -131.913 10.3993 -12.1981
    endloop
  endfacet
  facet normal 0 0 1
    outer loop
      vertex -131.913 10.3993 -12.1981
      vertex -127.467 6.93681 -12.1981
      vertex -127.379 6.93871 -12.1981
    endloop
  endfacet
  facet normal 0 0 1
    outer loop
      vertex -125.448 5.45635 -12.1981
      vertex -47.1371 3.06105 -12.1981
      vertex -125.472 5.54012 -12.1981
    endloop
  endfacet
  facet normal 0 0 1
    outer loop
      vertex -47.1371 3.06105 -12.1981
      vertex -47.2242 3.06676 -12.1981
      vertex -125.472 5.54012 -12.1981
    endloop
  endfacet
  facet normal 0 0 1
    outer loop
      vertex -125.472 5.54012 -12.1981
      vertex -47.2242 3.06676 -12.1981
      vertex -125.5 5.62275 -12.1981
    endloop
  endfacet
  facet normal 0 0 1
    outer loop
      vertex -47.2242 3.06676 -12.1981
      vertex -47.3109 3.07626 -12.1981
      vertex -125.5 5.62275 -12.1981
    endloop
  endfacet
  facet normal 0 0 1
    outer loop
      vertex -125.5 5.62275 -12.1981
      vertex -47.3109 3.07626 -12.1981
      vertex -47.3972 3.08953 -12.1981
    endloop
  endfacet
  facet normal 0 0 1
    outer loop
      vertex -45.2759 5.98264 -12.1981
      vertex -45.2373 5.90438 -12.1981
      vertex -41.9129 10.3993 -12.1981
    endloop
  endfacet
  facet normal 0 0 1
    outer loop
      vertex -45.2373 5.90438 -12.1981
      vertex -45.2021 5.82451 -12.1981
      vertex -41.9129 10.3993 -12.1981
    endloop
  endfacet
  facet normal 0 0 1
    outer loop
      vertex -41.9129 10.3993 -12.1981
      vertex -45.2021 5.82451 -12.1981
      vertex -45.1705 5.74319 -12.1981
    endloop
  endfacet
  facet normal 0 0 1
    outer loop
      vertex -45.0518 5.14638 -12.1981
      vertex -45.0499 5.05915 -12.1981
      vertex -41.9129 10.3993 -12.1981
    endloop
  endfacet
  facet normal 0 0 1
    outer loop
      vertex -45.0499 5.05915 -12.1981
      vertex -45.0518 4.97191 -12.1981
      vertex -41.9129 10.3993 -12.1981
    endloop
  endfacet
  facet normal 0 0 1
    outer loop
      vertex -41.9129 10.3993 -12.1981
      vertex -45.0518 4.97191 -12.1981
      vertex -45.0575 4.88483 -12.1981
    endloop
  endfacet
  facet normal 0 0 1
    outer loop
      vertex -45.0973 4.62627 -12.1981
      vertex -45.118 4.54151 -12.1981
      vertex -41.9129 10.3993 -12.1981
    endloop
  endfacet
  facet normal 0 0 1
    outer loop
      vertex -45.118 4.54151 -12.1981
      vertex -45.9027 -38.104 -12.1981
      vertex -41.9129 10.3993 -12.1981
    endloop
  endfacet
  facet normal 0 0 1
    outer loop
      vertex -41.9129 10.3993 -12.1981
      vertex -45.9027 -38.104 -12.1981
      vertex -45.8324 -38.1556 -12.1981
    endloop
  endfacet
  facet normal 0 0 1
    outer loop
      vertex -45.1424 4.45773 -12.1981
      vertex -45.1705 4.37511 -12.1981
      vertex -45.9027 -38.104 -12.1981
    endloop
  endfacet
  facet normal 0 0 1
    outer loop
      vertex -45.1705 4.37511 -12.1981
      vertex -45.2021 4.29378 -12.1981
      vertex -45.9027 -38.104 -12.1981
    endloop
  endfacet
  facet normal 0 0 1
    outer loop
      vertex -45.9027 -38.104 -12.1981
      vertex -45.2021 4.29378 -12.1981
      vertex -45.2373 4.21391 -12.1981
    endloop
  endfacet
  facet normal 0 0 1
    outer loop
      vertex -45.5753 3.70796 -12.1981
      vertex -45.6357 3.64493 -12.1981
      vertex -45.9027 -38.104 -12.1981
    endloop
  endfacet
  facet normal 0 0 1
    outer loop
      vertex -45.6357 3.64493 -12.1981
      vertex -45.6987 3.58459 -12.1981
      vertex -45.9027 -38.104 -12.1981
    endloop
  endfacet
  facet normal 0 0 1
    outer loop
      vertex -45.9027 -38.104 -12.1981
      vertex -45.6987 3.58459 -12.1981
      vertex -45.7643 3.52706 -12.1981
    endloop
  endfacet
  facet normal 0 0 1
    outer loop
      vertex -45.7643 3.52706 -12.1981
      vertex -45.8324 3.47244 -12.1981
      vertex -45.9027 -38.104 -12.1981
    endloop
  endfacet
  facet normal 0 0 1
    outer loop
      vertex -45.8324 3.47244 -12.1981
      vertex -45.9027 3.42084 -12.1981
      vertex -45.9027 -38.104 -12.1981
    endloop
  endfacet
  facet normal 0 0 1
    outer loop
      vertex -45.9027 -38.104 -12.1981
      vertex -45.9027 3.42084 -12.1981
      vertex -45.9753 3.37236 -12.1981
    endloop
  endfacet
  facet normal 0 0 1
    outer loop
      vertex -46.0499 3.32709 -12.1981
      vertex -46.1264 3.28512 -12.1981
      vertex -45.9027 -38.104 -12.1981
    endloop
  endfacet
  facet normal 0 0 1
    outer loop
      vertex -46.1264 3.28512 -12.1981
      vertex -46.2046 3.24653 -12.1981
      vertex -45.9027 -38.104 -12.1981
    endloop
  endfacet
  facet normal 0 0 1
    outer loop
      vertex -45.9027 -38.104 -12.1981
      vertex -46.2046 3.24653 -12.1981
      vertex -46.2845 3.21139 -12.1981
    endloop
  endfacet
  facet normal 0 0 1
    outer loop
      vertex -125.379 4.93871 -12.1981
      vertex -125.381 4.85147 -12.1981
      vertex -46.1264 -37.9683 -12.1981
    endloop
  endfacet
  facet normal 0 0 1
    outer loop
      vertex -125.381 4.85147 -12.1981
      vertex -125.387 4.7644 -12.1981
      vertex -46.1264 -37.9683 -12.1981
    endloop
  endfacet
  facet normal 0 0 1
    outer loop
      vertex -46.1264 -37.9683 -12.1981
      vertex -125.387 4.7644 -12.1981
      vertex -125.397 4.67766 -12.1981
    endloop
  endfacet
  facet normal 0 0 1
    outer loop
      vertex -45.4632 -38.5248 -12.1981
      vertex -45.4116 -38.5952 -12.1981
      vertex -41.9129 10.3993 -12.1981
    endloop
  endfacet
  facet normal 0 0 1
    outer loop
      vertex -45.4116 -38.5952 -12.1981
      vertex -45.3631 -38.6677 -12.1981
      vertex -41.9129 10.3993 -12.1981
    endloop
  endfacet
  facet normal 0 0 1
    outer loop
      vertex -41.9129 10.3993 -12.1981
      vertex -45.3631 -38.6677 -12.1981
      vertex -45.3178 -38.7423 -12.1981
    endloop
  endfacet
  facet normal 0 0 1
    outer loop
      vertex -125.532 4.17334 -12.1981
      vertex -128.041 -38.0658 -12.1981
      vertex -127.96 -38.0342 -12.1981
    endloop
  endfacet
  facet normal 0 0 1
    outer loop
      vertex -127.709 -37.961 -12.1981
      vertex -125.5 4.25467 -12.1981
      vertex -127.794 -37.9817 -12.1981
    endloop
  endfacet
  facet normal 0 0 1
    outer loop
      vertex -125.99 -38.3815 -12.1981
      vertex -125.925 -38.439 -12.1981
      vertex -125.5 4.25467 -12.1981
    endloop
  endfacet
  facet normal 0 0 1
    outer loop
      vertex -125.925 -38.439 -12.1981
      vertex -125.862 -38.4993 -12.1981
      vertex -125.5 4.25467 -12.1981
    endloop
  endfacet
  facet normal 0 0 1
    outer loop
      vertex -125.5 4.25467 -12.1981
      vertex -125.862 -38.4993 -12.1981
      vertex -47.0499 -37.7423 -12.1981
    endloop
  endfacet
  facet normal 0 0 1
    outer loop
      vertex -125.862 -38.4993 -12.1981
      vertex -125.801 -38.5624 -12.1981
      vertex -47.0499 -37.7423 -12.1981
    endloop
  endfacet
  facet normal 0 0 1
    outer loop
      vertex -47.0499 -37.7423 -12.1981
      vertex -125.801 -38.5624 -12.1981
      vertex -125.744 -38.628 -12.1981
    endloop
  endfacet
  facet normal 0 0 1
    outer loop
      vertex -46.8756 -37.75 -12.1981
      vertex -46.7888 -37.7595 -12.1981
      vertex -125.5 4.25467 -12.1981
    endloop
  endfacet
  facet normal 0 0 1
    outer loop
      vertex -46.7888 -37.7595 -12.1981
      vertex -46.7026 -37.7727 -12.1981
      vertex -125.5 4.25467 -12.1981
    endloop
  endfacet
  facet normal 0 0 1
    outer loop
      vertex -125.5 4.25467 -12.1981
      vertex -46.7026 -37.7727 -12.1981
      vertex -46.617 -37.7898 -12.1981
    endloop
  endfacet
  facet normal 0 0 1
    outer loop
      vertex -48.5244 -41.0935 -12.1981
      vertex -48.582 -41.0279 -12.1981
      vertex -125.396 -39.2295 -12.1981
    endloop
  endfacet
  facet normal 0 0 1
    outer loop
      vertex -48.582 -41.0279 -12.1981
      vertex -48.6366 -40.9599 -12.1981
      vertex -125.396 -39.2295 -12.1981
    endloop
  endfacet
  facet normal 0 0 1
    outer loop
      vertex -125.396 -39.2295 -12.1981
      vertex -48.6366 -40.9599 -12.1981
      vertex -48.6882 -40.8895 -12.1981
    endloop
  endfacet
  facet normal 0 0 1
    outer loop
      vertex -48.6882 -40.8895 -12.1981
      vertex -48.7367 -40.8169 -12.1981
      vertex -125.396 -39.2295 -12.1981
    endloop
  endfacet
  facet normal 0 0 1
    outer loop
      vertex -48.7367 -40.8169 -12.1981
      vertex -48.7819 -40.7423 -12.1981
      vertex -125.396 -39.2295 -12.1981
    endloop
  endfacet
  facet normal 0 0 1
    outer loop
      vertex -125.396 -39.2295 -12.1981
      vertex -48.7819 -40.7423 -12.1981
      vertex -48.8239 -40.6658 -12.1981
    endloop
  endfacet
  facet normal 0 0 1
    outer loop
      vertex -48.8625 -40.5876 -12.1981
      vertex -48.8976 -40.5077 -12.1981
      vertex -125.396 -39.2295 -12.1981
    endloop
  endfacet
  facet normal 0 0 1
    outer loop
      vertex -48.8976 -40.5077 -12.1981
      vertex -48.9293 -40.4264 -12.1981
      vertex -125.396 -39.2295 -12.1981
    endloop
  endfacet
  facet normal 0 0 1
    outer loop
      vertex -125.396 -39.2295 -12.1981
      vertex -48.9293 -40.4264 -12.1981
      vertex -48.9573 -40.3438 -12.1981
    endloop
  endfacet
  facet normal 0 0 1
    outer loop
      vertex -48.9573 -40.3438 -12.1981
      vertex -48.9817 -40.26 -12.1981
      vertex -125.396 -39.2295 -12.1981
    endloop
  endfacet
  facet normal 0 0 1
    outer loop
      vertex -48.9817 -40.26 -12.1981
      vertex -49.0025 -40.1752 -12.1981
      vertex -125.396 -39.2295 -12.1981
    endloop
  endfacet
  facet normal 0 0 1
    outer loop
      vertex -125.396 -39.2295 -12.1981
      vertex -49.0025 -40.1752 -12.1981
      vertex -49.0195 -40.0896 -12.1981
    endloop
  endfacet
  facet normal 0 0 1
    outer loop
      vertex -126.695 6.8181 -12.1981
      vertex -126.614 6.78647 -12.1981
      vertex -41.9129 10.3993 -12.1981
    endloop
  endfacet
  facet normal 0 0 1
    outer loop
      vertex -126.614 6.78647 -12.1981
      vertex -126.534 6.75133 -12.1981
      vertex -41.9129 10.3993 -12.1981
    endloop
  endfacet
  facet normal 0 0 1
    outer loop
      vertex -41.9129 10.3993 -12.1981
      vertex -126.534 6.75133 -12.1981
      vertex -126.456 6.71273 -12.1981
    endloop
  endfacet
  facet normal 0 0 1
    outer loop
      vertex -47.6513 3.15171 -12.1981
      vertex -47.7339 3.17976 -12.1981
      vertex -125.5 5.62275 -12.1981
    endloop
  endfacet
  facet normal 0 0 1
    outer loop
      vertex -47.7339 3.17976 -12.1981
      vertex -47.8153 3.21139 -12.1981
      vertex -125.5 5.62275 -12.1981
    endloop
  endfacet
  facet normal 0 0 1
    outer loop
      vertex -125.5 5.62275 -12.1981
      vertex -47.8153 3.21139 -12.1981
      vertex -47.8951 3.24653 -12.1981
    endloop
  endfacet
  facet normal 0 0 1
    outer loop
      vertex -48.8625 5.90438 -12.1981
      vertex -48.8239 5.98264 -12.1981
      vertex -125.5 5.62275 -12.1981
    endloop
  endfacet
  facet normal 0 0 1
    outer loop
      vertex -48.8239 5.98264 -12.1981
      vertex -48.7819 6.05915 -12.1981
      vertex -125.5 5.62275 -12.1981
    endloop
  endfacet
  facet normal 0 0 1
    outer loop
      vertex -125.5 5.62275 -12.1981
      vertex -48.7819 6.05915 -12.1981
      vertex -48.7367 6.13374 -12.1981
    endloop
  endfacet
  facet normal 0 0 1
    outer loop
      vertex -48.7367 6.13374 -12.1981
      vertex -48.6882 6.2063 -12.1981
      vertex -125.5 5.62275 -12.1981
    endloop
  endfacet
  facet normal 0 0 1
    outer loop
      vertex -48.6882 6.2063 -12.1981
      vertex -48.6366 6.27667 -12.1981
      vertex -125.5 5.62275 -12.1981
    endloop
  endfacet
  facet normal 0 0 1
    outer loop
      vertex -125.5 5.62275 -12.1981
      vertex -48.6366 6.27667 -12.1981
      vertex -48.582 6.34472 -12.1981
    endloop
  endfacet
  facet normal 0 0 1
    outer loop
      vertex -45.0575 4.88483 -12.1981
      vertex -45.067 4.79809 -12.1981
      vertex -41.9129 10.3993 -12.1981
    endloop
  endfacet
  facet normal 0 0 1
    outer loop
      vertex -45.067 4.79809 -12.1981
      vertex -45.0803 4.71185 -12.1981
      vertex -41.9129 10.3993 -12.1981
    endloop
  endfacet
  facet normal 0 0 1
    outer loop
      vertex -41.9129 10.3993 -12.1981
      vertex -45.0803 4.71185 -12.1981
      vertex -45.0973 4.62627 -12.1981
    endloop
  endfacet
  facet normal 0 0 1
    outer loop
      vertex -45.2373 4.21391 -12.1981
      vertex -45.2759 4.13565 -12.1981
      vertex -45.9027 -38.104 -12.1981
    endloop
  endfacet
  facet normal 0 0 1
    outer loop
      vertex -45.2759 4.13565 -12.1981
      vertex -45.3178 4.05915 -12.1981
      vertex -45.9027 -38.104 -12.1981
    endloop
  endfacet
  facet normal 0 0 1
    outer loop
      vertex -45.9027 -38.104 -12.1981
      vertex -45.3178 4.05915 -12.1981
      vertex -45.3631 3.98455 -12.1981
    endloop
  endfacet
  facet normal 0 0 1
    outer loop
      vertex -45.3631 3.98455 -12.1981
      vertex -45.4116 3.91199 -12.1981
      vertex -45.9027 -38.104 -12.1981
    endloop
  endfacet
  facet normal 0 0 1
    outer loop
      vertex -45.4116 3.91199 -12.1981
      vertex -45.4632 3.84162 -12.1981
      vertex -45.9027 -38.104 -12.1981
    endloop
  endfacet
  facet normal 0 0 1
    outer loop
      vertex -45.9027 -38.104 -12.1981
      vertex -45.4632 3.84162 -12.1981
      vertex -45.5178 3.77357 -12.1981
    endloop
  endfacet
  facet normal 0 0 1
    outer loop
      vertex -45.9027 -38.104 -12.1981
      vertex -46.5322 3.12729 -12.1981
      vertex -46.617 3.10655 -12.1981
    endloop
  endfacet
  facet normal 0 0 1
    outer loop
      vertex -45.3178 -38.7423 -12.1981
      vertex -45.2759 -38.8189 -12.1981
      vertex -41.9129 10.3993 -12.1981
    endloop
  endfacet
  facet normal 0 0 1
    outer loop
      vertex -45.2759 -38.8189 -12.1981
      vertex -45.2373 -38.8971 -12.1981
      vertex -41.9129 10.3993 -12.1981
    endloop
  endfacet
  facet normal 0 0 1
    outer loop
      vertex -41.9129 10.3993 -12.1981
      vertex -45.2373 -38.8971 -12.1981
      vertex -45.2021 -38.977 -12.1981
    endloop
  endfacet
  facet normal 0 0 1
    outer loop
      vertex -125.793 3.72119 -12.1981
      vertex -125.847 3.65313 -12.1981
      vertex -128.041 -38.0658 -12.1981
    endloop
  endfacet
  facet normal 0 0 1
    outer loop
      vertex -125.847 3.65313 -12.1981
      vertex -125.905 3.58753 -12.1981
      vertex -128.041 -38.0658 -12.1981
    endloop
  endfacet
  facet normal 0 0 1
    outer loop
      vertex -128.041 -38.0658 -12.1981
      vertex -125.905 3.58753 -12.1981
      vertex -125.965 3.5245 -12.1981
    endloop
  endfacet
  facet normal 0 0 1
    outer loop
      vertex -125.965 3.5245 -12.1981
      vertex -126.028 3.46416 -12.1981
      vertex -128.041 -38.0658 -12.1981
    endloop
  endfacet
  facet normal 0 0 1
    outer loop
      vertex -126.028 3.46416 -12.1981
      vertex -126.094 3.40662 -12.1981
      vertex -128.041 -38.0658 -12.1981
    endloop
  endfacet
  facet normal 0 0 1
    outer loop
      vertex -128.041 -38.0658 -12.1981
      vertex -126.094 3.40662 -12.1981
      vertex -126.162 3.352 -12.1981
    endloop
  endfacet
  facet normal 0 0 1
    outer loop
      vertex -125.532 4.17334 -12.1981
      vertex -127.96 -38.0342 -12.1981
      vertex -125.5 4.25467 -12.1981
    endloop
  endfacet
  facet normal 0 0 1
    outer loop
      vertex -127.96 -38.0342 -12.1981
      vertex -127.877 -38.0061 -12.1981
      vertex -125.5 4.25467 -12.1981
    endloop
  endfacet
  facet normal 0 0 1
    outer loop
      vertex -125.5 4.25467 -12.1981
      vertex -127.877 -38.0061 -12.1981
      vertex -127.794 -37.9817 -12.1981
    endloop
  endfacet
  facet normal 0 0 1
    outer loop
      vertex -127.623 -37.9439 -12.1981
      vertex -127.537 -37.9307 -12.1981
      vertex -125.5 4.25467 -12.1981
    endloop
  endfacet
  facet normal 0 0 1
    outer loop
      vertex -127.537 -37.9307 -12.1981
      vertex -127.45 -37.9212 -12.1981
      vertex -125.5 4.25467 -12.1981
    endloop
  endfacet
  facet normal 0 0 1
    outer loop
      vertex -125.5 4.25467 -12.1981
      vertex -127.45 -37.9212 -12.1981
      vertex -127.363 -37.9155 -12.1981
    endloop
  endfacet
  facet normal 0 0 1
    outer loop
      vertex -127.363 -37.9155 -12.1981
      vertex -127.276 -37.9136 -12.1981
      vertex -125.5 4.25467 -12.1981
    endloop
  endfacet
  facet normal 0 0 1
    outer loop
      vertex -127.276 -37.9136 -12.1981
      vertex -127.189 -37.9155 -12.1981
      vertex -125.5 4.25467 -12.1981
    endloop
  endfacet
  facet normal 0 0 1
    outer loop
      vertex -125.5 4.25467 -12.1981
      vertex -127.189 -37.9155 -12.1981
      vertex -127.102 -37.9212 -12.1981
    endloop
  endfacet
  facet normal 0 0 1
    outer loop
      vertex -126.843 -37.961 -12.1981
      vertex -126.758 -37.9817 -12.1981
      vertex -125.5 4.25467 -12.1981
    endloop
  endfacet
  facet normal 0 0 1
    outer loop
      vertex -126.758 -37.9817 -12.1981
      vertex -126.674 -38.0061 -12.1981
      vertex -125.5 4.25467 -12.1981
    endloop
  endfacet
  facet normal 0 0 1
    outer loop
      vertex -125.5 4.25467 -12.1981
      vertex -126.674 -38.0061 -12.1981
      vertex -126.592 -38.0342 -12.1981
    endloop
  endfacet
  facet normal 0 0 1
    outer loop
      vertex -126.201 -38.2268 -12.1981
      vertex -126.129 -38.2752 -12.1981
      vertex -125.5 4.25467 -12.1981
    endloop
  endfacet
  facet normal 0 0 1
    outer loop
      vertex -126.129 -38.2752 -12.1981
      vertex -126.058 -38.3268 -12.1981
      vertex -125.5 4.25467 -12.1981
    endloop
  endfacet
  facet normal 0 0 1
    outer loop
      vertex -125.5 4.25467 -12.1981
      vertex -126.058 -38.3268 -12.1981
      vertex -125.99 -38.3815 -12.1981
    endloop
  endfacet
  facet normal 0 0 1
    outer loop
      vertex -49.048 -39.8296 -12.1981
      vertex -49.0499 -39.7423 -12.1981
      vertex -125.396 -39.2295 -12.1981
    endloop
  endfacet
  facet normal 0 0 1
    outer loop
      vertex -49.0499 -39.7423 -12.1981
      vertex -49.048 -39.6551 -12.1981
      vertex -125.396 -39.2295 -12.1981
    endloop
  endfacet
  facet normal 0 0 1
    outer loop
      vertex -125.396 -39.2295 -12.1981
      vertex -49.048 -39.6551 -12.1981
      vertex -49.0423 -39.568 -12.1981
    endloop
  endfacet
  facet normal 0 0 1
    outer loop
      vertex -125.396 -39.2295 -12.1981
      vertex -49.0025 -39.3095 -12.1981
      vertex -48.9817 -39.2247 -12.1981
    endloop
  endfacet
  facet normal 0 0 1
    outer loop
      vertex -48.9817 -39.2247 -12.1981
      vertex -48.9573 -39.1409 -12.1981
      vertex -125.396 -39.2295 -12.1981
    endloop
  endfacet
  facet normal 0 0 1
    outer loop
      vertex -48.9573 -39.1409 -12.1981
      vertex -48.9293 -39.0583 -12.1981
      vertex -125.396 -39.2295 -12.1981
    endloop
  endfacet
  facet normal 0 0 1
    outer loop
      vertex -125.396 -39.2295 -12.1981
      vertex -48.9293 -39.0583 -12.1981
      vertex -48.8976 -38.977 -12.1981
    endloop
  endfacet
  facet normal 0 0 1
    outer loop
      vertex -48.8976 -38.977 -12.1981
      vertex -48.8625 -38.8971 -12.1981
      vertex -125.396 -39.2295 -12.1981
    endloop
  endfacet
  facet normal 0 0 1
    outer loop
      vertex -48.8625 -38.8971 -12.1981
      vertex -48.8239 -38.8189 -12.1981
      vertex -125.396 -39.2295 -12.1981
    endloop
  endfacet
  facet normal 0 0 1
    outer loop
      vertex -125.396 -39.2295 -12.1981
      vertex -48.8239 -38.8189 -12.1981
      vertex -48.7819 -38.7423 -12.1981
    endloop
  endfacet
  facet normal 0 0 1
    outer loop
      vertex -128.665 6.4708 -12.1981
      vertex -128.597 6.52542 -12.1981
      vertex -131.913 10.3993 -12.1981
    endloop
  endfacet
  facet normal 0 0 1
    outer loop
      vertex -128.597 6.52542 -12.1981
      vertex -128.527 6.57701 -12.1981
      vertex -131.913 10.3993 -12.1981
    endloop
  endfacet
  facet normal 0 0 1
    outer loop
      vertex -131.913 10.3993 -12.1981
      vertex -128.527 6.57701 -12.1981
      vertex -128.454 6.62549 -12.1981
    endloop
  endfacet
  facet normal 0 0 1
    outer loop
      vertex -127.292 6.93681 -12.1981
      vertex -127.205 6.9311 -12.1981
      vertex -131.913 10.3993 -12.1981
    endloop
  endfacet
  facet normal 0 0 1
    outer loop
      vertex -127.205 6.9311 -12.1981
      vertex -127.118 6.9216 -12.1981
      vertex -131.913 10.3993 -12.1981
    endloop
  endfacet
  facet normal 0 0 1
    outer loop
      vertex -131.913 10.3993 -12.1981
      vertex -127.118 6.9216 -12.1981
      vertex -127.032 6.90833 -12.1981
    endloop
  endfacet
  facet normal 0 0 1
    outer loop
      vertex -47.8951 3.24653 -12.1981
      vertex -47.9734 3.28512 -12.1981
      vertex -125.5 5.62275 -12.1981
    endloop
  endfacet
  facet normal 0 0 1
    outer loop
      vertex -47.9734 3.28512 -12.1981
      vertex -48.0499 3.32709 -12.1981
      vertex -125.5 5.62275 -12.1981
    endloop
  endfacet
  facet normal 0 0 1
    outer loop
      vertex -125.5 5.62275 -12.1981
      vertex -48.0499 3.32709 -12.1981
      vertex -48.1245 3.37236 -12.1981
    endloop
  endfacet
  facet normal 0 0 1
    outer loop
      vertex -48.1245 3.37236 -12.1981
      vertex -48.197 3.42084 -12.1981
      vertex -125.5 5.62275 -12.1981
    endloop
  endfacet
  facet normal 0 0 1
    outer loop
      vertex -48.197 3.42084 -12.1981
      vertex -48.2674 3.47244 -12.1981
      vertex -125.5 5.62275 -12.1981
    endloop
  endfacet
  facet normal 0 0 1
    outer loop
      vertex -125.5 5.62275 -12.1981
      vertex -48.2674 3.47244 -12.1981
      vertex -48.3355 3.52706 -12.1981
    endloop
  endfacet
  facet normal 0 0 1
    outer loop
      vertex -48.5244 3.70796 -12.1981
      vertex -48.582 3.77357 -12.1981
      vertex -125.5 5.62275 -12.1981
    endloop
  endfacet
  facet normal 0 0 1
    outer loop
      vertex -48.582 3.77357 -12.1981
      vertex -48.6366 3.84162 -12.1981
      vertex -125.5 5.62275 -12.1981
    endloop
  endfacet
  facet normal 0 0 1
    outer loop
      vertex -125.5 5.62275 -12.1981
      vertex -48.6366 3.84162 -12.1981
      vertex -48.6882 3.91199 -12.1981
    endloop
  endfacet
  facet normal 0 0 1
    outer loop
      vertex -48.9573 5.66056 -12.1981
      vertex -125.5 5.62275 -12.1981
      vertex -48.9817 5.57678 -12.1981
    endloop
  endfacet
  facet normal 0 0 1
    outer loop
      vertex -125.5 5.62275 -12.1981
      vertex -49.0025 5.49202 -12.1981
      vertex -48.9817 5.57678 -12.1981
    endloop
  endfacet
  facet normal 0 0 1
    outer loop
      vertex -48.9573 5.66056 -12.1981
      vertex -48.9293 5.74319 -12.1981
      vertex -125.5 5.62275 -12.1981
    endloop
  endfacet
  facet normal 0 0 1
    outer loop
      vertex -48.9293 5.74319 -12.1981
      vertex -48.8976 5.82451 -12.1981
      vertex -125.5 5.62275 -12.1981
    endloop
  endfacet
  facet normal 0 0 1
    outer loop
      vertex -125.5 5.62275 -12.1981
      vertex -48.8976 5.82451 -12.1981
      vertex -48.8625 5.90438 -12.1981
    endloop
  endfacet
  facet normal 0 0 1
    outer loop
      vertex -48.582 6.34472 -12.1981
      vertex -48.5244 6.41033 -12.1981
      vertex -125.5 5.62275 -12.1981
    endloop
  endfacet
  facet normal 0 0 1
    outer loop
      vertex -48.5244 6.41033 -12.1981
      vertex -48.4641 6.47336 -12.1981
      vertex -125.5 5.62275 -12.1981
    endloop
  endfacet
  facet normal 0 0 1
    outer loop
      vertex -125.5 5.62275 -12.1981
      vertex -48.4641 6.47336 -12.1981
      vertex -48.4011 6.5337 -12.1981
    endloop
  endfacet
  facet normal 0 0 1
    outer loop
      vertex -47.8951 6.87176 -12.1981
      vertex -47.8153 6.9069 -12.1981
      vertex -41.9129 10.3993 -12.1981
    endloop
  endfacet
  facet normal 0 0 1
    outer loop
      vertex -47.8153 6.9069 -12.1981
      vertex -47.7339 6.93853 -12.1981
      vertex -41.9129 10.3993 -12.1981
    endloop
  endfacet
  facet normal 0 0 1
    outer loop
      vertex -47.7339 6.93853 -12.1981
      vertex -47.6513 6.96658 -12.1981
      vertex -41.9129 10.3993 -12.1981
    endloop
  endfacet
  facet normal 0 0 1
    outer loop
      vertex -41.9129 10.3993 -12.1981
      vertex -47.6513 6.96658 -12.1981
      vertex -47.5675 6.991 -12.1981
    endloop
  endfacet
  facet normal 0 0 1
    outer loop
      vertex -46.2845 3.21139 -12.1981
      vertex -46.3658 3.17976 -12.1981
      vertex -45.9027 -38.104 -12.1981
    endloop
  endfacet
  facet normal 0 0 1
    outer loop
      vertex -46.3658 3.17976 -12.1981
      vertex -46.4485 3.15171 -12.1981
      vertex -45.9027 -38.104 -12.1981
    endloop
  endfacet
  facet normal 0 0 1
    outer loop
      vertex -45.9027 -38.104 -12.1981
      vertex -46.4485 3.15171 -12.1981
      vertex -46.5322 3.12729 -12.1981
    endloop
  endfacet
  facet normal 0 0 1
    outer loop
      vertex -46.617 3.10655 -12.1981
      vertex -46.7026 3.08953 -12.1981
      vertex -45.9027 -38.104 -12.1981
    endloop
  endfacet
  facet normal 0 0 1
    outer loop
      vertex -46.7026 3.08953 -12.1981
      vertex -46.7888 3.07626 -12.1981
      vertex -45.9027 -38.104 -12.1981
    endloop
  endfacet
  facet normal 0 0 1
    outer loop
      vertex -45.9027 -38.104 -12.1981
      vertex -46.7888 3.07626 -12.1981
      vertex -46.8756 3.06676 -12.1981
    endloop
  endfacet
  facet normal 0 0 1
    outer loop
      vertex -46.9626 3.06105 -12.1981
      vertex -47.0499 3.05915 -12.1981
      vertex -46.1264 -37.9683 -12.1981
    endloop
  endfacet
  facet normal 0 0 1
    outer loop
      vertex -47.0499 3.05915 -12.1981
      vertex -47.1371 3.06105 -12.1981
      vertex -46.1264 -37.9683 -12.1981
    endloop
  endfacet
  facet normal 0 0 1
    outer loop
      vertex -46.1264 -37.9683 -12.1981
      vertex -47.1371 3.06105 -12.1981
      vertex -125.379 4.93871 -12.1981
    endloop
  endfacet
  facet normal 0 0 1
    outer loop
      vertex -47.1371 3.06105 -12.1981
      vertex -125.381 5.02595 -12.1981
      vertex -125.379 4.93871 -12.1981
    endloop
  endfacet
  facet normal 0 0 1
    outer loop
      vertex -125.532 4.17334 -12.1981
      vertex -125.567 4.09347 -12.1981
      vertex -128.041 -38.0658 -12.1981
    endloop
  endfacet
  facet normal 0 0 1
    outer loop
      vertex -125.567 4.09347 -12.1981
      vertex -125.605 4.01521 -12.1981
      vertex -128.041 -38.0658 -12.1981
    endloop
  endfacet
  facet normal 0 0 1
    outer loop
      vertex -128.041 -38.0658 -12.1981
      vertex -125.605 4.01521 -12.1981
      vertex -125.647 3.93871 -12.1981
    endloop
  endfacet
  facet normal 0 0 1
    outer loop
      vertex -126.162 3.352 -12.1981
      vertex -126.232 3.30041 -12.1981
      vertex -128.041 -38.0658 -12.1981
    endloop
  endfacet
  facet normal 0 0 1
    outer loop
      vertex -126.232 3.30041 -12.1981
      vertex -126.305 3.25193 -12.1981
      vertex -128.041 -38.0658 -12.1981
    endloop
  endfacet
  facet normal 0 0 1
    outer loop
      vertex -128.041 -38.0658 -12.1981
      vertex -126.305 3.25193 -12.1981
      vertex -126.379 3.20666 -12.1981
    endloop
  endfacet
  facet normal 0 0 1
    outer loop
      vertex -126.614 3.09095 -12.1981
      vertex -126.695 3.05932 -12.1981
      vertex -128.041 -38.0658 -12.1981
    endloop
  endfacet
  facet normal 0 0 1
    outer loop
      vertex -126.695 3.05932 -12.1981
      vertex -126.778 3.03128 -12.1981
      vertex -128.041 -38.0658 -12.1981
    endloop
  endfacet
  facet normal 0 0 1
    outer loop
      vertex -128.041 -38.0658 -12.1981
      vertex -126.778 3.03128 -12.1981
      vertex -126.862 3.00686 -12.1981
    endloop
  endfacet
  facet normal 0 0 1
    outer loop
      vertex -127.64 2.95582 -12.1981
      vertex -127.727 2.96909 -12.1981
      vertex -128.041 -38.0658 -12.1981
    endloop
  endfacet
  facet normal 0 0 1
    outer loop
      vertex -127.102 -37.9212 -12.1981
      vertex -127.015 -37.9307 -12.1981
      vertex -125.5 4.25467 -12.1981
    endloop
  endfacet
  facet normal 0 0 1
    outer loop
      vertex -127.015 -37.9307 -12.1981
      vertex -126.929 -37.9439 -12.1981
      vertex -125.5 4.25467 -12.1981
    endloop
  endfacet
  facet normal 0 0 1
    outer loop
      vertex -125.5 4.25467 -12.1981
      vertex -126.929 -37.9439 -12.1981
      vertex -126.843 -37.961 -12.1981
    endloop
  endfacet
  facet normal 0 0 1
    outer loop
      vertex -126.431 -38.1009 -12.1981
      vertex -126.352 -38.1395 -12.1981
      vertex -125.5 4.25467 -12.1981
    endloop
  endfacet
  facet normal 0 0 1
    outer loop
      vertex -126.352 -38.1395 -12.1981
      vertex -126.276 -38.1815 -12.1981
      vertex -125.5 4.25467 -12.1981
    endloop
  endfacet
  facet normal 0 0 1
    outer loop
      vertex -125.5 4.25467 -12.1981
      vertex -126.276 -38.1815 -12.1981
      vertex -126.201 -38.2268 -12.1981
    endloop
  endfacet
  facet normal 0 0 1
    outer loop
      vertex -49.0195 -40.0896 -12.1981
      vertex -49.0328 -40.0034 -12.1981
      vertex -125.396 -39.2295 -12.1981
    endloop
  endfacet
  facet normal 0 0 1
    outer loop
      vertex -49.0328 -40.0034 -12.1981
      vertex -49.0423 -39.9167 -12.1981
      vertex -125.396 -39.2295 -12.1981
    endloop
  endfacet
  facet normal 0 0 1
    outer loop
      vertex -125.396 -39.2295 -12.1981
      vertex -49.0423 -39.9167 -12.1981
      vertex -49.048 -39.8296 -12.1981
    endloop
  endfacet
  facet normal 0 0 1
    outer loop
      vertex -49.0423 -39.568 -12.1981
      vertex -49.0328 -39.4813 -12.1981
      vertex -125.396 -39.2295 -12.1981
    endloop
  endfacet
  facet normal 0 0 1
    outer loop
      vertex -49.0328 -39.4813 -12.1981
      vertex -49.0195 -39.395 -12.1981
      vertex -125.396 -39.2295 -12.1981
    endloop
  endfacet
  facet normal 0 0 1
    outer loop
      vertex -125.396 -39.2295 -12.1981
      vertex -49.0195 -39.395 -12.1981
      vertex -49.0025 -39.3095 -12.1981
    endloop
  endfacet
  facet normal 0 0 1
    outer loop
      vertex -48.7819 -38.7423 -12.1981
      vertex -48.7367 -38.6677 -12.1981
      vertex -125.396 -39.2295 -12.1981
    endloop
  endfacet
  facet normal 0 0 1
    outer loop
      vertex -48.7367 -38.6677 -12.1981
      vertex -48.6882 -38.5952 -12.1981
      vertex -125.396 -39.2295 -12.1981
    endloop
  endfacet
  facet normal 0 0 1
    outer loop
      vertex -125.396 -39.2295 -12.1981
      vertex -48.6882 -38.5952 -12.1981
      vertex -48.6366 -38.5248 -12.1981
    endloop
  endfacet
  facet normal 0 0 1
    outer loop
      vertex -126.456 6.71273 -12.1981
      vertex -126.379 6.67076 -12.1981
      vertex -41.9129 10.3993 -12.1981
    endloop
  endfacet
  facet normal 0 0 1
    outer loop
      vertex -126.379 6.67076 -12.1981
      vertex -126.305 6.62549 -12.1981
      vertex -41.9129 10.3993 -12.1981
    endloop
  endfacet
  facet normal 0 0 1
    outer loop
      vertex -41.9129 10.3993 -12.1981
      vertex -126.305 6.62549 -12.1981
      vertex -126.232 6.57701 -12.1981
    endloop
  endfacet
  facet normal 0 0 1
    outer loop
      vertex -48.6882 3.91199 -12.1981
      vertex -48.7367 3.98455 -12.1981
      vertex -125.5 5.62275 -12.1981
    endloop
  endfacet
  facet normal 0 0 1
    outer loop
      vertex -48.7367 3.98455 -12.1981
      vertex -48.7819 4.05915 -12.1981
      vertex -125.5 5.62275 -12.1981
    endloop
  endfacet
  facet normal 0 0 1
    outer loop
      vertex -125.5 5.62275 -12.1981
      vertex -48.7819 4.05915 -12.1981
      vertex -48.8239 4.13565 -12.1981
    endloop
  endfacet
  facet normal 0 0 1
    outer loop
      vertex -48.8625 4.21391 -12.1981
      vertex -48.8976 4.29378 -12.1981
      vertex -125.5 5.62275 -12.1981
    endloop
  endfacet
  facet normal 0 0 1
    outer loop
      vertex -48.8976 4.29378 -12.1981
      vertex -48.9293 4.37511 -12.1981
      vertex -125.5 5.62275 -12.1981
    endloop
  endfacet
  facet normal 0 0 1
    outer loop
      vertex -125.5 5.62275 -12.1981
      vertex -48.9293 4.37511 -12.1981
      vertex -48.9573 4.45773 -12.1981
    endloop
  endfacet
  facet normal 0 0 1
    outer loop
      vertex -48.9573 4.45773 -12.1981
      vertex -48.9817 4.54151 -12.1981
      vertex -125.5 5.62275 -12.1981
    endloop
  endfacet
  facet normal 0 0 1
    outer loop
      vertex -48.9817 4.54151 -12.1981
      vertex -49.0025 4.62627 -12.1981
      vertex -125.5 5.62275 -12.1981
    endloop
  endfacet
  facet normal 0 0 1
    outer loop
      vertex -125.5 5.62275 -12.1981
      vertex -49.0025 4.62627 -12.1981
      vertex -49.0195 4.71185 -12.1981
    endloop
  endfacet
  facet normal 0 0 1
    outer loop
      vertex -48.4011 6.5337 -12.1981
      vertex -48.3355 6.59123 -12.1981
      vertex -125.5 5.62275 -12.1981
    endloop
  endfacet
  facet normal 0 0 1
    outer loop
      vertex -48.3355 6.59123 -12.1981
      vertex -48.2674 6.64585 -12.1981
      vertex -125.5 5.62275 -12.1981
    endloop
  endfacet
  facet normal 0 0 1
    outer loop
      vertex -125.5 5.62275 -12.1981
      vertex -48.2674 6.64585 -12.1981
      vertex -48.197 6.69745 -12.1981
    endloop
  endfacet
  facet normal 0 0 1
    outer loop
      vertex -47.5675 6.991 -12.1981
      vertex -47.4828 7.01174 -12.1981
      vertex -41.9129 10.3993 -12.1981
    endloop
  endfacet
  facet normal 0 0 1
    outer loop
      vertex -47.4828 7.01174 -12.1981
      vertex -47.3972 7.02876 -12.1981
      vertex -41.9129 10.3993 -12.1981
    endloop
  endfacet
  facet normal 0 0 1
    outer loop
      vertex -41.9129 10.3993 -12.1981
      vertex -47.3972 7.02876 -12.1981
      vertex -47.3109 7.04203 -12.1981
    endloop
  endfacet
  facet normal 0 0 1
    outer loop
      vertex -47.3109 7.04203 -12.1981
      vertex -47.2242 7.05153 -12.1981
      vertex -41.9129 10.3993 -12.1981
    endloop
  endfacet
  facet normal 0 0 1
    outer loop
      vertex -47.2242 7.05153 -12.1981
      vertex -47.1371 7.05724 -12.1981
      vertex -41.9129 10.3993 -12.1981
    endloop
  endfacet
  facet normal 0 0 1
    outer loop
      vertex -41.9129 10.3993 -12.1981
      vertex -47.1371 7.05724 -12.1981
      vertex -47.0499 7.05915 -12.1981
    endloop
  endfacet
  facet normal 0 0 1
    outer loop
      vertex -46.5322 6.991 -12.1981
      vertex -46.4485 6.96658 -12.1981
      vertex -41.9129 10.3993 -12.1981
    endloop
  endfacet
  facet normal 0 0 1
    outer loop
      vertex -46.4485 6.96658 -12.1981
      vertex -46.3658 6.93853 -12.1981
      vertex -41.9129 10.3993 -12.1981
    endloop
  endfacet
  facet normal 0 0 1
    outer loop
      vertex -41.9129 10.3993 -12.1981
      vertex -46.3658 6.93853 -12.1981
      vertex -46.2845 6.9069 -12.1981
    endloop
  endfacet
  facet normal 0 0 1
    outer loop
      vertex -126.379 3.20666 -12.1981
      vertex -126.456 3.16469 -12.1981
      vertex -128.041 -38.0658 -12.1981
    endloop
  endfacet
  facet normal 0 0 1
    outer loop
      vertex -126.456 3.16469 -12.1981
      vertex -126.534 3.12609 -12.1981
      vertex -128.041 -38.0658 -12.1981
    endloop
  endfacet
  facet normal 0 0 1
    outer loop
      vertex -128.041 -38.0658 -12.1981
      vertex -126.534 3.12609 -12.1981
      vertex -126.614 3.09095 -12.1981
    endloop
  endfacet
  facet normal 0 0 1
    outer loop
      vertex -128.041 -38.0658 -12.1981
      vertex -127.981 3.03128 -12.1981
      vertex -128.063 3.05932 -12.1981
    endloop
  endfacet
  facet normal 0 0 1
    outer loop
      vertex -128.063 3.05932 -12.1981
      vertex -128.145 3.09095 -12.1981
      vertex -128.041 -38.0658 -12.1981
    endloop
  endfacet
  facet normal 0 0 1
    outer loop
      vertex -128.145 3.09095 -12.1981
      vertex -128.225 3.12609 -12.1981
      vertex -128.041 -38.0658 -12.1981
    endloop
  endfacet
  facet normal 0 0 1
    outer loop
      vertex -128.041 -38.0658 -12.1981
      vertex -128.225 3.12609 -12.1981
      vertex -128.303 3.16469 -12.1981
    endloop
  endfacet
  facet normal 0 0 1
    outer loop
      vertex -127.032 6.90833 -12.1981
      vertex -126.947 6.8913 -12.1981
      vertex -131.913 10.3993 -12.1981
    endloop
  endfacet
  facet normal 0 0 1
    outer loop
      vertex -126.947 6.8913 -12.1981
      vertex -126.862 6.87056 -12.1981
      vertex -131.913 10.3993 -12.1981
    endloop
  endfacet
  facet normal 0 0 1
    outer loop
      vertex -131.913 10.3993 -12.1981
      vertex -126.862 6.87056 -12.1981
      vertex -41.9129 10.3993 -12.1981
    endloop
  endfacet
  facet normal 0 0 1
    outer loop
      vertex -126.862 6.87056 -12.1981
      vertex -126.778 6.84614 -12.1981
      vertex -41.9129 10.3993 -12.1981
    endloop
  endfacet
  facet normal 0 0 1
    outer loop
      vertex -41.9129 10.3993 -12.1981
      vertex -126.778 6.84614 -12.1981
      vertex -126.695 6.8181 -12.1981
    endloop
  endfacet
  facet normal 0 0 1
    outer loop
      vertex -126.232 6.57701 -12.1981
      vertex -126.162 6.52542 -12.1981
      vertex -41.9129 10.3993 -12.1981
    endloop
  endfacet
  facet normal 0 0 1
    outer loop
      vertex -126.162 6.52542 -12.1981
      vertex -126.094 6.4708 -12.1981
      vertex -41.9129 10.3993 -12.1981
    endloop
  endfacet
  facet normal 0 0 1
    outer loop
      vertex -41.9129 10.3993 -12.1981
      vertex -126.094 6.4708 -12.1981
      vertex -126.028 6.41326 -12.1981
    endloop
  endfacet
  facet normal 0 0 1
    outer loop
      vertex -49.048 4.97191 -12.1981
      vertex -49.0499 5.05915 -12.1981
      vertex -125.5 5.62275 -12.1981
    endloop
  endfacet
  facet normal 0 0 1
    outer loop
      vertex -49.0499 5.05915 -12.1981
      vertex -49.048 5.14638 -12.1981
      vertex -125.5 5.62275 -12.1981
    endloop
  endfacet
  facet normal 0 0 1
    outer loop
      vertex -125.5 5.62275 -12.1981
      vertex -49.048 5.14638 -12.1981
      vertex -49.0423 5.23346 -12.1981
    endloop
  endfacet
  facet normal 0 0 1
    outer loop
      vertex -47.0499 7.05915 -12.1981
      vertex -46.9626 7.05724 -12.1981
      vertex -41.9129 10.3993 -12.1981
    endloop
  endfacet
  facet normal 0 0 1
    outer loop
      vertex -46.9626 7.05724 -12.1981
      vertex -46.8756 7.05153 -12.1981
      vertex -41.9129 10.3993 -12.1981
    endloop
  endfacet
  facet normal 0 0 1
    outer loop
      vertex -41.9129 10.3993 -12.1981
      vertex -46.8756 7.05153 -12.1981
      vertex -46.7888 7.04203 -12.1981
    endloop
  endfacet
  facet normal 0 0 1
    outer loop
      vertex -46.7888 7.04203 -12.1981
      vertex -46.7026 7.02876 -12.1981
      vertex -41.9129 10.3993 -12.1981
    endloop
  endfacet
  facet normal 0 0 1
    outer loop
      vertex -46.7026 7.02876 -12.1981
      vertex -46.617 7.01174 -12.1981
      vertex -41.9129 10.3993 -12.1981
    endloop
  endfacet
  facet normal 0 0 1
    outer loop
      vertex -41.9129 10.3993 -12.1981
      vertex -46.617 7.01174 -12.1981
      vertex -46.5322 6.991 -12.1981
    endloop
  endfacet
  facet normal 0 0 1
    outer loop
      vertex -46.2845 6.9069 -12.1981
      vertex -46.2046 6.87176 -12.1981
      vertex -41.9129 10.3993 -12.1981
    endloop
  endfacet
  facet normal 0 0 1
    outer loop
      vertex -46.2046 6.87176 -12.1981
      vertex -46.1264 6.83317 -12.1981
      vertex -41.9129 10.3993 -12.1981
    endloop
  endfacet
  facet normal 0 0 1
    outer loop
      vertex -41.9129 10.3993 -12.1981
      vertex -46.1264 6.83317 -12.1981
      vertex -46.0499 6.7912 -12.1981
    endloop
  endfacet
  facet normal 0 0 1
    outer loop
      vertex -46.0499 6.7912 -12.1981
      vertex -45.9753 6.74593 -12.1981
      vertex -41.9129 10.3993 -12.1981
    endloop
  endfacet
  facet normal 0 0 1
    outer loop
      vertex -45.9753 6.74593 -12.1981
      vertex -45.9027 6.69745 -12.1981
      vertex -41.9129 10.3993 -12.1981
    endloop
  endfacet
  facet normal 0 0 1
    outer loop
      vertex -41.9129 10.3993 -12.1981
      vertex -45.9027 6.69745 -12.1981
      vertex -45.8324 6.64585 -12.1981
    endloop
  endfacet
  facet normal 0 0 1
    outer loop
      vertex -125.647 3.93871 -12.1981
      vertex -125.693 3.86411 -12.1981
      vertex -128.041 -38.0658 -12.1981
    endloop
  endfacet
  facet normal 0 0 1
    outer loop
      vertex -125.693 3.86411 -12.1981
      vertex -125.741 3.79156 -12.1981
      vertex -128.041 -38.0658 -12.1981
    endloop
  endfacet
  facet normal 0 0 1
    outer loop
      vertex -128.041 -38.0658 -12.1981
      vertex -125.741 3.79156 -12.1981
      vertex -125.793 3.72119 -12.1981
    endloop
  endfacet
  facet normal 0 0 1
    outer loop
      vertex -126.862 3.00686 -12.1981
      vertex -126.947 2.98612 -12.1981
      vertex -128.041 -38.0658 -12.1981
    endloop
  endfacet
  facet normal 0 0 1
    outer loop
      vertex -126.947 2.98612 -12.1981
      vertex -127.032 2.96909 -12.1981
      vertex -128.041 -38.0658 -12.1981
    endloop
  endfacet
  facet normal 0 0 1
    outer loop
      vertex -128.041 -38.0658 -12.1981
      vertex -127.032 2.96909 -12.1981
      vertex -127.118 2.95582 -12.1981
    endloop
  endfacet
  facet normal 0 0 1
    outer loop
      vertex -127.727 2.96909 -12.1981
      vertex -127.812 2.98612 -12.1981
      vertex -128.041 -38.0658 -12.1981
    endloop
  endfacet
  facet normal 0 0 1
    outer loop
      vertex -127.812 2.98612 -12.1981
      vertex -127.897 3.00686 -12.1981
      vertex -128.041 -38.0658 -12.1981
    endloop
  endfacet
  facet normal 0 0 1
    outer loop
      vertex -128.041 -38.0658 -12.1981
      vertex -127.897 3.00686 -12.1981
      vertex -127.981 3.03128 -12.1981
    endloop
  endfacet
  facet normal 0 0 1
    outer loop
      vertex -128.303 3.16469 -12.1981
      vertex -128.379 3.20666 -12.1981
      vertex -128.041 -38.0658 -12.1981
    endloop
  endfacet
  facet normal 0 0 1
    outer loop
      vertex -128.379 3.20666 -12.1981
      vertex -128.454 3.25193 -12.1981
      vertex -128.041 -38.0658 -12.1981
    endloop
  endfacet
  facet normal 0 0 1
    outer loop
      vertex -128.041 -38.0658 -12.1981
      vertex -128.454 3.25193 -12.1981
      vertex -128.527 3.30041 -12.1981
    endloop
  endfacet
  facet normal 0 0 1
    outer loop
      vertex -49.0195 4.71185 -12.1981
      vertex -49.0328 4.79809 -12.1981
      vertex -125.5 5.62275 -12.1981
    endloop
  endfacet
  facet normal 0 0 1
    outer loop
      vertex -49.0328 4.79809 -12.1981
      vertex -49.0423 4.88483 -12.1981
      vertex -125.5 5.62275 -12.1981
    endloop
  endfacet
  facet normal 0 0 1
    outer loop
      vertex -125.5 5.62275 -12.1981
      vertex -49.0423 4.88483 -12.1981
      vertex -49.048 4.97191 -12.1981
    endloop
  endfacet
  facet normal 0 0 1
    outer loop
      vertex -49.0423 5.23346 -12.1981
      vertex -49.0328 5.3202 -12.1981
      vertex -125.5 5.62275 -12.1981
    endloop
  endfacet
  facet normal 0 0 1
    outer loop
      vertex -49.0328 5.3202 -12.1981
      vertex -49.0195 5.40644 -12.1981
      vertex -125.5 5.62275 -12.1981
    endloop
  endfacet
  facet normal 0 0 1
    outer loop
      vertex -125.5 5.62275 -12.1981
      vertex -49.0195 5.40644 -12.1981
      vertex -49.0025 5.49202 -12.1981
    endloop
  endfacet
  facet normal 0 0 1
    outer loop
      vertex -48.197 6.69745 -12.1981
      vertex -48.1245 6.74593 -12.1981
      vertex -125.5 5.62275 -12.1981
    endloop
  endfacet
  facet normal 0 0 1
    outer loop
      vertex -48.1245 6.74593 -12.1981
      vertex -48.0499 6.7912 -12.1981
      vertex -125.5 5.62275 -12.1981
    endloop
  endfacet
  facet normal 0 0 1
    outer loop
      vertex -125.5 5.62275 -12.1981
      vertex -48.0499 6.7912 -12.1981
      vertex -41.9129 10.3993 -12.1981
    endloop
  endfacet
  facet normal 0 0 1
    outer loop
      vertex -48.0499 6.7912 -12.1981
      vertex -47.9734 6.83317 -12.1981
      vertex -41.9129 10.3993 -12.1981
    endloop
  endfacet
  facet normal 0 0 1
    outer loop
      vertex -41.9129 10.3993 -12.1981
      vertex -47.9734 6.83317 -12.1981
      vertex -47.8951 6.87176 -12.1981
    endloop
  endfacet
  facet normal 0 0 1
    outer loop
      vertex -127.118 2.95582 -12.1981
      vertex -127.205 2.94632 -12.1981
      vertex -128.041 -38.0658 -12.1981
    endloop
  endfacet
  facet normal 0 0 1
    outer loop
      vertex -127.205 2.94632 -12.1981
      vertex -127.292 2.94061 -12.1981
      vertex -128.041 -38.0658 -12.1981
    endloop
  endfacet
  facet normal 0 0 1
    outer loop
      vertex -128.041 -38.0658 -12.1981
      vertex -127.292 2.94061 -12.1981
      vertex -127.379 2.93871 -12.1981
    endloop
  endfacet
  facet normal 0 0 1
    outer loop
      vertex -128.527 3.30041 -12.1981
      vertex -128.597 3.352 -12.1981
      vertex -128.041 -38.0658 -12.1981
    endloop
  endfacet
  facet normal 0 0 1
    outer loop
      vertex -128.597 3.352 -12.1981
      vertex -128.665 3.40662 -12.1981
      vertex -128.041 -38.0658 -12.1981
    endloop
  endfacet
  facet normal 0 0 1
    outer loop
      vertex -128.041 -38.0658 -12.1981
      vertex -128.665 3.40662 -12.1981
      vertex -128.731 3.46416 -12.1981
    endloop
  endfacet
  facet normal 0 0 1
    outer loop
      vertex -127.379 2.93871 -12.1981
      vertex -127.467 2.94061 -12.1981
      vertex -128.041 -38.0658 -12.1981
    endloop
  endfacet
  facet normal 0 0 1
    outer loop
      vertex -127.467 2.94061 -12.1981
      vertex -127.554 2.94632 -12.1981
      vertex -128.041 -38.0658 -12.1981
    endloop
  endfacet
  facet normal 0 0 1
    outer loop
      vertex -128.041 -38.0658 -12.1981
      vertex -127.554 2.94632 -12.1981
      vertex -127.64 2.95582 -12.1981
    endloop
  endfacet
  facet normal 0 0 -1
    outer loop
      vertex -48.1245 6.74593 -14.1981
      vertex -48.9304 8.01102 -14.1981
      vertex -48.0499 6.7912 -14.1981
    endloop
  endfacet
  facet normal 0 0 -1
    outer loop
      vertex -48.9304 8.01102 -14.1981
      vertex -48.7999 8.09023 -14.1981
      vertex -48.0499 6.7912 -14.1981
    endloop
  endfacet
  facet normal 0 0 -1
    outer loop
      vertex -48.0499 6.7912 -14.1981
      vertex -48.7999 8.09023 -14.1981
      vertex -47.9734 6.83317 -14.1981
    endloop
  endfacet
  facet normal 0 0 -1
    outer loop
      vertex -48.7999 8.09023 -14.1981
      vertex -48.666 8.16368 -14.1981
      vertex -47.9734 6.83317 -14.1981
    endloop
  endfacet
  facet normal 0 0 -1
    outer loop
      vertex -47.9734 6.83317 -14.1981
      vertex -48.666 8.16368 -14.1981
      vertex -47.8951 6.87176 -14.1981
    endloop
  endfacet
  facet normal 0 0 -1
    outer loop
      vertex -48.666 8.16368 -14.1981
      vertex -48.529 8.23122 -14.1981
      vertex -47.8951 6.87176 -14.1981
    endloop
  endfacet
  facet normal 0 0 -1
    outer loop
      vertex -47.8951 6.87176 -14.1981
      vertex -48.529 8.23122 -14.1981
      vertex -47.8153 6.9069 -14.1981
    endloop
  endfacet
  facet normal 0 0 -1
    outer loop
      vertex -48.529 8.23122 -14.1981
      vertex -48.3893 8.29272 -14.1981
      vertex -47.8153 6.9069 -14.1981
    endloop
  endfacet
  facet normal 0 0 -1
    outer loop
      vertex -47.8153 6.9069 -14.1981
      vertex -48.3893 8.29272 -14.1981
      vertex -47.7339 6.93853 -14.1981
    endloop
  endfacet
  facet normal 0 0 -1
    outer loop
      vertex -48.3893 8.29272 -14.1981
      vertex -48.247 8.34807 -14.1981
      vertex -47.7339 6.93853 -14.1981
    endloop
  endfacet
  facet normal 0 0 -1
    outer loop
      vertex -47.7339 6.93853 -14.1981
      vertex -48.247 8.34807 -14.1981
      vertex -47.6513 6.96658 -14.1981
    endloop
  endfacet
  facet normal 0 0 -1
    outer loop
      vertex -48.247 8.34807 -14.1981
      vertex -48.1024 8.39715 -14.1981
      vertex -47.6513 6.96658 -14.1981
    endloop
  endfacet
  facet normal 0 0 -1
    outer loop
      vertex -47.6513 6.96658 -14.1981
      vertex -48.1024 8.39715 -14.1981
      vertex -47.5675 6.991 -14.1981
    endloop
  endfacet
  facet normal 0 0 -1
    outer loop
      vertex -48.1024 8.39715 -14.1981
      vertex -47.9558 8.43989 -14.1981
      vertex -47.5675 6.991 -14.1981
    endloop
  endfacet
  facet normal 0 0 -1
    outer loop
      vertex -47.5675 6.991 -14.1981
      vertex -47.9558 8.43989 -14.1981
      vertex -47.4828 7.01174 -14.1981
    endloop
  endfacet
  facet normal 0 0 -1
    outer loop
      vertex -47.9558 8.43989 -14.1981
      vertex -47.8074 8.47618 -14.1981
      vertex -47.4828 7.01174 -14.1981
    endloop
  endfacet
  facet normal 0 0 -1
    outer loop
      vertex -47.4828 7.01174 -14.1981
      vertex -47.8074 8.47618 -14.1981
      vertex -47.3972 7.02876 -14.1981
    endloop
  endfacet
  facet normal 0 0 -1
    outer loop
      vertex -47.8074 8.47618 -14.1981
      vertex -47.6577 8.50597 -14.1981
      vertex -47.3972 7.02876 -14.1981
    endloop
  endfacet
  facet normal 0 0 -1
    outer loop
      vertex -47.3972 7.02876 -14.1981
      vertex -47.6577 8.50597 -14.1981
      vertex -47.3109 7.04203 -14.1981
    endloop
  endfacet
  facet normal 0 0 -1
    outer loop
      vertex -47.6577 8.50597 -14.1981
      vertex -47.5067 8.5292 -14.1981
      vertex -47.3109 7.04203 -14.1981
    endloop
  endfacet
  facet normal 0 0 -1
    outer loop
      vertex -47.3109 7.04203 -14.1981
      vertex -47.5067 8.5292 -14.1981
      vertex -47.2242 7.05153 -14.1981
    endloop
  endfacet
  facet normal 0 0 -1
    outer loop
      vertex -47.5067 8.5292 -14.1981
      vertex -47.3549 8.54583 -14.1981
      vertex -47.2242 7.05153 -14.1981
    endloop
  endfacet
  facet normal 0 0 -1
    outer loop
      vertex -47.2242 7.05153 -14.1981
      vertex -47.3549 8.54583 -14.1981
      vertex -47.1371 7.05724 -14.1981
    endloop
  endfacet
  facet normal 0 0 -1
    outer loop
      vertex -47.3549 8.54583 -14.1981
      vertex -47.2025 8.55581 -14.1981
      vertex -47.1371 7.05724 -14.1981
    endloop
  endfacet
  facet normal 0 0 -1
    outer loop
      vertex -47.1371 7.05724 -14.1981
      vertex -47.2025 8.55581 -14.1981
      vertex -47.0499 7.05915 -14.1981
    endloop
  endfacet
  facet normal 0 0 -1
    outer loop
      vertex -47.2025 8.55581 -14.1981
      vertex -47.0499 8.55915 -14.1981
      vertex -47.0499 7.05915 -14.1981
    endloop
  endfacet
  facet normal 0 0 -1
    outer loop
      vertex -47.0499 7.05915 -14.1981
      vertex -47.0499 8.55915 -14.1981
      vertex -46.9626 7.05724 -14.1981
    endloop
  endfacet
  facet normal 0 0 -1
    outer loop
      vertex -47.0499 8.55915 -14.1981
      vertex -46.8972 8.55581 -14.1981
      vertex -46.9626 7.05724 -14.1981
    endloop
  endfacet
  facet normal 0 0 -1
    outer loop
      vertex -46.9626 7.05724 -14.1981
      vertex -46.8972 8.55581 -14.1981
      vertex -46.8756 7.05153 -14.1981
    endloop
  endfacet
  facet normal 0 0 -1
    outer loop
      vertex -46.8972 8.55581 -14.1981
      vertex -46.7448 8.54583 -14.1981
      vertex -46.8756 7.05153 -14.1981
    endloop
  endfacet
  facet normal 0 0 -1
    outer loop
      vertex -46.8756 7.05153 -14.1981
      vertex -46.7448 8.54583 -14.1981
      vertex -46.7888 7.04203 -14.1981
    endloop
  endfacet
  facet normal 0 0 -1
    outer loop
      vertex -46.7448 8.54583 -14.1981
      vertex -46.593 8.5292 -14.1981
      vertex -46.7888 7.04203 -14.1981
    endloop
  endfacet
  facet normal 0 0 -1
    outer loop
      vertex -46.7888 7.04203 -14.1981
      vertex -46.593 8.5292 -14.1981
      vertex -46.7026 7.02876 -14.1981
    endloop
  endfacet
  facet normal 0 0 -1
    outer loop
      vertex -46.593 8.5292 -14.1981
      vertex -46.4421 8.50597 -14.1981
      vertex -46.7026 7.02876 -14.1981
    endloop
  endfacet
  facet normal 0 0 -1
    outer loop
      vertex -46.7026 7.02876 -14.1981
      vertex -46.4421 8.50597 -14.1981
      vertex -46.617 7.01174 -14.1981
    endloop
  endfacet
  facet normal 0 0 -1
    outer loop
      vertex -46.4421 8.50597 -14.1981
      vertex -46.2923 8.47618 -14.1981
      vertex -46.617 7.01174 -14.1981
    endloop
  endfacet
  facet normal 0 0 -1
    outer loop
      vertex -46.617 7.01174 -14.1981
      vertex -46.2923 8.47618 -14.1981
      vertex -46.5322 6.991 -14.1981
    endloop
  endfacet
  facet normal 0 0 -1
    outer loop
      vertex -46.2923 8.47618 -14.1981
      vertex -46.144 8.43989 -14.1981
      vertex -46.5322 6.991 -14.1981
    endloop
  endfacet
  facet normal 0 0 -1
    outer loop
      vertex -46.5322 6.991 -14.1981
      vertex -46.144 8.43989 -14.1981
      vertex -46.4485 6.96658 -14.1981
    endloop
  endfacet
  facet normal 0 0 -1
    outer loop
      vertex -46.144 8.43989 -14.1981
      vertex -45.9974 8.39715 -14.1981
      vertex -46.4485 6.96658 -14.1981
    endloop
  endfacet
  facet normal 0 0 -1
    outer loop
      vertex -46.4485 6.96658 -14.1981
      vertex -45.9974 8.39715 -14.1981
      vertex -46.3658 6.93853 -14.1981
    endloop
  endfacet
  facet normal 0 0 -1
    outer loop
      vertex -45.9974 8.39715 -14.1981
      vertex -45.8528 8.34807 -14.1981
      vertex -46.3658 6.93853 -14.1981
    endloop
  endfacet
  facet normal 0 0 -1
    outer loop
      vertex -46.3658 6.93853 -14.1981
      vertex -45.8528 8.34807 -14.1981
      vertex -46.2845 6.9069 -14.1981
    endloop
  endfacet
  facet normal 0 0 -1
    outer loop
      vertex -45.8528 8.34807 -14.1981
      vertex -45.7105 8.29272 -14.1981
      vertex -46.2845 6.9069 -14.1981
    endloop
  endfacet
  facet normal 0 0 -1
    outer loop
      vertex -46.2845 6.9069 -14.1981
      vertex -45.7105 8.29272 -14.1981
      vertex -46.2046 6.87176 -14.1981
    endloop
  endfacet
  facet normal 0 0 -1
    outer loop
      vertex -45.7105 8.29272 -14.1981
      vertex -45.5707 8.23122 -14.1981
      vertex -46.2046 6.87176 -14.1981
    endloop
  endfacet
  facet normal 0 0 -1
    outer loop
      vertex -46.2046 6.87176 -14.1981
      vertex -45.5707 8.23122 -14.1981
      vertex -46.1264 6.83317 -14.1981
    endloop
  endfacet
  facet normal 0 0 -1
    outer loop
      vertex -45.5707 8.23122 -14.1981
      vertex -45.4338 8.16368 -14.1981
      vertex -46.1264 6.83317 -14.1981
    endloop
  endfacet
  facet normal 0 0 -1
    outer loop
      vertex -46.1264 6.83317 -14.1981
      vertex -45.4338 8.16368 -14.1981
      vertex -46.0499 6.7912 -14.1981
    endloop
  endfacet
  facet normal 0 0 -1
    outer loop
      vertex -45.4338 8.16368 -14.1981
      vertex -45.2999 8.09023 -14.1981
      vertex -46.0499 6.7912 -14.1981
    endloop
  endfacet
  facet normal 0 0 -1
    outer loop
      vertex -46.0499 6.7912 -14.1981
      vertex -45.2999 8.09023 -14.1981
      vertex -45.9753 6.74593 -14.1981
    endloop
  endfacet
  facet normal 0 0 -1
    outer loop
      vertex -45.2999 8.09023 -14.1981
      vertex -45.1693 8.01102 -14.1981
      vertex -45.9753 6.74593 -14.1981
    endloop
  endfacet
  facet normal 0 0 -1
    outer loop
      vertex -45.9753 6.74593 -14.1981
      vertex -45.1693 8.01102 -14.1981
      vertex -45.9027 6.69745 -14.1981
    endloop
  endfacet
  facet normal 0 0 -1
    outer loop
      vertex -45.1693 8.01102 -14.1981
      vertex -45.0424 7.92618 -14.1981
      vertex -45.9027 6.69745 -14.1981
    endloop
  endfacet
  facet normal 0 0 -1
    outer loop
      vertex -45.9027 6.69745 -14.1981
      vertex -45.0424 7.92618 -14.1981
      vertex -45.8324 6.64585 -14.1981
    endloop
  endfacet
  facet normal 0 0 -1
    outer loop
      vertex -45.0424 7.92618 -14.1981
      vertex -44.9192 7.83588 -14.1981
      vertex -45.8324 6.64585 -14.1981
    endloop
  endfacet
  facet normal 0 0 -1
    outer loop
      vertex -45.8324 6.64585 -14.1981
      vertex -44.9192 7.83588 -14.1981
      vertex -45.7643 6.59123 -14.1981
    endloop
  endfacet
  facet normal 0 0 -1
    outer loop
      vertex -44.9192 7.83588 -14.1981
      vertex -44.8001 7.7403 -14.1981
      vertex -45.7643 6.59123 -14.1981
    endloop
  endfacet
  facet normal 0 0 -1
    outer loop
      vertex -45.7643 6.59123 -14.1981
      vertex -44.8001 7.7403 -14.1981
      vertex -45.6987 6.5337 -14.1981
    endloop
  endfacet
  facet normal 0 0 -1
    outer loop
      vertex -44.8001 7.7403 -14.1981
      vertex -44.6853 7.63962 -14.1981
      vertex -45.6987 6.5337 -14.1981
    endloop
  endfacet
  facet normal 0 0 -1
    outer loop
      vertex -45.6987 6.5337 -14.1981
      vertex -44.6853 7.63962 -14.1981
      vertex -45.6357 6.47336 -14.1981
    endloop
  endfacet
  facet normal 0 0 -1
    outer loop
      vertex -44.6853 7.63962 -14.1981
      vertex -44.575 7.53402 -14.1981
      vertex -45.6357 6.47336 -14.1981
    endloop
  endfacet
  facet normal 0 0 -1
    outer loop
      vertex -45.6357 6.47336 -14.1981
      vertex -44.575 7.53402 -14.1981
      vertex -45.5753 6.41033 -14.1981
    endloop
  endfacet
  facet normal 0 0 -1
    outer loop
      vertex -44.575 7.53402 -14.1981
      vertex -44.4694 7.42371 -14.1981
      vertex -45.5753 6.41033 -14.1981
    endloop
  endfacet
  facet normal 0 0 -1
    outer loop
      vertex -45.5753 6.41033 -14.1981
      vertex -44.4694 7.42371 -14.1981
      vertex -45.5178 6.34472 -14.1981
    endloop
  endfacet
  facet normal 0 0 -1
    outer loop
      vertex -44.4694 7.42371 -14.1981
      vertex -44.3687 7.3089 -14.1981
      vertex -45.5178 6.34472 -14.1981
    endloop
  endfacet
  facet normal 0 0 -1
    outer loop
      vertex -45.5178 6.34472 -14.1981
      vertex -44.3687 7.3089 -14.1981
      vertex -45.4632 6.27667 -14.1981
    endloop
  endfacet
  facet normal 0 0 -1
    outer loop
      vertex -44.3687 7.3089 -14.1981
      vertex -44.2731 7.18981 -14.1981
      vertex -45.4632 6.27667 -14.1981
    endloop
  endfacet
  facet normal 0 0 -1
    outer loop
      vertex -45.4632 6.27667 -14.1981
      vertex -44.2731 7.18981 -14.1981
      vertex -45.4116 6.2063 -14.1981
    endloop
  endfacet
  facet normal 0 0 -1
    outer loop
      vertex -44.2731 7.18981 -14.1981
      vertex -44.1829 7.06666 -14.1981
      vertex -45.4116 6.2063 -14.1981
    endloop
  endfacet
  facet normal 0 0 -1
    outer loop
      vertex -45.4116 6.2063 -14.1981
      vertex -44.1829 7.06666 -14.1981
      vertex -45.3631 6.13374 -14.1981
    endloop
  endfacet
  facet normal 0 0 -1
    outer loop
      vertex -44.1829 7.06666 -14.1981
      vertex -44.098 6.93969 -14.1981
      vertex -45.3631 6.13374 -14.1981
    endloop
  endfacet
  facet normal 0 0 -1
    outer loop
      vertex -45.3631 6.13374 -14.1981
      vertex -44.098 6.93969 -14.1981
      vertex -45.3178 6.05915 -14.1981
    endloop
  endfacet
  facet normal 0 0 -1
    outer loop
      vertex -44.098 6.93969 -14.1981
      vertex -44.0188 6.80915 -14.1981
      vertex -45.3178 6.05915 -14.1981
    endloop
  endfacet
  facet normal 0 0 -1
    outer loop
      vertex -45.3178 6.05915 -14.1981
      vertex -44.0188 6.80915 -14.1981
      vertex -45.2759 5.98264 -14.1981
    endloop
  endfacet
  facet normal 0 0 -1
    outer loop
      vertex -44.0188 6.80915 -14.1981
      vertex -43.9453 6.67527 -14.1981
      vertex -45.2759 5.98264 -14.1981
    endloop
  endfacet
  facet normal 0 0 -1
    outer loop
      vertex -45.2759 5.98264 -14.1981
      vertex -43.9453 6.67527 -14.1981
      vertex -45.2373 5.90438 -14.1981
    endloop
  endfacet
  facet normal 0 0 -1
    outer loop
      vertex -43.9453 6.67527 -14.1981
      vertex -43.8778 6.53831 -14.1981
      vertex -45.2373 5.90438 -14.1981
    endloop
  endfacet
  facet normal 0 0 -1
    outer loop
      vertex -45.2373 5.90438 -14.1981
      vertex -43.8778 6.53831 -14.1981
      vertex -45.2021 5.82451 -14.1981
    endloop
  endfacet
  facet normal 0 0 -1
    outer loop
      vertex -43.8778 6.53831 -14.1981
      vertex -43.8163 6.39854 -14.1981
      vertex -45.2021 5.82451 -14.1981
    endloop
  endfacet
  facet normal 0 0 -1
    outer loop
      vertex -45.2021 5.82451 -14.1981
      vertex -43.8163 6.39854 -14.1981
      vertex -45.1705 5.74319 -14.1981
    endloop
  endfacet
  facet normal 0 0 -1
    outer loop
      vertex -43.8163 6.39854 -14.1981
      vertex -43.761 6.25622 -14.1981
      vertex -45.1705 5.74319 -14.1981
    endloop
  endfacet
  facet normal 0 0 -1
    outer loop
      vertex -45.1705 5.74319 -14.1981
      vertex -43.761 6.25622 -14.1981
      vertex -45.1424 5.66056 -14.1981
    endloop
  endfacet
  facet normal 0 0 -1
    outer loop
      vertex -43.761 6.25622 -14.1981
      vertex -43.7119 6.11162 -14.1981
      vertex -45.1424 5.66056 -14.1981
    endloop
  endfacet
  facet normal 0 0 -1
    outer loop
      vertex -45.1424 5.66056 -14.1981
      vertex -43.7119 6.11162 -14.1981
      vertex -45.118 5.57678 -14.1981
    endloop
  endfacet
  facet normal 0 0 -1
    outer loop
      vertex -43.7119 6.11162 -14.1981
      vertex -43.6691 5.96501 -14.1981
      vertex -45.118 5.57678 -14.1981
    endloop
  endfacet
  facet normal 0 0 -1
    outer loop
      vertex -45.118 5.57678 -14.1981
      vertex -43.6691 5.96501 -14.1981
      vertex -45.0973 5.49202 -14.1981
    endloop
  endfacet
  facet normal 0 0 -1
    outer loop
      vertex -43.6691 5.96501 -14.1981
      vertex -43.6328 5.81668 -14.1981
      vertex -45.0973 5.49202 -14.1981
    endloop
  endfacet
  facet normal 0 0 -1
    outer loop
      vertex -45.0973 5.49202 -14.1981
      vertex -43.6328 5.81668 -14.1981
      vertex -45.0803 5.40644 -14.1981
    endloop
  endfacet
  facet normal 0 0 -1
    outer loop
      vertex -43.6328 5.81668 -14.1981
      vertex -43.6031 5.66691 -14.1981
      vertex -45.0803 5.40644 -14.1981
    endloop
  endfacet
  facet normal 0 0 -1
    outer loop
      vertex -45.0803 5.40644 -14.1981
      vertex -43.6031 5.66691 -14.1981
      vertex -45.067 5.3202 -14.1981
    endloop
  endfacet
  facet normal 0 0 -1
    outer loop
      vertex -43.6031 5.66691 -14.1981
      vertex -43.5798 5.51599 -14.1981
      vertex -45.067 5.3202 -14.1981
    endloop
  endfacet
  facet normal 0 0 -1
    outer loop
      vertex -45.067 5.3202 -14.1981
      vertex -43.5798 5.51599 -14.1981
      vertex -45.0575 5.23346 -14.1981
    endloop
  endfacet
  facet normal 0 0 -1
    outer loop
      vertex -43.5798 5.51599 -14.1981
      vertex -43.5632 5.36419 -14.1981
      vertex -45.0575 5.23346 -14.1981
    endloop
  endfacet
  facet normal 0 0 -1
    outer loop
      vertex -45.0575 5.23346 -14.1981
      vertex -43.5632 5.36419 -14.1981
      vertex -45.0518 5.14638 -14.1981
    endloop
  endfacet
  facet normal 0 0 -1
    outer loop
      vertex -43.5632 5.36419 -14.1981
      vertex -43.5532 5.21181 -14.1981
      vertex -45.0518 5.14638 -14.1981
    endloop
  endfacet
  facet normal 0 0 -1
    outer loop
      vertex -45.0518 5.14638 -14.1981
      vertex -43.5532 5.21181 -14.1981
      vertex -45.0499 5.05915 -14.1981
    endloop
  endfacet
  facet normal 0 0 -1
    outer loop
      vertex -43.5532 5.21181 -14.1981
      vertex -43.5499 5.05915 -14.1981
      vertex -45.0499 5.05915 -14.1981
    endloop
  endfacet
  facet normal 0 0 -1
    outer loop
      vertex -45.0499 5.05915 -14.1981
      vertex -43.5499 5.05915 -14.1981
      vertex -45.0518 4.97191 -14.1981
    endloop
  endfacet
  facet normal 0 0 -1
    outer loop
      vertex -43.5499 5.05915 -14.1981
      vertex -43.5532 4.90648 -14.1981
      vertex -45.0518 4.97191 -14.1981
    endloop
  endfacet
  facet normal 0 0 -1
    outer loop
      vertex -45.0518 4.97191 -14.1981
      vertex -43.5532 4.90648 -14.1981
      vertex -45.0575 4.88483 -14.1981
    endloop
  endfacet
  facet normal 0 0 -1
    outer loop
      vertex -43.5532 4.90648 -14.1981
      vertex -43.5632 4.7541 -14.1981
      vertex -45.0575 4.88483 -14.1981
    endloop
  endfacet
  facet normal 0 0 -1
    outer loop
      vertex -45.0575 4.88483 -14.1981
      vertex -43.5632 4.7541 -14.1981
      vertex -45.067 4.79809 -14.1981
    endloop
  endfacet
  facet normal 0 0 -1
    outer loop
      vertex -43.5632 4.7541 -14.1981
      vertex -43.5798 4.6023 -14.1981
      vertex -45.067 4.79809 -14.1981
    endloop
  endfacet
  facet normal 0 0 -1
    outer loop
      vertex -45.067 4.79809 -14.1981
      vertex -43.5798 4.6023 -14.1981
      vertex -45.0803 4.71185 -14.1981
    endloop
  endfacet
  facet normal 0 0 -1
    outer loop
      vertex -43.5798 4.6023 -14.1981
      vertex -43.6031 4.45138 -14.1981
      vertex -45.0803 4.71185 -14.1981
    endloop
  endfacet
  facet normal 0 0 -1
    outer loop
      vertex -45.0803 4.71185 -14.1981
      vertex -43.6031 4.45138 -14.1981
      vertex -45.0973 4.62627 -14.1981
    endloop
  endfacet
  facet normal 0 0 -1
    outer loop
      vertex -43.6031 4.45138 -14.1981
      vertex -43.6328 4.30161 -14.1981
      vertex -45.0973 4.62627 -14.1981
    endloop
  endfacet
  facet normal 0 0 -1
    outer loop
      vertex -45.0973 4.62627 -14.1981
      vertex -43.6328 4.30161 -14.1981
      vertex -45.118 4.54151 -14.1981
    endloop
  endfacet
  facet normal 0 0 -1
    outer loop
      vertex -43.6328 4.30161 -14.1981
      vertex -43.6691 4.15328 -14.1981
      vertex -45.118 4.54151 -14.1981
    endloop
  endfacet
  facet normal 0 0 -1
    outer loop
      vertex -45.118 4.54151 -14.1981
      vertex -43.6691 4.15328 -14.1981
      vertex -45.1424 4.45773 -14.1981
    endloop
  endfacet
  facet normal 0 0 -1
    outer loop
      vertex -43.6691 4.15328 -14.1981
      vertex -43.7119 4.00667 -14.1981
      vertex -45.1424 4.45773 -14.1981
    endloop
  endfacet
  facet normal 0 0 -1
    outer loop
      vertex -45.1424 4.45773 -14.1981
      vertex -43.7119 4.00667 -14.1981
      vertex -45.1705 4.37511 -14.1981
    endloop
  endfacet
  facet normal 0 0 -1
    outer loop
      vertex -43.7119 4.00667 -14.1981
      vertex -43.761 3.86207 -14.1981
      vertex -45.1705 4.37511 -14.1981
    endloop
  endfacet
  facet normal 0 0 -1
    outer loop
      vertex -45.1705 4.37511 -14.1981
      vertex -43.761 3.86207 -14.1981
      vertex -45.2021 4.29378 -14.1981
    endloop
  endfacet
  facet normal 0 0 -1
    outer loop
      vertex -43.761 3.86207 -14.1981
      vertex -43.8163 3.71975 -14.1981
      vertex -45.2021 4.29378 -14.1981
    endloop
  endfacet
  facet normal 0 0 -1
    outer loop
      vertex -45.2021 4.29378 -14.1981
      vertex -43.8163 3.71975 -14.1981
      vertex -45.2373 4.21391 -14.1981
    endloop
  endfacet
  facet normal 0 0 -1
    outer loop
      vertex -43.8163 3.71975 -14.1981
      vertex -43.8778 3.57998 -14.1981
      vertex -45.2373 4.21391 -14.1981
    endloop
  endfacet
  facet normal 0 0 -1
    outer loop
      vertex -45.2373 4.21391 -14.1981
      vertex -43.8778 3.57998 -14.1981
      vertex -45.2759 4.13565 -14.1981
    endloop
  endfacet
  facet normal 0 0 -1
    outer loop
      vertex -43.8778 3.57998 -14.1981
      vertex -43.9453 3.44303 -14.1981
      vertex -45.2759 4.13565 -14.1981
    endloop
  endfacet
  facet normal 0 0 -1
    outer loop
      vertex -45.2759 4.13565 -14.1981
      vertex -43.9453 3.44303 -14.1981
      vertex -45.3178 4.05915 -14.1981
    endloop
  endfacet
  facet normal 0 0 -1
    outer loop
      vertex -43.9453 3.44303 -14.1981
      vertex -44.0188 3.30915 -14.1981
      vertex -45.3178 4.05915 -14.1981
    endloop
  endfacet
  facet normal 0 0 -1
    outer loop
      vertex -45.3178 4.05915 -14.1981
      vertex -44.0188 3.30915 -14.1981
      vertex -45.3631 3.98455 -14.1981
    endloop
  endfacet
  facet normal 0 0 -1
    outer loop
      vertex -44.0188 3.30915 -14.1981
      vertex -44.098 3.1786 -14.1981
      vertex -45.3631 3.98455 -14.1981
    endloop
  endfacet
  facet normal 0 0 -1
    outer loop
      vertex -45.3631 3.98455 -14.1981
      vertex -44.098 3.1786 -14.1981
      vertex -45.4116 3.91199 -14.1981
    endloop
  endfacet
  facet normal 0 0 -1
    outer loop
      vertex -44.098 3.1786 -14.1981
      vertex -44.1829 3.05163 -14.1981
      vertex -45.4116 3.91199 -14.1981
    endloop
  endfacet
  facet normal 0 0 -1
    outer loop
      vertex -45.4116 3.91199 -14.1981
      vertex -44.1829 3.05163 -14.1981
      vertex -45.4632 3.84162 -14.1981
    endloop
  endfacet
  facet normal 0 0 -1
    outer loop
      vertex -44.1829 3.05163 -14.1981
      vertex -44.2731 2.92848 -14.1981
      vertex -45.4632 3.84162 -14.1981
    endloop
  endfacet
  facet normal 0 0 -1
    outer loop
      vertex -45.4632 3.84162 -14.1981
      vertex -44.2731 2.92848 -14.1981
      vertex -45.5178 3.77357 -14.1981
    endloop
  endfacet
  facet normal 0 0 -1
    outer loop
      vertex -44.2731 2.92848 -14.1981
      vertex -44.3687 2.80939 -14.1981
      vertex -45.5178 3.77357 -14.1981
    endloop
  endfacet
  facet normal 0 0 -1
    outer loop
      vertex -45.5178 3.77357 -14.1981
      vertex -44.3687 2.80939 -14.1981
      vertex -45.5753 3.70796 -14.1981
    endloop
  endfacet
  facet normal 0 0 -1
    outer loop
      vertex -44.3687 2.80939 -14.1981
      vertex -44.4694 2.69458 -14.1981
      vertex -45.5753 3.70796 -14.1981
    endloop
  endfacet
  facet normal 0 0 -1
    outer loop
      vertex -45.5753 3.70796 -14.1981
      vertex -44.4694 2.69458 -14.1981
      vertex -45.6357 3.64493 -14.1981
    endloop
  endfacet
  facet normal 0 0 -1
    outer loop
      vertex -44.4694 2.69458 -14.1981
      vertex -44.575 2.58427 -14.1981
      vertex -45.6357 3.64493 -14.1981
    endloop
  endfacet
  facet normal 0 0 -1
    outer loop
      vertex -45.6357 3.64493 -14.1981
      vertex -44.575 2.58427 -14.1981
      vertex -45.6987 3.58459 -14.1981
    endloop
  endfacet
  facet normal 0 0 -1
    outer loop
      vertex -44.575 2.58427 -14.1981
      vertex -44.6853 2.47867 -14.1981
      vertex -45.6987 3.58459 -14.1981
    endloop
  endfacet
  facet normal 0 0 -1
    outer loop
      vertex -45.6987 3.58459 -14.1981
      vertex -44.6853 2.47867 -14.1981
      vertex -45.7643 3.52706 -14.1981
    endloop
  endfacet
  facet normal 0 0 -1
    outer loop
      vertex -44.6853 2.47867 -14.1981
      vertex -44.8001 2.37799 -14.1981
      vertex -45.7643 3.52706 -14.1981
    endloop
  endfacet
  facet normal 0 0 -1
    outer loop
      vertex -45.7643 3.52706 -14.1981
      vertex -44.8001 2.37799 -14.1981
      vertex -45.8324 3.47244 -14.1981
    endloop
  endfacet
  facet normal 0 0 -1
    outer loop
      vertex -44.8001 2.37799 -14.1981
      vertex -44.9192 2.28241 -14.1981
      vertex -45.8324 3.47244 -14.1981
    endloop
  endfacet
  facet normal 0 0 -1
    outer loop
      vertex -45.8324 3.47244 -14.1981
      vertex -44.9192 2.28241 -14.1981
      vertex -45.9027 3.42084 -14.1981
    endloop
  endfacet
  facet normal 0 0 -1
    outer loop
      vertex -44.9192 2.28241 -14.1981
      vertex -45.0424 2.19211 -14.1981
      vertex -45.9027 3.42084 -14.1981
    endloop
  endfacet
  facet normal 0 0 -1
    outer loop
      vertex -45.9027 3.42084 -14.1981
      vertex -45.0424 2.19211 -14.1981
      vertex -45.9753 3.37236 -14.1981
    endloop
  endfacet
  facet normal 0 0 -1
    outer loop
      vertex -45.0424 2.19211 -14.1981
      vertex -45.1693 2.10728 -14.1981
      vertex -45.9753 3.37236 -14.1981
    endloop
  endfacet
  facet normal 0 0 -1
    outer loop
      vertex -45.9753 3.37236 -14.1981
      vertex -45.1693 2.10728 -14.1981
      vertex -46.0499 3.32709 -14.1981
    endloop
  endfacet
  facet normal 0 0 -1
    outer loop
      vertex -45.1693 2.10728 -14.1981
      vertex -45.2999 2.02806 -14.1981
      vertex -46.0499 3.32709 -14.1981
    endloop
  endfacet
  facet normal 0 0 -1
    outer loop
      vertex -46.0499 3.32709 -14.1981
      vertex -45.2999 2.02806 -14.1981
      vertex -46.1264 3.28512 -14.1981
    endloop
  endfacet
  facet normal 0 0 -1
    outer loop
      vertex -45.2999 2.02806 -14.1981
      vertex -45.4338 1.95461 -14.1981
      vertex -46.1264 3.28512 -14.1981
    endloop
  endfacet
  facet normal 0 0 -1
    outer loop
      vertex -46.1264 3.28512 -14.1981
      vertex -45.4338 1.95461 -14.1981
      vertex -46.2046 3.24653 -14.1981
    endloop
  endfacet
  facet normal 0 0 -1
    outer loop
      vertex -45.4338 1.95461 -14.1981
      vertex -45.5707 1.88707 -14.1981
      vertex -46.2046 3.24653 -14.1981
    endloop
  endfacet
  facet normal 0 0 -1
    outer loop
      vertex -46.2046 3.24653 -14.1981
      vertex -45.5707 1.88707 -14.1981
      vertex -46.2845 3.21139 -14.1981
    endloop
  endfacet
  facet normal 0 0 -1
    outer loop
      vertex -45.5707 1.88707 -14.1981
      vertex -45.7105 1.82557 -14.1981
      vertex -46.2845 3.21139 -14.1981
    endloop
  endfacet
  facet normal 0 0 -1
    outer loop
      vertex -46.2845 3.21139 -14.1981
      vertex -45.7105 1.82557 -14.1981
      vertex -46.3658 3.17976 -14.1981
    endloop
  endfacet
  facet normal 0 0 -1
    outer loop
      vertex -45.7105 1.82557 -14.1981
      vertex -45.8528 1.77022 -14.1981
      vertex -46.3658 3.17976 -14.1981
    endloop
  endfacet
  facet normal 0 0 -1
    outer loop
      vertex -46.3658 3.17976 -14.1981
      vertex -45.8528 1.77022 -14.1981
      vertex -46.4485 3.15171 -14.1981
    endloop
  endfacet
  facet normal 0 0 -1
    outer loop
      vertex -45.8528 1.77022 -14.1981
      vertex -45.9974 1.72114 -14.1981
      vertex -46.4485 3.15171 -14.1981
    endloop
  endfacet
  facet normal 0 0 -1
    outer loop
      vertex -46.4485 3.15171 -14.1981
      vertex -45.9974 1.72114 -14.1981
      vertex -46.5322 3.12729 -14.1981
    endloop
  endfacet
  facet normal 0 0 -1
    outer loop
      vertex -45.9974 1.72114 -14.1981
      vertex -46.144 1.6784 -14.1981
      vertex -46.5322 3.12729 -14.1981
    endloop
  endfacet
  facet normal 0 0 -1
    outer loop
      vertex -46.5322 3.12729 -14.1981
      vertex -46.144 1.6784 -14.1981
      vertex -46.617 3.10655 -14.1981
    endloop
  endfacet
  facet normal 0 0 -1
    outer loop
      vertex -46.144 1.6784 -14.1981
      vertex -46.2923 1.64211 -14.1981
      vertex -46.617 3.10655 -14.1981
    endloop
  endfacet
  facet normal 0 0 -1
    outer loop
      vertex -46.617 3.10655 -14.1981
      vertex -46.2923 1.64211 -14.1981
      vertex -46.7026 3.08953 -14.1981
    endloop
  endfacet
  facet normal 0 0 -1
    outer loop
      vertex -46.2923 1.64211 -14.1981
      vertex -46.4421 1.61232 -14.1981
      vertex -46.7026 3.08953 -14.1981
    endloop
  endfacet
  facet normal 0 0 -1
    outer loop
      vertex -46.7026 3.08953 -14.1981
      vertex -46.4421 1.61232 -14.1981
      vertex -46.7888 3.07626 -14.1981
    endloop
  endfacet
  facet normal 0 0 -1
    outer loop
      vertex -46.4421 1.61232 -14.1981
      vertex -46.593 1.58909 -14.1981
      vertex -46.7888 3.07626 -14.1981
    endloop
  endfacet
  facet normal 0 0 -1
    outer loop
      vertex -46.7888 3.07626 -14.1981
      vertex -46.593 1.58909 -14.1981
      vertex -46.8756 3.06676 -14.1981
    endloop
  endfacet
  facet normal 0 0 -1
    outer loop
      vertex -46.593 1.58909 -14.1981
      vertex -46.7448 1.57246 -14.1981
      vertex -46.8756 3.06676 -14.1981
    endloop
  endfacet
  facet normal 0 0 -1
    outer loop
      vertex -46.8756 3.06676 -14.1981
      vertex -46.7448 1.57246 -14.1981
      vertex -46.9626 3.06105 -14.1981
    endloop
  endfacet
  facet normal 0 0 -1
    outer loop
      vertex -46.7448 1.57246 -14.1981
      vertex -46.8972 1.56248 -14.1981
      vertex -46.9626 3.06105 -14.1981
    endloop
  endfacet
  facet normal 0 0 -1
    outer loop
      vertex -46.9626 3.06105 -14.1981
      vertex -46.8972 1.56248 -14.1981
      vertex -47.0499 3.05915 -14.1981
    endloop
  endfacet
  facet normal 0 0 -1
    outer loop
      vertex -46.8972 1.56248 -14.1981
      vertex -47.0499 1.55915 -14.1981
      vertex -47.0499 3.05915 -14.1981
    endloop
  endfacet
  facet normal 0 0 -1
    outer loop
      vertex -47.0499 3.05915 -14.1981
      vertex -47.0499 1.55915 -14.1981
      vertex -47.1371 3.06105 -14.1981
    endloop
  endfacet
  facet normal 0 0 -1
    outer loop
      vertex -47.0499 1.55915 -14.1981
      vertex -47.2025 1.56248 -14.1981
      vertex -47.1371 3.06105 -14.1981
    endloop
  endfacet
  facet normal 0 0 -1
    outer loop
      vertex -47.1371 3.06105 -14.1981
      vertex -47.2025 1.56248 -14.1981
      vertex -47.2242 3.06676 -14.1981
    endloop
  endfacet
  facet normal 0 0 -1
    outer loop
      vertex -47.2025 1.56248 -14.1981
      vertex -47.3549 1.57246 -14.1981
      vertex -47.2242 3.06676 -14.1981
    endloop
  endfacet
  facet normal 0 0 -1
    outer loop
      vertex -47.2242 3.06676 -14.1981
      vertex -47.3549 1.57246 -14.1981
      vertex -47.3109 3.07626 -14.1981
    endloop
  endfacet
  facet normal 0 0 -1
    outer loop
      vertex -47.3549 1.57246 -14.1981
      vertex -47.5067 1.58909 -14.1981
      vertex -47.3109 3.07626 -14.1981
    endloop
  endfacet
  facet normal 0 0 -1
    outer loop
      vertex -47.3109 3.07626 -14.1981
      vertex -47.5067 1.58909 -14.1981
      vertex -47.3972 3.08953 -14.1981
    endloop
  endfacet
  facet normal 0 0 -1
    outer loop
      vertex -47.5067 1.58909 -14.1981
      vertex -47.6577 1.61232 -14.1981
      vertex -47.3972 3.08953 -14.1981
    endloop
  endfacet
  facet normal 0 0 -1
    outer loop
      vertex -47.3972 3.08953 -14.1981
      vertex -47.6577 1.61232 -14.1981
      vertex -47.4828 3.10655 -14.1981
    endloop
  endfacet
  facet normal 0 0 -1
    outer loop
      vertex -47.6577 1.61232 -14.1981
      vertex -47.8074 1.64211 -14.1981
      vertex -47.4828 3.10655 -14.1981
    endloop
  endfacet
  facet normal 0 0 -1
    outer loop
      vertex -47.4828 3.10655 -14.1981
      vertex -47.8074 1.64211 -14.1981
      vertex -47.5675 3.12729 -14.1981
    endloop
  endfacet
  facet normal 0 0 -1
    outer loop
      vertex -47.8074 1.64211 -14.1981
      vertex -47.9558 1.6784 -14.1981
      vertex -47.5675 3.12729 -14.1981
    endloop
  endfacet
  facet normal 0 0 -1
    outer loop
      vertex -47.5675 3.12729 -14.1981
      vertex -47.9558 1.6784 -14.1981
      vertex -47.6513 3.15171 -14.1981
    endloop
  endfacet
  facet normal 0 0 -1
    outer loop
      vertex -47.9558 1.6784 -14.1981
      vertex -48.1024 1.72114 -14.1981
      vertex -47.6513 3.15171 -14.1981
    endloop
  endfacet
  facet normal 0 0 -1
    outer loop
      vertex -47.6513 3.15171 -14.1981
      vertex -48.1024 1.72114 -14.1981
      vertex -47.7339 3.17976 -14.1981
    endloop
  endfacet
  facet normal 0 0 -1
    outer loop
      vertex -48.1024 1.72114 -14.1981
      vertex -48.247 1.77022 -14.1981
      vertex -47.7339 3.17976 -14.1981
    endloop
  endfacet
  facet normal 0 0 -1
    outer loop
      vertex -47.7339 3.17976 -14.1981
      vertex -48.247 1.77022 -14.1981
      vertex -47.8153 3.21139 -14.1981
    endloop
  endfacet
  facet normal 0 0 -1
    outer loop
      vertex -48.247 1.77022 -14.1981
      vertex -48.3893 1.82557 -14.1981
      vertex -47.8153 3.21139 -14.1981
    endloop
  endfacet
  facet normal 0 0 -1
    outer loop
      vertex -47.8153 3.21139 -14.1981
      vertex -48.3893 1.82557 -14.1981
      vertex -47.8951 3.24653 -14.1981
    endloop
  endfacet
  facet normal 0 0 -1
    outer loop
      vertex -48.3893 1.82557 -14.1981
      vertex -48.529 1.88707 -14.1981
      vertex -47.8951 3.24653 -14.1981
    endloop
  endfacet
  facet normal 0 0 -1
    outer loop
      vertex -47.8951 3.24653 -14.1981
      vertex -48.529 1.88707 -14.1981
      vertex -47.9734 3.28512 -14.1981
    endloop
  endfacet
  facet normal 0 0 -1
    outer loop
      vertex -48.529 1.88707 -14.1981
      vertex -48.666 1.95461 -14.1981
      vertex -47.9734 3.28512 -14.1981
    endloop
  endfacet
  facet normal 0 0 -1
    outer loop
      vertex -47.9734 3.28512 -14.1981
      vertex -48.666 1.95461 -14.1981
      vertex -48.0499 3.32709 -14.1981
    endloop
  endfacet
  facet normal 0 0 -1
    outer loop
      vertex -48.666 1.95461 -14.1981
      vertex -48.7999 2.02806 -14.1981
      vertex -48.0499 3.32709 -14.1981
    endloop
  endfacet
  facet normal 0 0 -1
    outer loop
      vertex -48.0499 3.32709 -14.1981
      vertex -48.7999 2.02806 -14.1981
      vertex -48.1245 3.37236 -14.1981
    endloop
  endfacet
  facet normal 0 0 -1
    outer loop
      vertex -48.7999 2.02806 -14.1981
      vertex -48.9304 2.10728 -14.1981
      vertex -48.1245 3.37236 -14.1981
    endloop
  endfacet
  facet normal 0 0 -1
    outer loop
      vertex -48.1245 3.37236 -14.1981
      vertex -48.9304 2.10728 -14.1981
      vertex -48.197 3.42084 -14.1981
    endloop
  endfacet
  facet normal 0 0 -1
    outer loop
      vertex -48.9304 2.10728 -14.1981
      vertex -49.0574 2.19211 -14.1981
      vertex -48.197 3.42084 -14.1981
    endloop
  endfacet
  facet normal 0 0 -1
    outer loop
      vertex -48.197 3.42084 -14.1981
      vertex -49.0574 2.19211 -14.1981
      vertex -48.2674 3.47244 -14.1981
    endloop
  endfacet
  facet normal 0 0 -1
    outer loop
      vertex -49.0574 2.19211 -14.1981
      vertex -49.1805 2.28241 -14.1981
      vertex -48.2674 3.47244 -14.1981
    endloop
  endfacet
  facet normal 0 0 -1
    outer loop
      vertex -48.2674 3.47244 -14.1981
      vertex -49.1805 2.28241 -14.1981
      vertex -48.3355 3.52706 -14.1981
    endloop
  endfacet
  facet normal 0 0 -1
    outer loop
      vertex -49.1805 2.28241 -14.1981
      vertex -49.2996 2.37799 -14.1981
      vertex -48.3355 3.52706 -14.1981
    endloop
  endfacet
  facet normal 0 0 -1
    outer loop
      vertex -48.3355 3.52706 -14.1981
      vertex -49.2996 2.37799 -14.1981
      vertex -48.4011 3.58459 -14.1981
    endloop
  endfacet
  facet normal 0 0 -1
    outer loop
      vertex -49.2996 2.37799 -14.1981
      vertex -49.4144 2.47867 -14.1981
      vertex -48.4011 3.58459 -14.1981
    endloop
  endfacet
  facet normal 0 0 -1
    outer loop
      vertex -48.4011 3.58459 -14.1981
      vertex -49.4144 2.47867 -14.1981
      vertex -48.4641 3.64493 -14.1981
    endloop
  endfacet
  facet normal 0 0 -1
    outer loop
      vertex -49.4144 2.47867 -14.1981
      vertex -49.5248 2.58427 -14.1981
      vertex -48.4641 3.64493 -14.1981
    endloop
  endfacet
  facet normal 0 0 -1
    outer loop
      vertex -48.4641 3.64493 -14.1981
      vertex -49.5248 2.58427 -14.1981
      vertex -48.5244 3.70796 -14.1981
    endloop
  endfacet
  facet normal 0 0 -1
    outer loop
      vertex -49.5248 2.58427 -14.1981
      vertex -49.6304 2.69458 -14.1981
      vertex -48.5244 3.70796 -14.1981
    endloop
  endfacet
  facet normal 0 0 -1
    outer loop
      vertex -48.5244 3.70796 -14.1981
      vertex -49.6304 2.69458 -14.1981
      vertex -48.582 3.77357 -14.1981
    endloop
  endfacet
  facet normal 0 0 -1
    outer loop
      vertex -49.6304 2.69458 -14.1981
      vertex -49.731 2.80939 -14.1981
      vertex -48.582 3.77357 -14.1981
    endloop
  endfacet
  facet normal 0 0 -1
    outer loop
      vertex -48.582 3.77357 -14.1981
      vertex -49.731 2.80939 -14.1981
      vertex -48.6366 3.84162 -14.1981
    endloop
  endfacet
  facet normal 0 0 -1
    outer loop
      vertex -49.731 2.80939 -14.1981
      vertex -49.8266 2.92848 -14.1981
      vertex -48.6366 3.84162 -14.1981
    endloop
  endfacet
  facet normal 0 0 -1
    outer loop
      vertex -48.6366 3.84162 -14.1981
      vertex -49.8266 2.92848 -14.1981
      vertex -48.6882 3.91199 -14.1981
    endloop
  endfacet
  facet normal 0 0 -1
    outer loop
      vertex -49.8266 2.92848 -14.1981
      vertex -49.9169 3.05163 -14.1981
      vertex -48.6882 3.91199 -14.1981
    endloop
  endfacet
  facet normal 0 0 -1
    outer loop
      vertex -48.6882 3.91199 -14.1981
      vertex -49.9169 3.05163 -14.1981
      vertex -48.7367 3.98455 -14.1981
    endloop
  endfacet
  facet normal 0 0 -1
    outer loop
      vertex -49.9169 3.05163 -14.1981
      vertex -50.0018 3.1786 -14.1981
      vertex -48.7367 3.98455 -14.1981
    endloop
  endfacet
  facet normal 0 0 -1
    outer loop
      vertex -48.7367 3.98455 -14.1981
      vertex -50.0018 3.1786 -14.1981
      vertex -48.7819 4.05915 -14.1981
    endloop
  endfacet
  facet normal 0 0 -1
    outer loop
      vertex -50.0018 3.1786 -14.1981
      vertex -50.081 3.30915 -14.1981
      vertex -48.7819 4.05915 -14.1981
    endloop
  endfacet
  facet normal 0 0 -1
    outer loop
      vertex -48.7819 4.05915 -14.1981
      vertex -50.081 3.30915 -14.1981
      vertex -48.8239 4.13565 -14.1981
    endloop
  endfacet
  facet normal 0 0 -1
    outer loop
      vertex -50.081 3.30915 -14.1981
      vertex -50.1544 3.44303 -14.1981
      vertex -48.8239 4.13565 -14.1981
    endloop
  endfacet
  facet normal 0 0 -1
    outer loop
      vertex -48.8239 4.13565 -14.1981
      vertex -50.1544 3.44303 -14.1981
      vertex -48.8625 4.21391 -14.1981
    endloop
  endfacet
  facet normal 0 0 -1
    outer loop
      vertex -50.1544 3.44303 -14.1981
      vertex -50.222 3.57998 -14.1981
      vertex -48.8625 4.21391 -14.1981
    endloop
  endfacet
  facet normal 0 0 -1
    outer loop
      vertex -48.8625 4.21391 -14.1981
      vertex -50.222 3.57998 -14.1981
      vertex -48.8976 4.29378 -14.1981
    endloop
  endfacet
  facet normal 0 0 -1
    outer loop
      vertex -50.222 3.57998 -14.1981
      vertex -50.2835 3.71975 -14.1981
      vertex -48.8976 4.29378 -14.1981
    endloop
  endfacet
  facet normal 0 0 -1
    outer loop
      vertex -48.8976 4.29378 -14.1981
      vertex -50.2835 3.71975 -14.1981
      vertex -48.9293 4.37511 -14.1981
    endloop
  endfacet
  facet normal 0 0 -1
    outer loop
      vertex -50.2835 3.71975 -14.1981
      vertex -50.3388 3.86207 -14.1981
      vertex -48.9293 4.37511 -14.1981
    endloop
  endfacet
  facet normal 0 0 -1
    outer loop
      vertex -48.9293 4.37511 -14.1981
      vertex -50.3388 3.86207 -14.1981
      vertex -48.9573 4.45773 -14.1981
    endloop
  endfacet
  facet normal 0 0 -1
    outer loop
      vertex -50.3388 3.86207 -14.1981
      vertex -50.3879 4.00667 -14.1981
      vertex -48.9573 4.45773 -14.1981
    endloop
  endfacet
  facet normal 0 0 -1
    outer loop
      vertex -48.9573 4.45773 -14.1981
      vertex -50.3879 4.00667 -14.1981
      vertex -48.9817 4.54151 -14.1981
    endloop
  endfacet
  facet normal 0 0 -1
    outer loop
      vertex -50.3879 4.00667 -14.1981
      vertex -50.4306 4.15328 -14.1981
      vertex -48.9817 4.54151 -14.1981
    endloop
  endfacet
  facet normal 0 0 -1
    outer loop
      vertex -48.9817 4.54151 -14.1981
      vertex -50.4306 4.15328 -14.1981
      vertex -49.0025 4.62627 -14.1981
    endloop
  endfacet
  facet normal 0 0 -1
    outer loop
      vertex -50.4306 4.15328 -14.1981
      vertex -50.4669 4.30161 -14.1981
      vertex -49.0025 4.62627 -14.1981
    endloop
  endfacet
  facet normal 0 0 -1
    outer loop
      vertex -49.0025 4.62627 -14.1981
      vertex -50.4669 4.30161 -14.1981
      vertex -49.0195 4.71185 -14.1981
    endloop
  endfacet
  facet normal 0 0 -1
    outer loop
      vertex -50.4669 4.30161 -14.1981
      vertex -50.4967 4.45138 -14.1981
      vertex -49.0195 4.71185 -14.1981
    endloop
  endfacet
  facet normal 0 0 -1
    outer loop
      vertex -49.0195 4.71185 -14.1981
      vertex -50.4967 4.45138 -14.1981
      vertex -49.0328 4.79809 -14.1981
    endloop
  endfacet
  facet normal 0 0 -1
    outer loop
      vertex -50.4967 4.45138 -14.1981
      vertex -50.5199 4.6023 -14.1981
      vertex -49.0328 4.79809 -14.1981
    endloop
  endfacet
  facet normal 0 0 -1
    outer loop
      vertex -49.0328 4.79809 -14.1981
      vertex -50.5199 4.6023 -14.1981
      vertex -49.0423 4.88483 -14.1981
    endloop
  endfacet
  facet normal 0 0 -1
    outer loop
      vertex -50.5199 4.6023 -14.1981
      vertex -50.5366 4.7541 -14.1981
      vertex -49.0423 4.88483 -14.1981
    endloop
  endfacet
  facet normal 0 0 -1
    outer loop
      vertex -49.0423 4.88483 -14.1981
      vertex -50.5366 4.7541 -14.1981
      vertex -49.048 4.97191 -14.1981
    endloop
  endfacet
  facet normal 0 0 -1
    outer loop
      vertex -50.5366 4.7541 -14.1981
      vertex -50.5466 4.90648 -14.1981
      vertex -49.048 4.97191 -14.1981
    endloop
  endfacet
  facet normal 0 0 -1
    outer loop
      vertex -49.048 4.97191 -14.1981
      vertex -50.5466 4.90648 -14.1981
      vertex -49.0499 5.05915 -14.1981
    endloop
  endfacet
  facet normal 0 0 -1
    outer loop
      vertex -50.5466 4.90648 -14.1981
      vertex -50.5499 5.05915 -14.1981
      vertex -49.0499 5.05915 -14.1981
    endloop
  endfacet
  facet normal 0 0 -1
    outer loop
      vertex -49.0499 5.05915 -14.1981
      vertex -50.5499 5.05915 -14.1981
      vertex -49.048 5.14638 -14.1981
    endloop
  endfacet
  facet normal 0 0 -1
    outer loop
      vertex -50.5499 5.05915 -14.1981
      vertex -50.5466 5.21181 -14.1981
      vertex -49.048 5.14638 -14.1981
    endloop
  endfacet
  facet normal 0 0 -1
    outer loop
      vertex -49.048 5.14638 -14.1981
      vertex -50.5466 5.21181 -14.1981
      vertex -49.0423 5.23346 -14.1981
    endloop
  endfacet
  facet normal 0 0 -1
    outer loop
      vertex -50.5466 5.21181 -14.1981
      vertex -50.5366 5.36419 -14.1981
      vertex -49.0423 5.23346 -14.1981
    endloop
  endfacet
  facet normal 0 0 -1
    outer loop
      vertex -49.0423 5.23346 -14.1981
      vertex -50.5366 5.36419 -14.1981
      vertex -49.0328 5.3202 -14.1981
    endloop
  endfacet
  facet normal 0 0 -1
    outer loop
      vertex -50.5366 5.36419 -14.1981
      vertex -50.5199 5.51599 -14.1981
      vertex -49.0328 5.3202 -14.1981
    endloop
  endfacet
  facet normal 0 0 -1
    outer loop
      vertex -49.0328 5.3202 -14.1981
      vertex -50.5199 5.51599 -14.1981
      vertex -49.0195 5.40644 -14.1981
    endloop
  endfacet
  facet normal 0 0 -1
    outer loop
      vertex -50.5199 5.51599 -14.1981
      vertex -50.4967 5.66691 -14.1981
      vertex -49.0195 5.40644 -14.1981
    endloop
  endfacet
  facet normal 0 0 -1
    outer loop
      vertex -49.0195 5.40644 -14.1981
      vertex -50.4967 5.66691 -14.1981
      vertex -49.0025 5.49202 -14.1981
    endloop
  endfacet
  facet normal 0 0 -1
    outer loop
      vertex -50.4967 5.66691 -14.1981
      vertex -50.4669 5.81668 -14.1981
      vertex -49.0025 5.49202 -14.1981
    endloop
  endfacet
  facet normal 0 0 -1
    outer loop
      vertex -49.0025 5.49202 -14.1981
      vertex -50.4669 5.81668 -14.1981
      vertex -48.9817 5.57678 -14.1981
    endloop
  endfacet
  facet normal 0 0 -1
    outer loop
      vertex -50.4669 5.81668 -14.1981
      vertex -50.4306 5.96501 -14.1981
      vertex -48.9817 5.57678 -14.1981
    endloop
  endfacet
  facet normal 0 0 -1
    outer loop
      vertex -48.9817 5.57678 -14.1981
      vertex -50.4306 5.96501 -14.1981
      vertex -48.9573 5.66056 -14.1981
    endloop
  endfacet
  facet normal 0 0 -1
    outer loop
      vertex -50.4306 5.96501 -14.1981
      vertex -50.3879 6.11162 -14.1981
      vertex -48.9573 5.66056 -14.1981
    endloop
  endfacet
  facet normal 0 0 -1
    outer loop
      vertex -48.9573 5.66056 -14.1981
      vertex -50.3879 6.11162 -14.1981
      vertex -48.9293 5.74319 -14.1981
    endloop
  endfacet
  facet normal 0 0 -1
    outer loop
      vertex -50.3879 6.11162 -14.1981
      vertex -50.3388 6.25622 -14.1981
      vertex -48.9293 5.74319 -14.1981
    endloop
  endfacet
  facet normal 0 0 -1
    outer loop
      vertex -48.9293 5.74319 -14.1981
      vertex -50.3388 6.25622 -14.1981
      vertex -48.8976 5.82451 -14.1981
    endloop
  endfacet
  facet normal 0 0 -1
    outer loop
      vertex -50.3388 6.25622 -14.1981
      vertex -50.2835 6.39854 -14.1981
      vertex -48.8976 5.82451 -14.1981
    endloop
  endfacet
  facet normal 0 0 -1
    outer loop
      vertex -48.8976 5.82451 -14.1981
      vertex -50.2835 6.39854 -14.1981
      vertex -48.8625 5.90438 -14.1981
    endloop
  endfacet
  facet normal 0 0 -1
    outer loop
      vertex -50.2835 6.39854 -14.1981
      vertex -50.222 6.53831 -14.1981
      vertex -48.8625 5.90438 -14.1981
    endloop
  endfacet
  facet normal 0 0 -1
    outer loop
      vertex -48.8625 5.90438 -14.1981
      vertex -50.222 6.53831 -14.1981
      vertex -48.8239 5.98264 -14.1981
    endloop
  endfacet
  facet normal 0 0 -1
    outer loop
      vertex -50.222 6.53831 -14.1981
      vertex -50.1544 6.67527 -14.1981
      vertex -48.8239 5.98264 -14.1981
    endloop
  endfacet
  facet normal 0 0 -1
    outer loop
      vertex -48.8239 5.98264 -14.1981
      vertex -50.1544 6.67527 -14.1981
      vertex -48.7819 6.05915 -14.1981
    endloop
  endfacet
  facet normal 0 0 -1
    outer loop
      vertex -50.1544 6.67527 -14.1981
      vertex -50.081 6.80915 -14.1981
      vertex -48.7819 6.05915 -14.1981
    endloop
  endfacet
  facet normal 0 0 -1
    outer loop
      vertex -48.7819 6.05915 -14.1981
      vertex -50.081 6.80915 -14.1981
      vertex -48.7367 6.13374 -14.1981
    endloop
  endfacet
  facet normal 0 0 -1
    outer loop
      vertex -50.081 6.80915 -14.1981
      vertex -50.0018 6.93969 -14.1981
      vertex -48.7367 6.13374 -14.1981
    endloop
  endfacet
  facet normal 0 0 -1
    outer loop
      vertex -48.7367 6.13374 -14.1981
      vertex -50.0018 6.93969 -14.1981
      vertex -48.6882 6.2063 -14.1981
    endloop
  endfacet
  facet normal 0 0 -1
    outer loop
      vertex -50.0018 6.93969 -14.1981
      vertex -49.9169 7.06666 -14.1981
      vertex -48.6882 6.2063 -14.1981
    endloop
  endfacet
  facet normal 0 0 -1
    outer loop
      vertex -48.6882 6.2063 -14.1981
      vertex -49.9169 7.06666 -14.1981
      vertex -48.6366 6.27667 -14.1981
    endloop
  endfacet
  facet normal 0 0 -1
    outer loop
      vertex -49.9169 7.06666 -14.1981
      vertex -49.8266 7.18981 -14.1981
      vertex -48.6366 6.27667 -14.1981
    endloop
  endfacet
  facet normal 0 0 -1
    outer loop
      vertex -48.6366 6.27667 -14.1981
      vertex -49.8266 7.18981 -14.1981
      vertex -48.582 6.34472 -14.1981
    endloop
  endfacet
  facet normal 0 0 -1
    outer loop
      vertex -49.8266 7.18981 -14.1981
      vertex -49.731 7.3089 -14.1981
      vertex -48.582 6.34472 -14.1981
    endloop
  endfacet
  facet normal 0 0 -1
    outer loop
      vertex -48.582 6.34472 -14.1981
      vertex -49.731 7.3089 -14.1981
      vertex -48.5244 6.41033 -14.1981
    endloop
  endfacet
  facet normal 0 0 -1
    outer loop
      vertex -49.731 7.3089 -14.1981
      vertex -49.6304 7.42371 -14.1981
      vertex -48.5244 6.41033 -14.1981
    endloop
  endfacet
  facet normal 0 0 -1
    outer loop
      vertex -48.5244 6.41033 -14.1981
      vertex -49.6304 7.42371 -14.1981
      vertex -48.4641 6.47336 -14.1981
    endloop
  endfacet
  facet normal 0 0 -1
    outer loop
      vertex -49.6304 7.42371 -14.1981
      vertex -49.5248 7.53402 -14.1981
      vertex -48.4641 6.47336 -14.1981
    endloop
  endfacet
  facet normal 0 0 -1
    outer loop
      vertex -48.4641 6.47336 -14.1981
      vertex -49.5248 7.53402 -14.1981
      vertex -48.4011 6.5337 -14.1981
    endloop
  endfacet
  facet normal 0 0 -1
    outer loop
      vertex -49.5248 7.53402 -14.1981
      vertex -49.4144 7.63962 -14.1981
      vertex -48.4011 6.5337 -14.1981
    endloop
  endfacet
  facet normal 0 0 -1
    outer loop
      vertex -48.4011 6.5337 -14.1981
      vertex -49.4144 7.63962 -14.1981
      vertex -48.3355 6.59123 -14.1981
    endloop
  endfacet
  facet normal 0 0 -1
    outer loop
      vertex -49.4144 7.63962 -14.1981
      vertex -49.2996 7.7403 -14.1981
      vertex -48.3355 6.59123 -14.1981
    endloop
  endfacet
  facet normal 0 0 -1
    outer loop
      vertex -48.3355 6.59123 -14.1981
      vertex -49.2996 7.7403 -14.1981
      vertex -48.2674 6.64585 -14.1981
    endloop
  endfacet
  facet normal 0 0 -1
    outer loop
      vertex -49.2996 7.7403 -14.1981
      vertex -49.1805 7.83588 -14.1981
      vertex -48.2674 6.64585 -14.1981
    endloop
  endfacet
  facet normal 0 0 -1
    outer loop
      vertex -48.2674 6.64585 -14.1981
      vertex -49.1805 7.83588 -14.1981
      vertex -48.197 6.69745 -14.1981
    endloop
  endfacet
  facet normal 0 0 -1
    outer loop
      vertex -49.1805 7.83588 -14.1981
      vertex -49.0574 7.92618 -14.1981
      vertex -48.197 6.69745 -14.1981
    endloop
  endfacet
  facet normal 0 0 -1
    outer loop
      vertex -48.197 6.69745 -14.1981
      vertex -49.0574 7.92618 -14.1981
      vertex -48.1245 6.74593 -14.1981
    endloop
  endfacet
  facet normal 0 0 -1
    outer loop
      vertex -49.0574 7.92618 -14.1981
      vertex -48.9304 8.01102 -14.1981
      vertex -48.1245 6.74593 -14.1981
    endloop
  endfacet
  facet normal 0.999763 -0.021761 0
    outer loop
      vertex -130.776 -39.9136 -14.1981
      vertex -130.776 -39.9136 -17.1981
      vertex -130.773 -39.7609 -14.1981
    endloop
  endfacet
  facet normal 0.999763 -0.021761 0
    outer loop
      vertex -130.776 -39.9136 -17.1981
      vertex -130.773 -39.7609 -17.1981
      vertex -130.773 -39.7609 -14.1981
    endloop
  endfacet
  facet normal 0.99786 -0.0653791 0
    outer loop
      vertex -130.773 -39.7609 -14.1981
      vertex -130.773 -39.7609 -17.1981
      vertex -130.763 -39.6085 -14.1981
    endloop
  endfacet
  facet normal 0.99786 -0.0653791 0
    outer loop
      vertex -130.773 -39.7609 -17.1981
      vertex -130.763 -39.6085 -17.1981
      vertex -130.763 -39.6085 -14.1981
    endloop
  endfacet
  facet normal 0.994052 -0.108902 0
    outer loop
      vertex -130.763 -39.6085 -14.1981
      vertex -130.763 -39.6085 -17.1981
      vertex -130.746 -39.4567 -14.1981
    endloop
  endfacet
  facet normal 0.994052 -0.108902 0
    outer loop
      vertex -130.763 -39.6085 -17.1981
      vertex -130.746 -39.4567 -17.1981
      vertex -130.746 -39.4567 -14.1981
    endloop
  endfacet
  facet normal 0.98836 -0.152131 0
    outer loop
      vertex -130.746 -39.4567 -14.1981
      vertex -130.746 -39.4567 -17.1981
      vertex -130.723 -39.3058 -14.1981
    endloop
  endfacet
  facet normal 0.98836 -0.152131 0
    outer loop
      vertex -130.746 -39.4567 -17.1981
      vertex -130.723 -39.3058 -17.1981
      vertex -130.723 -39.3058 -14.1981
    endloop
  endfacet
  facet normal 0.98079 -0.195065 0
    outer loop
      vertex -130.723 -39.3058 -14.1981
      vertex -130.723 -39.3058 -17.1981
      vertex -130.693 -39.156 -14.1981
    endloop
  endfacet
  facet normal 0.98079 -0.195065 0
    outer loop
      vertex -130.723 -39.3058 -17.1981
      vertex -130.693 -39.156 -17.1981
      vertex -130.693 -39.156 -14.1981
    endloop
  endfacet
  facet normal 0.971336 -0.237711 0
    outer loop
      vertex -130.693 -39.156 -14.1981
      vertex -130.693 -39.156 -17.1981
      vertex -130.657 -39.0077 -14.1981
    endloop
  endfacet
  facet normal 0.971336 -0.237711 0
    outer loop
      vertex -130.693 -39.156 -17.1981
      vertex -130.657 -39.0077 -17.1981
      vertex -130.657 -39.0077 -14.1981
    endloop
  endfacet
  facet normal 0.960041 -0.279859 0
    outer loop
      vertex -130.657 -39.0077 -14.1981
      vertex -130.657 -39.0077 -17.1981
      vertex -130.614 -38.8611 -14.1981
    endloop
  endfacet
  facet normal 0.960041 -0.279859 0
    outer loop
      vertex -130.657 -39.0077 -17.1981
      vertex -130.614 -38.8611 -17.1981
      vertex -130.614 -38.8611 -14.1981
    endloop
  endfacet
  facet normal 0.946932 -0.321434 0
    outer loop
      vertex -130.614 -38.8611 -14.1981
      vertex -130.614 -38.8611 -17.1981
      vertex -130.565 -38.7165 -14.1981
    endloop
  endfacet
  facet normal 0.946932 -0.321434 0
    outer loop
      vertex -130.614 -38.8611 -17.1981
      vertex -130.565 -38.7165 -17.1981
      vertex -130.565 -38.7165 -14.1981
    endloop
  endfacet
  facet normal 0.932014 -0.362423 0
    outer loop
      vertex -130.565 -38.7165 -14.1981
      vertex -130.565 -38.7165 -17.1981
      vertex -130.509 -38.5742 -14.1981
    endloop
  endfacet
  facet normal 0.932014 -0.362423 0
    outer loop
      vertex -130.565 -38.7165 -17.1981
      vertex -130.509 -38.5742 -17.1981
      vertex -130.509 -38.5742 -14.1981
    endloop
  endfacet
  facet normal 0.915322 -0.402722 0
    outer loop
      vertex -130.509 -38.5742 -14.1981
      vertex -130.509 -38.5742 -17.1981
      vertex -130.448 -38.4344 -14.1981
    endloop
  endfacet
  facet normal 0.915322 -0.402722 0
    outer loop
      vertex -130.509 -38.5742 -17.1981
      vertex -130.448 -38.4344 -17.1981
      vertex -130.448 -38.4344 -14.1981
    endloop
  endfacet
  facet normal 0.896853 -0.442328 0
    outer loop
      vertex -130.448 -38.4344 -14.1981
      vertex -130.448 -38.4344 -17.1981
      vertex -130.38 -38.2974 -14.1981
    endloop
  endfacet
  facet normal 0.896853 -0.442328 0
    outer loop
      vertex -130.448 -38.4344 -17.1981
      vertex -130.38 -38.2974 -17.1981
      vertex -130.38 -38.2974 -14.1981
    endloop
  endfacet
  facet normal 0.876729 -0.480984 0
    outer loop
      vertex -130.38 -38.2974 -14.1981
      vertex -130.38 -38.2974 -17.1981
      vertex -130.307 -38.1636 -14.1981
    endloop
  endfacet
  facet normal 0.876729 -0.480984 0
    outer loop
      vertex -130.38 -38.2974 -17.1981
      vertex -130.307 -38.1636 -17.1981
      vertex -130.307 -38.1636 -14.1981
    endloop
  endfacet
  facet normal 0.854925 -0.518751 0
    outer loop
      vertex -130.307 -38.1636 -14.1981
      vertex -130.307 -38.1636 -17.1981
      vertex -130.228 -38.033 -14.1981
    endloop
  endfacet
  facet normal 0.854925 -0.518751 0
    outer loop
      vertex -130.307 -38.1636 -17.1981
      vertex -130.228 -38.033 -17.1981
      vertex -130.228 -38.033 -14.1981
    endloop
  endfacet
  facet normal 0.831487 -0.555544 0
    outer loop
      vertex -130.228 -38.033 -14.1981
      vertex -130.228 -38.033 -17.1981
      vertex -130.143 -37.906 -14.1981
    endloop
  endfacet
  facet normal 0.831487 -0.555544 0
    outer loop
      vertex -130.228 -38.033 -17.1981
      vertex -130.143 -37.906 -17.1981
      vertex -130.143 -37.906 -14.1981
    endloop
  endfacet
  facet normal 0.806426 -0.591335 0
    outer loop
      vertex -130.143 -37.906 -14.1981
      vertex -130.143 -37.906 -17.1981
      vertex -130.053 -37.7829 -14.1981
    endloop
  endfacet
  facet normal 0.806426 -0.591335 0
    outer loop
      vertex -130.143 -37.906 -17.1981
      vertex -130.053 -37.7829 -17.1981
      vertex -130.053 -37.7829 -14.1981
    endloop
  endfacet
  facet normal 0.779897 -0.625908 0
    outer loop
      vertex -130.053 -37.7829 -14.1981
      vertex -130.053 -37.7829 -17.1981
      vertex -129.957 -37.6638 -14.1981
    endloop
  endfacet
  facet normal 0.779897 -0.625908 0
    outer loop
      vertex -130.053 -37.7829 -17.1981
      vertex -129.957 -37.6638 -17.1981
      vertex -129.957 -37.6638 -14.1981
    endloop
  endfacet
  facet normal 0.751834 -0.659352 0
    outer loop
      vertex -129.957 -37.6638 -14.1981
      vertex -129.957 -37.6638 -17.1981
      vertex -129.856 -37.549 -14.1981
    endloop
  endfacet
  facet normal 0.751834 -0.659352 0
    outer loop
      vertex -129.957 -37.6638 -17.1981
      vertex -129.856 -37.549 -17.1981
      vertex -129.856 -37.549 -14.1981
    endloop
  endfacet
  facet normal 0.722344 -0.691534 0
    outer loop
      vertex -129.856 -37.549 -14.1981
      vertex -129.856 -37.549 -17.1981
      vertex -129.751 -37.4387 -14.1981
    endloop
  endfacet
  facet normal 0.722344 -0.691534 0
    outer loop
      vertex -129.856 -37.549 -17.1981
      vertex -129.751 -37.4387 -17.1981
      vertex -129.751 -37.4387 -14.1981
    endloop
  endfacet
  facet normal 0.691532 -0.722346 0
    outer loop
      vertex -129.751 -37.4387 -14.1981
      vertex -129.751 -37.4387 -17.1981
      vertex -129.64 -37.3331 -14.1981
    endloop
  endfacet
  facet normal 0.691532 -0.722346 0
    outer loop
      vertex -129.751 -37.4387 -17.1981
      vertex -129.64 -37.3331 -17.1981
      vertex -129.64 -37.3331 -14.1981
    endloop
  endfacet
  facet normal 0.65934 -0.751845 0
    outer loop
      vertex -129.64 -37.3331 -14.1981
      vertex -129.64 -37.3331 -17.1981
      vertex -129.526 -37.2324 -14.1981
    endloop
  endfacet
  facet normal 0.65934 -0.751845 0
    outer loop
      vertex -129.64 -37.3331 -17.1981
      vertex -129.526 -37.2324 -17.1981
      vertex -129.526 -37.2324 -14.1981
    endloop
  endfacet
  facet normal 0.625923 -0.779885 0
    outer loop
      vertex -129.526 -37.2324 -14.1981
      vertex -129.526 -37.2324 -17.1981
      vertex -129.407 -37.1368 -14.1981
    endloop
  endfacet
  facet normal 0.625923 -0.779885 0
    outer loop
      vertex -129.526 -37.2324 -17.1981
      vertex -129.407 -37.1368 -17.1981
      vertex -129.407 -37.1368 -14.1981
    endloop
  endfacet
  facet normal 0.591331 -0.806429 0
    outer loop
      vertex -129.407 -37.1368 -14.1981
      vertex -129.407 -37.1368 -17.1981
      vertex -129.283 -37.0465 -14.1981
    endloop
  endfacet
  facet normal 0.591331 -0.806429 0
    outer loop
      vertex -129.407 -37.1368 -17.1981
      vertex -129.283 -37.0465 -17.1981
      vertex -129.283 -37.0465 -14.1981
    endloop
  endfacet
  facet normal 0.55555 -0.831483 0
    outer loop
      vertex -129.283 -37.0465 -14.1981
      vertex -129.283 -37.0465 -17.1981
      vertex -129.156 -36.9617 -14.1981
    endloop
  endfacet
  facet normal 0.55555 -0.831483 0
    outer loop
      vertex -129.283 -37.0465 -17.1981
      vertex -129.156 -36.9617 -17.1981
      vertex -129.156 -36.9617 -14.1981
    endloop
  endfacet
  facet normal 0.518769 -0.854914 0
    outer loop
      vertex -129.156 -36.9617 -14.1981
      vertex -129.156 -36.9617 -17.1981
      vertex -129.026 -36.8825 -14.1981
    endloop
  endfacet
  facet normal 0.518769 -0.854914 0
    outer loop
      vertex -129.156 -36.9617 -17.1981
      vertex -129.026 -36.8825 -17.1981
      vertex -129.026 -36.8825 -14.1981
    endloop
  endfacet
  facet normal 0.480982 -0.87673 0
    outer loop
      vertex -129.026 -36.8825 -14.1981
      vertex -129.026 -36.8825 -17.1981
      vertex -128.892 -36.809 -14.1981
    endloop
  endfacet
  facet normal 0.480982 -0.87673 0
    outer loop
      vertex -129.026 -36.8825 -17.1981
      vertex -128.892 -36.809 -17.1981
      vertex -128.892 -36.809 -14.1981
    endloop
  endfacet
  facet normal 0.442289 -0.896873 0
    outer loop
      vertex -128.892 -36.809 -14.1981
      vertex -128.892 -36.809 -17.1981
      vertex -128.755 -36.7415 -14.1981
    endloop
  endfacet
  facet normal 0.442289 -0.896873 0
    outer loop
      vertex -128.892 -36.809 -17.1981
      vertex -128.755 -36.7415 -17.1981
      vertex -128.755 -36.7415 -14.1981
    endloop
  endfacet
  facet normal 0.402743 -0.915313 0
    outer loop
      vertex -128.755 -36.7415 -14.1981
      vertex -128.755 -36.7415 -17.1981
      vertex -128.615 -36.68 -14.1981
    endloop
  endfacet
  facet normal 0.402743 -0.915313 0
    outer loop
      vertex -128.755 -36.7415 -17.1981
      vertex -128.615 -36.68 -17.1981
      vertex -128.615 -36.68 -14.1981
    endloop
  endfacet
  facet normal 0.362444 -0.932006 0
    outer loop
      vertex -128.615 -36.68 -14.1981
      vertex -128.615 -36.68 -17.1981
      vertex -128.473 -36.6246 -14.1981
    endloop
  endfacet
  facet normal 0.362444 -0.932006 0
    outer loop
      vertex -128.615 -36.68 -17.1981
      vertex -128.473 -36.6246 -17.1981
      vertex -128.473 -36.6246 -14.1981
    endloop
  endfacet
  facet normal 0.321434 -0.946932 0
    outer loop
      vertex -128.473 -36.6246 -14.1981
      vertex -128.473 -36.6246 -17.1981
      vertex -128.328 -36.5755 -14.1981
    endloop
  endfacet
  facet normal 0.321434 -0.946932 0
    outer loop
      vertex -128.473 -36.6246 -17.1981
      vertex -128.328 -36.5755 -17.1981
      vertex -128.328 -36.5755 -14.1981
    endloop
  endfacet
  facet normal 0.279828 -0.96005 0
    outer loop
      vertex -128.328 -36.5755 -14.1981
      vertex -128.328 -36.5755 -17.1981
      vertex -128.182 -36.5328 -14.1981
    endloop
  endfacet
  facet normal 0.279828 -0.96005 0
    outer loop
      vertex -128.328 -36.5755 -17.1981
      vertex -128.182 -36.5328 -17.1981
      vertex -128.182 -36.5328 -14.1981
    endloop
  endfacet
  facet normal 0.237688 -0.971342 0
    outer loop
      vertex -128.182 -36.5328 -14.1981
      vertex -128.182 -36.5328 -17.1981
      vertex -128.033 -36.4965 -14.1981
    endloop
  endfacet
  facet normal 0.237688 -0.971342 0
    outer loop
      vertex -128.182 -36.5328 -17.1981
      vertex -128.033 -36.4965 -17.1981
      vertex -128.033 -36.4965 -14.1981
    endloop
  endfacet
  facet normal 0.195089 -0.980786 0
    outer loop
      vertex -128.033 -36.4965 -14.1981
      vertex -128.033 -36.4965 -17.1981
      vertex -127.884 -36.4667 -14.1981
    endloop
  endfacet
  facet normal 0.195089 -0.980786 0
    outer loop
      vertex -128.033 -36.4965 -17.1981
      vertex -127.884 -36.4667 -17.1981
      vertex -127.884 -36.4667 -14.1981
    endloop
  endfacet
  facet normal 0.152138 -0.988359 0
    outer loop
      vertex -127.884 -36.4667 -14.1981
      vertex -127.884 -36.4667 -17.1981
      vertex -127.733 -36.4435 -14.1981
    endloop
  endfacet
  facet normal 0.152138 -0.988359 0
    outer loop
      vertex -127.884 -36.4667 -17.1981
      vertex -127.733 -36.4435 -17.1981
      vertex -127.733 -36.4435 -14.1981
    endloop
  endfacet
  facet normal 0.108876 -0.994055 0
    outer loop
      vertex -127.733 -36.4435 -14.1981
      vertex -127.733 -36.4435 -17.1981
      vertex -127.581 -36.4269 -14.1981
    endloop
  endfacet
  facet normal 0.108876 -0.994055 0
    outer loop
      vertex -127.733 -36.4435 -17.1981
      vertex -127.581 -36.4269 -17.1981
      vertex -127.581 -36.4269 -14.1981
    endloop
  endfacet
  facet normal 0.0654034 -0.997859 0
    outer loop
      vertex -127.581 -36.4269 -14.1981
      vertex -127.581 -36.4269 -17.1981
      vertex -127.429 -36.4169 -14.1981
    endloop
  endfacet
  facet normal 0.0654034 -0.997859 0
    outer loop
      vertex -127.581 -36.4269 -17.1981
      vertex -127.429 -36.4169 -17.1981
      vertex -127.429 -36.4169 -14.1981
    endloop
  endfacet
  facet normal 0.0218082 -0.999762 0
    outer loop
      vertex -127.429 -36.4169 -14.1981
      vertex -127.429 -36.4169 -17.1981
      vertex -127.276 -36.4136 -14.1981
    endloop
  endfacet
  facet normal 0.0218082 -0.999762 0
    outer loop
      vertex -127.429 -36.4169 -17.1981
      vertex -127.276 -36.4136 -17.1981
      vertex -127.276 -36.4136 -14.1981
    endloop
  endfacet
  facet normal -0.0218103 -0.999762 0
    outer loop
      vertex -127.276 -36.4136 -14.1981
      vertex -127.276 -36.4136 -17.1981
      vertex -127.123 -36.4169 -14.1981
    endloop
  endfacet
  facet normal -0.0218103 -0.999762 0
    outer loop
      vertex -127.276 -36.4136 -17.1981
      vertex -127.123 -36.4169 -17.1981
      vertex -127.123 -36.4169 -14.1981
    endloop
  endfacet
  facet normal -0.0654034 -0.997859 0
    outer loop
      vertex -127.123 -36.4169 -14.1981
      vertex -127.123 -36.4169 -17.1981
      vertex -126.971 -36.4269 -14.1981
    endloop
  endfacet
  facet normal -0.0654034 -0.997859 0
    outer loop
      vertex -127.123 -36.4169 -17.1981
      vertex -126.971 -36.4269 -17.1981
      vertex -126.971 -36.4269 -14.1981
    endloop
  endfacet
  facet normal -0.108876 -0.994055 0
    outer loop
      vertex -126.971 -36.4269 -14.1981
      vertex -126.971 -36.4269 -17.1981
      vertex -126.819 -36.4435 -14.1981
    endloop
  endfacet
  facet normal -0.108876 -0.994055 0
    outer loop
      vertex -126.971 -36.4269 -17.1981
      vertex -126.819 -36.4435 -17.1981
      vertex -126.819 -36.4435 -14.1981
    endloop
  endfacet
  facet normal -0.152138 -0.988359 0
    outer loop
      vertex -126.819 -36.4435 -14.1981
      vertex -126.819 -36.4435 -17.1981
      vertex -126.668 -36.4667 -14.1981
    endloop
  endfacet
  facet normal -0.152138 -0.988359 0
    outer loop
      vertex -126.819 -36.4435 -17.1981
      vertex -126.668 -36.4667 -17.1981
      vertex -126.668 -36.4667 -14.1981
    endloop
  endfacet
  facet normal -0.195089 -0.980786 0
    outer loop
      vertex -126.668 -36.4667 -14.1981
      vertex -126.668 -36.4667 -17.1981
      vertex -126.518 -36.4965 -14.1981
    endloop
  endfacet
  facet normal -0.195089 -0.980786 0
    outer loop
      vertex -126.668 -36.4667 -17.1981
      vertex -126.518 -36.4965 -17.1981
      vertex -126.518 -36.4965 -14.1981
    endloop
  endfacet
  facet normal -0.237688 -0.971342 0
    outer loop
      vertex -126.518 -36.4965 -14.1981
      vertex -126.518 -36.4965 -17.1981
      vertex -126.37 -36.5328 -14.1981
    endloop
  endfacet
  facet normal -0.237688 -0.971342 0
    outer loop
      vertex -126.518 -36.4965 -17.1981
      vertex -126.37 -36.5328 -17.1981
      vertex -126.37 -36.5328 -14.1981
    endloop
  endfacet
  facet normal -0.279801 -0.960058 0
    outer loop
      vertex -126.37 -36.5328 -14.1981
      vertex -126.37 -36.5328 -17.1981
      vertex -126.223 -36.5755 -14.1981
    endloop
  endfacet
  facet normal -0.279801 -0.960058 0
    outer loop
      vertex -126.37 -36.5328 -17.1981
      vertex -126.223 -36.5755 -17.1981
      vertex -126.223 -36.5755 -14.1981
    endloop
  endfacet
  facet normal -0.321434 -0.946932 0
    outer loop
      vertex -126.223 -36.5755 -14.1981
      vertex -126.223 -36.5755 -17.1981
      vertex -126.079 -36.6246 -14.1981
    endloop
  endfacet
  facet normal -0.321434 -0.946932 0
    outer loop
      vertex -126.223 -36.5755 -17.1981
      vertex -126.079 -36.6246 -17.1981
      vertex -126.079 -36.6246 -14.1981
    endloop
  endfacet
  facet normal -0.362444 -0.932006 0
    outer loop
      vertex -126.079 -36.6246 -14.1981
      vertex -126.079 -36.6246 -17.1981
      vertex -125.936 -36.68 -14.1981
    endloop
  endfacet
  facet normal -0.362444 -0.932006 0
    outer loop
      vertex -126.079 -36.6246 -17.1981
      vertex -125.936 -36.68 -17.1981
      vertex -125.936 -36.68 -14.1981
    endloop
  endfacet
  facet normal -0.402743 -0.915313 0
    outer loop
      vertex -125.936 -36.68 -14.1981
      vertex -125.936 -36.68 -17.1981
      vertex -125.797 -36.7415 -14.1981
    endloop
  endfacet
  facet normal -0.402743 -0.915313 0
    outer loop
      vertex -125.936 -36.68 -17.1981
      vertex -125.797 -36.7415 -17.1981
      vertex -125.797 -36.7415 -14.1981
    endloop
  endfacet
  facet normal -0.442289 -0.896873 0
    outer loop
      vertex -125.797 -36.7415 -14.1981
      vertex -125.797 -36.7415 -17.1981
      vertex -125.66 -36.809 -14.1981
    endloop
  endfacet
  facet normal -0.442289 -0.896873 0
    outer loop
      vertex -125.797 -36.7415 -17.1981
      vertex -125.66 -36.809 -17.1981
      vertex -125.66 -36.809 -14.1981
    endloop
  endfacet
  facet normal -0.481023 -0.876708 0
    outer loop
      vertex -125.66 -36.809 -14.1981
      vertex -125.66 -36.809 -17.1981
      vertex -125.526 -36.8825 -14.1981
    endloop
  endfacet
  facet normal -0.481023 -0.876708 0
    outer loop
      vertex -125.66 -36.809 -17.1981
      vertex -125.526 -36.8825 -17.1981
      vertex -125.526 -36.8825 -14.1981
    endloop
  endfacet
  facet normal -0.518769 -0.854914 0
    outer loop
      vertex -125.526 -36.8825 -14.1981
      vertex -125.526 -36.8825 -17.1981
      vertex -125.395 -36.9617 -14.1981
    endloop
  endfacet
  facet normal -0.518769 -0.854914 0
    outer loop
      vertex -125.526 -36.8825 -17.1981
      vertex -125.395 -36.9617 -17.1981
      vertex -125.395 -36.9617 -14.1981
    endloop
  endfacet
  facet normal -0.55555 -0.831483 0
    outer loop
      vertex -125.395 -36.9617 -14.1981
      vertex -125.395 -36.9617 -17.1981
      vertex -125.268 -37.0465 -14.1981
    endloop
  endfacet
  facet normal -0.55555 -0.831483 0
    outer loop
      vertex -125.395 -36.9617 -17.1981
      vertex -125.268 -37.0465 -17.1981
      vertex -125.268 -37.0465 -14.1981
    endloop
  endfacet
  facet normal -0.591331 -0.806429 0
    outer loop
      vertex -125.268 -37.0465 -14.1981
      vertex -125.268 -37.0465 -17.1981
      vertex -125.145 -37.1368 -14.1981
    endloop
  endfacet
  facet normal -0.591331 -0.806429 0
    outer loop
      vertex -125.268 -37.0465 -17.1981
      vertex -125.145 -37.1368 -17.1981
      vertex -125.145 -37.1368 -14.1981
    endloop
  endfacet
  facet normal -0.625923 -0.779885 0
    outer loop
      vertex -125.145 -37.1368 -14.1981
      vertex -125.145 -37.1368 -17.1981
      vertex -125.026 -37.2324 -14.1981
    endloop
  endfacet
  facet normal -0.625923 -0.779885 0
    outer loop
      vertex -125.145 -37.1368 -17.1981
      vertex -125.026 -37.2324 -17.1981
      vertex -125.026 -37.2324 -14.1981
    endloop
  endfacet
  facet normal -0.65934 -0.751845 0
    outer loop
      vertex -125.026 -37.2324 -14.1981
      vertex -125.026 -37.2324 -17.1981
      vertex -124.911 -37.3331 -14.1981
    endloop
  endfacet
  facet normal -0.65934 -0.751845 0
    outer loop
      vertex -125.026 -37.2324 -17.1981
      vertex -124.911 -37.3331 -17.1981
      vertex -124.911 -37.3331 -14.1981
    endloop
  endfacet
  facet normal -0.691508 -0.722369 0
    outer loop
      vertex -124.911 -37.3331 -14.1981
      vertex -124.911 -37.3331 -17.1981
      vertex -124.801 -37.4387 -14.1981
    endloop
  endfacet
  facet normal -0.691508 -0.722369 0
    outer loop
      vertex -124.911 -37.3331 -17.1981
      vertex -124.801 -37.4387 -17.1981
      vertex -124.801 -37.4387 -14.1981
    endloop
  endfacet
  facet normal -0.722368 -0.691508 0
    outer loop
      vertex -124.801 -37.4387 -14.1981
      vertex -124.801 -37.4387 -17.1981
      vertex -124.695 -37.549 -14.1981
    endloop
  endfacet
  facet normal -0.722368 -0.691508 0
    outer loop
      vertex -124.801 -37.4387 -17.1981
      vertex -124.695 -37.549 -17.1981
      vertex -124.695 -37.549 -14.1981
    endloop
  endfacet
  facet normal -0.751834 -0.659352 0
    outer loop
      vertex -124.695 -37.549 -14.1981
      vertex -124.695 -37.549 -17.1981
      vertex -124.595 -37.6638 -14.1981
    endloop
  endfacet
  facet normal -0.751834 -0.659352 0
    outer loop
      vertex -124.695 -37.549 -17.1981
      vertex -124.595 -37.6638 -17.1981
      vertex -124.595 -37.6638 -14.1981
    endloop
  endfacet
  facet normal -0.779897 -0.625908 0
    outer loop
      vertex -124.595 -37.6638 -14.1981
      vertex -124.595 -37.6638 -17.1981
      vertex -124.499 -37.7829 -14.1981
    endloop
  endfacet
  facet normal -0.779897 -0.625908 0
    outer loop
      vertex -124.595 -37.6638 -17.1981
      vertex -124.499 -37.7829 -17.1981
      vertex -124.499 -37.7829 -14.1981
    endloop
  endfacet
  facet normal -0.806426 -0.591335 0
    outer loop
      vertex -124.499 -37.7829 -14.1981
      vertex -124.499 -37.7829 -17.1981
      vertex -124.409 -37.906 -14.1981
    endloop
  endfacet
  facet normal -0.806426 -0.591335 0
    outer loop
      vertex -124.499 -37.7829 -17.1981
      vertex -124.409 -37.906 -17.1981
      vertex -124.409 -37.906 -14.1981
    endloop
  endfacet
  facet normal -0.831487 -0.555544 0
    outer loop
      vertex -124.409 -37.906 -14.1981
      vertex -124.409 -37.906 -17.1981
      vertex -124.324 -38.033 -14.1981
    endloop
  endfacet
  facet normal -0.831487 -0.555544 0
    outer loop
      vertex -124.409 -37.906 -17.1981
      vertex -124.324 -38.033 -17.1981
      vertex -124.324 -38.033 -14.1981
    endloop
  endfacet
  facet normal -0.854903 -0.518787 0
    outer loop
      vertex -124.324 -38.033 -14.1981
      vertex -124.324 -38.033 -17.1981
      vertex -124.245 -38.1636 -14.1981
    endloop
  endfacet
  facet normal -0.854903 -0.518787 0
    outer loop
      vertex -124.324 -38.033 -17.1981
      vertex -124.245 -38.1636 -17.1981
      vertex -124.245 -38.1636 -14.1981
    endloop
  endfacet
  facet normal -0.876729 -0.480984 0
    outer loop
      vertex -124.245 -38.1636 -14.1981
      vertex -124.245 -38.1636 -17.1981
      vertex -124.171 -38.2974 -14.1981
    endloop
  endfacet
  facet normal -0.876729 -0.480984 0
    outer loop
      vertex -124.245 -38.1636 -17.1981
      vertex -124.171 -38.2974 -17.1981
      vertex -124.171 -38.2974 -14.1981
    endloop
  endfacet
  facet normal -0.896873 -0.442289 0
    outer loop
      vertex -124.171 -38.2974 -14.1981
      vertex -124.171 -38.2974 -17.1981
      vertex -124.104 -38.4344 -14.1981
    endloop
  endfacet
  facet normal -0.896873 -0.442289 0
    outer loop
      vertex -124.171 -38.2974 -17.1981
      vertex -124.104 -38.4344 -17.1981
      vertex -124.104 -38.4344 -14.1981
    endloop
  endfacet
  facet normal -0.915304 -0.402763 0
    outer loop
      vertex -124.104 -38.4344 -14.1981
      vertex -124.104 -38.4344 -17.1981
      vertex -124.042 -38.5742 -14.1981
    endloop
  endfacet
  facet normal -0.915304 -0.402763 0
    outer loop
      vertex -124.104 -38.4344 -17.1981
      vertex -124.042 -38.5742 -17.1981
      vertex -124.042 -38.5742 -14.1981
    endloop
  endfacet
  facet normal -0.932014 -0.362423 0
    outer loop
      vertex -124.042 -38.5742 -14.1981
      vertex -124.042 -38.5742 -17.1981
      vertex -123.987 -38.7165 -14.1981
    endloop
  endfacet
  facet normal -0.932014 -0.362423 0
    outer loop
      vertex -124.042 -38.5742 -17.1981
      vertex -123.987 -38.7165 -17.1981
      vertex -123.987 -38.7165 -14.1981
    endloop
  endfacet
  facet normal -0.946932 -0.321434 0
    outer loop
      vertex -123.987 -38.7165 -14.1981
      vertex -123.987 -38.7165 -17.1981
      vertex -123.938 -38.8611 -14.1981
    endloop
  endfacet
  facet normal -0.946932 -0.321434 0
    outer loop
      vertex -123.987 -38.7165 -17.1981
      vertex -123.938 -38.8611 -17.1981
      vertex -123.938 -38.8611 -14.1981
    endloop
  endfacet
  facet normal -0.960054 -0.279815 0
    outer loop
      vertex -123.938 -38.8611 -14.1981
      vertex -123.938 -38.8611 -17.1981
      vertex -123.895 -39.0077 -14.1981
    endloop
  endfacet
  facet normal -0.960054 -0.279815 0
    outer loop
      vertex -123.938 -38.8611 -17.1981
      vertex -123.895 -39.0077 -17.1981
      vertex -123.895 -39.0077 -14.1981
    endloop
  endfacet
  facet normal -0.971336 -0.237711 0
    outer loop
      vertex -123.895 -39.0077 -14.1981
      vertex -123.895 -39.0077 -17.1981
      vertex -123.859 -39.156 -14.1981
    endloop
  endfacet
  facet normal -0.971336 -0.237711 0
    outer loop
      vertex -123.895 -39.0077 -17.1981
      vertex -123.859 -39.156 -17.1981
      vertex -123.859 -39.156 -14.1981
    endloop
  endfacet
  facet normal -0.980781 -0.195112 0
    outer loop
      vertex -123.859 -39.156 -14.1981
      vertex -123.859 -39.156 -17.1981
      vertex -123.829 -39.3058 -14.1981
    endloop
  endfacet
  facet normal -0.980781 -0.195112 0
    outer loop
      vertex -123.859 -39.156 -17.1981
      vertex -123.829 -39.3058 -17.1981
      vertex -123.829 -39.3058 -14.1981
    endloop
  endfacet
  facet normal -0.988368 -0.152083 0
    outer loop
      vertex -123.829 -39.3058 -14.1981
      vertex -123.829 -39.3058 -17.1981
      vertex -123.806 -39.4567 -14.1981
    endloop
  endfacet
  facet normal -0.988368 -0.152083 0
    outer loop
      vertex -123.829 -39.3058 -17.1981
      vertex -123.806 -39.4567 -17.1981
      vertex -123.806 -39.4567 -14.1981
    endloop
  endfacet
  facet normal -0.994052 -0.108902 0
    outer loop
      vertex -123.806 -39.4567 -14.1981
      vertex -123.806 -39.4567 -17.1981
      vertex -123.789 -39.6085 -14.1981
    endloop
  endfacet
  facet normal -0.994052 -0.108902 0
    outer loop
      vertex -123.806 -39.4567 -17.1981
      vertex -123.789 -39.6085 -17.1981
      vertex -123.789 -39.6085 -14.1981
    endloop
  endfacet
  facet normal -0.99786 -0.0653791 0
    outer loop
      vertex -123.789 -39.6085 -14.1981
      vertex -123.789 -39.6085 -17.1981
      vertex -123.779 -39.7609 -14.1981
    endloop
  endfacet
  facet normal -0.99786 -0.0653791 0
    outer loop
      vertex -123.789 -39.6085 -17.1981
      vertex -123.779 -39.7609 -17.1981
      vertex -123.779 -39.7609 -14.1981
    endloop
  endfacet
  facet normal -0.999762 -0.0218098 0
    outer loop
      vertex -123.779 -39.7609 -14.1981
      vertex -123.779 -39.7609 -17.1981
      vertex -123.776 -39.9136 -14.1981
    endloop
  endfacet
  facet normal -0.999762 -0.0218098 0
    outer loop
      vertex -123.779 -39.7609 -17.1981
      vertex -123.776 -39.9136 -17.1981
      vertex -123.776 -39.9136 -14.1981
    endloop
  endfacet
  facet normal -0.999762 0.0218093 0
    outer loop
      vertex -123.776 -39.9136 -14.1981
      vertex -123.776 -39.9136 -17.1981
      vertex -123.779 -40.0662 -14.1981
    endloop
  endfacet
  facet normal -0.999762 0.0218093 0
    outer loop
      vertex -123.776 -39.9136 -17.1981
      vertex -123.779 -40.0662 -17.1981
      vertex -123.779 -40.0662 -14.1981
    endloop
  endfacet
  facet normal -0.99786 0.0653807 0
    outer loop
      vertex -123.779 -40.0662 -14.1981
      vertex -123.779 -40.0662 -17.1981
      vertex -123.789 -40.2186 -14.1981
    endloop
  endfacet
  facet normal -0.99786 0.0653807 0
    outer loop
      vertex -123.779 -40.0662 -17.1981
      vertex -123.789 -40.2186 -17.1981
      vertex -123.789 -40.2186 -14.1981
    endloop
  endfacet
  facet normal -0.994053 0.1089 0
    outer loop
      vertex -123.789 -40.2186 -14.1981
      vertex -123.789 -40.2186 -17.1981
      vertex -123.806 -40.3704 -14.1981
    endloop
  endfacet
  facet normal -0.994053 0.1089 0
    outer loop
      vertex -123.789 -40.2186 -17.1981
      vertex -123.806 -40.3704 -17.1981
      vertex -123.806 -40.3704 -14.1981
    endloop
  endfacet
  facet normal -0.988368 0.152083 0
    outer loop
      vertex -123.806 -40.3704 -14.1981
      vertex -123.806 -40.3704 -17.1981
      vertex -123.829 -40.5213 -14.1981
    endloop
  endfacet
  facet normal -0.988368 0.152083 0
    outer loop
      vertex -123.806 -40.3704 -17.1981
      vertex -123.829 -40.5213 -17.1981
      vertex -123.829 -40.5213 -14.1981
    endloop
  endfacet
  facet normal -0.980781 0.195112 0
    outer loop
      vertex -123.829 -40.5213 -14.1981
      vertex -123.829 -40.5213 -17.1981
      vertex -123.859 -40.6711 -14.1981
    endloop
  endfacet
  facet normal -0.980781 0.195112 0
    outer loop
      vertex -123.829 -40.5213 -17.1981
      vertex -123.859 -40.6711 -17.1981
      vertex -123.859 -40.6711 -14.1981
    endloop
  endfacet
  facet normal -0.971336 0.237711 0
    outer loop
      vertex -123.859 -40.6711 -14.1981
      vertex -123.859 -40.6711 -17.1981
      vertex -123.895 -40.8194 -14.1981
    endloop
  endfacet
  facet normal -0.971336 0.237711 0
    outer loop
      vertex -123.859 -40.6711 -17.1981
      vertex -123.895 -40.8194 -17.1981
      vertex -123.895 -40.8194 -14.1981
    endloop
  endfacet
  facet normal -0.960054 0.279815 0
    outer loop
      vertex -123.895 -40.8194 -14.1981
      vertex -123.895 -40.8194 -17.1981
      vertex -123.938 -40.966 -14.1981
    endloop
  endfacet
  facet normal -0.960054 0.279815 0
    outer loop
      vertex -123.895 -40.8194 -17.1981
      vertex -123.938 -40.966 -17.1981
      vertex -123.938 -40.966 -14.1981
    endloop
  endfacet
  facet normal -0.946932 0.321434 0
    outer loop
      vertex -123.938 -40.966 -14.1981
      vertex -123.938 -40.966 -17.1981
      vertex -123.987 -41.1106 -14.1981
    endloop
  endfacet
  facet normal -0.946932 0.321434 0
    outer loop
      vertex -123.938 -40.966 -17.1981
      vertex -123.987 -41.1106 -17.1981
      vertex -123.987 -41.1106 -14.1981
    endloop
  endfacet
  facet normal -0.932014 0.362423 0
    outer loop
      vertex -123.987 -41.1106 -14.1981
      vertex -123.987 -41.1106 -17.1981
      vertex -124.042 -41.2529 -14.1981
    endloop
  endfacet
  facet normal -0.932014 0.362423 0
    outer loop
      vertex -123.987 -41.1106 -17.1981
      vertex -124.042 -41.2529 -17.1981
      vertex -124.042 -41.2529 -14.1981
    endloop
  endfacet
  facet normal -0.9153 0.402772 0
    outer loop
      vertex -124.042 -41.2529 -14.1981
      vertex -124.042 -41.2529 -17.1981
      vertex -124.104 -41.3927 -14.1981
    endloop
  endfacet
  facet normal -0.9153 0.402772 0
    outer loop
      vertex -124.042 -41.2529 -17.1981
      vertex -124.104 -41.3927 -17.1981
      vertex -124.104 -41.3927 -14.1981
    endloop
  endfacet
  facet normal -0.896873 0.442289 0
    outer loop
      vertex -124.104 -41.3927 -14.1981
      vertex -124.104 -41.3927 -17.1981
      vertex -124.171 -41.5297 -14.1981
    endloop
  endfacet
  facet normal -0.896873 0.442289 0
    outer loop
      vertex -124.104 -41.3927 -17.1981
      vertex -124.171 -41.5297 -17.1981
      vertex -124.171 -41.5297 -14.1981
    endloop
  endfacet
  facet normal -0.876729 0.480984 0
    outer loop
      vertex -124.171 -41.5297 -14.1981
      vertex -124.171 -41.5297 -17.1981
      vertex -124.245 -41.6636 -14.1981
    endloop
  endfacet
  facet normal -0.876729 0.480984 0
    outer loop
      vertex -124.171 -41.5297 -17.1981
      vertex -124.245 -41.6636 -17.1981
      vertex -124.245 -41.6636 -14.1981
    endloop
  endfacet
  facet normal -0.854903 0.518787 0
    outer loop
      vertex -124.245 -41.6636 -14.1981
      vertex -124.245 -41.6636 -17.1981
      vertex -124.324 -41.7941 -14.1981
    endloop
  endfacet
  facet normal -0.854903 0.518787 0
    outer loop
      vertex -124.245 -41.6636 -17.1981
      vertex -124.324 -41.7941 -17.1981
      vertex -124.324 -41.7941 -14.1981
    endloop
  endfacet
  facet normal -0.831487 0.555544 0
    outer loop
      vertex -124.324 -41.7941 -14.1981
      vertex -124.324 -41.7941 -17.1981
      vertex -124.409 -41.9211 -14.1981
    endloop
  endfacet
  facet normal -0.831487 0.555544 0
    outer loop
      vertex -124.324 -41.7941 -17.1981
      vertex -124.409 -41.9211 -17.1981
      vertex -124.409 -41.9211 -14.1981
    endloop
  endfacet
  facet normal -0.806426 0.591335 0
    outer loop
      vertex -124.409 -41.9211 -14.1981
      vertex -124.409 -41.9211 -17.1981
      vertex -124.499 -42.0442 -14.1981
    endloop
  endfacet
  facet normal -0.806426 0.591335 0
    outer loop
      vertex -124.409 -41.9211 -17.1981
      vertex -124.499 -42.0442 -17.1981
      vertex -124.499 -42.0442 -14.1981
    endloop
  endfacet
  facet normal -0.779906 0.625896 0
    outer loop
      vertex -124.499 -42.0442 -14.1981
      vertex -124.499 -42.0442 -17.1981
      vertex -124.595 -42.1633 -14.1981
    endloop
  endfacet
  facet normal -0.779906 0.625896 0
    outer loop
      vertex -124.499 -42.0442 -17.1981
      vertex -124.595 -42.1633 -17.1981
      vertex -124.595 -42.1633 -14.1981
    endloop
  endfacet
  facet normal -0.751834 0.659352 0
    outer loop
      vertex -124.595 -42.1633 -14.1981
      vertex -124.595 -42.1633 -17.1981
      vertex -124.695 -42.2781 -14.1981
    endloop
  endfacet
  facet normal -0.751834 0.659352 0
    outer loop
      vertex -124.595 -42.1633 -17.1981
      vertex -124.695 -42.2781 -17.1981
      vertex -124.695 -42.2781 -14.1981
    endloop
  endfacet
  facet normal -0.722357 0.691521 0
    outer loop
      vertex -124.695 -42.2781 -14.1981
      vertex -124.695 -42.2781 -17.1981
      vertex -124.801 -42.3884 -14.1981
    endloop
  endfacet
  facet normal -0.722357 0.691521 0
    outer loop
      vertex -124.695 -42.2781 -17.1981
      vertex -124.801 -42.3884 -17.1981
      vertex -124.801 -42.3884 -14.1981
    endloop
  endfacet
  facet normal -0.691521 0.722357 0
    outer loop
      vertex -124.801 -42.3884 -14.1981
      vertex -124.801 -42.3884 -17.1981
      vertex -124.911 -42.494 -14.1981
    endloop
  endfacet
  facet normal -0.691521 0.722357 0
    outer loop
      vertex -124.801 -42.3884 -17.1981
      vertex -124.911 -42.494 -17.1981
      vertex -124.911 -42.494 -14.1981
    endloop
  endfacet
  facet normal -0.65934 0.751845 0
    outer loop
      vertex -124.911 -42.494 -14.1981
      vertex -124.911 -42.494 -17.1981
      vertex -125.026 -42.5947 -14.1981
    endloop
  endfacet
  facet normal -0.65934 0.751845 0
    outer loop
      vertex -124.911 -42.494 -17.1981
      vertex -125.026 -42.5947 -17.1981
      vertex -125.026 -42.5947 -14.1981
    endloop
  endfacet
  facet normal -0.625923 0.779885 0
    outer loop
      vertex -125.026 -42.5947 -14.1981
      vertex -125.026 -42.5947 -17.1981
      vertex -125.145 -42.6903 -14.1981
    endloop
  endfacet
  facet normal -0.625923 0.779885 0
    outer loop
      vertex -125.026 -42.5947 -17.1981
      vertex -125.145 -42.6903 -17.1981
      vertex -125.145 -42.6903 -14.1981
    endloop
  endfacet
  facet normal -0.591315 0.806441 0
    outer loop
      vertex -125.145 -42.6903 -14.1981
      vertex -125.145 -42.6903 -17.1981
      vertex -125.268 -42.7806 -14.1981
    endloop
  endfacet
  facet normal -0.591315 0.806441 0
    outer loop
      vertex -125.145 -42.6903 -17.1981
      vertex -125.268 -42.7806 -17.1981
      vertex -125.268 -42.7806 -14.1981
    endloop
  endfacet
  facet normal -0.555567 0.831472 0
    outer loop
      vertex -125.268 -42.7806 -14.1981
      vertex -125.268 -42.7806 -17.1981
      vertex -125.395 -42.8654 -14.1981
    endloop
  endfacet
  facet normal -0.555567 0.831472 0
    outer loop
      vertex -125.268 -42.7806 -17.1981
      vertex -125.395 -42.8654 -17.1981
      vertex -125.395 -42.8654 -14.1981
    endloop
  endfacet
  facet normal -0.518769 0.854914 0
    outer loop
      vertex -125.395 -42.8654 -14.1981
      vertex -125.395 -42.8654 -17.1981
      vertex -125.526 -42.9446 -14.1981
    endloop
  endfacet
  facet normal -0.518769 0.854914 0
    outer loop
      vertex -125.395 -42.8654 -17.1981
      vertex -125.526 -42.9446 -17.1981
      vertex -125.526 -42.9446 -14.1981
    endloop
  endfacet
  facet normal -0.481004 0.876718 0
    outer loop
      vertex -125.526 -42.9446 -14.1981
      vertex -125.526 -42.9446 -17.1981
      vertex -125.66 -43.0181 -14.1981
    endloop
  endfacet
  facet normal -0.481004 0.876718 0
    outer loop
      vertex -125.526 -42.9446 -17.1981
      vertex -125.66 -43.0181 -17.1981
      vertex -125.66 -43.0181 -14.1981
    endloop
  endfacet
  facet normal -0.442289 0.896873 0
    outer loop
      vertex -125.66 -43.0181 -14.1981
      vertex -125.66 -43.0181 -17.1981
      vertex -125.797 -43.0856 -14.1981
    endloop
  endfacet
  facet normal -0.442289 0.896873 0
    outer loop
      vertex -125.66 -43.0181 -17.1981
      vertex -125.797 -43.0856 -17.1981
      vertex -125.797 -43.0856 -14.1981
    endloop
  endfacet
  facet normal -0.402743 0.915313 0
    outer loop
      vertex -125.797 -43.0856 -14.1981
      vertex -125.797 -43.0856 -17.1981
      vertex -125.936 -43.1471 -14.1981
    endloop
  endfacet
  facet normal -0.402743 0.915313 0
    outer loop
      vertex -125.797 -43.0856 -17.1981
      vertex -125.936 -43.1471 -17.1981
      vertex -125.936 -43.1471 -14.1981
    endloop
  endfacet
  facet normal -0.362444 0.932006 0
    outer loop
      vertex -125.936 -43.1471 -14.1981
      vertex -125.936 -43.1471 -17.1981
      vertex -126.079 -43.2025 -14.1981
    endloop
  endfacet
  facet normal -0.362444 0.932006 0
    outer loop
      vertex -125.936 -43.1471 -17.1981
      vertex -126.079 -43.2025 -17.1981
      vertex -126.079 -43.2025 -14.1981
    endloop
  endfacet
  facet normal -0.321434 0.946932 0
    outer loop
      vertex -126.079 -43.2025 -14.1981
      vertex -126.079 -43.2025 -17.1981
      vertex -126.223 -43.2516 -14.1981
    endloop
  endfacet
  facet normal -0.321434 0.946932 0
    outer loop
      vertex -126.079 -43.2025 -17.1981
      vertex -126.223 -43.2516 -17.1981
      vertex -126.223 -43.2516 -14.1981
    endloop
  endfacet
  facet normal -0.279824 0.960051 0
    outer loop
      vertex -126.223 -43.2516 -14.1981
      vertex -126.223 -43.2516 -17.1981
      vertex -126.37 -43.2943 -14.1981
    endloop
  endfacet
  facet normal -0.279824 0.960051 0
    outer loop
      vertex -126.223 -43.2516 -17.1981
      vertex -126.37 -43.2943 -17.1981
      vertex -126.37 -43.2943 -14.1981
    endloop
  endfacet
  facet normal -0.237688 0.971342 0
    outer loop
      vertex -126.37 -43.2943 -14.1981
      vertex -126.37 -43.2943 -17.1981
      vertex -126.518 -43.3306 -14.1981
    endloop
  endfacet
  facet normal -0.237688 0.971342 0
    outer loop
      vertex -126.37 -43.2943 -17.1981
      vertex -126.518 -43.3306 -17.1981
      vertex -126.518 -43.3306 -14.1981
    endloop
  endfacet
  facet normal -0.195089 0.980786 0
    outer loop
      vertex -126.518 -43.3306 -14.1981
      vertex -126.518 -43.3306 -17.1981
      vertex -126.668 -43.3604 -14.1981
    endloop
  endfacet
  facet normal -0.195089 0.980786 0
    outer loop
      vertex -126.518 -43.3306 -17.1981
      vertex -126.668 -43.3604 -17.1981
      vertex -126.668 -43.3604 -14.1981
    endloop
  endfacet
  facet normal -0.152138 0.988359 0
    outer loop
      vertex -126.668 -43.3604 -14.1981
      vertex -126.668 -43.3604 -17.1981
      vertex -126.819 -43.3836 -14.1981
    endloop
  endfacet
  facet normal -0.152138 0.988359 0
    outer loop
      vertex -126.668 -43.3604 -17.1981
      vertex -126.819 -43.3836 -17.1981
      vertex -126.819 -43.3836 -14.1981
    endloop
  endfacet
  facet normal -0.108852 0.994058 0
    outer loop
      vertex -126.819 -43.3836 -14.1981
      vertex -126.819 -43.3836 -17.1981
      vertex -126.971 -43.4002 -14.1981
    endloop
  endfacet
  facet normal -0.108852 0.994058 0
    outer loop
      vertex -126.819 -43.3836 -17.1981
      vertex -126.971 -43.4002 -17.1981
      vertex -126.971 -43.4002 -14.1981
    endloop
  endfacet
  facet normal -0.0654034 0.997859 0
    outer loop
      vertex -126.971 -43.4002 -14.1981
      vertex -126.971 -43.4002 -17.1981
      vertex -127.123 -43.4102 -14.1981
    endloop
  endfacet
  facet normal -0.0654034 0.997859 0
    outer loop
      vertex -126.971 -43.4002 -17.1981
      vertex -127.123 -43.4102 -17.1981
      vertex -127.123 -43.4102 -14.1981
    endloop
  endfacet
  facet normal -0.0218103 0.999762 0
    outer loop
      vertex -127.123 -43.4102 -14.1981
      vertex -127.123 -43.4102 -17.1981
      vertex -127.276 -43.4136 -14.1981
    endloop
  endfacet
  facet normal -0.0218103 0.999762 0
    outer loop
      vertex -127.123 -43.4102 -17.1981
      vertex -127.276 -43.4136 -17.1981
      vertex -127.276 -43.4136 -14.1981
    endloop
  endfacet
  facet normal 0.0218082 0.999762 0
    outer loop
      vertex -127.276 -43.4136 -14.1981
      vertex -127.276 -43.4136 -17.1981
      vertex -127.429 -43.4102 -14.1981
    endloop
  endfacet
  facet normal 0.0218082 0.999762 0
    outer loop
      vertex -127.276 -43.4136 -17.1981
      vertex -127.429 -43.4102 -17.1981
      vertex -127.429 -43.4102 -14.1981
    endloop
  endfacet
  facet normal 0.0654034 0.997859 0
    outer loop
      vertex -127.429 -43.4102 -14.1981
      vertex -127.429 -43.4102 -17.1981
      vertex -127.581 -43.4002 -14.1981
    endloop
  endfacet
  facet normal 0.0654034 0.997859 0
    outer loop
      vertex -127.429 -43.4102 -17.1981
      vertex -127.581 -43.4002 -17.1981
      vertex -127.581 -43.4002 -14.1981
    endloop
  endfacet
  facet normal 0.108852 0.994058 0
    outer loop
      vertex -127.581 -43.4002 -14.1981
      vertex -127.581 -43.4002 -17.1981
      vertex -127.733 -43.3836 -14.1981
    endloop
  endfacet
  facet normal 0.108852 0.994058 0
    outer loop
      vertex -127.581 -43.4002 -17.1981
      vertex -127.733 -43.3836 -17.1981
      vertex -127.733 -43.3836 -14.1981
    endloop
  endfacet
  facet normal 0.152138 0.988359 0
    outer loop
      vertex -127.733 -43.3836 -14.1981
      vertex -127.733 -43.3836 -17.1981
      vertex -127.884 -43.3604 -14.1981
    endloop
  endfacet
  facet normal 0.152138 0.988359 0
    outer loop
      vertex -127.733 -43.3836 -17.1981
      vertex -127.884 -43.3604 -17.1981
      vertex -127.884 -43.3604 -14.1981
    endloop
  endfacet
  facet normal 0.195089 0.980786 0
    outer loop
      vertex -127.884 -43.3604 -14.1981
      vertex -127.884 -43.3604 -17.1981
      vertex -128.033 -43.3306 -14.1981
    endloop
  endfacet
  facet normal 0.195089 0.980786 0
    outer loop
      vertex -127.884 -43.3604 -17.1981
      vertex -128.033 -43.3306 -17.1981
      vertex -128.033 -43.3306 -14.1981
    endloop
  endfacet
  facet normal 0.237688 0.971342 0
    outer loop
      vertex -128.033 -43.3306 -14.1981
      vertex -128.033 -43.3306 -17.1981
      vertex -128.182 -43.2943 -14.1981
    endloop
  endfacet
  facet normal 0.237688 0.971342 0
    outer loop
      vertex -128.033 -43.3306 -17.1981
      vertex -128.182 -43.2943 -17.1981
      vertex -128.182 -43.2943 -14.1981
    endloop
  endfacet
  facet normal 0.27985 0.960044 0
    outer loop
      vertex -128.182 -43.2943 -14.1981
      vertex -128.182 -43.2943 -17.1981
      vertex -128.328 -43.2516 -14.1981
    endloop
  endfacet
  facet normal 0.27985 0.960044 0
    outer loop
      vertex -128.182 -43.2943 -17.1981
      vertex -128.328 -43.2516 -17.1981
      vertex -128.328 -43.2516 -14.1981
    endloop
  endfacet
  facet normal 0.321434 0.946932 0
    outer loop
      vertex -128.328 -43.2516 -14.1981
      vertex -128.328 -43.2516 -17.1981
      vertex -128.473 -43.2025 -14.1981
    endloop
  endfacet
  facet normal 0.321434 0.946932 0
    outer loop
      vertex -128.328 -43.2516 -17.1981
      vertex -128.473 -43.2025 -17.1981
      vertex -128.473 -43.2025 -14.1981
    endloop
  endfacet
  facet normal 0.362444 0.932006 0
    outer loop
      vertex -128.473 -43.2025 -14.1981
      vertex -128.473 -43.2025 -17.1981
      vertex -128.615 -43.1471 -14.1981
    endloop
  endfacet
  facet normal 0.362444 0.932006 0
    outer loop
      vertex -128.473 -43.2025 -17.1981
      vertex -128.615 -43.1471 -17.1981
      vertex -128.615 -43.1471 -14.1981
    endloop
  endfacet
  facet normal 0.402743 0.915313 0
    outer loop
      vertex -128.615 -43.1471 -14.1981
      vertex -128.615 -43.1471 -17.1981
      vertex -128.755 -43.0856 -14.1981
    endloop
  endfacet
  facet normal 0.402743 0.915313 0
    outer loop
      vertex -128.615 -43.1471 -17.1981
      vertex -128.755 -43.0856 -17.1981
      vertex -128.755 -43.0856 -14.1981
    endloop
  endfacet
  facet normal 0.442289 0.896873 0
    outer loop
      vertex -128.755 -43.0856 -14.1981
      vertex -128.755 -43.0856 -17.1981
      vertex -128.892 -43.0181 -14.1981
    endloop
  endfacet
  facet normal 0.442289 0.896873 0
    outer loop
      vertex -128.755 -43.0856 -17.1981
      vertex -128.892 -43.0181 -17.1981
      vertex -128.892 -43.0181 -14.1981
    endloop
  endfacet
  facet normal 0.480963 0.876741 0
    outer loop
      vertex -128.892 -43.0181 -14.1981
      vertex -128.892 -43.0181 -17.1981
      vertex -129.026 -42.9446 -14.1981
    endloop
  endfacet
  facet normal 0.480963 0.876741 0
    outer loop
      vertex -128.892 -43.0181 -17.1981
      vertex -129.026 -42.9446 -17.1981
      vertex -129.026 -42.9446 -14.1981
    endloop
  endfacet
  facet normal 0.518769 0.854914 0
    outer loop
      vertex -129.026 -42.9446 -14.1981
      vertex -129.026 -42.9446 -17.1981
      vertex -129.156 -42.8654 -14.1981
    endloop
  endfacet
  facet normal 0.518769 0.854914 0
    outer loop
      vertex -129.026 -42.9446 -17.1981
      vertex -129.156 -42.8654 -17.1981
      vertex -129.156 -42.8654 -14.1981
    endloop
  endfacet
  facet normal 0.555567 0.831472 0
    outer loop
      vertex -129.156 -42.8654 -14.1981
      vertex -129.156 -42.8654 -17.1981
      vertex -129.283 -42.7806 -14.1981
    endloop
  endfacet
  facet normal 0.555567 0.831472 0
    outer loop
      vertex -129.156 -42.8654 -17.1981
      vertex -129.283 -42.7806 -17.1981
      vertex -129.283 -42.7806 -14.1981
    endloop
  endfacet
  facet normal 0.591315 0.806441 0
    outer loop
      vertex -129.283 -42.7806 -14.1981
      vertex -129.283 -42.7806 -17.1981
      vertex -129.407 -42.6903 -14.1981
    endloop
  endfacet
  facet normal 0.591315 0.806441 0
    outer loop
      vertex -129.283 -42.7806 -17.1981
      vertex -129.407 -42.6903 -17.1981
      vertex -129.407 -42.6903 -14.1981
    endloop
  endfacet
  facet normal 0.625923 0.779885 0
    outer loop
      vertex -129.407 -42.6903 -14.1981
      vertex -129.407 -42.6903 -17.1981
      vertex -129.526 -42.5947 -14.1981
    endloop
  endfacet
  facet normal 0.625923 0.779885 0
    outer loop
      vertex -129.407 -42.6903 -17.1981
      vertex -129.526 -42.5947 -17.1981
      vertex -129.526 -42.5947 -14.1981
    endloop
  endfacet
  facet normal 0.65934 0.751845 0
    outer loop
      vertex -129.526 -42.5947 -14.1981
      vertex -129.526 -42.5947 -17.1981
      vertex -129.64 -42.494 -14.1981
    endloop
  endfacet
  facet normal 0.65934 0.751845 0
    outer loop
      vertex -129.526 -42.5947 -17.1981
      vertex -129.64 -42.494 -17.1981
      vertex -129.64 -42.494 -14.1981
    endloop
  endfacet
  facet normal 0.691545 0.722333 0
    outer loop
      vertex -129.64 -42.494 -14.1981
      vertex -129.64 -42.494 -17.1981
      vertex -129.751 -42.3884 -14.1981
    endloop
  endfacet
  facet normal 0.691545 0.722333 0
    outer loop
      vertex -129.64 -42.494 -17.1981
      vertex -129.751 -42.3884 -17.1981
      vertex -129.751 -42.3884 -14.1981
    endloop
  endfacet
  facet normal 0.722332 0.691546 0
    outer loop
      vertex -129.751 -42.3884 -14.1981
      vertex -129.751 -42.3884 -17.1981
      vertex -129.856 -42.2781 -14.1981
    endloop
  endfacet
  facet normal 0.722332 0.691546 0
    outer loop
      vertex -129.751 -42.3884 -17.1981
      vertex -129.856 -42.2781 -17.1981
      vertex -129.856 -42.2781 -14.1981
    endloop
  endfacet
  facet normal 0.751834 0.659352 0
    outer loop
      vertex -129.856 -42.2781 -14.1981
      vertex -129.856 -42.2781 -17.1981
      vertex -129.957 -42.1633 -14.1981
    endloop
  endfacet
  facet normal 0.751834 0.659352 0
    outer loop
      vertex -129.856 -42.2781 -17.1981
      vertex -129.957 -42.1633 -17.1981
      vertex -129.957 -42.1633 -14.1981
    endloop
  endfacet
  facet normal 0.779906 0.625896 0
    outer loop
      vertex -129.957 -42.1633 -14.1981
      vertex -129.957 -42.1633 -17.1981
      vertex -130.053 -42.0442 -14.1981
    endloop
  endfacet
  facet normal 0.779906 0.625896 0
    outer loop
      vertex -129.957 -42.1633 -17.1981
      vertex -130.053 -42.0442 -17.1981
      vertex -130.053 -42.0442 -14.1981
    endloop
  endfacet
  facet normal 0.806426 0.591335 0
    outer loop
      vertex -130.053 -42.0442 -14.1981
      vertex -130.053 -42.0442 -17.1981
      vertex -130.143 -41.9211 -14.1981
    endloop
  endfacet
  facet normal 0.806426 0.591335 0
    outer loop
      vertex -130.053 -42.0442 -17.1981
      vertex -130.143 -41.9211 -17.1981
      vertex -130.143 -41.9211 -14.1981
    endloop
  endfacet
  facet normal 0.831487 0.555544 0
    outer loop
      vertex -130.143 -41.9211 -14.1981
      vertex -130.143 -41.9211 -17.1981
      vertex -130.228 -41.7941 -14.1981
    endloop
  endfacet
  facet normal 0.831487 0.555544 0
    outer loop
      vertex -130.143 -41.9211 -17.1981
      vertex -130.228 -41.7941 -17.1981
      vertex -130.228 -41.7941 -14.1981
    endloop
  endfacet
  facet normal 0.854925 0.518751 0
    outer loop
      vertex -130.228 -41.7941 -14.1981
      vertex -130.228 -41.7941 -17.1981
      vertex -130.307 -41.6636 -14.1981
    endloop
  endfacet
  facet normal 0.854925 0.518751 0
    outer loop
      vertex -130.228 -41.7941 -17.1981
      vertex -130.307 -41.6636 -17.1981
      vertex -130.307 -41.6636 -14.1981
    endloop
  endfacet
  facet normal 0.876729 0.480984 0
    outer loop
      vertex -130.307 -41.6636 -14.1981
      vertex -130.307 -41.6636 -17.1981
      vertex -130.38 -41.5297 -14.1981
    endloop
  endfacet
  facet normal 0.876729 0.480984 0
    outer loop
      vertex -130.307 -41.6636 -17.1981
      vertex -130.38 -41.5297 -17.1981
      vertex -130.38 -41.5297 -14.1981
    endloop
  endfacet
  facet normal 0.896853 0.442328 0
    outer loop
      vertex -130.38 -41.5297 -14.1981
      vertex -130.38 -41.5297 -17.1981
      vertex -130.448 -41.3927 -14.1981
    endloop
  endfacet
  facet normal 0.896853 0.442328 0
    outer loop
      vertex -130.38 -41.5297 -17.1981
      vertex -130.448 -41.3927 -17.1981
      vertex -130.448 -41.3927 -14.1981
    endloop
  endfacet
  facet normal 0.915318 0.402731 0
    outer loop
      vertex -130.448 -41.3927 -14.1981
      vertex -130.448 -41.3927 -17.1981
      vertex -130.509 -41.2529 -14.1981
    endloop
  endfacet
  facet normal 0.915318 0.402731 0
    outer loop
      vertex -130.448 -41.3927 -17.1981
      vertex -130.509 -41.2529 -17.1981
      vertex -130.509 -41.2529 -14.1981
    endloop
  endfacet
  facet normal 0.932014 0.362423 0
    outer loop
      vertex -130.509 -41.2529 -14.1981
      vertex -130.509 -41.2529 -17.1981
      vertex -130.565 -41.1106 -14.1981
    endloop
  endfacet
  facet normal 0.932014 0.362423 0
    outer loop
      vertex -130.509 -41.2529 -17.1981
      vertex -130.565 -41.1106 -17.1981
      vertex -130.565 -41.1106 -14.1981
    endloop
  endfacet
  facet normal 0.946932 0.321434 0
    outer loop
      vertex -130.565 -41.1106 -14.1981
      vertex -130.565 -41.1106 -17.1981
      vertex -130.614 -40.966 -14.1981
    endloop
  endfacet
  facet normal 0.946932 0.321434 0
    outer loop
      vertex -130.565 -41.1106 -17.1981
      vertex -130.614 -40.966 -17.1981
      vertex -130.614 -40.966 -14.1981
    endloop
  endfacet
  facet normal 0.960041 0.279859 0
    outer loop
      vertex -130.614 -40.966 -14.1981
      vertex -130.614 -40.966 -17.1981
      vertex -130.657 -40.8194 -14.1981
    endloop
  endfacet
  facet normal 0.960041 0.279859 0
    outer loop
      vertex -130.614 -40.966 -17.1981
      vertex -130.657 -40.8194 -17.1981
      vertex -130.657 -40.8194 -14.1981
    endloop
  endfacet
  facet normal 0.971336 0.237711 0
    outer loop
      vertex -130.657 -40.8194 -14.1981
      vertex -130.657 -40.8194 -17.1981
      vertex -130.693 -40.6711 -14.1981
    endloop
  endfacet
  facet normal 0.971336 0.237711 0
    outer loop
      vertex -130.657 -40.8194 -17.1981
      vertex -130.693 -40.6711 -17.1981
      vertex -130.693 -40.6711 -14.1981
    endloop
  endfacet
  facet normal 0.98079 0.195065 0
    outer loop
      vertex -130.693 -40.6711 -14.1981
      vertex -130.693 -40.6711 -17.1981
      vertex -130.723 -40.5213 -14.1981
    endloop
  endfacet
  facet normal 0.98079 0.195065 0
    outer loop
      vertex -130.693 -40.6711 -17.1981
      vertex -130.723 -40.5213 -17.1981
      vertex -130.723 -40.5213 -14.1981
    endloop
  endfacet
  facet normal 0.98836 0.152131 0
    outer loop
      vertex -130.723 -40.5213 -14.1981
      vertex -130.723 -40.5213 -17.1981
      vertex -130.746 -40.3704 -14.1981
    endloop
  endfacet
  facet normal 0.98836 0.152131 0
    outer loop
      vertex -130.723 -40.5213 -17.1981
      vertex -130.746 -40.3704 -17.1981
      vertex -130.746 -40.3704 -14.1981
    endloop
  endfacet
  facet normal 0.994053 0.1089 0
    outer loop
      vertex -130.746 -40.3704 -14.1981
      vertex -130.746 -40.3704 -17.1981
      vertex -130.763 -40.2186 -14.1981
    endloop
  endfacet
  facet normal 0.994053 0.1089 0
    outer loop
      vertex -130.746 -40.3704 -17.1981
      vertex -130.763 -40.2186 -17.1981
      vertex -130.763 -40.2186 -14.1981
    endloop
  endfacet
  facet normal 0.99786 0.0653807 0
    outer loop
      vertex -130.763 -40.2186 -14.1981
      vertex -130.763 -40.2186 -17.1981
      vertex -130.773 -40.0662 -14.1981
    endloop
  endfacet
  facet normal 0.99786 0.0653807 0
    outer loop
      vertex -130.763 -40.2186 -17.1981
      vertex -130.773 -40.0662 -17.1981
      vertex -130.773 -40.0662 -14.1981
    endloop
  endfacet
  facet normal 0.999763 0.0217605 0
    outer loop
      vertex -130.773 -40.0662 -14.1981
      vertex -130.773 -40.0662 -17.1981
      vertex -130.776 -39.9136 -14.1981
    endloop
  endfacet
  facet normal 0.999763 0.0217605 0
    outer loop
      vertex -130.773 -40.0662 -17.1981
      vertex -130.776 -39.9136 -17.1981
      vertex -130.776 -39.9136 -14.1981
    endloop
  endfacet
  facet normal 0 0 -1
    outer loop
      vertex -127.537 -37.9307 -14.1981
      vertex -127.733 -36.4435 -14.1981
      vertex -127.45 -37.9212 -14.1981
    endloop
  endfacet
  facet normal 0 0 -1
    outer loop
      vertex -127.733 -36.4435 -14.1981
      vertex -127.581 -36.4269 -14.1981
      vertex -127.45 -37.9212 -14.1981
    endloop
  endfacet
  facet normal 0 0 -1
    outer loop
      vertex -127.45 -37.9212 -14.1981
      vertex -127.581 -36.4269 -14.1981
      vertex -127.363 -37.9155 -14.1981
    endloop
  endfacet
  facet normal 0 0 -1
    outer loop
      vertex -127.581 -36.4269 -14.1981
      vertex -127.429 -36.4169 -14.1981
      vertex -127.363 -37.9155 -14.1981
    endloop
  endfacet
  facet normal 0 0 -1
    outer loop
      vertex -127.363 -37.9155 -14.1981
      vertex -127.429 -36.4169 -14.1981
      vertex -127.276 -37.9136 -14.1981
    endloop
  endfacet
  facet normal 0 0 -1
    outer loop
      vertex -127.429 -36.4169 -14.1981
      vertex -127.276 -36.4136 -14.1981
      vertex -127.276 -37.9136 -14.1981
    endloop
  endfacet
  facet normal 0 0 -1
    outer loop
      vertex -127.276 -37.9136 -14.1981
      vertex -127.276 -36.4136 -14.1981
      vertex -127.189 -37.9155 -14.1981
    endloop
  endfacet
  facet normal 0 0 -1
    outer loop
      vertex -127.276 -36.4136 -14.1981
      vertex -127.123 -36.4169 -14.1981
      vertex -127.189 -37.9155 -14.1981
    endloop
  endfacet
  facet normal 0 0 -1
    outer loop
      vertex -127.189 -37.9155 -14.1981
      vertex -127.123 -36.4169 -14.1981
      vertex -127.102 -37.9212 -14.1981
    endloop
  endfacet
  facet normal 0 0 -1
    outer loop
      vertex -127.123 -36.4169 -14.1981
      vertex -126.971 -36.4269 -14.1981
      vertex -127.102 -37.9212 -14.1981
    endloop
  endfacet
  facet normal 0 0 -1
    outer loop
      vertex -127.102 -37.9212 -14.1981
      vertex -126.971 -36.4269 -14.1981
      vertex -127.015 -37.9307 -14.1981
    endloop
  endfacet
  facet normal 0 0 -1
    outer loop
      vertex -126.971 -36.4269 -14.1981
      vertex -126.819 -36.4435 -14.1981
      vertex -127.015 -37.9307 -14.1981
    endloop
  endfacet
  facet normal 0 0 -1
    outer loop
      vertex -127.015 -37.9307 -14.1981
      vertex -126.819 -36.4435 -14.1981
      vertex -126.929 -37.9439 -14.1981
    endloop
  endfacet
  facet normal 0 0 -1
    outer loop
      vertex -126.819 -36.4435 -14.1981
      vertex -126.668 -36.4667 -14.1981
      vertex -126.929 -37.9439 -14.1981
    endloop
  endfacet
  facet normal 0 0 -1
    outer loop
      vertex -126.929 -37.9439 -14.1981
      vertex -126.668 -36.4667 -14.1981
      vertex -126.843 -37.961 -14.1981
    endloop
  endfacet
  facet normal 0 0 -1
    outer loop
      vertex -126.668 -36.4667 -14.1981
      vertex -126.518 -36.4965 -14.1981
      vertex -126.843 -37.961 -14.1981
    endloop
  endfacet
  facet normal 0 0 -1
    outer loop
      vertex -126.843 -37.961 -14.1981
      vertex -126.518 -36.4965 -14.1981
      vertex -126.758 -37.9817 -14.1981
    endloop
  endfacet
  facet normal 0 0 -1
    outer loop
      vertex -126.518 -36.4965 -14.1981
      vertex -126.37 -36.5328 -14.1981
      vertex -126.758 -37.9817 -14.1981
    endloop
  endfacet
  facet normal 0 0 -1
    outer loop
      vertex -126.758 -37.9817 -14.1981
      vertex -126.37 -36.5328 -14.1981
      vertex -126.674 -38.0061 -14.1981
    endloop
  endfacet
  facet normal 0 0 -1
    outer loop
      vertex -126.37 -36.5328 -14.1981
      vertex -126.223 -36.5755 -14.1981
      vertex -126.674 -38.0061 -14.1981
    endloop
  endfacet
  facet normal 0 0 -1
    outer loop
      vertex -126.674 -38.0061 -14.1981
      vertex -126.223 -36.5755 -14.1981
      vertex -126.592 -38.0342 -14.1981
    endloop
  endfacet
  facet normal 0 0 -1
    outer loop
      vertex -126.223 -36.5755 -14.1981
      vertex -126.079 -36.6246 -14.1981
      vertex -126.592 -38.0342 -14.1981
    endloop
  endfacet
  facet normal 0 0 -1
    outer loop
      vertex -126.592 -38.0342 -14.1981
      vertex -126.079 -36.6246 -14.1981
      vertex -126.511 -38.0658 -14.1981
    endloop
  endfacet
  facet normal 0 0 -1
    outer loop
      vertex -126.079 -36.6246 -14.1981
      vertex -125.936 -36.68 -14.1981
      vertex -126.511 -38.0658 -14.1981
    endloop
  endfacet
  facet normal 0 0 -1
    outer loop
      vertex -126.511 -38.0658 -14.1981
      vertex -125.936 -36.68 -14.1981
      vertex -126.431 -38.1009 -14.1981
    endloop
  endfacet
  facet normal 0 0 -1
    outer loop
      vertex -125.936 -36.68 -14.1981
      vertex -125.797 -36.7415 -14.1981
      vertex -126.431 -38.1009 -14.1981
    endloop
  endfacet
  facet normal 0 0 -1
    outer loop
      vertex -126.431 -38.1009 -14.1981
      vertex -125.797 -36.7415 -14.1981
      vertex -126.352 -38.1395 -14.1981
    endloop
  endfacet
  facet normal 0 0 -1
    outer loop
      vertex -125.797 -36.7415 -14.1981
      vertex -125.66 -36.809 -14.1981
      vertex -126.352 -38.1395 -14.1981
    endloop
  endfacet
  facet normal 0 0 -1
    outer loop
      vertex -126.352 -38.1395 -14.1981
      vertex -125.66 -36.809 -14.1981
      vertex -126.276 -38.1815 -14.1981
    endloop
  endfacet
  facet normal 0 0 -1
    outer loop
      vertex -125.66 -36.809 -14.1981
      vertex -125.526 -36.8825 -14.1981
      vertex -126.276 -38.1815 -14.1981
    endloop
  endfacet
  facet normal 0 0 -1
    outer loop
      vertex -126.276 -38.1815 -14.1981
      vertex -125.526 -36.8825 -14.1981
      vertex -126.201 -38.2268 -14.1981
    endloop
  endfacet
  facet normal 0 0 -1
    outer loop
      vertex -125.526 -36.8825 -14.1981
      vertex -125.395 -36.9617 -14.1981
      vertex -126.201 -38.2268 -14.1981
    endloop
  endfacet
  facet normal 0 0 -1
    outer loop
      vertex -126.201 -38.2268 -14.1981
      vertex -125.395 -36.9617 -14.1981
      vertex -126.129 -38.2752 -14.1981
    endloop
  endfacet
  facet normal 0 0 -1
    outer loop
      vertex -125.395 -36.9617 -14.1981
      vertex -125.268 -37.0465 -14.1981
      vertex -126.129 -38.2752 -14.1981
    endloop
  endfacet
  facet normal 0 0 -1
    outer loop
      vertex -126.129 -38.2752 -14.1981
      vertex -125.268 -37.0465 -14.1981
      vertex -126.058 -38.3268 -14.1981
    endloop
  endfacet
  facet normal 0 0 -1
    outer loop
      vertex -125.268 -37.0465 -14.1981
      vertex -125.145 -37.1368 -14.1981
      vertex -126.058 -38.3268 -14.1981
    endloop
  endfacet
  facet normal 0 0 -1
    outer loop
      vertex -126.058 -38.3268 -14.1981
      vertex -125.145 -37.1368 -14.1981
      vertex -125.99 -38.3815 -14.1981
    endloop
  endfacet
  facet normal 0 0 -1
    outer loop
      vertex -125.145 -37.1368 -14.1981
      vertex -125.026 -37.2324 -14.1981
      vertex -125.99 -38.3815 -14.1981
    endloop
  endfacet
  facet normal 0 0 -1
    outer loop
      vertex -125.99 -38.3815 -14.1981
      vertex -125.026 -37.2324 -14.1981
      vertex -125.925 -38.439 -14.1981
    endloop
  endfacet
  facet normal 0 0 -1
    outer loop
      vertex -125.026 -37.2324 -14.1981
      vertex -124.911 -37.3331 -14.1981
      vertex -125.925 -38.439 -14.1981
    endloop
  endfacet
  facet normal 0 0 -1
    outer loop
      vertex -125.925 -38.439 -14.1981
      vertex -124.911 -37.3331 -14.1981
      vertex -125.862 -38.4993 -14.1981
    endloop
  endfacet
  facet normal 0 0 -1
    outer loop
      vertex -124.911 -37.3331 -14.1981
      vertex -124.801 -37.4387 -14.1981
      vertex -125.862 -38.4993 -14.1981
    endloop
  endfacet
  facet normal 0 0 -1
    outer loop
      vertex -125.862 -38.4993 -14.1981
      vertex -124.801 -37.4387 -14.1981
      vertex -125.801 -38.5624 -14.1981
    endloop
  endfacet
  facet normal 0 0 -1
    outer loop
      vertex -124.801 -37.4387 -14.1981
      vertex -124.695 -37.549 -14.1981
      vertex -125.801 -38.5624 -14.1981
    endloop
  endfacet
  facet normal 0 0 -1
    outer loop
      vertex -125.801 -38.5624 -14.1981
      vertex -124.695 -37.549 -14.1981
      vertex -125.744 -38.628 -14.1981
    endloop
  endfacet
  facet normal 0 0 -1
    outer loop
      vertex -124.695 -37.549 -14.1981
      vertex -124.595 -37.6638 -14.1981
      vertex -125.744 -38.628 -14.1981
    endloop
  endfacet
  facet normal 0 0 -1
    outer loop
      vertex -125.744 -38.628 -14.1981
      vertex -124.595 -37.6638 -14.1981
      vertex -125.689 -38.696 -14.1981
    endloop
  endfacet
  facet normal 0 0 -1
    outer loop
      vertex -124.595 -37.6638 -14.1981
      vertex -124.499 -37.7829 -14.1981
      vertex -125.689 -38.696 -14.1981
    endloop
  endfacet
  facet normal 0 0 -1
    outer loop
      vertex -125.689 -38.696 -14.1981
      vertex -124.499 -37.7829 -14.1981
      vertex -125.638 -38.7664 -14.1981
    endloop
  endfacet
  facet normal 0 0 -1
    outer loop
      vertex -124.499 -37.7829 -14.1981
      vertex -124.409 -37.906 -14.1981
      vertex -125.638 -38.7664 -14.1981
    endloop
  endfacet
  facet normal 0 0 -1
    outer loop
      vertex -125.638 -38.7664 -14.1981
      vertex -124.409 -37.906 -14.1981
      vertex -125.589 -38.839 -14.1981
    endloop
  endfacet
  facet normal 0 0 -1
    outer loop
      vertex -124.409 -37.906 -14.1981
      vertex -124.324 -38.033 -14.1981
      vertex -125.589 -38.839 -14.1981
    endloop
  endfacet
  facet normal 0 0 -1
    outer loop
      vertex -125.589 -38.839 -14.1981
      vertex -124.324 -38.033 -14.1981
      vertex -125.544 -38.9136 -14.1981
    endloop
  endfacet
  facet normal 0 0 -1
    outer loop
      vertex -124.324 -38.033 -14.1981
      vertex -124.245 -38.1636 -14.1981
      vertex -125.544 -38.9136 -14.1981
    endloop
  endfacet
  facet normal 0 0 -1
    outer loop
      vertex -125.544 -38.9136 -14.1981
      vertex -124.245 -38.1636 -14.1981
      vertex -125.502 -38.9901 -14.1981
    endloop
  endfacet
  facet normal 0 0 -1
    outer loop
      vertex -124.245 -38.1636 -14.1981
      vertex -124.171 -38.2974 -14.1981
      vertex -125.502 -38.9901 -14.1981
    endloop
  endfacet
  facet normal 0 0 -1
    outer loop
      vertex -125.502 -38.9901 -14.1981
      vertex -124.171 -38.2974 -14.1981
      vertex -125.463 -39.0683 -14.1981
    endloop
  endfacet
  facet normal 0 0 -1
    outer loop
      vertex -124.171 -38.2974 -14.1981
      vertex -124.104 -38.4344 -14.1981
      vertex -125.463 -39.0683 -14.1981
    endloop
  endfacet
  facet normal 0 0 -1
    outer loop
      vertex -125.463 -39.0683 -14.1981
      vertex -124.104 -38.4344 -14.1981
      vertex -125.428 -39.1482 -14.1981
    endloop
  endfacet
  facet normal 0 0 -1
    outer loop
      vertex -124.104 -38.4344 -14.1981
      vertex -124.042 -38.5742 -14.1981
      vertex -125.428 -39.1482 -14.1981
    endloop
  endfacet
  facet normal 0 0 -1
    outer loop
      vertex -125.428 -39.1482 -14.1981
      vertex -124.042 -38.5742 -14.1981
      vertex -125.396 -39.2295 -14.1981
    endloop
  endfacet
  facet normal 0 0 -1
    outer loop
      vertex -124.042 -38.5742 -14.1981
      vertex -123.987 -38.7165 -14.1981
      vertex -125.396 -39.2295 -14.1981
    endloop
  endfacet
  facet normal 0 0 -1
    outer loop
      vertex -125.396 -39.2295 -14.1981
      vertex -123.987 -38.7165 -14.1981
      vertex -125.368 -39.3121 -14.1981
    endloop
  endfacet
  facet normal 0 0 -1
    outer loop
      vertex -123.987 -38.7165 -14.1981
      vertex -123.938 -38.8611 -14.1981
      vertex -125.368 -39.3121 -14.1981
    endloop
  endfacet
  facet normal 0 0 -1
    outer loop
      vertex -125.368 -39.3121 -14.1981
      vertex -123.938 -38.8611 -14.1981
      vertex -125.344 -39.3959 -14.1981
    endloop
  endfacet
  facet normal 0 0 -1
    outer loop
      vertex -123.938 -38.8611 -14.1981
      vertex -123.895 -39.0077 -14.1981
      vertex -125.344 -39.3959 -14.1981
    endloop
  endfacet
  facet normal 0 0 -1
    outer loop
      vertex -125.344 -39.3959 -14.1981
      vertex -123.895 -39.0077 -14.1981
      vertex -125.323 -39.4807 -14.1981
    endloop
  endfacet
  facet normal 0 0 -1
    outer loop
      vertex -123.895 -39.0077 -14.1981
      vertex -123.859 -39.156 -14.1981
      vertex -125.323 -39.4807 -14.1981
    endloop
  endfacet
  facet normal 0 0 -1
    outer loop
      vertex -125.323 -39.4807 -14.1981
      vertex -123.859 -39.156 -14.1981
      vertex -125.306 -39.5663 -14.1981
    endloop
  endfacet
  facet normal 0 0 -1
    outer loop
      vertex -123.859 -39.156 -14.1981
      vertex -123.829 -39.3058 -14.1981
      vertex -125.306 -39.5663 -14.1981
    endloop
  endfacet
  facet normal 0 0 -1
    outer loop
      vertex -125.306 -39.5663 -14.1981
      vertex -123.829 -39.3058 -14.1981
      vertex -125.293 -39.6525 -14.1981
    endloop
  endfacet
  facet normal 0 0 -1
    outer loop
      vertex -123.829 -39.3058 -14.1981
      vertex -123.806 -39.4567 -14.1981
      vertex -125.293 -39.6525 -14.1981
    endloop
  endfacet
  facet normal 0 0 -1
    outer loop
      vertex -125.293 -39.6525 -14.1981
      vertex -123.806 -39.4567 -14.1981
      vertex -125.283 -39.7392 -14.1981
    endloop
  endfacet
  facet normal 0 0 -1
    outer loop
      vertex -123.806 -39.4567 -14.1981
      vertex -123.789 -39.6085 -14.1981
      vertex -125.283 -39.7392 -14.1981
    endloop
  endfacet
  facet normal 0 0 -1
    outer loop
      vertex -125.283 -39.7392 -14.1981
      vertex -123.789 -39.6085 -14.1981
      vertex -125.278 -39.8263 -14.1981
    endloop
  endfacet
  facet normal 0 0 -1
    outer loop
      vertex -123.789 -39.6085 -14.1981
      vertex -123.779 -39.7609 -14.1981
      vertex -125.278 -39.8263 -14.1981
    endloop
  endfacet
  facet normal 0 0 -1
    outer loop
      vertex -125.278 -39.8263 -14.1981
      vertex -123.779 -39.7609 -14.1981
      vertex -125.276 -39.9136 -14.1981
    endloop
  endfacet
  facet normal 0 0 -1
    outer loop
      vertex -123.779 -39.7609 -14.1981
      vertex -123.776 -39.9136 -14.1981
      vertex -125.276 -39.9136 -14.1981
    endloop
  endfacet
  facet normal 0 0 -1
    outer loop
      vertex -125.276 -39.9136 -14.1981
      vertex -123.776 -39.9136 -14.1981
      vertex -125.278 -40.0008 -14.1981
    endloop
  endfacet
  facet normal 0 0 -1
    outer loop
      vertex -123.776 -39.9136 -14.1981
      vertex -123.779 -40.0662 -14.1981
      vertex -125.278 -40.0008 -14.1981
    endloop
  endfacet
  facet normal 0 0 -1
    outer loop
      vertex -125.278 -40.0008 -14.1981
      vertex -123.779 -40.0662 -14.1981
      vertex -125.283 -40.0879 -14.1981
    endloop
  endfacet
  facet normal 0 0 -1
    outer loop
      vertex -123.779 -40.0662 -14.1981
      vertex -123.789 -40.2186 -14.1981
      vertex -125.283 -40.0879 -14.1981
    endloop
  endfacet
  facet normal 0 0 -1
    outer loop
      vertex -125.283 -40.0879 -14.1981
      vertex -123.789 -40.2186 -14.1981
      vertex -125.293 -40.1746 -14.1981
    endloop
  endfacet
  facet normal 0 0 -1
    outer loop
      vertex -123.789 -40.2186 -14.1981
      vertex -123.806 -40.3704 -14.1981
      vertex -125.293 -40.1746 -14.1981
    endloop
  endfacet
  facet normal 0 0 -1
    outer loop
      vertex -125.293 -40.1746 -14.1981
      vertex -123.806 -40.3704 -14.1981
      vertex -125.306 -40.2609 -14.1981
    endloop
  endfacet
  facet normal 0 0 -1
    outer loop
      vertex -123.806 -40.3704 -14.1981
      vertex -123.829 -40.5213 -14.1981
      vertex -125.306 -40.2609 -14.1981
    endloop
  endfacet
  facet normal 0 0 -1
    outer loop
      vertex -125.306 -40.2609 -14.1981
      vertex -123.829 -40.5213 -14.1981
      vertex -125.323 -40.3464 -14.1981
    endloop
  endfacet
  facet normal 0 0 -1
    outer loop
      vertex -123.829 -40.5213 -14.1981
      vertex -123.859 -40.6711 -14.1981
      vertex -125.323 -40.3464 -14.1981
    endloop
  endfacet
  facet normal 0 0 -1
    outer loop
      vertex -125.323 -40.3464 -14.1981
      vertex -123.859 -40.6711 -14.1981
      vertex -125.344 -40.4312 -14.1981
    endloop
  endfacet
  facet normal 0 0 -1
    outer loop
      vertex -123.859 -40.6711 -14.1981
      vertex -123.895 -40.8194 -14.1981
      vertex -125.344 -40.4312 -14.1981
    endloop
  endfacet
  facet normal 0 0 -1
    outer loop
      vertex -125.344 -40.4312 -14.1981
      vertex -123.895 -40.8194 -14.1981
      vertex -125.368 -40.515 -14.1981
    endloop
  endfacet
  facet normal 0 0 -1
    outer loop
      vertex -123.895 -40.8194 -14.1981
      vertex -123.938 -40.966 -14.1981
      vertex -125.368 -40.515 -14.1981
    endloop
  endfacet
  facet normal 0 0 -1
    outer loop
      vertex -125.368 -40.515 -14.1981
      vertex -123.938 -40.966 -14.1981
      vertex -125.396 -40.5976 -14.1981
    endloop
  endfacet
  facet normal 0 0 -1
    outer loop
      vertex -123.938 -40.966 -14.1981
      vertex -123.987 -41.1106 -14.1981
      vertex -125.396 -40.5976 -14.1981
    endloop
  endfacet
  facet normal 0 0 -1
    outer loop
      vertex -125.396 -40.5976 -14.1981
      vertex -123.987 -41.1106 -14.1981
      vertex -125.428 -40.6789 -14.1981
    endloop
  endfacet
  facet normal 0 0 -1
    outer loop
      vertex -123.987 -41.1106 -14.1981
      vertex -124.042 -41.2529 -14.1981
      vertex -125.428 -40.6789 -14.1981
    endloop
  endfacet
  facet normal 0 0 -1
    outer loop
      vertex -125.428 -40.6789 -14.1981
      vertex -124.042 -41.2529 -14.1981
      vertex -125.463 -40.7588 -14.1981
    endloop
  endfacet
  facet normal 0 0 -1
    outer loop
      vertex -124.042 -41.2529 -14.1981
      vertex -124.104 -41.3927 -14.1981
      vertex -125.463 -40.7588 -14.1981
    endloop
  endfacet
  facet normal 0 0 -1
    outer loop
      vertex -125.463 -40.7588 -14.1981
      vertex -124.104 -41.3927 -14.1981
      vertex -125.502 -40.8371 -14.1981
    endloop
  endfacet
  facet normal 0 0 -1
    outer loop
      vertex -124.104 -41.3927 -14.1981
      vertex -124.171 -41.5297 -14.1981
      vertex -125.502 -40.8371 -14.1981
    endloop
  endfacet
  facet normal 0 0 -1
    outer loop
      vertex -125.502 -40.8371 -14.1981
      vertex -124.171 -41.5297 -14.1981
      vertex -125.544 -40.9136 -14.1981
    endloop
  endfacet
  facet normal 0 0 -1
    outer loop
      vertex -124.171 -41.5297 -14.1981
      vertex -124.245 -41.6636 -14.1981
      vertex -125.544 -40.9136 -14.1981
    endloop
  endfacet
  facet normal 0 0 -1
    outer loop
      vertex -125.544 -40.9136 -14.1981
      vertex -124.245 -41.6636 -14.1981
      vertex -125.589 -40.9882 -14.1981
    endloop
  endfacet
  facet normal 0 0 -1
    outer loop
      vertex -124.245 -41.6636 -14.1981
      vertex -124.324 -41.7941 -14.1981
      vertex -125.589 -40.9882 -14.1981
    endloop
  endfacet
  facet normal 0 0 -1
    outer loop
      vertex -125.589 -40.9882 -14.1981
      vertex -124.324 -41.7941 -14.1981
      vertex -125.638 -41.0607 -14.1981
    endloop
  endfacet
  facet normal 0 0 -1
    outer loop
      vertex -124.324 -41.7941 -14.1981
      vertex -124.409 -41.9211 -14.1981
      vertex -125.638 -41.0607 -14.1981
    endloop
  endfacet
  facet normal 0 0 -1
    outer loop
      vertex -125.638 -41.0607 -14.1981
      vertex -124.409 -41.9211 -14.1981
      vertex -125.689 -41.1311 -14.1981
    endloop
  endfacet
  facet normal 0 0 -1
    outer loop
      vertex -124.409 -41.9211 -14.1981
      vertex -124.499 -42.0442 -14.1981
      vertex -125.689 -41.1311 -14.1981
    endloop
  endfacet
  facet normal 0 0 -1
    outer loop
      vertex -125.689 -41.1311 -14.1981
      vertex -124.499 -42.0442 -14.1981
      vertex -125.744 -41.1991 -14.1981
    endloop
  endfacet
  facet normal 0 0 -1
    outer loop
      vertex -124.499 -42.0442 -14.1981
      vertex -124.595 -42.1633 -14.1981
      vertex -125.744 -41.1991 -14.1981
    endloop
  endfacet
  facet normal 0 0 -1
    outer loop
      vertex -125.744 -41.1991 -14.1981
      vertex -124.595 -42.1633 -14.1981
      vertex -125.801 -41.2647 -14.1981
    endloop
  endfacet
  facet normal 0 0 -1
    outer loop
      vertex -124.595 -42.1633 -14.1981
      vertex -124.695 -42.2781 -14.1981
      vertex -125.801 -41.2647 -14.1981
    endloop
  endfacet
  facet normal 0 0 -1
    outer loop
      vertex -125.801 -41.2647 -14.1981
      vertex -124.695 -42.2781 -14.1981
      vertex -125.862 -41.3278 -14.1981
    endloop
  endfacet
  facet normal 0 0 -1
    outer loop
      vertex -124.695 -42.2781 -14.1981
      vertex -124.801 -42.3884 -14.1981
      vertex -125.862 -41.3278 -14.1981
    endloop
  endfacet
  facet normal 0 0 -1
    outer loop
      vertex -125.862 -41.3278 -14.1981
      vertex -124.801 -42.3884 -14.1981
      vertex -125.925 -41.3881 -14.1981
    endloop
  endfacet
  facet normal 0 0 -1
    outer loop
      vertex -124.801 -42.3884 -14.1981
      vertex -124.911 -42.494 -14.1981
      vertex -125.925 -41.3881 -14.1981
    endloop
  endfacet
  facet normal 0 0 -1
    outer loop
      vertex -125.925 -41.3881 -14.1981
      vertex -124.911 -42.494 -14.1981
      vertex -125.99 -41.4456 -14.1981
    endloop
  endfacet
  facet normal 0 0 -1
    outer loop
      vertex -124.911 -42.494 -14.1981
      vertex -125.026 -42.5947 -14.1981
      vertex -125.99 -41.4456 -14.1981
    endloop
  endfacet
  facet normal 0 0 -1
    outer loop
      vertex -125.99 -41.4456 -14.1981
      vertex -125.026 -42.5947 -14.1981
      vertex -126.058 -41.5003 -14.1981
    endloop
  endfacet
  facet normal 0 0 -1
    outer loop
      vertex -125.026 -42.5947 -14.1981
      vertex -125.145 -42.6903 -14.1981
      vertex -126.058 -41.5003 -14.1981
    endloop
  endfacet
  facet normal 0 0 -1
    outer loop
      vertex -126.058 -41.5003 -14.1981
      vertex -125.145 -42.6903 -14.1981
      vertex -126.129 -41.5519 -14.1981
    endloop
  endfacet
  facet normal 0 0 -1
    outer loop
      vertex -125.145 -42.6903 -14.1981
      vertex -125.268 -42.7806 -14.1981
      vertex -126.129 -41.5519 -14.1981
    endloop
  endfacet
  facet normal 0 0 -1
    outer loop
      vertex -126.129 -41.5519 -14.1981
      vertex -125.268 -42.7806 -14.1981
      vertex -126.201 -41.6003 -14.1981
    endloop
  endfacet
  facet normal 0 0 -1
    outer loop
      vertex -125.268 -42.7806 -14.1981
      vertex -125.395 -42.8654 -14.1981
      vertex -126.201 -41.6003 -14.1981
    endloop
  endfacet
  facet normal 0 0 -1
    outer loop
      vertex -126.201 -41.6003 -14.1981
      vertex -125.395 -42.8654 -14.1981
      vertex -126.276 -41.6456 -14.1981
    endloop
  endfacet
  facet normal 0 0 -1
    outer loop
      vertex -125.395 -42.8654 -14.1981
      vertex -125.526 -42.9446 -14.1981
      vertex -126.276 -41.6456 -14.1981
    endloop
  endfacet
  facet normal 0 0 -1
    outer loop
      vertex -126.276 -41.6456 -14.1981
      vertex -125.526 -42.9446 -14.1981
      vertex -126.352 -41.6876 -14.1981
    endloop
  endfacet
  facet normal 0 0 -1
    outer loop
      vertex -125.526 -42.9446 -14.1981
      vertex -125.66 -43.0181 -14.1981
      vertex -126.352 -41.6876 -14.1981
    endloop
  endfacet
  facet normal 0 0 -1
    outer loop
      vertex -126.352 -41.6876 -14.1981
      vertex -125.66 -43.0181 -14.1981
      vertex -126.431 -41.7262 -14.1981
    endloop
  endfacet
  facet normal 0 0 -1
    outer loop
      vertex -125.66 -43.0181 -14.1981
      vertex -125.797 -43.0856 -14.1981
      vertex -126.431 -41.7262 -14.1981
    endloop
  endfacet
  facet normal 0 0 -1
    outer loop
      vertex -126.431 -41.7262 -14.1981
      vertex -125.797 -43.0856 -14.1981
      vertex -126.511 -41.7613 -14.1981
    endloop
  endfacet
  facet normal 0 0 -1
    outer loop
      vertex -125.797 -43.0856 -14.1981
      vertex -125.936 -43.1471 -14.1981
      vertex -126.511 -41.7613 -14.1981
    endloop
  endfacet
  facet normal 0 0 -1
    outer loop
      vertex -126.511 -41.7613 -14.1981
      vertex -125.936 -43.1471 -14.1981
      vertex -126.592 -41.7929 -14.1981
    endloop
  endfacet
  facet normal 0 0 -1
    outer loop
      vertex -125.936 -43.1471 -14.1981
      vertex -126.079 -43.2025 -14.1981
      vertex -126.592 -41.7929 -14.1981
    endloop
  endfacet
  facet normal 0 0 -1
    outer loop
      vertex -126.592 -41.7929 -14.1981
      vertex -126.079 -43.2025 -14.1981
      vertex -126.674 -41.821 -14.1981
    endloop
  endfacet
  facet normal 0 0 -1
    outer loop
      vertex -126.079 -43.2025 -14.1981
      vertex -126.223 -43.2516 -14.1981
      vertex -126.674 -41.821 -14.1981
    endloop
  endfacet
  facet normal 0 0 -1
    outer loop
      vertex -126.674 -41.821 -14.1981
      vertex -126.223 -43.2516 -14.1981
      vertex -126.758 -41.8454 -14.1981
    endloop
  endfacet
  facet normal 0 0 -1
    outer loop
      vertex -126.223 -43.2516 -14.1981
      vertex -126.37 -43.2943 -14.1981
      vertex -126.758 -41.8454 -14.1981
    endloop
  endfacet
  facet normal 0 0 -1
    outer loop
      vertex -126.758 -41.8454 -14.1981
      vertex -126.37 -43.2943 -14.1981
      vertex -126.843 -41.8661 -14.1981
    endloop
  endfacet
  facet normal 0 0 -1
    outer loop
      vertex -126.37 -43.2943 -14.1981
      vertex -126.518 -43.3306 -14.1981
      vertex -126.843 -41.8661 -14.1981
    endloop
  endfacet
  facet normal 0 0 -1
    outer loop
      vertex -126.843 -41.8661 -14.1981
      vertex -126.518 -43.3306 -14.1981
      vertex -126.929 -41.8832 -14.1981
    endloop
  endfacet
  facet normal 0 0 -1
    outer loop
      vertex -126.518 -43.3306 -14.1981
      vertex -126.668 -43.3604 -14.1981
      vertex -126.929 -41.8832 -14.1981
    endloop
  endfacet
  facet normal 0 0 -1
    outer loop
      vertex -126.929 -41.8832 -14.1981
      vertex -126.668 -43.3604 -14.1981
      vertex -127.015 -41.8964 -14.1981
    endloop
  endfacet
  facet normal 0 0 -1
    outer loop
      vertex -126.668 -43.3604 -14.1981
      vertex -126.819 -43.3836 -14.1981
      vertex -127.015 -41.8964 -14.1981
    endloop
  endfacet
  facet normal 0 0 -1
    outer loop
      vertex -127.015 -41.8964 -14.1981
      vertex -126.819 -43.3836 -14.1981
      vertex -127.102 -41.9059 -14.1981
    endloop
  endfacet
  facet normal 0 0 -1
    outer loop
      vertex -126.819 -43.3836 -14.1981
      vertex -126.971 -43.4002 -14.1981
      vertex -127.102 -41.9059 -14.1981
    endloop
  endfacet
  facet normal 0 0 -1
    outer loop
      vertex -127.102 -41.9059 -14.1981
      vertex -126.971 -43.4002 -14.1981
      vertex -127.189 -41.9117 -14.1981
    endloop
  endfacet
  facet normal 0 0 -1
    outer loop
      vertex -126.971 -43.4002 -14.1981
      vertex -127.123 -43.4102 -14.1981
      vertex -127.189 -41.9117 -14.1981
    endloop
  endfacet
  facet normal 0 0 -1
    outer loop
      vertex -127.189 -41.9117 -14.1981
      vertex -127.123 -43.4102 -14.1981
      vertex -127.276 -41.9136 -14.1981
    endloop
  endfacet
  facet normal 0 0 -1
    outer loop
      vertex -127.123 -43.4102 -14.1981
      vertex -127.276 -43.4136 -14.1981
      vertex -127.276 -41.9136 -14.1981
    endloop
  endfacet
  facet normal 0 0 -1
    outer loop
      vertex -127.276 -41.9136 -14.1981
      vertex -127.276 -43.4136 -14.1981
      vertex -127.363 -41.9117 -14.1981
    endloop
  endfacet
  facet normal 0 0 -1
    outer loop
      vertex -127.276 -43.4136 -14.1981
      vertex -127.429 -43.4102 -14.1981
      vertex -127.363 -41.9117 -14.1981
    endloop
  endfacet
  facet normal 0 0 -1
    outer loop
      vertex -127.363 -41.9117 -14.1981
      vertex -127.429 -43.4102 -14.1981
      vertex -127.45 -41.9059 -14.1981
    endloop
  endfacet
  facet normal 0 0 -1
    outer loop
      vertex -127.429 -43.4102 -14.1981
      vertex -127.581 -43.4002 -14.1981
      vertex -127.45 -41.9059 -14.1981
    endloop
  endfacet
  facet normal 0 0 -1
    outer loop
      vertex -127.45 -41.9059 -14.1981
      vertex -127.581 -43.4002 -14.1981
      vertex -127.537 -41.8964 -14.1981
    endloop
  endfacet
  facet normal 0 0 -1
    outer loop
      vertex -127.581 -43.4002 -14.1981
      vertex -127.733 -43.3836 -14.1981
      vertex -127.537 -41.8964 -14.1981
    endloop
  endfacet
  facet normal 0 0 -1
    outer loop
      vertex -127.537 -41.8964 -14.1981
      vertex -127.733 -43.3836 -14.1981
      vertex -127.623 -41.8832 -14.1981
    endloop
  endfacet
  facet normal 0 0 -1
    outer loop
      vertex -127.733 -43.3836 -14.1981
      vertex -127.884 -43.3604 -14.1981
      vertex -127.623 -41.8832 -14.1981
    endloop
  endfacet
  facet normal 0 0 -1
    outer loop
      vertex -127.623 -41.8832 -14.1981
      vertex -127.884 -43.3604 -14.1981
      vertex -127.709 -41.8661 -14.1981
    endloop
  endfacet
  facet normal 0 0 -1
    outer loop
      vertex -127.884 -43.3604 -14.1981
      vertex -128.033 -43.3306 -14.1981
      vertex -127.709 -41.8661 -14.1981
    endloop
  endfacet
  facet normal 0 0 -1
    outer loop
      vertex -127.709 -41.8661 -14.1981
      vertex -128.033 -43.3306 -14.1981
      vertex -127.794 -41.8454 -14.1981
    endloop
  endfacet
  facet normal 0 0 -1
    outer loop
      vertex -128.033 -43.3306 -14.1981
      vertex -128.182 -43.2943 -14.1981
      vertex -127.794 -41.8454 -14.1981
    endloop
  endfacet
  facet normal 0 0 -1
    outer loop
      vertex -127.794 -41.8454 -14.1981
      vertex -128.182 -43.2943 -14.1981
      vertex -127.877 -41.821 -14.1981
    endloop
  endfacet
  facet normal 0 0 -1
    outer loop
      vertex -128.182 -43.2943 -14.1981
      vertex -128.328 -43.2516 -14.1981
      vertex -127.877 -41.821 -14.1981
    endloop
  endfacet
  facet normal 0 0 -1
    outer loop
      vertex -127.877 -41.821 -14.1981
      vertex -128.328 -43.2516 -14.1981
      vertex -127.96 -41.7929 -14.1981
    endloop
  endfacet
  facet normal 0 0 -1
    outer loop
      vertex -128.328 -43.2516 -14.1981
      vertex -128.473 -43.2025 -14.1981
      vertex -127.96 -41.7929 -14.1981
    endloop
  endfacet
  facet normal 0 0 -1
    outer loop
      vertex -127.96 -41.7929 -14.1981
      vertex -128.473 -43.2025 -14.1981
      vertex -128.041 -41.7613 -14.1981
    endloop
  endfacet
  facet normal 0 0 -1
    outer loop
      vertex -128.473 -43.2025 -14.1981
      vertex -128.615 -43.1471 -14.1981
      vertex -128.041 -41.7613 -14.1981
    endloop
  endfacet
  facet normal 0 0 -1
    outer loop
      vertex -128.041 -41.7613 -14.1981
      vertex -128.615 -43.1471 -14.1981
      vertex -128.121 -41.7262 -14.1981
    endloop
  endfacet
  facet normal 0 0 -1
    outer loop
      vertex -128.615 -43.1471 -14.1981
      vertex -128.755 -43.0856 -14.1981
      vertex -128.121 -41.7262 -14.1981
    endloop
  endfacet
  facet normal 0 0 -1
    outer loop
      vertex -128.121 -41.7262 -14.1981
      vertex -128.755 -43.0856 -14.1981
      vertex -128.199 -41.6876 -14.1981
    endloop
  endfacet
  facet normal 0 0 -1
    outer loop
      vertex -128.755 -43.0856 -14.1981
      vertex -128.892 -43.0181 -14.1981
      vertex -128.199 -41.6876 -14.1981
    endloop
  endfacet
  facet normal 0 0 -1
    outer loop
      vertex -128.199 -41.6876 -14.1981
      vertex -128.892 -43.0181 -14.1981
      vertex -128.276 -41.6456 -14.1981
    endloop
  endfacet
  facet normal 0 0 -1
    outer loop
      vertex -128.892 -43.0181 -14.1981
      vertex -129.026 -42.9446 -14.1981
      vertex -128.276 -41.6456 -14.1981
    endloop
  endfacet
  facet normal 0 0 -1
    outer loop
      vertex -128.276 -41.6456 -14.1981
      vertex -129.026 -42.9446 -14.1981
      vertex -128.35 -41.6003 -14.1981
    endloop
  endfacet
  facet normal 0 0 -1
    outer loop
      vertex -129.026 -42.9446 -14.1981
      vertex -129.156 -42.8654 -14.1981
      vertex -128.35 -41.6003 -14.1981
    endloop
  endfacet
  facet normal 0 0 -1
    outer loop
      vertex -128.35 -41.6003 -14.1981
      vertex -129.156 -42.8654 -14.1981
      vertex -128.423 -41.5519 -14.1981
    endloop
  endfacet
  facet normal 0 0 -1
    outer loop
      vertex -129.156 -42.8654 -14.1981
      vertex -129.283 -42.7806 -14.1981
      vertex -128.423 -41.5519 -14.1981
    endloop
  endfacet
  facet normal 0 0 -1
    outer loop
      vertex -128.423 -41.5519 -14.1981
      vertex -129.283 -42.7806 -14.1981
      vertex -128.493 -41.5003 -14.1981
    endloop
  endfacet
  facet normal 0 0 -1
    outer loop
      vertex -129.283 -42.7806 -14.1981
      vertex -129.407 -42.6903 -14.1981
      vertex -128.493 -41.5003 -14.1981
    endloop
  endfacet
  facet normal 0 0 -1
    outer loop
      vertex -128.493 -41.5003 -14.1981
      vertex -129.407 -42.6903 -14.1981
      vertex -128.561 -41.4456 -14.1981
    endloop
  endfacet
  facet normal 0 0 -1
    outer loop
      vertex -129.407 -42.6903 -14.1981
      vertex -129.526 -42.5947 -14.1981
      vertex -128.561 -41.4456 -14.1981
    endloop
  endfacet
  facet normal 0 0 -1
    outer loop
      vertex -128.561 -41.4456 -14.1981
      vertex -129.526 -42.5947 -14.1981
      vertex -128.627 -41.3881 -14.1981
    endloop
  endfacet
  facet normal 0 0 -1
    outer loop
      vertex -129.526 -42.5947 -14.1981
      vertex -129.64 -42.494 -14.1981
      vertex -128.627 -41.3881 -14.1981
    endloop
  endfacet
  facet normal 0 0 -1
    outer loop
      vertex -128.627 -41.3881 -14.1981
      vertex -129.64 -42.494 -14.1981
      vertex -128.69 -41.3278 -14.1981
    endloop
  endfacet
  facet normal 0 0 -1
    outer loop
      vertex -129.64 -42.494 -14.1981
      vertex -129.751 -42.3884 -14.1981
      vertex -128.69 -41.3278 -14.1981
    endloop
  endfacet
  facet normal 0 0 -1
    outer loop
      vertex -128.69 -41.3278 -14.1981
      vertex -129.751 -42.3884 -14.1981
      vertex -128.75 -41.2647 -14.1981
    endloop
  endfacet
  facet normal 0 0 -1
    outer loop
      vertex -129.751 -42.3884 -14.1981
      vertex -129.856 -42.2781 -14.1981
      vertex -128.75 -41.2647 -14.1981
    endloop
  endfacet
  facet normal 0 0 -1
    outer loop
      vertex -128.75 -41.2647 -14.1981
      vertex -129.856 -42.2781 -14.1981
      vertex -128.808 -41.1991 -14.1981
    endloop
  endfacet
  facet normal 0 0 -1
    outer loop
      vertex -129.856 -42.2781 -14.1981
      vertex -129.957 -42.1633 -14.1981
      vertex -128.808 -41.1991 -14.1981
    endloop
  endfacet
  facet normal 0 0 -1
    outer loop
      vertex -128.808 -41.1991 -14.1981
      vertex -129.957 -42.1633 -14.1981
      vertex -128.863 -41.1311 -14.1981
    endloop
  endfacet
  facet normal 0 0 -1
    outer loop
      vertex -129.957 -42.1633 -14.1981
      vertex -130.053 -42.0442 -14.1981
      vertex -128.863 -41.1311 -14.1981
    endloop
  endfacet
  facet normal 0 0 -1
    outer loop
      vertex -128.863 -41.1311 -14.1981
      vertex -130.053 -42.0442 -14.1981
      vertex -128.914 -41.0607 -14.1981
    endloop
  endfacet
  facet normal 0 0 -1
    outer loop
      vertex -130.053 -42.0442 -14.1981
      vertex -130.143 -41.9211 -14.1981
      vertex -128.914 -41.0607 -14.1981
    endloop
  endfacet
  facet normal 0 0 -1
    outer loop
      vertex -128.914 -41.0607 -14.1981
      vertex -130.143 -41.9211 -14.1981
      vertex -128.963 -40.9882 -14.1981
    endloop
  endfacet
  facet normal 0 0 -1
    outer loop
      vertex -130.143 -41.9211 -14.1981
      vertex -130.228 -41.7941 -14.1981
      vertex -128.963 -40.9882 -14.1981
    endloop
  endfacet
  facet normal 0 0 -1
    outer loop
      vertex -128.963 -40.9882 -14.1981
      vertex -130.228 -41.7941 -14.1981
      vertex -129.008 -40.9136 -14.1981
    endloop
  endfacet
  facet normal 0 0 -1
    outer loop
      vertex -130.228 -41.7941 -14.1981
      vertex -130.307 -41.6636 -14.1981
      vertex -129.008 -40.9136 -14.1981
    endloop
  endfacet
  facet normal 0 0 -1
    outer loop
      vertex -129.008 -40.9136 -14.1981
      vertex -130.307 -41.6636 -14.1981
      vertex -129.05 -40.8371 -14.1981
    endloop
  endfacet
  facet normal 0 0 -1
    outer loop
      vertex -130.307 -41.6636 -14.1981
      vertex -130.38 -41.5297 -14.1981
      vertex -129.05 -40.8371 -14.1981
    endloop
  endfacet
  facet normal 0 0 -1
    outer loop
      vertex -129.05 -40.8371 -14.1981
      vertex -130.38 -41.5297 -14.1981
      vertex -129.088 -40.7588 -14.1981
    endloop
  endfacet
  facet normal 0 0 -1
    outer loop
      vertex -130.38 -41.5297 -14.1981
      vertex -130.448 -41.3927 -14.1981
      vertex -129.088 -40.7588 -14.1981
    endloop
  endfacet
  facet normal 0 0 -1
    outer loop
      vertex -129.088 -40.7588 -14.1981
      vertex -130.448 -41.3927 -14.1981
      vertex -129.124 -40.6789 -14.1981
    endloop
  endfacet
  facet normal 0 0 -1
    outer loop
      vertex -130.448 -41.3927 -14.1981
      vertex -130.509 -41.2529 -14.1981
      vertex -129.124 -40.6789 -14.1981
    endloop
  endfacet
  facet normal 0 0 -1
    outer loop
      vertex -129.124 -40.6789 -14.1981
      vertex -130.509 -41.2529 -14.1981
      vertex -129.155 -40.5976 -14.1981
    endloop
  endfacet
  facet normal 0 0 -1
    outer loop
      vertex -130.509 -41.2529 -14.1981
      vertex -130.565 -41.1106 -14.1981
      vertex -129.155 -40.5976 -14.1981
    endloop
  endfacet
  facet normal 0 0 -1
    outer loop
      vertex -129.155 -40.5976 -14.1981
      vertex -130.565 -41.1106 -14.1981
      vertex -129.183 -40.515 -14.1981
    endloop
  endfacet
  facet normal 0 0 -1
    outer loop
      vertex -130.565 -41.1106 -14.1981
      vertex -130.614 -40.966 -14.1981
      vertex -129.183 -40.515 -14.1981
    endloop
  endfacet
  facet normal 0 0 -1
    outer loop
      vertex -129.183 -40.515 -14.1981
      vertex -130.614 -40.966 -14.1981
      vertex -129.208 -40.4312 -14.1981
    endloop
  endfacet
  facet normal 0 0 -1
    outer loop
      vertex -130.614 -40.966 -14.1981
      vertex -130.657 -40.8194 -14.1981
      vertex -129.208 -40.4312 -14.1981
    endloop
  endfacet
  facet normal 0 0 -1
    outer loop
      vertex -129.208 -40.4312 -14.1981
      vertex -130.657 -40.8194 -14.1981
      vertex -129.228 -40.3464 -14.1981
    endloop
  endfacet
  facet normal 0 0 -1
    outer loop
      vertex -130.657 -40.8194 -14.1981
      vertex -130.693 -40.6711 -14.1981
      vertex -129.228 -40.3464 -14.1981
    endloop
  endfacet
  facet normal 0 0 -1
    outer loop
      vertex -129.228 -40.3464 -14.1981
      vertex -130.693 -40.6711 -14.1981
      vertex -129.245 -40.2609 -14.1981
    endloop
  endfacet
  facet normal 0 0 -1
    outer loop
      vertex -130.693 -40.6711 -14.1981
      vertex -130.723 -40.5213 -14.1981
      vertex -129.245 -40.2609 -14.1981
    endloop
  endfacet
  facet normal 0 0 -1
    outer loop
      vertex -129.245 -40.2609 -14.1981
      vertex -130.723 -40.5213 -14.1981
      vertex -129.259 -40.1746 -14.1981
    endloop
  endfacet
  facet normal 0 0 -1
    outer loop
      vertex -130.723 -40.5213 -14.1981
      vertex -130.746 -40.3704 -14.1981
      vertex -129.259 -40.1746 -14.1981
    endloop
  endfacet
  facet normal 0 0 -1
    outer loop
      vertex -129.259 -40.1746 -14.1981
      vertex -130.746 -40.3704 -14.1981
      vertex -129.268 -40.0879 -14.1981
    endloop
  endfacet
  facet normal 0 0 -1
    outer loop
      vertex -130.746 -40.3704 -14.1981
      vertex -130.763 -40.2186 -14.1981
      vertex -129.268 -40.0879 -14.1981
    endloop
  endfacet
  facet normal 0 0 -1
    outer loop
      vertex -129.268 -40.0879 -14.1981
      vertex -130.763 -40.2186 -14.1981
      vertex -129.274 -40.0008 -14.1981
    endloop
  endfacet
  facet normal 0 0 -1
    outer loop
      vertex -130.763 -40.2186 -14.1981
      vertex -130.773 -40.0662 -14.1981
      vertex -129.274 -40.0008 -14.1981
    endloop
  endfacet
  facet normal 0 0 -1
    outer loop
      vertex -129.274 -40.0008 -14.1981
      vertex -130.773 -40.0662 -14.1981
      vertex -129.276 -39.9136 -14.1981
    endloop
  endfacet
  facet normal 0 0 -1
    outer loop
      vertex -130.773 -40.0662 -14.1981
      vertex -130.776 -39.9136 -14.1981
      vertex -129.276 -39.9136 -14.1981
    endloop
  endfacet
  facet normal 0 0 -1
    outer loop
      vertex -129.276 -39.9136 -14.1981
      vertex -130.776 -39.9136 -14.1981
      vertex -129.274 -39.8263 -14.1981
    endloop
  endfacet
  facet normal 0 0 -1
    outer loop
      vertex -130.776 -39.9136 -14.1981
      vertex -130.773 -39.7609 -14.1981
      vertex -129.274 -39.8263 -14.1981
    endloop
  endfacet
  facet normal 0 0 -1
    outer loop
      vertex -129.274 -39.8263 -14.1981
      vertex -130.773 -39.7609 -14.1981
      vertex -129.268 -39.7392 -14.1981
    endloop
  endfacet
  facet normal 0 0 -1
    outer loop
      vertex -130.773 -39.7609 -14.1981
      vertex -130.763 -39.6085 -14.1981
      vertex -129.268 -39.7392 -14.1981
    endloop
  endfacet
  facet normal 0 0 -1
    outer loop
      vertex -129.268 -39.7392 -14.1981
      vertex -130.763 -39.6085 -14.1981
      vertex -129.259 -39.6525 -14.1981
    endloop
  endfacet
  facet normal 0 0 -1
    outer loop
      vertex -130.763 -39.6085 -14.1981
      vertex -130.746 -39.4567 -14.1981
      vertex -129.259 -39.6525 -14.1981
    endloop
  endfacet
  facet normal 0 0 -1
    outer loop
      vertex -129.259 -39.6525 -14.1981
      vertex -130.746 -39.4567 -14.1981
      vertex -129.245 -39.5663 -14.1981
    endloop
  endfacet
  facet normal 0 0 -1
    outer loop
      vertex -130.746 -39.4567 -14.1981
      vertex -130.723 -39.3058 -14.1981
      vertex -129.245 -39.5663 -14.1981
    endloop
  endfacet
  facet normal 0 0 -1
    outer loop
      vertex -129.245 -39.5663 -14.1981
      vertex -130.723 -39.3058 -14.1981
      vertex -129.228 -39.4807 -14.1981
    endloop
  endfacet
  facet normal 0 0 -1
    outer loop
      vertex -130.723 -39.3058 -14.1981
      vertex -130.693 -39.156 -14.1981
      vertex -129.228 -39.4807 -14.1981
    endloop
  endfacet
  facet normal 0 0 -1
    outer loop
      vertex -129.228 -39.4807 -14.1981
      vertex -130.693 -39.156 -14.1981
      vertex -129.208 -39.3959 -14.1981
    endloop
  endfacet
  facet normal 0 0 -1
    outer loop
      vertex -130.693 -39.156 -14.1981
      vertex -130.657 -39.0077 -14.1981
      vertex -129.208 -39.3959 -14.1981
    endloop
  endfacet
  facet normal 0 0 -1
    outer loop
      vertex -129.208 -39.3959 -14.1981
      vertex -130.657 -39.0077 -14.1981
      vertex -129.183 -39.3121 -14.1981
    endloop
  endfacet
  facet normal 0 0 -1
    outer loop
      vertex -130.657 -39.0077 -14.1981
      vertex -130.614 -38.8611 -14.1981
      vertex -129.183 -39.3121 -14.1981
    endloop
  endfacet
  facet normal 0 0 -1
    outer loop
      vertex -129.183 -39.3121 -14.1981
      vertex -130.614 -38.8611 -14.1981
      vertex -129.155 -39.2295 -14.1981
    endloop
  endfacet
  facet normal 0 0 -1
    outer loop
      vertex -130.614 -38.8611 -14.1981
      vertex -130.565 -38.7165 -14.1981
      vertex -129.155 -39.2295 -14.1981
    endloop
  endfacet
  facet normal 0 0 -1
    outer loop
      vertex -129.155 -39.2295 -14.1981
      vertex -130.565 -38.7165 -14.1981
      vertex -129.124 -39.1482 -14.1981
    endloop
  endfacet
  facet normal 0 0 -1
    outer loop
      vertex -130.565 -38.7165 -14.1981
      vertex -130.509 -38.5742 -14.1981
      vertex -129.124 -39.1482 -14.1981
    endloop
  endfacet
  facet normal 0 0 -1
    outer loop
      vertex -129.124 -39.1482 -14.1981
      vertex -130.509 -38.5742 -14.1981
      vertex -129.088 -39.0683 -14.1981
    endloop
  endfacet
  facet normal 0 0 -1
    outer loop
      vertex -130.509 -38.5742 -14.1981
      vertex -130.448 -38.4344 -14.1981
      vertex -129.088 -39.0683 -14.1981
    endloop
  endfacet
  facet normal 0 0 -1
    outer loop
      vertex -129.088 -39.0683 -14.1981
      vertex -130.448 -38.4344 -14.1981
      vertex -129.05 -38.9901 -14.1981
    endloop
  endfacet
  facet normal 0 0 -1
    outer loop
      vertex -130.448 -38.4344 -14.1981
      vertex -130.38 -38.2974 -14.1981
      vertex -129.05 -38.9901 -14.1981
    endloop
  endfacet
  facet normal 0 0 -1
    outer loop
      vertex -129.05 -38.9901 -14.1981
      vertex -130.38 -38.2974 -14.1981
      vertex -129.008 -38.9136 -14.1981
    endloop
  endfacet
  facet normal 0 0 -1
    outer loop
      vertex -130.38 -38.2974 -14.1981
      vertex -130.307 -38.1636 -14.1981
      vertex -129.008 -38.9136 -14.1981
    endloop
  endfacet
  facet normal 0 0 -1
    outer loop
      vertex -129.008 -38.9136 -14.1981
      vertex -130.307 -38.1636 -14.1981
      vertex -128.963 -38.839 -14.1981
    endloop
  endfacet
  facet normal 0 0 -1
    outer loop
      vertex -130.307 -38.1636 -14.1981
      vertex -130.228 -38.033 -14.1981
      vertex -128.963 -38.839 -14.1981
    endloop
  endfacet
  facet normal 0 0 -1
    outer loop
      vertex -128.963 -38.839 -14.1981
      vertex -130.228 -38.033 -14.1981
      vertex -128.914 -38.7664 -14.1981
    endloop
  endfacet
  facet normal 0 0 -1
    outer loop
      vertex -130.228 -38.033 -14.1981
      vertex -130.143 -37.906 -14.1981
      vertex -128.914 -38.7664 -14.1981
    endloop
  endfacet
  facet normal 0 0 -1
    outer loop
      vertex -128.914 -38.7664 -14.1981
      vertex -130.143 -37.906 -14.1981
      vertex -128.863 -38.696 -14.1981
    endloop
  endfacet
  facet normal 0 0 -1
    outer loop
      vertex -130.143 -37.906 -14.1981
      vertex -130.053 -37.7829 -14.1981
      vertex -128.863 -38.696 -14.1981
    endloop
  endfacet
  facet normal 0 0 -1
    outer loop
      vertex -128.863 -38.696 -14.1981
      vertex -130.053 -37.7829 -14.1981
      vertex -128.808 -38.628 -14.1981
    endloop
  endfacet
  facet normal 0 0 -1
    outer loop
      vertex -130.053 -37.7829 -14.1981
      vertex -129.957 -37.6638 -14.1981
      vertex -128.808 -38.628 -14.1981
    endloop
  endfacet
  facet normal 0 0 -1
    outer loop
      vertex -128.808 -38.628 -14.1981
      vertex -129.957 -37.6638 -14.1981
      vertex -128.75 -38.5624 -14.1981
    endloop
  endfacet
  facet normal 0 0 -1
    outer loop
      vertex -129.957 -37.6638 -14.1981
      vertex -129.856 -37.549 -14.1981
      vertex -128.75 -38.5624 -14.1981
    endloop
  endfacet
  facet normal 0 0 -1
    outer loop
      vertex -128.75 -38.5624 -14.1981
      vertex -129.856 -37.549 -14.1981
      vertex -128.69 -38.4993 -14.1981
    endloop
  endfacet
  facet normal 0 0 -1
    outer loop
      vertex -129.856 -37.549 -14.1981
      vertex -129.751 -37.4387 -14.1981
      vertex -128.69 -38.4993 -14.1981
    endloop
  endfacet
  facet normal 0 0 -1
    outer loop
      vertex -128.69 -38.4993 -14.1981
      vertex -129.751 -37.4387 -14.1981
      vertex -128.627 -38.439 -14.1981
    endloop
  endfacet
  facet normal 0 0 -1
    outer loop
      vertex -129.751 -37.4387 -14.1981
      vertex -129.64 -37.3331 -14.1981
      vertex -128.627 -38.439 -14.1981
    endloop
  endfacet
  facet normal 0 0 -1
    outer loop
      vertex -128.627 -38.439 -14.1981
      vertex -129.64 -37.3331 -14.1981
      vertex -128.561 -38.3815 -14.1981
    endloop
  endfacet
  facet normal 0 0 -1
    outer loop
      vertex -129.64 -37.3331 -14.1981
      vertex -129.526 -37.2324 -14.1981
      vertex -128.561 -38.3815 -14.1981
    endloop
  endfacet
  facet normal 0 0 -1
    outer loop
      vertex -128.561 -38.3815 -14.1981
      vertex -129.526 -37.2324 -14.1981
      vertex -128.493 -38.3268 -14.1981
    endloop
  endfacet
  facet normal 0 0 -1
    outer loop
      vertex -129.526 -37.2324 -14.1981
      vertex -129.407 -37.1368 -14.1981
      vertex -128.493 -38.3268 -14.1981
    endloop
  endfacet
  facet normal 0 0 -1
    outer loop
      vertex -128.493 -38.3268 -14.1981
      vertex -129.407 -37.1368 -14.1981
      vertex -128.423 -38.2752 -14.1981
    endloop
  endfacet
  facet normal 0 0 -1
    outer loop
      vertex -129.407 -37.1368 -14.1981
      vertex -129.283 -37.0465 -14.1981
      vertex -128.423 -38.2752 -14.1981
    endloop
  endfacet
  facet normal 0 0 -1
    outer loop
      vertex -128.423 -38.2752 -14.1981
      vertex -129.283 -37.0465 -14.1981
      vertex -128.35 -38.2268 -14.1981
    endloop
  endfacet
  facet normal 0 0 -1
    outer loop
      vertex -129.283 -37.0465 -14.1981
      vertex -129.156 -36.9617 -14.1981
      vertex -128.35 -38.2268 -14.1981
    endloop
  endfacet
  facet normal 0 0 -1
    outer loop
      vertex -128.35 -38.2268 -14.1981
      vertex -129.156 -36.9617 -14.1981
      vertex -128.276 -38.1815 -14.1981
    endloop
  endfacet
  facet normal 0 0 -1
    outer loop
      vertex -129.156 -36.9617 -14.1981
      vertex -129.026 -36.8825 -14.1981
      vertex -128.276 -38.1815 -14.1981
    endloop
  endfacet
  facet normal 0 0 -1
    outer loop
      vertex -128.276 -38.1815 -14.1981
      vertex -129.026 -36.8825 -14.1981
      vertex -128.199 -38.1395 -14.1981
    endloop
  endfacet
  facet normal 0 0 -1
    outer loop
      vertex -129.026 -36.8825 -14.1981
      vertex -128.892 -36.809 -14.1981
      vertex -128.199 -38.1395 -14.1981
    endloop
  endfacet
  facet normal 0 0 -1
    outer loop
      vertex -128.199 -38.1395 -14.1981
      vertex -128.892 -36.809 -14.1981
      vertex -128.121 -38.1009 -14.1981
    endloop
  endfacet
  facet normal 0 0 -1
    outer loop
      vertex -128.892 -36.809 -14.1981
      vertex -128.755 -36.7415 -14.1981
      vertex -128.121 -38.1009 -14.1981
    endloop
  endfacet
  facet normal 0 0 -1
    outer loop
      vertex -128.121 -38.1009 -14.1981
      vertex -128.755 -36.7415 -14.1981
      vertex -128.041 -38.0658 -14.1981
    endloop
  endfacet
  facet normal 0 0 -1
    outer loop
      vertex -128.755 -36.7415 -14.1981
      vertex -128.615 -36.68 -14.1981
      vertex -128.041 -38.0658 -14.1981
    endloop
  endfacet
  facet normal 0 0 -1
    outer loop
      vertex -128.041 -38.0658 -14.1981
      vertex -128.615 -36.68 -14.1981
      vertex -127.96 -38.0342 -14.1981
    endloop
  endfacet
  facet normal 0 0 -1
    outer loop
      vertex -128.615 -36.68 -14.1981
      vertex -128.473 -36.6246 -14.1981
      vertex -127.96 -38.0342 -14.1981
    endloop
  endfacet
  facet normal 0 0 -1
    outer loop
      vertex -127.96 -38.0342 -14.1981
      vertex -128.473 -36.6246 -14.1981
      vertex -127.877 -38.0061 -14.1981
    endloop
  endfacet
  facet normal 0 0 -1
    outer loop
      vertex -128.473 -36.6246 -14.1981
      vertex -128.328 -36.5755 -14.1981
      vertex -127.877 -38.0061 -14.1981
    endloop
  endfacet
  facet normal 0 0 -1
    outer loop
      vertex -127.877 -38.0061 -14.1981
      vertex -128.328 -36.5755 -14.1981
      vertex -127.794 -37.9817 -14.1981
    endloop
  endfacet
  facet normal 0 0 -1
    outer loop
      vertex -128.328 -36.5755 -14.1981
      vertex -128.182 -36.5328 -14.1981
      vertex -127.794 -37.9817 -14.1981
    endloop
  endfacet
  facet normal 0 0 -1
    outer loop
      vertex -127.794 -37.9817 -14.1981
      vertex -128.182 -36.5328 -14.1981
      vertex -127.709 -37.961 -14.1981
    endloop
  endfacet
  facet normal 0 0 -1
    outer loop
      vertex -128.182 -36.5328 -14.1981
      vertex -128.033 -36.4965 -14.1981
      vertex -127.709 -37.961 -14.1981
    endloop
  endfacet
  facet normal 0 0 -1
    outer loop
      vertex -127.709 -37.961 -14.1981
      vertex -128.033 -36.4965 -14.1981
      vertex -127.623 -37.9439 -14.1981
    endloop
  endfacet
  facet normal 0 0 -1
    outer loop
      vertex -128.033 -36.4965 -14.1981
      vertex -127.884 -36.4667 -14.1981
      vertex -127.623 -37.9439 -14.1981
    endloop
  endfacet
  facet normal 0 0 -1
    outer loop
      vertex -127.623 -37.9439 -14.1981
      vertex -127.884 -36.4667 -14.1981
      vertex -127.537 -37.9307 -14.1981
    endloop
  endfacet
  facet normal 0 0 -1
    outer loop
      vertex -127.884 -36.4667 -14.1981
      vertex -127.733 -36.4435 -14.1981
      vertex -127.537 -37.9307 -14.1981
    endloop
  endfacet
  facet normal 0.999761 -0.0218583 0
    outer loop
      vertex -130.879 4.93871 -14.1981
      vertex -130.879 4.93871 -17.1981
      vertex -130.876 5.09138 -14.1981
    endloop
  endfacet
  facet normal 0.999761 -0.0218583 0
    outer loop
      vertex -130.879 4.93871 -17.1981
      vertex -130.876 5.09138 -17.1981
      vertex -130.876 5.09138 -14.1981
    endloop
  endfacet
  facet normal 0.99786 -0.0653801 0
    outer loop
      vertex -130.876 5.09138 -14.1981
      vertex -130.876 5.09138 -17.1981
      vertex -130.866 5.24375 -14.1981
    endloop
  endfacet
  facet normal 0.99786 -0.0653801 0
    outer loop
      vertex -130.876 5.09138 -17.1981
      vertex -130.866 5.24375 -17.1981
      vertex -130.866 5.24375 -14.1981
    endloop
  endfacet
  facet normal 0.994063 -0.108804 0
    outer loop
      vertex -130.866 5.24375 -14.1981
      vertex -130.866 5.24375 -17.1981
      vertex -130.849 5.39555 -14.1981
    endloop
  endfacet
  facet normal 0.994063 -0.108804 0
    outer loop
      vertex -130.866 5.24375 -17.1981
      vertex -130.849 5.39555 -17.1981
      vertex -130.849 5.39555 -14.1981
    endloop
  endfacet
  facet normal 0.98836 -0.15213 0
    outer loop
      vertex -130.849 5.39555 -14.1981
      vertex -130.849 5.39555 -17.1981
      vertex -130.826 5.54648 -14.1981
    endloop
  endfacet
  facet normal 0.98836 -0.15213 0
    outer loop
      vertex -130.849 5.39555 -17.1981
      vertex -130.826 5.54648 -17.1981
      vertex -130.826 5.54648 -14.1981
    endloop
  endfacet
  facet normal 0.980771 -0.195161 0
    outer loop
      vertex -130.826 5.54648 -14.1981
      vertex -130.826 5.54648 -17.1981
      vertex -130.796 5.69625 -14.1981
    endloop
  endfacet
  facet normal 0.980771 -0.195161 0
    outer loop
      vertex -130.826 5.54648 -17.1981
      vertex -130.796 5.69625 -17.1981
      vertex -130.796 5.69625 -14.1981
    endloop
  endfacet
  facet normal 0.971359 -0.237616 0
    outer loop
      vertex -130.796 5.69625 -14.1981
      vertex -130.796 5.69625 -17.1981
      vertex -130.76 5.84458 -14.1981
    endloop
  endfacet
  facet normal 0.971359 -0.237616 0
    outer loop
      vertex -130.796 5.69625 -17.1981
      vertex -130.76 5.84458 -17.1981
      vertex -130.76 5.84458 -14.1981
    endloop
  endfacet
  facet normal 0.96004 -0.279862 0
    outer loop
      vertex -130.76 5.84458 -14.1981
      vertex -130.76 5.84458 -17.1981
      vertex -130.717 5.99118 -14.1981
    endloop
  endfacet
  facet normal 0.96004 -0.279862 0
    outer loop
      vertex -130.76 5.84458 -17.1981
      vertex -130.717 5.99118 -17.1981
      vertex -130.717 5.99118 -14.1981
    endloop
  endfacet
  facet normal 0.946931 -0.321436 0
    outer loop
      vertex -130.717 5.99118 -14.1981
      vertex -130.717 5.99118 -17.1981
      vertex -130.668 6.13578 -14.1981
    endloop
  endfacet
  facet normal 0.946931 -0.321436 0
    outer loop
      vertex -130.717 5.99118 -17.1981
      vertex -130.668 6.13578 -17.1981
      vertex -130.668 6.13578 -14.1981
    endloop
  endfacet
  facet normal 0.932014 -0.362422 0
    outer loop
      vertex -130.668 6.13578 -14.1981
      vertex -130.668 6.13578 -17.1981
      vertex -130.613 6.2781 -14.1981
    endloop
  endfacet
  facet normal 0.932014 -0.362422 0
    outer loop
      vertex -130.668 6.13578 -17.1981
      vertex -130.613 6.2781 -17.1981
      vertex -130.613 6.2781 -14.1981
    endloop
  endfacet
  facet normal 0.915321 -0.402725 0
    outer loop
      vertex -130.613 6.2781 -14.1981
      vertex -130.613 6.2781 -17.1981
      vertex -130.552 6.41787 -14.1981
    endloop
  endfacet
  facet normal 0.915321 -0.402725 0
    outer loop
      vertex -130.613 6.2781 -17.1981
      vertex -130.552 6.41787 -17.1981
      vertex -130.552 6.41787 -14.1981
    endloop
  endfacet
  facet normal 0.896853 -0.442328 0
    outer loop
      vertex -130.552 6.41787 -14.1981
      vertex -130.552 6.41787 -17.1981
      vertex -130.484 6.55483 -14.1981
    endloop
  endfacet
  facet normal 0.896853 -0.442328 0
    outer loop
      vertex -130.552 6.41787 -17.1981
      vertex -130.484 6.55483 -17.1981
      vertex -130.484 6.55483 -14.1981
    endloop
  endfacet
  facet normal 0.876729 -0.480984 0
    outer loop
      vertex -130.484 6.55483 -14.1981
      vertex -130.484 6.55483 -17.1981
      vertex -130.411 6.68871 -14.1981
    endloop
  endfacet
  facet normal 0.876729 -0.480984 0
    outer loop
      vertex -130.484 6.55483 -17.1981
      vertex -130.411 6.68871 -17.1981
      vertex -130.411 6.68871 -14.1981
    endloop
  endfacet
  facet normal 0.854924 -0.518753 0
    outer loop
      vertex -130.411 6.68871 -14.1981
      vertex -130.411 6.68871 -17.1981
      vertex -130.331 6.81926 -14.1981
    endloop
  endfacet
  facet normal 0.854924 -0.518753 0
    outer loop
      vertex -130.411 6.68871 -17.1981
      vertex -130.331 6.81926 -17.1981
      vertex -130.331 6.81926 -14.1981
    endloop
  endfacet
  facet normal 0.831442 -0.555612 0
    outer loop
      vertex -130.331 6.81926 -14.1981
      vertex -130.331 6.81926 -17.1981
      vertex -130.246 6.94623 -14.1981
    endloop
  endfacet
  facet normal 0.831442 -0.555612 0
    outer loop
      vertex -130.331 6.81926 -17.1981
      vertex -130.246 6.94623 -17.1981
      vertex -130.246 6.94623 -14.1981
    endloop
  endfacet
  facet normal 0.806474 -0.59127 0
    outer loop
      vertex -130.246 6.94623 -14.1981
      vertex -130.246 6.94623 -17.1981
      vertex -130.156 7.06937 -14.1981
    endloop
  endfacet
  facet normal 0.806474 -0.59127 0
    outer loop
      vertex -130.246 6.94623 -17.1981
      vertex -130.156 7.06937 -17.1981
      vertex -130.156 7.06937 -14.1981
    endloop
  endfacet
  facet normal 0.779854 -0.625962 0
    outer loop
      vertex -130.156 7.06937 -14.1981
      vertex -130.156 7.06937 -17.1981
      vertex -130.061 7.18847 -14.1981
    endloop
  endfacet
  facet normal 0.779854 -0.625962 0
    outer loop
      vertex -130.156 7.06937 -17.1981
      vertex -130.061 7.18847 -17.1981
      vertex -130.061 7.18847 -14.1981
    endloop
  endfacet
  facet normal 0.751832 -0.659355 0
    outer loop
      vertex -130.061 7.18847 -14.1981
      vertex -130.061 7.18847 -17.1981
      vertex -129.96 7.30328 -14.1981
    endloop
  endfacet
  facet normal 0.751832 -0.659355 0
    outer loop
      vertex -130.061 7.18847 -17.1981
      vertex -129.96 7.30328 -17.1981
      vertex -129.96 7.30328 -14.1981
    endloop
  endfacet
  facet normal 0.722388 -0.691488 0
    outer loop
      vertex -129.96 7.30328 -14.1981
      vertex -129.96 7.30328 -17.1981
      vertex -129.854 7.41358 -14.1981
    endloop
  endfacet
  facet normal 0.722388 -0.691488 0
    outer loop
      vertex -129.96 7.30328 -17.1981
      vertex -129.854 7.41358 -17.1981
      vertex -129.854 7.41358 -14.1981
    endloop
  endfacet
  facet normal 0.691496 -0.72238 0
    outer loop
      vertex -129.854 7.41358 -14.1981
      vertex -129.854 7.41358 -17.1981
      vertex -129.744 7.51918 -14.1981
    endloop
  endfacet
  facet normal 0.691496 -0.72238 0
    outer loop
      vertex -129.854 7.41358 -17.1981
      vertex -129.744 7.51918 -17.1981
      vertex -129.744 7.51918 -14.1981
    endloop
  endfacet
  facet normal 0.65938 -0.75181 0
    outer loop
      vertex -129.744 7.51918 -14.1981
      vertex -129.744 7.51918 -17.1981
      vertex -129.629 7.61987 -14.1981
    endloop
  endfacet
  facet normal 0.65938 -0.75181 0
    outer loop
      vertex -129.744 7.51918 -17.1981
      vertex -129.629 7.61987 -17.1981
      vertex -129.629 7.61987 -14.1981
    endloop
  endfacet
  facet normal 0.625929 -0.77988 0
    outer loop
      vertex -129.629 7.61987 -14.1981
      vertex -129.629 7.61987 -17.1981
      vertex -129.51 7.71545 -14.1981
    endloop
  endfacet
  facet normal 0.625929 -0.77988 0
    outer loop
      vertex -129.629 7.61987 -17.1981
      vertex -129.51 7.71545 -17.1981
      vertex -129.51 7.71545 -14.1981
    endloop
  endfacet
  facet normal 0.591276 -0.806469 0
    outer loop
      vertex -129.51 7.71545 -14.1981
      vertex -129.51 7.71545 -17.1981
      vertex -129.387 7.80574 -14.1981
    endloop
  endfacet
  facet normal 0.591276 -0.806469 0
    outer loop
      vertex -129.51 7.71545 -17.1981
      vertex -129.387 7.80574 -17.1981
      vertex -129.387 7.80574 -14.1981
    endloop
  endfacet
  facet normal 0.555558 -0.831478 0
    outer loop
      vertex -129.387 7.80574 -14.1981
      vertex -129.387 7.80574 -17.1981
      vertex -129.26 7.89058 -14.1981
    endloop
  endfacet
  facet normal 0.555558 -0.831478 0
    outer loop
      vertex -129.387 7.80574 -17.1981
      vertex -129.26 7.89058 -17.1981
      vertex -129.26 7.89058 -14.1981
    endloop
  endfacet
  facet normal 0.518813 -0.854888 0
    outer loop
      vertex -129.26 7.89058 -14.1981
      vertex -129.26 7.89058 -17.1981
      vertex -129.129 7.9698 -14.1981
    endloop
  endfacet
  facet normal 0.518813 -0.854888 0
    outer loop
      vertex -129.26 7.89058 -17.1981
      vertex -129.129 7.9698 -17.1981
      vertex -129.129 7.9698 -14.1981
    endloop
  endfacet
  facet normal 0.480973 -0.876736 0
    outer loop
      vertex -129.129 7.9698 -14.1981
      vertex -129.129 7.9698 -17.1981
      vertex -128.996 8.04325 -14.1981
    endloop
  endfacet
  facet normal 0.480973 -0.876736 0
    outer loop
      vertex -129.129 7.9698 -17.1981
      vertex -128.996 8.04325 -17.1981
      vertex -128.996 8.04325 -14.1981
    endloop
  endfacet
  facet normal 0.442289 -0.896873 0
    outer loop
      vertex -128.996 8.04325 -14.1981
      vertex -128.996 8.04325 -17.1981
      vertex -128.859 8.11079 -14.1981
    endloop
  endfacet
  facet normal 0.442289 -0.896873 0
    outer loop
      vertex -128.996 8.04325 -17.1981
      vertex -128.859 8.11079 -17.1981
      vertex -128.859 8.11079 -14.1981
    endloop
  endfacet
  facet normal 0.402743 -0.915313 0
    outer loop
      vertex -128.859 8.11079 -14.1981
      vertex -128.859 8.11079 -17.1981
      vertex -128.719 8.17229 -14.1981
    endloop
  endfacet
  facet normal 0.402743 -0.915313 0
    outer loop
      vertex -128.859 8.11079 -17.1981
      vertex -128.719 8.17229 -17.1981
      vertex -128.719 8.17229 -14.1981
    endloop
  endfacet
  facet normal 0.362439 -0.932008 0
    outer loop
      vertex -128.719 8.17229 -14.1981
      vertex -128.719 8.17229 -17.1981
      vertex -128.577 8.22763 -14.1981
    endloop
  endfacet
  facet normal 0.362439 -0.932008 0
    outer loop
      vertex -128.719 8.17229 -17.1981
      vertex -128.577 8.22763 -17.1981
      vertex -128.577 8.22763 -14.1981
    endloop
  endfacet
  facet normal 0.321439 -0.94693 0
    outer loop
      vertex -128.577 8.22763 -14.1981
      vertex -128.577 8.22763 -17.1981
      vertex -128.432 8.27672 -14.1981
    endloop
  endfacet
  facet normal 0.321439 -0.94693 0
    outer loop
      vertex -128.577 8.22763 -17.1981
      vertex -128.432 8.27672 -17.1981
      vertex -128.432 8.27672 -14.1981
    endloop
  endfacet
  facet normal 0.279839 -0.960047 0
    outer loop
      vertex -128.432 8.27672 -14.1981
      vertex -128.432 8.27672 -17.1981
      vertex -128.285 8.31945 -14.1981
    endloop
  endfacet
  facet normal 0.279839 -0.960047 0
    outer loop
      vertex -128.432 8.27672 -17.1981
      vertex -128.285 8.31945 -17.1981
      vertex -128.285 8.31945 -14.1981
    endloop
  endfacet
  facet normal 0.237688 -0.971342 0
    outer loop
      vertex -128.285 8.31945 -14.1981
      vertex -128.285 8.31945 -17.1981
      vertex -128.137 8.35575 -14.1981
    endloop
  endfacet
  facet normal 0.237688 -0.971342 0
    outer loop
      vertex -128.285 8.31945 -17.1981
      vertex -128.137 8.35575 -17.1981
      vertex -128.137 8.35575 -14.1981
    endloop
  endfacet
  facet normal 0.195089 -0.980786 0
    outer loop
      vertex -128.137 8.35575 -14.1981
      vertex -128.137 8.35575 -17.1981
      vertex -127.987 8.38554 -14.1981
    endloop
  endfacet
  facet normal 0.195089 -0.980786 0
    outer loop
      vertex -128.137 8.35575 -17.1981
      vertex -127.987 8.38554 -17.1981
      vertex -127.987 8.38554 -14.1981
    endloop
  endfacet
  facet normal 0.152117 -0.988362 0
    outer loop
      vertex -127.987 8.38554 -14.1981
      vertex -127.987 8.38554 -17.1981
      vertex -127.836 8.40877 -14.1981
    endloop
  endfacet
  facet normal 0.152117 -0.988362 0
    outer loop
      vertex -127.987 8.38554 -17.1981
      vertex -127.836 8.40877 -17.1981
      vertex -127.836 8.40877 -14.1981
    endloop
  endfacet
  facet normal 0.108864 -0.994057 0
    outer loop
      vertex -127.836 8.40877 -14.1981
      vertex -127.836 8.40877 -17.1981
      vertex -127.684 8.42539 -14.1981
    endloop
  endfacet
  facet normal 0.108864 -0.994057 0
    outer loop
      vertex -127.836 8.40877 -17.1981
      vertex -127.684 8.42539 -17.1981
      vertex -127.684 8.42539 -14.1981
    endloop
  endfacet
  facet normal 0.0654034 -0.997859 0
    outer loop
      vertex -127.684 8.42539 -14.1981
      vertex -127.684 8.42539 -17.1981
      vertex -127.532 8.43538 -14.1981
    endloop
  endfacet
  facet normal 0.0654034 -0.997859 0
    outer loop
      vertex -127.684 8.42539 -17.1981
      vertex -127.532 8.43538 -17.1981
      vertex -127.532 8.43538 -14.1981
    endloop
  endfacet
  facet normal 0.0218164 -0.999762 0
    outer loop
      vertex -127.532 8.43538 -14.1981
      vertex -127.532 8.43538 -17.1981
      vertex -127.379 8.43871 -14.1981
    endloop
  endfacet
  facet normal 0.0218164 -0.999762 0
    outer loop
      vertex -127.532 8.43538 -17.1981
      vertex -127.379 8.43871 -17.1981
      vertex -127.379 8.43871 -14.1981
    endloop
  endfacet
  facet normal -0.0218164 -0.999762 0
    outer loop
      vertex -127.379 8.43871 -14.1981
      vertex -127.379 8.43871 -17.1981
      vertex -127.227 8.43538 -14.1981
    endloop
  endfacet
  facet normal -0.0218164 -0.999762 0
    outer loop
      vertex -127.379 8.43871 -17.1981
      vertex -127.227 8.43538 -17.1981
      vertex -127.227 8.43538 -14.1981
    endloop
  endfacet
  facet normal -0.0654034 -0.997859 0
    outer loop
      vertex -127.227 8.43538 -14.1981
      vertex -127.227 8.43538 -17.1981
      vertex -127.074 8.42539 -14.1981
    endloop
  endfacet
  facet normal -0.0654034 -0.997859 0
    outer loop
      vertex -127.227 8.43538 -17.1981
      vertex -127.074 8.42539 -17.1981
      vertex -127.074 8.42539 -14.1981
    endloop
  endfacet
  facet normal -0.108864 -0.994057 0
    outer loop
      vertex -127.074 8.42539 -14.1981
      vertex -127.074 8.42539 -17.1981
      vertex -126.923 8.40877 -14.1981
    endloop
  endfacet
  facet normal -0.108864 -0.994057 0
    outer loop
      vertex -127.074 8.42539 -17.1981
      vertex -126.923 8.40877 -17.1981
      vertex -126.923 8.40877 -14.1981
    endloop
  endfacet
  facet normal -0.152117 -0.988362 0
    outer loop
      vertex -126.923 8.40877 -14.1981
      vertex -126.923 8.40877 -17.1981
      vertex -126.772 8.38554 -14.1981
    endloop
  endfacet
  facet normal -0.152117 -0.988362 0
    outer loop
      vertex -126.923 8.40877 -17.1981
      vertex -126.772 8.38554 -17.1981
      vertex -126.772 8.38554 -14.1981
    endloop
  endfacet
  facet normal -0.195089 -0.980786 0
    outer loop
      vertex -126.772 8.38554 -14.1981
      vertex -126.772 8.38554 -17.1981
      vertex -126.622 8.35575 -14.1981
    endloop
  endfacet
  facet normal -0.195089 -0.980786 0
    outer loop
      vertex -126.772 8.38554 -17.1981
      vertex -126.622 8.35575 -17.1981
      vertex -126.622 8.35575 -14.1981
    endloop
  endfacet
  facet normal -0.237688 -0.971342 0
    outer loop
      vertex -126.622 8.35575 -14.1981
      vertex -126.622 8.35575 -17.1981
      vertex -126.474 8.31945 -14.1981
    endloop
  endfacet
  facet normal -0.237688 -0.971342 0
    outer loop
      vertex -126.622 8.35575 -17.1981
      vertex -126.474 8.31945 -17.1981
      vertex -126.474 8.31945 -14.1981
    endloop
  endfacet
  facet normal -0.279839 -0.960047 0
    outer loop
      vertex -126.474 8.31945 -14.1981
      vertex -126.474 8.31945 -17.1981
      vertex -126.327 8.27672 -14.1981
    endloop
  endfacet
  facet normal -0.279839 -0.960047 0
    outer loop
      vertex -126.474 8.31945 -17.1981
      vertex -126.327 8.27672 -17.1981
      vertex -126.327 8.27672 -14.1981
    endloop
  endfacet
  facet normal -0.321439 -0.94693 0
    outer loop
      vertex -126.327 8.27672 -14.1981
      vertex -126.327 8.27672 -17.1981
      vertex -126.182 8.22763 -14.1981
    endloop
  endfacet
  facet normal -0.321439 -0.94693 0
    outer loop
      vertex -126.327 8.27672 -17.1981
      vertex -126.182 8.22763 -17.1981
      vertex -126.182 8.22763 -14.1981
    endloop
  endfacet
  facet normal -0.362439 -0.932008 0
    outer loop
      vertex -126.182 8.22763 -14.1981
      vertex -126.182 8.22763 -17.1981
      vertex -126.04 8.17229 -14.1981
    endloop
  endfacet
  facet normal -0.362439 -0.932008 0
    outer loop
      vertex -126.182 8.22763 -17.1981
      vertex -126.04 8.17229 -17.1981
      vertex -126.04 8.17229 -14.1981
    endloop
  endfacet
  facet normal -0.402743 -0.915313 0
    outer loop
      vertex -126.04 8.17229 -14.1981
      vertex -126.04 8.17229 -17.1981
      vertex -125.9 8.11079 -14.1981
    endloop
  endfacet
  facet normal -0.402743 -0.915313 0
    outer loop
      vertex -126.04 8.17229 -17.1981
      vertex -125.9 8.11079 -17.1981
      vertex -125.9 8.11079 -14.1981
    endloop
  endfacet
  facet normal -0.442289 -0.896873 0
    outer loop
      vertex -125.9 8.11079 -14.1981
      vertex -125.9 8.11079 -17.1981
      vertex -125.763 8.04325 -14.1981
    endloop
  endfacet
  facet normal -0.442289 -0.896873 0
    outer loop
      vertex -125.9 8.11079 -17.1981
      vertex -125.763 8.04325 -17.1981
      vertex -125.763 8.04325 -14.1981
    endloop
  endfacet
  facet normal -0.480973 -0.876736 0
    outer loop
      vertex -125.763 8.04325 -14.1981
      vertex -125.763 8.04325 -17.1981
      vertex -125.629 7.9698 -14.1981
    endloop
  endfacet
  facet normal -0.480973 -0.876736 0
    outer loop
      vertex -125.763 8.04325 -17.1981
      vertex -125.629 7.9698 -17.1981
      vertex -125.629 7.9698 -14.1981
    endloop
  endfacet
  facet normal -0.518813 -0.854888 0
    outer loop
      vertex -125.629 7.9698 -14.1981
      vertex -125.629 7.9698 -17.1981
      vertex -125.499 7.89058 -14.1981
    endloop
  endfacet
  facet normal -0.518813 -0.854888 0
    outer loop
      vertex -125.629 7.9698 -17.1981
      vertex -125.499 7.89058 -17.1981
      vertex -125.499 7.89058 -14.1981
    endloop
  endfacet
  facet normal -0.555558 -0.831478 0
    outer loop
      vertex -125.499 7.89058 -14.1981
      vertex -125.499 7.89058 -17.1981
      vertex -125.372 7.80574 -14.1981
    endloop
  endfacet
  facet normal -0.555558 -0.831478 0
    outer loop
      vertex -125.499 7.89058 -17.1981
      vertex -125.372 7.80574 -17.1981
      vertex -125.372 7.80574 -14.1981
    endloop
  endfacet
  facet normal -0.591276 -0.806469 0
    outer loop
      vertex -125.372 7.80574 -14.1981
      vertex -125.372 7.80574 -17.1981
      vertex -125.249 7.71545 -14.1981
    endloop
  endfacet
  facet normal -0.591276 -0.806469 0
    outer loop
      vertex -125.372 7.80574 -17.1981
      vertex -125.249 7.71545 -17.1981
      vertex -125.249 7.71545 -14.1981
    endloop
  endfacet
  facet normal -0.625929 -0.77988 0
    outer loop
      vertex -125.249 7.71545 -14.1981
      vertex -125.249 7.71545 -17.1981
      vertex -125.13 7.61987 -14.1981
    endloop
  endfacet
  facet normal -0.625929 -0.77988 0
    outer loop
      vertex -125.249 7.71545 -17.1981
      vertex -125.13 7.61987 -17.1981
      vertex -125.13 7.61987 -14.1981
    endloop
  endfacet
  facet normal -0.65938 -0.75181 0
    outer loop
      vertex -125.13 7.61987 -14.1981
      vertex -125.13 7.61987 -17.1981
      vertex -125.015 7.51918 -14.1981
    endloop
  endfacet
  facet normal -0.65938 -0.75181 0
    outer loop
      vertex -125.13 7.61987 -17.1981
      vertex -125.015 7.51918 -17.1981
      vertex -125.015 7.51918 -14.1981
    endloop
  endfacet
  facet normal -0.691496 -0.72238 0
    outer loop
      vertex -125.015 7.51918 -14.1981
      vertex -125.015 7.51918 -17.1981
      vertex -124.905 7.41358 -14.1981
    endloop
  endfacet
  facet normal -0.691496 -0.72238 0
    outer loop
      vertex -125.015 7.51918 -17.1981
      vertex -124.905 7.41358 -17.1981
      vertex -124.905 7.41358 -14.1981
    endloop
  endfacet
  facet normal -0.722364 -0.691513 0
    outer loop
      vertex -124.905 7.41358 -14.1981
      vertex -124.905 7.41358 -17.1981
      vertex -124.799 7.30328 -14.1981
    endloop
  endfacet
  facet normal -0.722364 -0.691513 0
    outer loop
      vertex -124.905 7.41358 -17.1981
      vertex -124.799 7.30328 -17.1981
      vertex -124.799 7.30328 -14.1981
    endloop
  endfacet
  facet normal -0.751832 -0.659355 0
    outer loop
      vertex -124.799 7.30328 -14.1981
      vertex -124.799 7.30328 -17.1981
      vertex -124.698 7.18847 -14.1981
    endloop
  endfacet
  facet normal -0.751832 -0.659355 0
    outer loop
      vertex -124.799 7.30328 -17.1981
      vertex -124.698 7.18847 -17.1981
      vertex -124.698 7.18847 -14.1981
    endloop
  endfacet
  facet normal -0.779902 -0.625902 0
    outer loop
      vertex -124.698 7.18847 -14.1981
      vertex -124.698 7.18847 -17.1981
      vertex -124.603 7.06937 -14.1981
    endloop
  endfacet
  facet normal -0.779902 -0.625902 0
    outer loop
      vertex -124.698 7.18847 -17.1981
      vertex -124.603 7.06937 -17.1981
      vertex -124.603 7.06937 -14.1981
    endloop
  endfacet
  facet normal -0.806427 -0.591334 0
    outer loop
      vertex -124.603 7.06937 -14.1981
      vertex -124.603 7.06937 -17.1981
      vertex -124.512 6.94623 -14.1981
    endloop
  endfacet
  facet normal -0.806427 -0.591334 0
    outer loop
      vertex -124.603 7.06937 -17.1981
      vertex -124.512 6.94623 -17.1981
      vertex -124.512 6.94623 -14.1981
    endloop
  endfacet
  facet normal -0.831487 -0.555544 0
    outer loop
      vertex -124.512 6.94623 -14.1981
      vertex -124.512 6.94623 -17.1981
      vertex -124.428 6.81926 -14.1981
    endloop
  endfacet
  facet normal -0.831487 -0.555544 0
    outer loop
      vertex -124.512 6.94623 -17.1981
      vertex -124.428 6.81926 -17.1981
      vertex -124.428 6.81926 -14.1981
    endloop
  endfacet
  facet normal -0.854903 -0.518788 0
    outer loop
      vertex -124.428 6.81926 -14.1981
      vertex -124.428 6.81926 -17.1981
      vertex -124.348 6.68871 -14.1981
    endloop
  endfacet
  facet normal -0.854903 -0.518788 0
    outer loop
      vertex -124.428 6.81926 -17.1981
      vertex -124.348 6.68871 -17.1981
      vertex -124.348 6.68871 -14.1981
    endloop
  endfacet
  facet normal -0.876729 -0.480984 0
    outer loop
      vertex -124.348 6.68871 -14.1981
      vertex -124.348 6.68871 -17.1981
      vertex -124.275 6.55483 -14.1981
    endloop
  endfacet
  facet normal -0.876729 -0.480984 0
    outer loop
      vertex -124.348 6.68871 -17.1981
      vertex -124.275 6.55483 -17.1981
      vertex -124.275 6.55483 -14.1981
    endloop
  endfacet
  facet normal -0.896873 -0.442289 0
    outer loop
      vertex -124.275 6.55483 -14.1981
      vertex -124.275 6.55483 -17.1981
      vertex -124.207 6.41787 -14.1981
    endloop
  endfacet
  facet normal -0.896873 -0.442289 0
    outer loop
      vertex -124.275 6.55483 -17.1981
      vertex -124.207 6.41787 -17.1981
      vertex -124.207 6.41787 -14.1981
    endloop
  endfacet
  facet normal -0.915303 -0.402765 0
    outer loop
      vertex -124.207 6.41787 -14.1981
      vertex -124.207 6.41787 -17.1981
      vertex -124.146 6.2781 -14.1981
    endloop
  endfacet
  facet normal -0.915303 -0.402765 0
    outer loop
      vertex -124.207 6.41787 -17.1981
      vertex -124.146 6.2781 -17.1981
      vertex -124.146 6.2781 -14.1981
    endloop
  endfacet
  facet normal -0.932014 -0.362422 0
    outer loop
      vertex -124.146 6.2781 -14.1981
      vertex -124.146 6.2781 -17.1981
      vertex -124.091 6.13578 -14.1981
    endloop
  endfacet
  facet normal -0.932014 -0.362422 0
    outer loop
      vertex -124.146 6.2781 -17.1981
      vertex -124.091 6.13578 -17.1981
      vertex -124.091 6.13578 -14.1981
    endloop
  endfacet
  facet normal -0.946931 -0.321436 0
    outer loop
      vertex -124.091 6.13578 -14.1981
      vertex -124.091 6.13578 -17.1981
      vertex -124.041 5.99118 -14.1981
    endloop
  endfacet
  facet normal -0.946931 -0.321436 0
    outer loop
      vertex -124.091 6.13578 -17.1981
      vertex -124.041 5.99118 -17.1981
      vertex -124.041 5.99118 -14.1981
    endloop
  endfacet
  facet normal -0.960053 -0.279817 0
    outer loop
      vertex -124.041 5.99118 -14.1981
      vertex -124.041 5.99118 -17.1981
      vertex -123.999 5.84458 -14.1981
    endloop
  endfacet
  facet normal -0.960053 -0.279817 0
    outer loop
      vertex -124.041 5.99118 -17.1981
      vertex -123.999 5.84458 -17.1981
      vertex -123.999 5.84458 -14.1981
    endloop
  endfacet
  facet normal -0.971337 -0.237708 0
    outer loop
      vertex -123.999 5.84458 -14.1981
      vertex -123.999 5.84458 -17.1981
      vertex -123.962 5.69625 -14.1981
    endloop
  endfacet
  facet normal -0.971337 -0.237708 0
    outer loop
      vertex -123.999 5.84458 -17.1981
      vertex -123.962 5.69625 -17.1981
      vertex -123.962 5.69625 -14.1981
    endloop
  endfacet
  facet normal -0.98079 -0.195067 0
    outer loop
      vertex -123.962 5.69625 -14.1981
      vertex -123.962 5.69625 -17.1981
      vertex -123.933 5.54648 -14.1981
    endloop
  endfacet
  facet normal -0.98079 -0.195067 0
    outer loop
      vertex -123.962 5.69625 -17.1981
      vertex -123.933 5.54648 -17.1981
      vertex -123.933 5.54648 -14.1981
    endloop
  endfacet
  facet normal -0.98836 -0.15213 0
    outer loop
      vertex -123.933 5.54648 -14.1981
      vertex -123.933 5.54648 -17.1981
      vertex -123.909 5.39555 -14.1981
    endloop
  endfacet
  facet normal -0.98836 -0.15213 0
    outer loop
      vertex -123.933 5.54648 -17.1981
      vertex -123.909 5.39555 -17.1981
      vertex -123.909 5.39555 -14.1981
    endloop
  endfacet
  facet normal -0.994058 -0.108853 0
    outer loop
      vertex -123.909 5.39555 -14.1981
      vertex -123.909 5.39555 -17.1981
      vertex -123.893 5.24375 -14.1981
    endloop
  endfacet
  facet normal -0.994058 -0.108853 0
    outer loop
      vertex -123.909 5.39555 -17.1981
      vertex -123.893 5.24375 -17.1981
      vertex -123.893 5.24375 -14.1981
    endloop
  endfacet
  facet normal -0.997857 -0.0654287 0
    outer loop
      vertex -123.893 5.24375 -14.1981
      vertex -123.893 5.24375 -17.1981
      vertex -123.883 5.09138 -14.1981
    endloop
  endfacet
  facet normal -0.997857 -0.0654287 0
    outer loop
      vertex -123.893 5.24375 -17.1981
      vertex -123.883 5.09138 -17.1981
      vertex -123.883 5.09138 -14.1981
    endloop
  endfacet
  facet normal -0.999762 -0.0218095 0
    outer loop
      vertex -123.883 5.09138 -14.1981
      vertex -123.883 5.09138 -17.1981
      vertex -123.879 4.93871 -14.1981
    endloop
  endfacet
  facet normal -0.999762 -0.0218095 0
    outer loop
      vertex -123.883 5.09138 -17.1981
      vertex -123.879 4.93871 -17.1981
      vertex -123.879 4.93871 -14.1981
    endloop
  endfacet
  facet normal -0.999762 0.0218095 0
    outer loop
      vertex -123.879 4.93871 -14.1981
      vertex -123.879 4.93871 -17.1981
      vertex -123.883 4.78604 -14.1981
    endloop
  endfacet
  facet normal -0.999762 0.0218095 0
    outer loop
      vertex -123.879 4.93871 -17.1981
      vertex -123.883 4.78604 -17.1981
      vertex -123.883 4.78604 -14.1981
    endloop
  endfacet
  facet normal -0.997857 0.0654287 0
    outer loop
      vertex -123.883 4.78604 -14.1981
      vertex -123.883 4.78604 -17.1981
      vertex -123.893 4.63367 -14.1981
    endloop
  endfacet
  facet normal -0.997857 0.0654287 0
    outer loop
      vertex -123.883 4.78604 -17.1981
      vertex -123.893 4.63367 -17.1981
      vertex -123.893 4.63367 -14.1981
    endloop
  endfacet
  facet normal -0.994058 0.108853 0
    outer loop
      vertex -123.893 4.63367 -14.1981
      vertex -123.893 4.63367 -17.1981
      vertex -123.909 4.48187 -14.1981
    endloop
  endfacet
  facet normal -0.994058 0.108853 0
    outer loop
      vertex -123.893 4.63367 -17.1981
      vertex -123.909 4.48187 -17.1981
      vertex -123.909 4.48187 -14.1981
    endloop
  endfacet
  facet normal -0.98836 0.15213 0
    outer loop
      vertex -123.909 4.48187 -14.1981
      vertex -123.909 4.48187 -17.1981
      vertex -123.933 4.33094 -14.1981
    endloop
  endfacet
  facet normal -0.98836 0.15213 0
    outer loop
      vertex -123.909 4.48187 -17.1981
      vertex -123.933 4.33094 -17.1981
      vertex -123.933 4.33094 -14.1981
    endloop
  endfacet
  facet normal -0.98079 0.195067 0
    outer loop
      vertex -123.933 4.33094 -14.1981
      vertex -123.933 4.33094 -17.1981
      vertex -123.962 4.18117 -14.1981
    endloop
  endfacet
  facet normal -0.98079 0.195067 0
    outer loop
      vertex -123.933 4.33094 -17.1981
      vertex -123.962 4.18117 -17.1981
      vertex -123.962 4.18117 -14.1981
    endloop
  endfacet
  facet normal -0.971337 0.237708 0
    outer loop
      vertex -123.962 4.18117 -14.1981
      vertex -123.962 4.18117 -17.1981
      vertex -123.999 4.03284 -14.1981
    endloop
  endfacet
  facet normal -0.971337 0.237708 0
    outer loop
      vertex -123.962 4.18117 -17.1981
      vertex -123.999 4.03284 -17.1981
      vertex -123.999 4.03284 -14.1981
    endloop
  endfacet
  facet normal -0.960053 0.279817 0
    outer loop
      vertex -123.999 4.03284 -14.1981
      vertex -123.999 4.03284 -17.1981
      vertex -124.041 3.88624 -14.1981
    endloop
  endfacet
  facet normal -0.960053 0.279817 0
    outer loop
      vertex -123.999 4.03284 -17.1981
      vertex -124.041 3.88624 -17.1981
      vertex -124.041 3.88624 -14.1981
    endloop
  endfacet
  facet normal -0.946932 0.321435 0
    outer loop
      vertex -124.041 3.88624 -14.1981
      vertex -124.041 3.88624 -17.1981
      vertex -124.091 3.74164 -14.1981
    endloop
  endfacet
  facet normal -0.946932 0.321435 0
    outer loop
      vertex -124.041 3.88624 -17.1981
      vertex -124.091 3.74164 -17.1981
      vertex -124.091 3.74164 -14.1981
    endloop
  endfacet
  facet normal -0.932014 0.362422 0
    outer loop
      vertex -124.091 3.74164 -14.1981
      vertex -124.091 3.74164 -17.1981
      vertex -124.146 3.59932 -14.1981
    endloop
  endfacet
  facet normal -0.932014 0.362422 0
    outer loop
      vertex -124.091 3.74164 -17.1981
      vertex -124.146 3.59932 -17.1981
      vertex -124.146 3.59932 -14.1981
    endloop
  endfacet
  facet normal -0.915303 0.402765 0
    outer loop
      vertex -124.146 3.59932 -14.1981
      vertex -124.146 3.59932 -17.1981
      vertex -124.207 3.45955 -14.1981
    endloop
  endfacet
  facet normal -0.915303 0.402765 0
    outer loop
      vertex -124.146 3.59932 -17.1981
      vertex -124.207 3.45955 -17.1981
      vertex -124.207 3.45955 -14.1981
    endloop
  endfacet
  facet normal -0.896872 0.44229 0
    outer loop
      vertex -124.207 3.45955 -14.1981
      vertex -124.207 3.45955 -17.1981
      vertex -124.275 3.32259 -14.1981
    endloop
  endfacet
  facet normal -0.896872 0.44229 0
    outer loop
      vertex -124.207 3.45955 -17.1981
      vertex -124.275 3.32259 -17.1981
      vertex -124.275 3.32259 -14.1981
    endloop
  endfacet
  facet normal -0.87673 0.480983 0
    outer loop
      vertex -124.275 3.32259 -14.1981
      vertex -124.275 3.32259 -17.1981
      vertex -124.348 3.18871 -14.1981
    endloop
  endfacet
  facet normal -0.87673 0.480983 0
    outer loop
      vertex -124.275 3.32259 -17.1981
      vertex -124.348 3.18871 -17.1981
      vertex -124.348 3.18871 -14.1981
    endloop
  endfacet
  facet normal -0.854903 0.518788 0
    outer loop
      vertex -124.348 3.18871 -14.1981
      vertex -124.348 3.18871 -17.1981
      vertex -124.428 3.05816 -14.1981
    endloop
  endfacet
  facet normal -0.854903 0.518788 0
    outer loop
      vertex -124.348 3.18871 -17.1981
      vertex -124.428 3.05816 -17.1981
      vertex -124.428 3.05816 -14.1981
    endloop
  endfacet
  facet normal -0.831486 0.555545 0
    outer loop
      vertex -124.428 3.05816 -14.1981
      vertex -124.428 3.05816 -17.1981
      vertex -124.512 2.93119 -14.1981
    endloop
  endfacet
  facet normal -0.831486 0.555545 0
    outer loop
      vertex -124.428 3.05816 -17.1981
      vertex -124.512 2.93119 -17.1981
      vertex -124.512 2.93119 -14.1981
    endloop
  endfacet
  facet normal -0.806428 0.591333 0
    outer loop
      vertex -124.512 2.93119 -14.1981
      vertex -124.512 2.93119 -17.1981
      vertex -124.603 2.80804 -14.1981
    endloop
  endfacet
  facet normal -0.806428 0.591333 0
    outer loop
      vertex -124.512 2.93119 -17.1981
      vertex -124.603 2.80804 -17.1981
      vertex -124.603 2.80804 -14.1981
    endloop
  endfacet
  facet normal -0.7799 0.625904 0
    outer loop
      vertex -124.603 2.80804 -14.1981
      vertex -124.603 2.80804 -17.1981
      vertex -124.698 2.68895 -14.1981
    endloop
  endfacet
  facet normal -0.7799 0.625904 0
    outer loop
      vertex -124.603 2.80804 -17.1981
      vertex -124.698 2.68895 -17.1981
      vertex -124.698 2.68895 -14.1981
    endloop
  endfacet
  facet normal -0.751832 0.659354 0
    outer loop
      vertex -124.698 2.68895 -14.1981
      vertex -124.698 2.68895 -17.1981
      vertex -124.799 2.57414 -14.1981
    endloop
  endfacet
  facet normal -0.751832 0.659354 0
    outer loop
      vertex -124.698 2.68895 -17.1981
      vertex -124.799 2.57414 -17.1981
      vertex -124.799 2.57414 -14.1981
    endloop
  endfacet
  facet normal -0.722364 0.691513 0
    outer loop
      vertex -124.799 2.57414 -14.1981
      vertex -124.799 2.57414 -17.1981
      vertex -124.905 2.46384 -14.1981
    endloop
  endfacet
  facet normal -0.722364 0.691513 0
    outer loop
      vertex -124.799 2.57414 -17.1981
      vertex -124.905 2.46384 -17.1981
      vertex -124.905 2.46384 -14.1981
    endloop
  endfacet
  facet normal -0.691495 0.722381 0
    outer loop
      vertex -124.905 2.46384 -14.1981
      vertex -124.905 2.46384 -17.1981
      vertex -125.015 2.35824 -14.1981
    endloop
  endfacet
  facet normal -0.691495 0.722381 0
    outer loop
      vertex -124.905 2.46384 -17.1981
      vertex -125.015 2.35824 -17.1981
      vertex -125.015 2.35824 -14.1981
    endloop
  endfacet
  facet normal -0.65938 0.75181 0
    outer loop
      vertex -125.015 2.35824 -14.1981
      vertex -125.015 2.35824 -17.1981
      vertex -125.13 2.25755 -14.1981
    endloop
  endfacet
  facet normal -0.65938 0.75181 0
    outer loop
      vertex -125.015 2.35824 -17.1981
      vertex -125.13 2.25755 -17.1981
      vertex -125.13 2.25755 -14.1981
    endloop
  endfacet
  facet normal -0.625929 0.77988 0
    outer loop
      vertex -125.13 2.25755 -14.1981
      vertex -125.13 2.25755 -17.1981
      vertex -125.249 2.16197 -14.1981
    endloop
  endfacet
  facet normal -0.625929 0.77988 0
    outer loop
      vertex -125.13 2.25755 -17.1981
      vertex -125.249 2.16197 -17.1981
      vertex -125.249 2.16197 -14.1981
    endloop
  endfacet
  facet normal -0.591276 0.806469 0
    outer loop
      vertex -125.249 2.16197 -14.1981
      vertex -125.249 2.16197 -17.1981
      vertex -125.372 2.07168 -14.1981
    endloop
  endfacet
  facet normal -0.591276 0.806469 0
    outer loop
      vertex -125.249 2.16197 -17.1981
      vertex -125.372 2.07168 -17.1981
      vertex -125.372 2.07168 -14.1981
    endloop
  endfacet
  facet normal -0.555558 0.831478 0
    outer loop
      vertex -125.372 2.07168 -14.1981
      vertex -125.372 2.07168 -17.1981
      vertex -125.499 1.98684 -14.1981
    endloop
  endfacet
  facet normal -0.555558 0.831478 0
    outer loop
      vertex -125.372 2.07168 -17.1981
      vertex -125.499 1.98684 -17.1981
      vertex -125.499 1.98684 -14.1981
    endloop
  endfacet
  facet normal -0.518816 0.854886 0
    outer loop
      vertex -125.499 1.98684 -14.1981
      vertex -125.499 1.98684 -17.1981
      vertex -125.629 1.90762 -14.1981
    endloop
  endfacet
  facet normal -0.518816 0.854886 0
    outer loop
      vertex -125.499 1.98684 -17.1981
      vertex -125.629 1.90762 -17.1981
      vertex -125.629 1.90762 -14.1981
    endloop
  endfacet
  facet normal -0.480969 0.876738 0
    outer loop
      vertex -125.629 1.90762 -14.1981
      vertex -125.629 1.90762 -17.1981
      vertex -125.763 1.83417 -14.1981
    endloop
  endfacet
  facet normal -0.480969 0.876738 0
    outer loop
      vertex -125.629 1.90762 -17.1981
      vertex -125.763 1.83417 -17.1981
      vertex -125.763 1.83417 -14.1981
    endloop
  endfacet
  facet normal -0.442287 0.896873 0
    outer loop
      vertex -125.763 1.83417 -14.1981
      vertex -125.763 1.83417 -17.1981
      vertex -125.9 1.76663 -14.1981
    endloop
  endfacet
  facet normal -0.442287 0.896873 0
    outer loop
      vertex -125.763 1.83417 -17.1981
      vertex -125.9 1.76663 -17.1981
      vertex -125.9 1.76663 -14.1981
    endloop
  endfacet
  facet normal -0.402745 0.915312 0
    outer loop
      vertex -125.9 1.76663 -14.1981
      vertex -125.9 1.76663 -17.1981
      vertex -126.04 1.70513 -14.1981
    endloop
  endfacet
  facet normal -0.402745 0.915312 0
    outer loop
      vertex -125.9 1.76663 -17.1981
      vertex -126.04 1.70513 -17.1981
      vertex -126.04 1.70513 -14.1981
    endloop
  endfacet
  facet normal -0.362439 0.932007 0
    outer loop
      vertex -126.04 1.70513 -14.1981
      vertex -126.04 1.70513 -17.1981
      vertex -126.182 1.64979 -14.1981
    endloop
  endfacet
  facet normal -0.362439 0.932007 0
    outer loop
      vertex -126.04 1.70513 -17.1981
      vertex -126.182 1.64979 -17.1981
      vertex -126.182 1.64979 -14.1981
    endloop
  endfacet
  facet normal -0.321438 0.946931 0
    outer loop
      vertex -126.182 1.64979 -14.1981
      vertex -126.182 1.64979 -17.1981
      vertex -126.327 1.6007 -14.1981
    endloop
  endfacet
  facet normal -0.321438 0.946931 0
    outer loop
      vertex -126.182 1.64979 -17.1981
      vertex -126.327 1.6007 -17.1981
      vertex -126.327 1.6007 -14.1981
    endloop
  endfacet
  facet normal -0.27984 0.960047 0
    outer loop
      vertex -126.327 1.6007 -14.1981
      vertex -126.327 1.6007 -17.1981
      vertex -126.474 1.55797 -14.1981
    endloop
  endfacet
  facet normal -0.27984 0.960047 0
    outer loop
      vertex -126.327 1.6007 -17.1981
      vertex -126.474 1.55797 -17.1981
      vertex -126.474 1.55797 -14.1981
    endloop
  endfacet
  facet normal -0.237689 0.971341 0
    outer loop
      vertex -126.474 1.55797 -14.1981
      vertex -126.474 1.55797 -17.1981
      vertex -126.622 1.52167 -14.1981
    endloop
  endfacet
  facet normal -0.237689 0.971341 0
    outer loop
      vertex -126.474 1.55797 -17.1981
      vertex -126.622 1.52167 -17.1981
      vertex -126.622 1.52167 -14.1981
    endloop
  endfacet
  facet normal -0.195089 0.980786 0
    outer loop
      vertex -126.622 1.52167 -14.1981
      vertex -126.622 1.52167 -17.1981
      vertex -126.772 1.49188 -14.1981
    endloop
  endfacet
  facet normal -0.195089 0.980786 0
    outer loop
      vertex -126.622 1.52167 -17.1981
      vertex -126.772 1.49188 -17.1981
      vertex -126.772 1.49188 -14.1981
    endloop
  endfacet
  facet normal -0.152116 0.988363 0
    outer loop
      vertex -126.772 1.49188 -14.1981
      vertex -126.772 1.49188 -17.1981
      vertex -126.923 1.46865 -14.1981
    endloop
  endfacet
  facet normal -0.152116 0.988363 0
    outer loop
      vertex -126.772 1.49188 -17.1981
      vertex -126.923 1.46865 -17.1981
      vertex -126.923 1.46865 -14.1981
    endloop
  endfacet
  facet normal -0.108866 0.994056 0
    outer loop
      vertex -126.923 1.46865 -14.1981
      vertex -126.923 1.46865 -17.1981
      vertex -127.074 1.45203 -14.1981
    endloop
  endfacet
  facet normal -0.108866 0.994056 0
    outer loop
      vertex -126.923 1.46865 -17.1981
      vertex -127.074 1.45203 -17.1981
      vertex -127.074 1.45203 -14.1981
    endloop
  endfacet
  facet normal -0.0654019 0.997859 0
    outer loop
      vertex -127.074 1.45203 -14.1981
      vertex -127.074 1.45203 -17.1981
      vertex -127.227 1.44204 -14.1981
    endloop
  endfacet
  facet normal -0.0654019 0.997859 0
    outer loop
      vertex -127.074 1.45203 -17.1981
      vertex -127.227 1.44204 -17.1981
      vertex -127.227 1.44204 -14.1981
    endloop
  endfacet
  facet normal -0.0218157 0.999762 0
    outer loop
      vertex -127.227 1.44204 -14.1981
      vertex -127.227 1.44204 -17.1981
      vertex -127.379 1.43871 -14.1981
    endloop
  endfacet
  facet normal -0.0218157 0.999762 0
    outer loop
      vertex -127.227 1.44204 -17.1981
      vertex -127.379 1.43871 -17.1981
      vertex -127.379 1.43871 -14.1981
    endloop
  endfacet
  facet normal 0.0218157 0.999762 0
    outer loop
      vertex -127.379 1.43871 -14.1981
      vertex -127.379 1.43871 -17.1981
      vertex -127.532 1.44204 -14.1981
    endloop
  endfacet
  facet normal 0.0218157 0.999762 0
    outer loop
      vertex -127.379 1.43871 -17.1981
      vertex -127.532 1.44204 -17.1981
      vertex -127.532 1.44204 -14.1981
    endloop
  endfacet
  facet normal 0.0654019 0.997859 0
    outer loop
      vertex -127.532 1.44204 -14.1981
      vertex -127.532 1.44204 -17.1981
      vertex -127.684 1.45203 -14.1981
    endloop
  endfacet
  facet normal 0.0654019 0.997859 0
    outer loop
      vertex -127.532 1.44204 -17.1981
      vertex -127.684 1.45203 -17.1981
      vertex -127.684 1.45203 -14.1981
    endloop
  endfacet
  facet normal 0.108866 0.994056 0
    outer loop
      vertex -127.684 1.45203 -14.1981
      vertex -127.684 1.45203 -17.1981
      vertex -127.836 1.46865 -14.1981
    endloop
  endfacet
  facet normal 0.108866 0.994056 0
    outer loop
      vertex -127.684 1.45203 -17.1981
      vertex -127.836 1.46865 -17.1981
      vertex -127.836 1.46865 -14.1981
    endloop
  endfacet
  facet normal 0.152116 0.988363 0
    outer loop
      vertex -127.836 1.46865 -14.1981
      vertex -127.836 1.46865 -17.1981
      vertex -127.987 1.49188 -14.1981
    endloop
  endfacet
  facet normal 0.152116 0.988363 0
    outer loop
      vertex -127.836 1.46865 -17.1981
      vertex -127.987 1.49188 -17.1981
      vertex -127.987 1.49188 -14.1981
    endloop
  endfacet
  facet normal 0.195089 0.980786 0
    outer loop
      vertex -127.987 1.49188 -14.1981
      vertex -127.987 1.49188 -17.1981
      vertex -128.137 1.52167 -14.1981
    endloop
  endfacet
  facet normal 0.195089 0.980786 0
    outer loop
      vertex -127.987 1.49188 -17.1981
      vertex -128.137 1.52167 -17.1981
      vertex -128.137 1.52167 -14.1981
    endloop
  endfacet
  facet normal 0.237689 0.971341 0
    outer loop
      vertex -128.137 1.52167 -14.1981
      vertex -128.137 1.52167 -17.1981
      vertex -128.285 1.55797 -14.1981
    endloop
  endfacet
  facet normal 0.237689 0.971341 0
    outer loop
      vertex -128.137 1.52167 -17.1981
      vertex -128.285 1.55797 -17.1981
      vertex -128.285 1.55797 -14.1981
    endloop
  endfacet
  facet normal 0.27984 0.960047 0
    outer loop
      vertex -128.285 1.55797 -14.1981
      vertex -128.285 1.55797 -17.1981
      vertex -128.432 1.6007 -14.1981
    endloop
  endfacet
  facet normal 0.27984 0.960047 0
    outer loop
      vertex -128.285 1.55797 -17.1981
      vertex -128.432 1.6007 -17.1981
      vertex -128.432 1.6007 -14.1981
    endloop
  endfacet
  facet normal 0.321438 0.946931 0
    outer loop
      vertex -128.432 1.6007 -14.1981
      vertex -128.432 1.6007 -17.1981
      vertex -128.577 1.64979 -14.1981
    endloop
  endfacet
  facet normal 0.321438 0.946931 0
    outer loop
      vertex -128.432 1.6007 -17.1981
      vertex -128.577 1.64979 -17.1981
      vertex -128.577 1.64979 -14.1981
    endloop
  endfacet
  facet normal 0.362439 0.932007 0
    outer loop
      vertex -128.577 1.64979 -14.1981
      vertex -128.577 1.64979 -17.1981
      vertex -128.719 1.70513 -14.1981
    endloop
  endfacet
  facet normal 0.362439 0.932007 0
    outer loop
      vertex -128.577 1.64979 -17.1981
      vertex -128.719 1.70513 -17.1981
      vertex -128.719 1.70513 -14.1981
    endloop
  endfacet
  facet normal 0.402745 0.915312 0
    outer loop
      vertex -128.719 1.70513 -14.1981
      vertex -128.719 1.70513 -17.1981
      vertex -128.859 1.76663 -14.1981
    endloop
  endfacet
  facet normal 0.402745 0.915312 0
    outer loop
      vertex -128.719 1.70513 -17.1981
      vertex -128.859 1.76663 -17.1981
      vertex -128.859 1.76663 -14.1981
    endloop
  endfacet
  facet normal 0.442287 0.896873 0
    outer loop
      vertex -128.859 1.76663 -14.1981
      vertex -128.859 1.76663 -17.1981
      vertex -128.996 1.83417 -14.1981
    endloop
  endfacet
  facet normal 0.442287 0.896873 0
    outer loop
      vertex -128.859 1.76663 -17.1981
      vertex -128.996 1.83417 -17.1981
      vertex -128.996 1.83417 -14.1981
    endloop
  endfacet
  facet normal 0.480969 0.876738 0
    outer loop
      vertex -128.996 1.83417 -14.1981
      vertex -128.996 1.83417 -17.1981
      vertex -129.129 1.90762 -14.1981
    endloop
  endfacet
  facet normal 0.480969 0.876738 0
    outer loop
      vertex -128.996 1.83417 -17.1981
      vertex -129.129 1.90762 -17.1981
      vertex -129.129 1.90762 -14.1981
    endloop
  endfacet
  facet normal 0.518816 0.854886 0
    outer loop
      vertex -129.129 1.90762 -14.1981
      vertex -129.129 1.90762 -17.1981
      vertex -129.26 1.98684 -14.1981
    endloop
  endfacet
  facet normal 0.518816 0.854886 0
    outer loop
      vertex -129.129 1.90762 -17.1981
      vertex -129.26 1.98684 -17.1981
      vertex -129.26 1.98684 -14.1981
    endloop
  endfacet
  facet normal 0.555558 0.831478 0
    outer loop
      vertex -129.26 1.98684 -14.1981
      vertex -129.26 1.98684 -17.1981
      vertex -129.387 2.07168 -14.1981
    endloop
  endfacet
  facet normal 0.555558 0.831478 0
    outer loop
      vertex -129.26 1.98684 -17.1981
      vertex -129.387 2.07168 -17.1981
      vertex -129.387 2.07168 -14.1981
    endloop
  endfacet
  facet normal 0.591276 0.806469 0
    outer loop
      vertex -129.387 2.07168 -14.1981
      vertex -129.387 2.07168 -17.1981
      vertex -129.51 2.16197 -14.1981
    endloop
  endfacet
  facet normal 0.591276 0.806469 0
    outer loop
      vertex -129.387 2.07168 -17.1981
      vertex -129.51 2.16197 -17.1981
      vertex -129.51 2.16197 -14.1981
    endloop
  endfacet
  facet normal 0.625929 0.77988 0
    outer loop
      vertex -129.51 2.16197 -14.1981
      vertex -129.51 2.16197 -17.1981
      vertex -129.629 2.25755 -14.1981
    endloop
  endfacet
  facet normal 0.625929 0.77988 0
    outer loop
      vertex -129.51 2.16197 -17.1981
      vertex -129.629 2.25755 -17.1981
      vertex -129.629 2.25755 -14.1981
    endloop
  endfacet
  facet normal 0.65938 0.75181 0
    outer loop
      vertex -129.629 2.25755 -14.1981
      vertex -129.629 2.25755 -17.1981
      vertex -129.744 2.35824 -14.1981
    endloop
  endfacet
  facet normal 0.65938 0.75181 0
    outer loop
      vertex -129.629 2.25755 -17.1981
      vertex -129.744 2.35824 -17.1981
      vertex -129.744 2.35824 -14.1981
    endloop
  endfacet
  facet normal 0.691495 0.722381 0
    outer loop
      vertex -129.744 2.35824 -14.1981
      vertex -129.744 2.35824 -17.1981
      vertex -129.854 2.46384 -14.1981
    endloop
  endfacet
  facet normal 0.691495 0.722381 0
    outer loop
      vertex -129.744 2.35824 -17.1981
      vertex -129.854 2.46384 -17.1981
      vertex -129.854 2.46384 -14.1981
    endloop
  endfacet
  facet normal 0.722388 0.691488 0
    outer loop
      vertex -129.854 2.46384 -14.1981
      vertex -129.854 2.46384 -17.1981
      vertex -129.96 2.57414 -14.1981
    endloop
  endfacet
  facet normal 0.722388 0.691488 0
    outer loop
      vertex -129.854 2.46384 -17.1981
      vertex -129.96 2.57414 -17.1981
      vertex -129.96 2.57414 -14.1981
    endloop
  endfacet
  facet normal 0.751832 0.659354 0
    outer loop
      vertex -129.96 2.57414 -14.1981
      vertex -129.96 2.57414 -17.1981
      vertex -130.061 2.68895 -14.1981
    endloop
  endfacet
  facet normal 0.751832 0.659354 0
    outer loop
      vertex -129.96 2.57414 -17.1981
      vertex -130.061 2.68895 -17.1981
      vertex -130.061 2.68895 -14.1981
    endloop
  endfacet
  facet normal 0.779853 0.625963 0
    outer loop
      vertex -130.061 2.68895 -14.1981
      vertex -130.061 2.68895 -17.1981
      vertex -130.156 2.80804 -14.1981
    endloop
  endfacet
  facet normal 0.779853 0.625963 0
    outer loop
      vertex -130.061 2.68895 -17.1981
      vertex -130.156 2.80804 -17.1981
      vertex -130.156 2.80804 -14.1981
    endloop
  endfacet
  facet normal 0.806474 0.591269 0
    outer loop
      vertex -130.156 2.80804 -14.1981
      vertex -130.156 2.80804 -17.1981
      vertex -130.246 2.93119 -14.1981
    endloop
  endfacet
  facet normal 0.806474 0.591269 0
    outer loop
      vertex -130.156 2.80804 -17.1981
      vertex -130.246 2.93119 -17.1981
      vertex -130.246 2.93119 -14.1981
    endloop
  endfacet
  facet normal 0.831441 0.555613 0
    outer loop
      vertex -130.246 2.93119 -14.1981
      vertex -130.246 2.93119 -17.1981
      vertex -130.331 3.05816 -14.1981
    endloop
  endfacet
  facet normal 0.831441 0.555613 0
    outer loop
      vertex -130.246 2.93119 -17.1981
      vertex -130.331 3.05816 -17.1981
      vertex -130.331 3.05816 -14.1981
    endloop
  endfacet
  facet normal 0.854924 0.518753 0
    outer loop
      vertex -130.331 3.05816 -14.1981
      vertex -130.331 3.05816 -17.1981
      vertex -130.411 3.18871 -14.1981
    endloop
  endfacet
  facet normal 0.854924 0.518753 0
    outer loop
      vertex -130.331 3.05816 -17.1981
      vertex -130.411 3.18871 -17.1981
      vertex -130.411 3.18871 -14.1981
    endloop
  endfacet
  facet normal 0.87673 0.480983 0
    outer loop
      vertex -130.411 3.18871 -14.1981
      vertex -130.411 3.18871 -17.1981
      vertex -130.484 3.32259 -14.1981
    endloop
  endfacet
  facet normal 0.87673 0.480983 0
    outer loop
      vertex -130.411 3.18871 -17.1981
      vertex -130.484 3.32259 -17.1981
      vertex -130.484 3.32259 -14.1981
    endloop
  endfacet
  facet normal 0.896853 0.442329 0
    outer loop
      vertex -130.484 3.32259 -14.1981
      vertex -130.484 3.32259 -17.1981
      vertex -130.552 3.45955 -14.1981
    endloop
  endfacet
  facet normal 0.896853 0.442329 0
    outer loop
      vertex -130.484 3.32259 -17.1981
      vertex -130.552 3.45955 -17.1981
      vertex -130.552 3.45955 -14.1981
    endloop
  endfacet
  facet normal 0.915321 0.402725 0
    outer loop
      vertex -130.552 3.45955 -14.1981
      vertex -130.552 3.45955 -17.1981
      vertex -130.613 3.59932 -14.1981
    endloop
  endfacet
  facet normal 0.915321 0.402725 0
    outer loop
      vertex -130.552 3.45955 -17.1981
      vertex -130.613 3.59932 -17.1981
      vertex -130.613 3.59932 -14.1981
    endloop
  endfacet
  facet normal 0.932014 0.362422 0
    outer loop
      vertex -130.613 3.59932 -14.1981
      vertex -130.613 3.59932 -17.1981
      vertex -130.668 3.74164 -14.1981
    endloop
  endfacet
  facet normal 0.932014 0.362422 0
    outer loop
      vertex -130.613 3.59932 -17.1981
      vertex -130.668 3.74164 -17.1981
      vertex -130.668 3.74164 -14.1981
    endloop
  endfacet
  facet normal 0.946932 0.321435 0
    outer loop
      vertex -130.668 3.74164 -14.1981
      vertex -130.668 3.74164 -17.1981
      vertex -130.717 3.88624 -14.1981
    endloop
  endfacet
  facet normal 0.946932 0.321435 0
    outer loop
      vertex -130.668 3.74164 -17.1981
      vertex -130.717 3.88624 -17.1981
      vertex -130.717 3.88624 -14.1981
    endloop
  endfacet
  facet normal 0.96004 0.279862 0
    outer loop
      vertex -130.717 3.88624 -14.1981
      vertex -130.717 3.88624 -17.1981
      vertex -130.76 4.03284 -14.1981
    endloop
  endfacet
  facet normal 0.96004 0.279862 0
    outer loop
      vertex -130.717 3.88624 -17.1981
      vertex -130.76 4.03284 -17.1981
      vertex -130.76 4.03284 -14.1981
    endloop
  endfacet
  facet normal 0.971359 0.237616 0
    outer loop
      vertex -130.76 4.03284 -14.1981
      vertex -130.76 4.03284 -17.1981
      vertex -130.796 4.18117 -14.1981
    endloop
  endfacet
  facet normal 0.971359 0.237616 0
    outer loop
      vertex -130.76 4.03284 -17.1981
      vertex -130.796 4.18117 -17.1981
      vertex -130.796 4.18117 -14.1981
    endloop
  endfacet
  facet normal 0.980771 0.195161 0
    outer loop
      vertex -130.796 4.18117 -14.1981
      vertex -130.796 4.18117 -17.1981
      vertex -130.826 4.33094 -14.1981
    endloop
  endfacet
  facet normal 0.980771 0.195161 0
    outer loop
      vertex -130.796 4.18117 -17.1981
      vertex -130.826 4.33094 -17.1981
      vertex -130.826 4.33094 -14.1981
    endloop
  endfacet
  facet normal 0.98836 0.15213 0
    outer loop
      vertex -130.826 4.33094 -14.1981
      vertex -130.826 4.33094 -17.1981
      vertex -130.849 4.48187 -14.1981
    endloop
  endfacet
  facet normal 0.98836 0.15213 0
    outer loop
      vertex -130.826 4.33094 -17.1981
      vertex -130.849 4.48187 -17.1981
      vertex -130.849 4.48187 -14.1981
    endloop
  endfacet
  facet normal 0.994063 0.108804 0
    outer loop
      vertex -130.849 4.48187 -14.1981
      vertex -130.849 4.48187 -17.1981
      vertex -130.866 4.63367 -14.1981
    endloop
  endfacet
  facet normal 0.994063 0.108804 0
    outer loop
      vertex -130.849 4.48187 -17.1981
      vertex -130.866 4.63367 -17.1981
      vertex -130.866 4.63367 -14.1981
    endloop
  endfacet
  facet normal 0.99786 0.0653801 0
    outer loop
      vertex -130.866 4.63367 -14.1981
      vertex -130.866 4.63367 -17.1981
      vertex -130.876 4.78604 -14.1981
    endloop
  endfacet
  facet normal 0.99786 0.0653801 0
    outer loop
      vertex -130.866 4.63367 -17.1981
      vertex -130.876 4.78604 -17.1981
      vertex -130.876 4.78604 -14.1981
    endloop
  endfacet
  facet normal 0.999761 0.0218583 0
    outer loop
      vertex -130.876 4.78604 -14.1981
      vertex -130.876 4.78604 -17.1981
      vertex -130.879 4.93871 -14.1981
    endloop
  endfacet
  facet normal 0.999761 0.0218583 0
    outer loop
      vertex -130.876 4.78604 -17.1981
      vertex -130.879 4.93871 -17.1981
      vertex -130.879 4.93871 -14.1981
    endloop
  endfacet
  facet normal 0 0 -1
    outer loop
      vertex -126.162 6.52542 -14.1981
      vertex -125.249 7.71545 -14.1981
      vertex -126.094 6.4708 -14.1981
    endloop
  endfacet
  facet normal 0 0 -1
    outer loop
      vertex -125.249 7.71545 -14.1981
      vertex -125.13 7.61987 -14.1981
      vertex -126.094 6.4708 -14.1981
    endloop
  endfacet
  facet normal 0 0 -1
    outer loop
      vertex -126.094 6.4708 -14.1981
      vertex -125.13 7.61987 -14.1981
      vertex -126.028 6.41326 -14.1981
    endloop
  endfacet
  facet normal 0 0 -1
    outer loop
      vertex -125.13 7.61987 -14.1981
      vertex -125.015 7.51918 -14.1981
      vertex -126.028 6.41326 -14.1981
    endloop
  endfacet
  facet normal 0 0 -1
    outer loop
      vertex -126.028 6.41326 -14.1981
      vertex -125.015 7.51918 -14.1981
      vertex -125.965 6.35292 -14.1981
    endloop
  endfacet
  facet normal 0 0 -1
    outer loop
      vertex -125.015 7.51918 -14.1981
      vertex -124.905 7.41358 -14.1981
      vertex -125.965 6.35292 -14.1981
    endloop
  endfacet
  facet normal 0 0 -1
    outer loop
      vertex -125.965 6.35292 -14.1981
      vertex -124.905 7.41358 -14.1981
      vertex -125.905 6.28989 -14.1981
    endloop
  endfacet
  facet normal 0 0 -1
    outer loop
      vertex -124.905 7.41358 -14.1981
      vertex -124.799 7.30328 -14.1981
      vertex -125.905 6.28989 -14.1981
    endloop
  endfacet
  facet normal 0 0 -1
    outer loop
      vertex -125.905 6.28989 -14.1981
      vertex -124.799 7.30328 -14.1981
      vertex -125.847 6.22429 -14.1981
    endloop
  endfacet
  facet normal 0 0 -1
    outer loop
      vertex -124.799 7.30328 -14.1981
      vertex -124.698 7.18847 -14.1981
      vertex -125.847 6.22429 -14.1981
    endloop
  endfacet
  facet normal 0 0 -1
    outer loop
      vertex -125.847 6.22429 -14.1981
      vertex -124.698 7.18847 -14.1981
      vertex -125.793 6.15623 -14.1981
    endloop
  endfacet
  facet normal 0 0 -1
    outer loop
      vertex -124.698 7.18847 -14.1981
      vertex -124.603 7.06937 -14.1981
      vertex -125.793 6.15623 -14.1981
    endloop
  endfacet
  facet normal 0 0 -1
    outer loop
      vertex -125.793 6.15623 -14.1981
      vertex -124.603 7.06937 -14.1981
      vertex -125.741 6.08586 -14.1981
    endloop
  endfacet
  facet normal 0 0 -1
    outer loop
      vertex -124.603 7.06937 -14.1981
      vertex -124.512 6.94623 -14.1981
      vertex -125.741 6.08586 -14.1981
    endloop
  endfacet
  facet normal 0 0 -1
    outer loop
      vertex -125.741 6.08586 -14.1981
      vertex -124.512 6.94623 -14.1981
      vertex -125.693 6.01331 -14.1981
    endloop
  endfacet
  facet normal 0 0 -1
    outer loop
      vertex -124.512 6.94623 -14.1981
      vertex -124.428 6.81926 -14.1981
      vertex -125.693 6.01331 -14.1981
    endloop
  endfacet
  facet normal 0 0 -1
    outer loop
      vertex -125.693 6.01331 -14.1981
      vertex -124.428 6.81926 -14.1981
      vertex -125.647 5.93871 -14.1981
    endloop
  endfacet
  facet normal 0 0 -1
    outer loop
      vertex -124.428 6.81926 -14.1981
      vertex -124.348 6.68871 -14.1981
      vertex -125.647 5.93871 -14.1981
    endloop
  endfacet
  facet normal 0 0 -1
    outer loop
      vertex -125.647 5.93871 -14.1981
      vertex -124.348 6.68871 -14.1981
      vertex -125.605 5.86221 -14.1981
    endloop
  endfacet
  facet normal 0 0 -1
    outer loop
      vertex -124.348 6.68871 -14.1981
      vertex -124.275 6.55483 -14.1981
      vertex -125.605 5.86221 -14.1981
    endloop
  endfacet
  facet normal 0 0 -1
    outer loop
      vertex -125.605 5.86221 -14.1981
      vertex -124.275 6.55483 -14.1981
      vertex -125.567 5.78395 -14.1981
    endloop
  endfacet
  facet normal 0 0 -1
    outer loop
      vertex -124.275 6.55483 -14.1981
      vertex -124.207 6.41787 -14.1981
      vertex -125.567 5.78395 -14.1981
    endloop
  endfacet
  facet normal 0 0 -1
    outer loop
      vertex -125.567 5.78395 -14.1981
      vertex -124.207 6.41787 -14.1981
      vertex -125.532 5.70408 -14.1981
    endloop
  endfacet
  facet normal 0 0 -1
    outer loop
      vertex -124.207 6.41787 -14.1981
      vertex -124.146 6.2781 -14.1981
      vertex -125.532 5.70408 -14.1981
    endloop
  endfacet
  facet normal 0 0 -1
    outer loop
      vertex -125.532 5.70408 -14.1981
      vertex -124.146 6.2781 -14.1981
      vertex -125.5 5.62275 -14.1981
    endloop
  endfacet
  facet normal 0 0 -1
    outer loop
      vertex -124.146 6.2781 -14.1981
      vertex -124.091 6.13578 -14.1981
      vertex -125.5 5.62275 -14.1981
    endloop
  endfacet
  facet normal 0 0 -1
    outer loop
      vertex -125.5 5.62275 -14.1981
      vertex -124.091 6.13578 -14.1981
      vertex -125.472 5.54012 -14.1981
    endloop
  endfacet
  facet normal 0 0 -1
    outer loop
      vertex -124.091 6.13578 -14.1981
      vertex -124.041 5.99118 -14.1981
      vertex -125.472 5.54012 -14.1981
    endloop
  endfacet
  facet normal 0 0 -1
    outer loop
      vertex -125.472 5.54012 -14.1981
      vertex -124.041 5.99118 -14.1981
      vertex -125.448 5.45635 -14.1981
    endloop
  endfacet
  facet normal 0 0 -1
    outer loop
      vertex -124.041 5.99118 -14.1981
      vertex -123.999 5.84458 -14.1981
      vertex -125.448 5.45635 -14.1981
    endloop
  endfacet
  facet normal 0 0 -1
    outer loop
      vertex -125.448 5.45635 -14.1981
      vertex -123.999 5.84458 -14.1981
      vertex -125.427 5.37159 -14.1981
    endloop
  endfacet
  facet normal 0 0 -1
    outer loop
      vertex -123.999 5.84458 -14.1981
      vertex -123.962 5.69625 -14.1981
      vertex -125.427 5.37159 -14.1981
    endloop
  endfacet
  facet normal 0 0 -1
    outer loop
      vertex -125.427 5.37159 -14.1981
      vertex -123.962 5.69625 -14.1981
      vertex -125.41 5.28601 -14.1981
    endloop
  endfacet
  facet normal 0 0 -1
    outer loop
      vertex -123.962 5.69625 -14.1981
      vertex -123.933 5.54648 -14.1981
      vertex -125.41 5.28601 -14.1981
    endloop
  endfacet
  facet normal 0 0 -1
    outer loop
      vertex -125.41 5.28601 -14.1981
      vertex -123.933 5.54648 -14.1981
      vertex -125.397 5.19976 -14.1981
    endloop
  endfacet
  facet normal 0 0 -1
    outer loop
      vertex -123.933 5.54648 -14.1981
      vertex -123.909 5.39555 -14.1981
      vertex -125.397 5.19976 -14.1981
    endloop
  endfacet
  facet normal 0 0 -1
    outer loop
      vertex -125.397 5.19976 -14.1981
      vertex -123.909 5.39555 -14.1981
      vertex -125.387 5.11302 -14.1981
    endloop
  endfacet
  facet normal 0 0 -1
    outer loop
      vertex -123.909 5.39555 -14.1981
      vertex -123.893 5.24375 -14.1981
      vertex -125.387 5.11302 -14.1981
    endloop
  endfacet
  facet normal 0 0 -1
    outer loop
      vertex -125.387 5.11302 -14.1981
      vertex -123.893 5.24375 -14.1981
      vertex -125.381 5.02595 -14.1981
    endloop
  endfacet
  facet normal 0 0 -1
    outer loop
      vertex -123.893 5.24375 -14.1981
      vertex -123.883 5.09138 -14.1981
      vertex -125.381 5.02595 -14.1981
    endloop
  endfacet
  facet normal 0 0 -1
    outer loop
      vertex -125.381 5.02595 -14.1981
      vertex -123.883 5.09138 -14.1981
      vertex -125.379 4.93871 -14.1981
    endloop
  endfacet
  facet normal 0 0 -1
    outer loop
      vertex -123.883 5.09138 -14.1981
      vertex -123.879 4.93871 -14.1981
      vertex -125.379 4.93871 -14.1981
    endloop
  endfacet
  facet normal 0 0 -1
    outer loop
      vertex -125.379 4.93871 -14.1981
      vertex -123.879 4.93871 -14.1981
      vertex -125.381 4.85147 -14.1981
    endloop
  endfacet
  facet normal 0 0 -1
    outer loop
      vertex -123.879 4.93871 -14.1981
      vertex -123.883 4.78604 -14.1981
      vertex -125.381 4.85147 -14.1981
    endloop
  endfacet
  facet normal 0 0 -1
    outer loop
      vertex -125.381 4.85147 -14.1981
      vertex -123.883 4.78604 -14.1981
      vertex -125.387 4.7644 -14.1981
    endloop
  endfacet
  facet normal 0 0 -1
    outer loop
      vertex -123.883 4.78604 -14.1981
      vertex -123.893 4.63367 -14.1981
      vertex -125.387 4.7644 -14.1981
    endloop
  endfacet
  facet normal 0 0 -1
    outer loop
      vertex -125.387 4.7644 -14.1981
      vertex -123.893 4.63367 -14.1981
      vertex -125.397 4.67766 -14.1981
    endloop
  endfacet
  facet normal 0 0 -1
    outer loop
      vertex -123.893 4.63367 -14.1981
      vertex -123.909 4.48187 -14.1981
      vertex -125.397 4.67766 -14.1981
    endloop
  endfacet
  facet normal 0 0 -1
    outer loop
      vertex -125.397 4.67766 -14.1981
      vertex -123.909 4.48187 -14.1981
      vertex -125.41 4.59141 -14.1981
    endloop
  endfacet
  facet normal 0 0 -1
    outer loop
      vertex -123.909 4.48187 -14.1981
      vertex -123.933 4.33094 -14.1981
      vertex -125.41 4.59141 -14.1981
    endloop
  endfacet
  facet normal 0 0 -1
    outer loop
      vertex -125.41 4.59141 -14.1981
      vertex -123.933 4.33094 -14.1981
      vertex -125.427 4.50583 -14.1981
    endloop
  endfacet
  facet normal 0 0 -1
    outer loop
      vertex -123.933 4.33094 -14.1981
      vertex -123.962 4.18117 -14.1981
      vertex -125.427 4.50583 -14.1981
    endloop
  endfacet
  facet normal 0 0 -1
    outer loop
      vertex -125.427 4.50583 -14.1981
      vertex -123.962 4.18117 -14.1981
      vertex -125.448 4.42107 -14.1981
    endloop
  endfacet
  facet normal 0 0 -1
    outer loop
      vertex -123.962 4.18117 -14.1981
      vertex -123.999 4.03284 -14.1981
      vertex -125.448 4.42107 -14.1981
    endloop
  endfacet
  facet normal 0 0 -1
    outer loop
      vertex -125.448 4.42107 -14.1981
      vertex -123.999 4.03284 -14.1981
      vertex -125.472 4.3373 -14.1981
    endloop
  endfacet
  facet normal 0 0 -1
    outer loop
      vertex -123.999 4.03284 -14.1981
      vertex -124.041 3.88624 -14.1981
      vertex -125.472 4.3373 -14.1981
    endloop
  endfacet
  facet normal 0 0 -1
    outer loop
      vertex -125.472 4.3373 -14.1981
      vertex -124.041 3.88624 -14.1981
      vertex -125.5 4.25467 -14.1981
    endloop
  endfacet
  facet normal 0 0 -1
    outer loop
      vertex -124.041 3.88624 -14.1981
      vertex -124.091 3.74164 -14.1981
      vertex -125.5 4.25467 -14.1981
    endloop
  endfacet
  facet normal 0 0 -1
    outer loop
      vertex -125.5 4.25467 -14.1981
      vertex -124.091 3.74164 -14.1981
      vertex -125.532 4.17334 -14.1981
    endloop
  endfacet
  facet normal 0 0 -1
    outer loop
      vertex -124.091 3.74164 -14.1981
      vertex -124.146 3.59932 -14.1981
      vertex -125.532 4.17334 -14.1981
    endloop
  endfacet
  facet normal 0 0 -1
    outer loop
      vertex -125.532 4.17334 -14.1981
      vertex -124.146 3.59932 -14.1981
      vertex -125.567 4.09347 -14.1981
    endloop
  endfacet
  facet normal 0 0 -1
    outer loop
      vertex -124.146 3.59932 -14.1981
      vertex -124.207 3.45955 -14.1981
      vertex -125.567 4.09347 -14.1981
    endloop
  endfacet
  facet normal 0 0 -1
    outer loop
      vertex -125.567 4.09347 -14.1981
      vertex -124.207 3.45955 -14.1981
      vertex -125.605 4.01521 -14.1981
    endloop
  endfacet
  facet normal 0 0 -1
    outer loop
      vertex -124.207 3.45955 -14.1981
      vertex -124.275 3.32259 -14.1981
      vertex -125.605 4.01521 -14.1981
    endloop
  endfacet
  facet normal 0 0 -1
    outer loop
      vertex -125.605 4.01521 -14.1981
      vertex -124.275 3.32259 -14.1981
      vertex -125.647 3.93871 -14.1981
    endloop
  endfacet
  facet normal 0 0 -1
    outer loop
      vertex -124.275 3.32259 -14.1981
      vertex -124.348 3.18871 -14.1981
      vertex -125.647 3.93871 -14.1981
    endloop
  endfacet
  facet normal 0 0 -1
    outer loop
      vertex -125.647 3.93871 -14.1981
      vertex -124.348 3.18871 -14.1981
      vertex -125.693 3.86411 -14.1981
    endloop
  endfacet
  facet normal 0 0 -1
    outer loop
      vertex -124.348 3.18871 -14.1981
      vertex -124.428 3.05816 -14.1981
      vertex -125.693 3.86411 -14.1981
    endloop
  endfacet
  facet normal 0 0 -1
    outer loop
      vertex -125.693 3.86411 -14.1981
      vertex -124.428 3.05816 -14.1981
      vertex -125.741 3.79156 -14.1981
    endloop
  endfacet
  facet normal 0 0 -1
    outer loop
      vertex -124.428 3.05816 -14.1981
      vertex -124.512 2.93119 -14.1981
      vertex -125.741 3.79156 -14.1981
    endloop
  endfacet
  facet normal 0 0 -1
    outer loop
      vertex -125.741 3.79156 -14.1981
      vertex -124.512 2.93119 -14.1981
      vertex -125.793 3.72119 -14.1981
    endloop
  endfacet
  facet normal 0 0 -1
    outer loop
      vertex -124.512 2.93119 -14.1981
      vertex -124.603 2.80804 -14.1981
      vertex -125.793 3.72119 -14.1981
    endloop
  endfacet
  facet normal 0 0 -1
    outer loop
      vertex -125.793 3.72119 -14.1981
      vertex -124.603 2.80804 -14.1981
      vertex -125.847 3.65313 -14.1981
    endloop
  endfacet
  facet normal 0 0 -1
    outer loop
      vertex -124.603 2.80804 -14.1981
      vertex -124.698 2.68895 -14.1981
      vertex -125.847 3.65313 -14.1981
    endloop
  endfacet
  facet normal 0 0 -1
    outer loop
      vertex -125.847 3.65313 -14.1981
      vertex -124.698 2.68895 -14.1981
      vertex -125.905 3.58753 -14.1981
    endloop
  endfacet
  facet normal 0 0 -1
    outer loop
      vertex -124.698 2.68895 -14.1981
      vertex -124.799 2.57414 -14.1981
      vertex -125.905 3.58753 -14.1981
    endloop
  endfacet
  facet normal 0 0 -1
    outer loop
      vertex -125.905 3.58753 -14.1981
      vertex -124.799 2.57414 -14.1981
      vertex -125.965 3.5245 -14.1981
    endloop
  endfacet
  facet normal 0 0 -1
    outer loop
      vertex -124.799 2.57414 -14.1981
      vertex -124.905 2.46384 -14.1981
      vertex -125.965 3.5245 -14.1981
    endloop
  endfacet
  facet normal 0 0 -1
    outer loop
      vertex -125.965 3.5245 -14.1981
      vertex -124.905 2.46384 -14.1981
      vertex -126.028 3.46416 -14.1981
    endloop
  endfacet
  facet normal 0 0 -1
    outer loop
      vertex -124.905 2.46384 -14.1981
      vertex -125.015 2.35824 -14.1981
      vertex -126.028 3.46416 -14.1981
    endloop
  endfacet
  facet normal 0 0 -1
    outer loop
      vertex -126.028 3.46416 -14.1981
      vertex -125.015 2.35824 -14.1981
      vertex -126.094 3.40662 -14.1981
    endloop
  endfacet
  facet normal 0 0 -1
    outer loop
      vertex -125.015 2.35824 -14.1981
      vertex -125.13 2.25755 -14.1981
      vertex -126.094 3.40662 -14.1981
    endloop
  endfacet
  facet normal 0 0 -1
    outer loop
      vertex -126.094 3.40662 -14.1981
      vertex -125.13 2.25755 -14.1981
      vertex -126.162 3.352 -14.1981
    endloop
  endfacet
  facet normal 0 0 -1
    outer loop
      vertex -125.13 2.25755 -14.1981
      vertex -125.249 2.16197 -14.1981
      vertex -126.162 3.352 -14.1981
    endloop
  endfacet
  facet normal 0 0 -1
    outer loop
      vertex -126.162 3.352 -14.1981
      vertex -125.249 2.16197 -14.1981
      vertex -126.232 3.30041 -14.1981
    endloop
  endfacet
  facet normal 0 0 -1
    outer loop
      vertex -125.249 2.16197 -14.1981
      vertex -125.372 2.07168 -14.1981
      vertex -126.232 3.30041 -14.1981
    endloop
  endfacet
  facet normal 0 0 -1
    outer loop
      vertex -126.232 3.30041 -14.1981
      vertex -125.372 2.07168 -14.1981
      vertex -126.305 3.25193 -14.1981
    endloop
  endfacet
  facet normal 0 0 -1
    outer loop
      vertex -125.372 2.07168 -14.1981
      vertex -125.499 1.98684 -14.1981
      vertex -126.305 3.25193 -14.1981
    endloop
  endfacet
  facet normal 0 0 -1
    outer loop
      vertex -126.305 3.25193 -14.1981
      vertex -125.499 1.98684 -14.1981
      vertex -126.379 3.20666 -14.1981
    endloop
  endfacet
  facet normal 0 0 -1
    outer loop
      vertex -125.499 1.98684 -14.1981
      vertex -125.629 1.90762 -14.1981
      vertex -126.379 3.20666 -14.1981
    endloop
  endfacet
  facet normal 0 0 -1
    outer loop
      vertex -126.379 3.20666 -14.1981
      vertex -125.629 1.90762 -14.1981
      vertex -126.456 3.16469 -14.1981
    endloop
  endfacet
  facet normal 0 0 -1
    outer loop
      vertex -125.629 1.90762 -14.1981
      vertex -125.763 1.83417 -14.1981
      vertex -126.456 3.16469 -14.1981
    endloop
  endfacet
  facet normal 0 0 -1
    outer loop
      vertex -126.456 3.16469 -14.1981
      vertex -125.763 1.83417 -14.1981
      vertex -126.534 3.12609 -14.1981
    endloop
  endfacet
  facet normal 0 0 -1
    outer loop
      vertex -125.763 1.83417 -14.1981
      vertex -125.9 1.76663 -14.1981
      vertex -126.534 3.12609 -14.1981
    endloop
  endfacet
  facet normal 0 0 -1
    outer loop
      vertex -126.534 3.12609 -14.1981
      vertex -125.9 1.76663 -14.1981
      vertex -126.614 3.09095 -14.1981
    endloop
  endfacet
  facet normal 0 0 -1
    outer loop
      vertex -125.9 1.76663 -14.1981
      vertex -126.04 1.70513 -14.1981
      vertex -126.614 3.09095 -14.1981
    endloop
  endfacet
  facet normal 0 0 -1
    outer loop
      vertex -126.614 3.09095 -14.1981
      vertex -126.04 1.70513 -14.1981
      vertex -126.695 3.05932 -14.1981
    endloop
  endfacet
  facet normal 0 0 -1
    outer loop
      vertex -126.04 1.70513 -14.1981
      vertex -126.182 1.64979 -14.1981
      vertex -126.695 3.05932 -14.1981
    endloop
  endfacet
  facet normal 0 0 -1
    outer loop
      vertex -126.695 3.05932 -14.1981
      vertex -126.182 1.64979 -14.1981
      vertex -126.778 3.03128 -14.1981
    endloop
  endfacet
  facet normal 0 0 -1
    outer loop
      vertex -126.182 1.64979 -14.1981
      vertex -126.327 1.6007 -14.1981
      vertex -126.778 3.03128 -14.1981
    endloop
  endfacet
  facet normal 0 0 -1
    outer loop
      vertex -126.778 3.03128 -14.1981
      vertex -126.327 1.6007 -14.1981
      vertex -126.862 3.00686 -14.1981
    endloop
  endfacet
  facet normal 0 0 -1
    outer loop
      vertex -126.327 1.6007 -14.1981
      vertex -126.474 1.55797 -14.1981
      vertex -126.862 3.00686 -14.1981
    endloop
  endfacet
  facet normal 0 0 -1
    outer loop
      vertex -126.862 3.00686 -14.1981
      vertex -126.474 1.55797 -14.1981
      vertex -126.947 2.98612 -14.1981
    endloop
  endfacet
  facet normal 0 0 -1
    outer loop
      vertex -126.474 1.55797 -14.1981
      vertex -126.622 1.52167 -14.1981
      vertex -126.947 2.98612 -14.1981
    endloop
  endfacet
  facet normal 0 0 -1
    outer loop
      vertex -126.947 2.98612 -14.1981
      vertex -126.622 1.52167 -14.1981
      vertex -127.032 2.96909 -14.1981
    endloop
  endfacet
  facet normal 0 0 -1
    outer loop
      vertex -126.622 1.52167 -14.1981
      vertex -126.772 1.49188 -14.1981
      vertex -127.032 2.96909 -14.1981
    endloop
  endfacet
  facet normal 0 0 -1
    outer loop
      vertex -127.032 2.96909 -14.1981
      vertex -126.772 1.49188 -14.1981
      vertex -127.118 2.95582 -14.1981
    endloop
  endfacet
  facet normal 0 0 -1
    outer loop
      vertex -126.772 1.49188 -14.1981
      vertex -126.923 1.46865 -14.1981
      vertex -127.118 2.95582 -14.1981
    endloop
  endfacet
  facet normal 0 0 -1
    outer loop
      vertex -127.118 2.95582 -14.1981
      vertex -126.923 1.46865 -14.1981
      vertex -127.205 2.94632 -14.1981
    endloop
  endfacet
  facet normal 0 0 -1
    outer loop
      vertex -126.923 1.46865 -14.1981
      vertex -127.074 1.45203 -14.1981
      vertex -127.205 2.94632 -14.1981
    endloop
  endfacet
  facet normal 0 0 -1
    outer loop
      vertex -127.205 2.94632 -14.1981
      vertex -127.074 1.45203 -14.1981
      vertex -127.292 2.94061 -14.1981
    endloop
  endfacet
  facet normal 0 0 -1
    outer loop
      vertex -127.074 1.45203 -14.1981
      vertex -127.227 1.44204 -14.1981
      vertex -127.292 2.94061 -14.1981
    endloop
  endfacet
  facet normal 0 0 -1
    outer loop
      vertex -127.292 2.94061 -14.1981
      vertex -127.227 1.44204 -14.1981
      vertex -127.379 2.93871 -14.1981
    endloop
  endfacet
  facet normal 0 0 -1
    outer loop
      vertex -127.227 1.44204 -14.1981
      vertex -127.379 1.43871 -14.1981
      vertex -127.379 2.93871 -14.1981
    endloop
  endfacet
  facet normal 0 0 -1
    outer loop
      vertex -127.379 2.93871 -14.1981
      vertex -127.379 1.43871 -14.1981
      vertex -127.467 2.94061 -14.1981
    endloop
  endfacet
  facet normal 0 0 -1
    outer loop
      vertex -127.379 1.43871 -14.1981
      vertex -127.532 1.44204 -14.1981
      vertex -127.467 2.94061 -14.1981
    endloop
  endfacet
  facet normal 0 0 -1
    outer loop
      vertex -127.467 2.94061 -14.1981
      vertex -127.532 1.44204 -14.1981
      vertex -127.554 2.94632 -14.1981
    endloop
  endfacet
  facet normal 0 0 -1
    outer loop
      vertex -127.532 1.44204 -14.1981
      vertex -127.684 1.45203 -14.1981
      vertex -127.554 2.94632 -14.1981
    endloop
  endfacet
  facet normal 0 0 -1
    outer loop
      vertex -127.554 2.94632 -14.1981
      vertex -127.684 1.45203 -14.1981
      vertex -127.64 2.95582 -14.1981
    endloop
  endfacet
  facet normal 0 0 -1
    outer loop
      vertex -127.684 1.45203 -14.1981
      vertex -127.836 1.46865 -14.1981
      vertex -127.64 2.95582 -14.1981
    endloop
  endfacet
  facet normal 0 0 -1
    outer loop
      vertex -127.64 2.95582 -14.1981
      vertex -127.836 1.46865 -14.1981
      vertex -127.727 2.96909 -14.1981
    endloop
  endfacet
  facet normal 0 0 -1
    outer loop
      vertex -127.836 1.46865 -14.1981
      vertex -127.987 1.49188 -14.1981
      vertex -127.727 2.96909 -14.1981
    endloop
  endfacet
  facet normal 0 0 -1
    outer loop
      vertex -127.727 2.96909 -14.1981
      vertex -127.987 1.49188 -14.1981
      vertex -127.812 2.98612 -14.1981
    endloop
  endfacet
  facet normal 0 0 -1
    outer loop
      vertex -127.987 1.49188 -14.1981
      vertex -128.137 1.52167 -14.1981
      vertex -127.812 2.98612 -14.1981
    endloop
  endfacet
  facet normal 0 0 -1
    outer loop
      vertex -127.812 2.98612 -14.1981
      vertex -128.137 1.52167 -14.1981
      vertex -127.897 3.00686 -14.1981
    endloop
  endfacet
  facet normal 0 0 -1
    outer loop
      vertex -128.137 1.52167 -14.1981
      vertex -128.285 1.55797 -14.1981
      vertex -127.897 3.00686 -14.1981
    endloop
  endfacet
  facet normal 0 0 -1
    outer loop
      vertex -127.897 3.00686 -14.1981
      vertex -128.285 1.55797 -14.1981
      vertex -127.981 3.03128 -14.1981
    endloop
  endfacet
  facet normal 0 0 -1
    outer loop
      vertex -128.285 1.55797 -14.1981
      vertex -128.432 1.6007 -14.1981
      vertex -127.981 3.03128 -14.1981
    endloop
  endfacet
  facet normal 0 0 -1
    outer loop
      vertex -127.981 3.03128 -14.1981
      vertex -128.432 1.6007 -14.1981
      vertex -128.063 3.05932 -14.1981
    endloop
  endfacet
  facet normal 0 0 -1
    outer loop
      vertex -128.432 1.6007 -14.1981
      vertex -128.577 1.64979 -14.1981
      vertex -128.063 3.05932 -14.1981
    endloop
  endfacet
  facet normal 0 0 -1
    outer loop
      vertex -128.063 3.05932 -14.1981
      vertex -128.577 1.64979 -14.1981
      vertex -128.145 3.09095 -14.1981
    endloop
  endfacet
  facet normal 0 0 -1
    outer loop
      vertex -128.577 1.64979 -14.1981
      vertex -128.719 1.70513 -14.1981
      vertex -128.145 3.09095 -14.1981
    endloop
  endfacet
  facet normal 0 0 -1
    outer loop
      vertex -128.145 3.09095 -14.1981
      vertex -128.719 1.70513 -14.1981
      vertex -128.225 3.12609 -14.1981
    endloop
  endfacet
  facet normal 0 0 -1
    outer loop
      vertex -128.719 1.70513 -14.1981
      vertex -128.859 1.76663 -14.1981
      vertex -128.225 3.12609 -14.1981
    endloop
  endfacet
  facet normal 0 0 -1
    outer loop
      vertex -128.225 3.12609 -14.1981
      vertex -128.859 1.76663 -14.1981
      vertex -128.303 3.16469 -14.1981
    endloop
  endfacet
  facet normal 0 0 -1
    outer loop
      vertex -128.859 1.76663 -14.1981
      vertex -128.996 1.83417 -14.1981
      vertex -128.303 3.16469 -14.1981
    endloop
  endfacet
  facet normal 0 0 -1
    outer loop
      vertex -128.303 3.16469 -14.1981
      vertex -128.996 1.83417 -14.1981
      vertex -128.379 3.20666 -14.1981
    endloop
  endfacet
  facet normal 0 0 -1
    outer loop
      vertex -128.996 1.83417 -14.1981
      vertex -129.129 1.90762 -14.1981
      vertex -128.379 3.20666 -14.1981
    endloop
  endfacet
  facet normal 0 0 -1
    outer loop
      vertex -128.379 3.20666 -14.1981
      vertex -129.129 1.90762 -14.1981
      vertex -128.454 3.25193 -14.1981
    endloop
  endfacet
  facet normal 0 0 -1
    outer loop
      vertex -129.129 1.90762 -14.1981
      vertex -129.26 1.98684 -14.1981
      vertex -128.454 3.25193 -14.1981
    endloop
  endfacet
  facet normal 0 0 -1
    outer loop
      vertex -128.454 3.25193 -14.1981
      vertex -129.26 1.98684 -14.1981
      vertex -128.527 3.30041 -14.1981
    endloop
  endfacet
  facet normal 0 0 -1
    outer loop
      vertex -129.26 1.98684 -14.1981
      vertex -129.387 2.07168 -14.1981
      vertex -128.527 3.30041 -14.1981
    endloop
  endfacet
  facet normal 0 0 -1
    outer loop
      vertex -128.527 3.30041 -14.1981
      vertex -129.387 2.07168 -14.1981
      vertex -128.597 3.352 -14.1981
    endloop
  endfacet
  facet normal 0 0 -1
    outer loop
      vertex -129.387 2.07168 -14.1981
      vertex -129.51 2.16197 -14.1981
      vertex -128.597 3.352 -14.1981
    endloop
  endfacet
  facet normal 0 0 -1
    outer loop
      vertex -128.597 3.352 -14.1981
      vertex -129.51 2.16197 -14.1981
      vertex -128.665 3.40662 -14.1981
    endloop
  endfacet
  facet normal 0 0 -1
    outer loop
      vertex -129.51 2.16197 -14.1981
      vertex -129.629 2.25755 -14.1981
      vertex -128.665 3.40662 -14.1981
    endloop
  endfacet
  facet normal 0 0 -1
    outer loop
      vertex -128.665 3.40662 -14.1981
      vertex -129.629 2.25755 -14.1981
      vertex -128.731 3.46416 -14.1981
    endloop
  endfacet
  facet normal 0 0 -1
    outer loop
      vertex -129.629 2.25755 -14.1981
      vertex -129.744 2.35824 -14.1981
      vertex -128.731 3.46416 -14.1981
    endloop
  endfacet
  facet normal 0 0 -1
    outer loop
      vertex -128.731 3.46416 -14.1981
      vertex -129.744 2.35824 -14.1981
      vertex -128.794 3.5245 -14.1981
    endloop
  endfacet
  facet normal 0 0 -1
    outer loop
      vertex -129.744 2.35824 -14.1981
      vertex -129.854 2.46384 -14.1981
      vertex -128.794 3.5245 -14.1981
    endloop
  endfacet
  facet normal 0 0 -1
    outer loop
      vertex -128.794 3.5245 -14.1981
      vertex -129.854 2.46384 -14.1981
      vertex -128.854 3.58753 -14.1981
    endloop
  endfacet
  facet normal 0 0 -1
    outer loop
      vertex -129.854 2.46384 -14.1981
      vertex -129.96 2.57414 -14.1981
      vertex -128.854 3.58753 -14.1981
    endloop
  endfacet
  facet normal 0 0 -1
    outer loop
      vertex -128.854 3.58753 -14.1981
      vertex -129.96 2.57414 -14.1981
      vertex -128.912 3.65313 -14.1981
    endloop
  endfacet
  facet normal 0 0 -1
    outer loop
      vertex -129.96 2.57414 -14.1981
      vertex -130.061 2.68895 -14.1981
      vertex -128.912 3.65313 -14.1981
    endloop
  endfacet
  facet normal 0 0 -1
    outer loop
      vertex -128.912 3.65313 -14.1981
      vertex -130.061 2.68895 -14.1981
      vertex -128.966 3.72119 -14.1981
    endloop
  endfacet
  facet normal 0 0 -1
    outer loop
      vertex -130.061 2.68895 -14.1981
      vertex -130.156 2.80804 -14.1981
      vertex -128.966 3.72119 -14.1981
    endloop
  endfacet
  facet normal 0 0 -1
    outer loop
      vertex -128.966 3.72119 -14.1981
      vertex -130.156 2.80804 -14.1981
      vertex -129.018 3.79156 -14.1981
    endloop
  endfacet
  facet normal 0 0 -1
    outer loop
      vertex -130.156 2.80804 -14.1981
      vertex -130.246 2.93119 -14.1981
      vertex -129.018 3.79156 -14.1981
    endloop
  endfacet
  facet normal 0 0 -1
    outer loop
      vertex -129.018 3.79156 -14.1981
      vertex -130.246 2.93119 -14.1981
      vertex -129.066 3.86411 -14.1981
    endloop
  endfacet
  facet normal 0 0 -1
    outer loop
      vertex -130.246 2.93119 -14.1981
      vertex -130.331 3.05816 -14.1981
      vertex -129.066 3.86411 -14.1981
    endloop
  endfacet
  facet normal 0 0 -1
    outer loop
      vertex -129.066 3.86411 -14.1981
      vertex -130.331 3.05816 -14.1981
      vertex -129.111 3.93871 -14.1981
    endloop
  endfacet
  facet normal 0 0 -1
    outer loop
      vertex -130.331 3.05816 -14.1981
      vertex -130.411 3.18871 -14.1981
      vertex -129.111 3.93871 -14.1981
    endloop
  endfacet
  facet normal 0 0 -1
    outer loop
      vertex -129.111 3.93871 -14.1981
      vertex -130.411 3.18871 -14.1981
      vertex -129.153 4.01521 -14.1981
    endloop
  endfacet
  facet normal 0 0 -1
    outer loop
      vertex -130.411 3.18871 -14.1981
      vertex -130.484 3.32259 -14.1981
      vertex -129.153 4.01521 -14.1981
    endloop
  endfacet
  facet normal 0 0 -1
    outer loop
      vertex -129.153 4.01521 -14.1981
      vertex -130.484 3.32259 -14.1981
      vertex -129.192 4.09347 -14.1981
    endloop
  endfacet
  facet normal 0 0 -1
    outer loop
      vertex -130.484 3.32259 -14.1981
      vertex -130.552 3.45955 -14.1981
      vertex -129.192 4.09347 -14.1981
    endloop
  endfacet
  facet normal 0 0 -1
    outer loop
      vertex -129.192 4.09347 -14.1981
      vertex -130.552 3.45955 -14.1981
      vertex -129.227 4.17334 -14.1981
    endloop
  endfacet
  facet normal 0 0 -1
    outer loop
      vertex -130.552 3.45955 -14.1981
      vertex -130.613 3.59932 -14.1981
      vertex -129.227 4.17334 -14.1981
    endloop
  endfacet
  facet normal 0 0 -1
    outer loop
      vertex -129.227 4.17334 -14.1981
      vertex -130.613 3.59932 -14.1981
      vertex -129.259 4.25467 -14.1981
    endloop
  endfacet
  facet normal 0 0 -1
    outer loop
      vertex -130.613 3.59932 -14.1981
      vertex -130.668 3.74164 -14.1981
      vertex -129.259 4.25467 -14.1981
    endloop
  endfacet
  facet normal 0 0 -1
    outer loop
      vertex -129.259 4.25467 -14.1981
      vertex -130.668 3.74164 -14.1981
      vertex -129.287 4.3373 -14.1981
    endloop
  endfacet
  facet normal 0 0 -1
    outer loop
      vertex -130.668 3.74164 -14.1981
      vertex -130.717 3.88624 -14.1981
      vertex -129.287 4.3373 -14.1981
    endloop
  endfacet
  facet normal 0 0 -1
    outer loop
      vertex -129.287 4.3373 -14.1981
      vertex -130.717 3.88624 -14.1981
      vertex -129.311 4.42107 -14.1981
    endloop
  endfacet
  facet normal 0 0 -1
    outer loop
      vertex -130.717 3.88624 -14.1981
      vertex -130.76 4.03284 -14.1981
      vertex -129.311 4.42107 -14.1981
    endloop
  endfacet
  facet normal 0 0 -1
    outer loop
      vertex -129.311 4.42107 -14.1981
      vertex -130.76 4.03284 -14.1981
      vertex -129.332 4.50583 -14.1981
    endloop
  endfacet
  facet normal 0 0 -1
    outer loop
      vertex -130.76 4.03284 -14.1981
      vertex -130.796 4.18117 -14.1981
      vertex -129.332 4.50583 -14.1981
    endloop
  endfacet
  facet normal 0 0 -1
    outer loop
      vertex -129.332 4.50583 -14.1981
      vertex -130.796 4.18117 -14.1981
      vertex -129.349 4.59141 -14.1981
    endloop
  endfacet
  facet normal 0 0 -1
    outer loop
      vertex -130.796 4.18117 -14.1981
      vertex -130.826 4.33094 -14.1981
      vertex -129.349 4.59141 -14.1981
    endloop
  endfacet
  facet normal 0 0 -1
    outer loop
      vertex -129.349 4.59141 -14.1981
      vertex -130.826 4.33094 -14.1981
      vertex -129.362 4.67766 -14.1981
    endloop
  endfacet
  facet normal 0 0 -1
    outer loop
      vertex -130.826 4.33094 -14.1981
      vertex -130.849 4.48187 -14.1981
      vertex -129.362 4.67766 -14.1981
    endloop
  endfacet
  facet normal 0 0 -1
    outer loop
      vertex -129.362 4.67766 -14.1981
      vertex -130.849 4.48187 -14.1981
      vertex -129.372 4.7644 -14.1981
    endloop
  endfacet
  facet normal 0 0 -1
    outer loop
      vertex -130.849 4.48187 -14.1981
      vertex -130.866 4.63367 -14.1981
      vertex -129.372 4.7644 -14.1981
    endloop
  endfacet
  facet normal 0 0 -1
    outer loop
      vertex -129.372 4.7644 -14.1981
      vertex -130.866 4.63367 -14.1981
      vertex -129.378 4.85147 -14.1981
    endloop
  endfacet
  facet normal 0 0 -1
    outer loop
      vertex -130.866 4.63367 -14.1981
      vertex -130.876 4.78604 -14.1981
      vertex -129.378 4.85147 -14.1981
    endloop
  endfacet
  facet normal 0 0 -1
    outer loop
      vertex -129.378 4.85147 -14.1981
      vertex -130.876 4.78604 -14.1981
      vertex -129.379 4.93871 -14.1981
    endloop
  endfacet
  facet normal 0 0 -1
    outer loop
      vertex -130.876 4.78604 -14.1981
      vertex -130.879 4.93871 -14.1981
      vertex -129.379 4.93871 -14.1981
    endloop
  endfacet
  facet normal 0 0 -1
    outer loop
      vertex -129.379 4.93871 -14.1981
      vertex -130.879 4.93871 -14.1981
      vertex -129.378 5.02595 -14.1981
    endloop
  endfacet
  facet normal 0 0 -1
    outer loop
      vertex -130.879 4.93871 -14.1981
      vertex -130.876 5.09138 -14.1981
      vertex -129.378 5.02595 -14.1981
    endloop
  endfacet
  facet normal 0 0 -1
    outer loop
      vertex -129.378 5.02595 -14.1981
      vertex -130.876 5.09138 -14.1981
      vertex -129.372 5.11302 -14.1981
    endloop
  endfacet
  facet normal 0 0 -1
    outer loop
      vertex -130.876 5.09138 -14.1981
      vertex -130.866 5.24375 -14.1981
      vertex -129.372 5.11302 -14.1981
    endloop
  endfacet
  facet normal 0 0 -1
    outer loop
      vertex -129.372 5.11302 -14.1981
      vertex -130.866 5.24375 -14.1981
      vertex -129.362 5.19976 -14.1981
    endloop
  endfacet
  facet normal 0 0 -1
    outer loop
      vertex -130.866 5.24375 -14.1981
      vertex -130.849 5.39555 -14.1981
      vertex -129.362 5.19976 -14.1981
    endloop
  endfacet
  facet normal 0 0 -1
    outer loop
      vertex -129.362 5.19976 -14.1981
      vertex -130.849 5.39555 -14.1981
      vertex -129.349 5.28601 -14.1981
    endloop
  endfacet
  facet normal 0 0 -1
    outer loop
      vertex -130.849 5.39555 -14.1981
      vertex -130.826 5.54648 -14.1981
      vertex -129.349 5.28601 -14.1981
    endloop
  endfacet
  facet normal 0 0 -1
    outer loop
      vertex -129.349 5.28601 -14.1981
      vertex -130.826 5.54648 -14.1981
      vertex -129.332 5.37159 -14.1981
    endloop
  endfacet
  facet normal 0 0 -1
    outer loop
      vertex -130.826 5.54648 -14.1981
      vertex -130.796 5.69625 -14.1981
      vertex -129.332 5.37159 -14.1981
    endloop
  endfacet
  facet normal 0 0 -1
    outer loop
      vertex -129.332 5.37159 -14.1981
      vertex -130.796 5.69625 -14.1981
      vertex -129.311 5.45635 -14.1981
    endloop
  endfacet
  facet normal 0 0 -1
    outer loop
      vertex -130.796 5.69625 -14.1981
      vertex -130.76 5.84458 -14.1981
      vertex -129.311 5.45635 -14.1981
    endloop
  endfacet
  facet normal 0 0 -1
    outer loop
      vertex -129.311 5.45635 -14.1981
      vertex -130.76 5.84458 -14.1981
      vertex -129.287 5.54012 -14.1981
    endloop
  endfacet
  facet normal 0 0 -1
    outer loop
      vertex -130.76 5.84458 -14.1981
      vertex -130.717 5.99118 -14.1981
      vertex -129.287 5.54012 -14.1981
    endloop
  endfacet
  facet normal 0 0 -1
    outer loop
      vertex -129.287 5.54012 -14.1981
      vertex -130.717 5.99118 -14.1981
      vertex -129.259 5.62275 -14.1981
    endloop
  endfacet
  facet normal 0 0 -1
    outer loop
      vertex -130.717 5.99118 -14.1981
      vertex -130.668 6.13578 -14.1981
      vertex -129.259 5.62275 -14.1981
    endloop
  endfacet
  facet normal 0 0 -1
    outer loop
      vertex -129.259 5.62275 -14.1981
      vertex -130.668 6.13578 -14.1981
      vertex -129.227 5.70408 -14.1981
    endloop
  endfacet
  facet normal 0 0 -1
    outer loop
      vertex -130.668 6.13578 -14.1981
      vertex -130.613 6.2781 -14.1981
      vertex -129.227 5.70408 -14.1981
    endloop
  endfacet
  facet normal 0 0 -1
    outer loop
      vertex -129.227 5.70408 -14.1981
      vertex -130.613 6.2781 -14.1981
      vertex -129.192 5.78395 -14.1981
    endloop
  endfacet
  facet normal 0 0 -1
    outer loop
      vertex -130.613 6.2781 -14.1981
      vertex -130.552 6.41787 -14.1981
      vertex -129.192 5.78395 -14.1981
    endloop
  endfacet
  facet normal 0 0 -1
    outer loop
      vertex -129.192 5.78395 -14.1981
      vertex -130.552 6.41787 -14.1981
      vertex -129.153 5.86221 -14.1981
    endloop
  endfacet
  facet normal 0 0 -1
    outer loop
      vertex -130.552 6.41787 -14.1981
      vertex -130.484 6.55483 -14.1981
      vertex -129.153 5.86221 -14.1981
    endloop
  endfacet
  facet normal 0 0 -1
    outer loop
      vertex -129.153 5.86221 -14.1981
      vertex -130.484 6.55483 -14.1981
      vertex -129.111 5.93871 -14.1981
    endloop
  endfacet
  facet normal 0 0 -1
    outer loop
      vertex -130.484 6.55483 -14.1981
      vertex -130.411 6.68871 -14.1981
      vertex -129.111 5.93871 -14.1981
    endloop
  endfacet
  facet normal 0 0 -1
    outer loop
      vertex -129.111 5.93871 -14.1981
      vertex -130.411 6.68871 -14.1981
      vertex -129.066 6.01331 -14.1981
    endloop
  endfacet
  facet normal 0 0 -1
    outer loop
      vertex -130.411 6.68871 -14.1981
      vertex -130.331 6.81926 -14.1981
      vertex -129.066 6.01331 -14.1981
    endloop
  endfacet
  facet normal 0 0 -1
    outer loop
      vertex -129.066 6.01331 -14.1981
      vertex -130.331 6.81926 -14.1981
      vertex -129.018 6.08586 -14.1981
    endloop
  endfacet
  facet normal 0 0 -1
    outer loop
      vertex -130.331 6.81926 -14.1981
      vertex -130.246 6.94623 -14.1981
      vertex -129.018 6.08586 -14.1981
    endloop
  endfacet
  facet normal 0 0 -1
    outer loop
      vertex -129.018 6.08586 -14.1981
      vertex -130.246 6.94623 -14.1981
      vertex -128.966 6.15623 -14.1981
    endloop
  endfacet
  facet normal 0 0 -1
    outer loop
      vertex -130.246 6.94623 -14.1981
      vertex -130.156 7.06937 -14.1981
      vertex -128.966 6.15623 -14.1981
    endloop
  endfacet
  facet normal 0 0 -1
    outer loop
      vertex -128.966 6.15623 -14.1981
      vertex -130.156 7.06937 -14.1981
      vertex -128.912 6.22429 -14.1981
    endloop
  endfacet
  facet normal 0 0 -1
    outer loop
      vertex -130.156 7.06937 -14.1981
      vertex -130.061 7.18847 -14.1981
      vertex -128.912 6.22429 -14.1981
    endloop
  endfacet
  facet normal 0 0 -1
    outer loop
      vertex -128.912 6.22429 -14.1981
      vertex -130.061 7.18847 -14.1981
      vertex -128.854 6.28989 -14.1981
    endloop
  endfacet
  facet normal 0 0 -1
    outer loop
      vertex -130.061 7.18847 -14.1981
      vertex -129.96 7.30328 -14.1981
      vertex -128.854 6.28989 -14.1981
    endloop
  endfacet
  facet normal 0 0 -1
    outer loop
      vertex -128.854 6.28989 -14.1981
      vertex -129.96 7.30328 -14.1981
      vertex -128.794 6.35292 -14.1981
    endloop
  endfacet
  facet normal 0 0 -1
    outer loop
      vertex -129.96 7.30328 -14.1981
      vertex -129.854 7.41358 -14.1981
      vertex -128.794 6.35292 -14.1981
    endloop
  endfacet
  facet normal 0 0 -1
    outer loop
      vertex -128.794 6.35292 -14.1981
      vertex -129.854 7.41358 -14.1981
      vertex -128.731 6.41326 -14.1981
    endloop
  endfacet
  facet normal 0 0 -1
    outer loop
      vertex -129.854 7.41358 -14.1981
      vertex -129.744 7.51918 -14.1981
      vertex -128.731 6.41326 -14.1981
    endloop
  endfacet
  facet normal 0 0 -1
    outer loop
      vertex -128.731 6.41326 -14.1981
      vertex -129.744 7.51918 -14.1981
      vertex -128.665 6.4708 -14.1981
    endloop
  endfacet
  facet normal 0 0 -1
    outer loop
      vertex -129.744 7.51918 -14.1981
      vertex -129.629 7.61987 -14.1981
      vertex -128.665 6.4708 -14.1981
    endloop
  endfacet
  facet normal 0 0 -1
    outer loop
      vertex -128.665 6.4708 -14.1981
      vertex -129.629 7.61987 -14.1981
      vertex -128.597 6.52542 -14.1981
    endloop
  endfacet
  facet normal 0 0 -1
    outer loop
      vertex -129.629 7.61987 -14.1981
      vertex -129.51 7.71545 -14.1981
      vertex -128.597 6.52542 -14.1981
    endloop
  endfacet
  facet normal 0 0 -1
    outer loop
      vertex -128.597 6.52542 -14.1981
      vertex -129.51 7.71545 -14.1981
      vertex -128.527 6.57701 -14.1981
    endloop
  endfacet
  facet normal 0 0 -1
    outer loop
      vertex -129.51 7.71545 -14.1981
      vertex -129.387 7.80574 -14.1981
      vertex -128.527 6.57701 -14.1981
    endloop
  endfacet
  facet normal 0 0 -1
    outer loop
      vertex -128.527 6.57701 -14.1981
      vertex -129.387 7.80574 -14.1981
      vertex -128.454 6.62549 -14.1981
    endloop
  endfacet
  facet normal 0 0 -1
    outer loop
      vertex -129.387 7.80574 -14.1981
      vertex -129.26 7.89058 -14.1981
      vertex -128.454 6.62549 -14.1981
    endloop
  endfacet
  facet normal 0 0 -1
    outer loop
      vertex -128.454 6.62549 -14.1981
      vertex -129.26 7.89058 -14.1981
      vertex -128.379 6.67076 -14.1981
    endloop
  endfacet
  facet normal 0 0 -1
    outer loop
      vertex -129.26 7.89058 -14.1981
      vertex -129.129 7.9698 -14.1981
      vertex -128.379 6.67076 -14.1981
    endloop
  endfacet
  facet normal 0 0 -1
    outer loop
      vertex -128.379 6.67076 -14.1981
      vertex -129.129 7.9698 -14.1981
      vertex -128.303 6.71273 -14.1981
    endloop
  endfacet
  facet normal 0 0 -1
    outer loop
      vertex -129.129 7.9698 -14.1981
      vertex -128.996 8.04325 -14.1981
      vertex -128.303 6.71273 -14.1981
    endloop
  endfacet
  facet normal 0 0 -1
    outer loop
      vertex -128.303 6.71273 -14.1981
      vertex -128.996 8.04325 -14.1981
      vertex -128.225 6.75133 -14.1981
    endloop
  endfacet
  facet normal 0 0 -1
    outer loop
      vertex -128.996 8.04325 -14.1981
      vertex -128.859 8.11079 -14.1981
      vertex -128.225 6.75133 -14.1981
    endloop
  endfacet
  facet normal 0 0 -1
    outer loop
      vertex -128.225 6.75133 -14.1981
      vertex -128.859 8.11079 -14.1981
      vertex -128.145 6.78647 -14.1981
    endloop
  endfacet
  facet normal 0 0 -1
    outer loop
      vertex -128.859 8.11079 -14.1981
      vertex -128.719 8.17229 -14.1981
      vertex -128.145 6.78647 -14.1981
    endloop
  endfacet
  facet normal 0 0 -1
    outer loop
      vertex -128.145 6.78647 -14.1981
      vertex -128.719 8.17229 -14.1981
      vertex -128.063 6.8181 -14.1981
    endloop
  endfacet
  facet normal 0 0 -1
    outer loop
      vertex -128.719 8.17229 -14.1981
      vertex -128.577 8.22763 -14.1981
      vertex -128.063 6.8181 -14.1981
    endloop
  endfacet
  facet normal 0 0 -1
    outer loop
      vertex -128.063 6.8181 -14.1981
      vertex -128.577 8.22763 -14.1981
      vertex -127.981 6.84614 -14.1981
    endloop
  endfacet
  facet normal 0 0 -1
    outer loop
      vertex -128.577 8.22763 -14.1981
      vertex -128.432 8.27672 -14.1981
      vertex -127.981 6.84614 -14.1981
    endloop
  endfacet
  facet normal 0 0 -1
    outer loop
      vertex -127.981 6.84614 -14.1981
      vertex -128.432 8.27672 -14.1981
      vertex -127.897 6.87056 -14.1981
    endloop
  endfacet
  facet normal 0 0 -1
    outer loop
      vertex -128.432 8.27672 -14.1981
      vertex -128.285 8.31945 -14.1981
      vertex -127.897 6.87056 -14.1981
    endloop
  endfacet
  facet normal 0 0 -1
    outer loop
      vertex -127.897 6.87056 -14.1981
      vertex -128.285 8.31945 -14.1981
      vertex -127.812 6.8913 -14.1981
    endloop
  endfacet
  facet normal 0 0 -1
    outer loop
      vertex -128.285 8.31945 -14.1981
      vertex -128.137 8.35575 -14.1981
      vertex -127.812 6.8913 -14.1981
    endloop
  endfacet
  facet normal 0 0 -1
    outer loop
      vertex -127.812 6.8913 -14.1981
      vertex -128.137 8.35575 -14.1981
      vertex -127.727 6.90833 -14.1981
    endloop
  endfacet
  facet normal 0 0 -1
    outer loop
      vertex -128.137 8.35575 -14.1981
      vertex -127.987 8.38554 -14.1981
      vertex -127.727 6.90833 -14.1981
    endloop
  endfacet
  facet normal 0 0 -1
    outer loop
      vertex -127.727 6.90833 -14.1981
      vertex -127.987 8.38554 -14.1981
      vertex -127.64 6.9216 -14.1981
    endloop
  endfacet
  facet normal 0 0 -1
    outer loop
      vertex -127.987 8.38554 -14.1981
      vertex -127.836 8.40877 -14.1981
      vertex -127.64 6.9216 -14.1981
    endloop
  endfacet
  facet normal 0 0 -1
    outer loop
      vertex -127.64 6.9216 -14.1981
      vertex -127.836 8.40877 -14.1981
      vertex -127.554 6.9311 -14.1981
    endloop
  endfacet
  facet normal 0 0 -1
    outer loop
      vertex -127.836 8.40877 -14.1981
      vertex -127.684 8.42539 -14.1981
      vertex -127.554 6.9311 -14.1981
    endloop
  endfacet
  facet normal 0 0 -1
    outer loop
      vertex -127.554 6.9311 -14.1981
      vertex -127.684 8.42539 -14.1981
      vertex -127.467 6.93681 -14.1981
    endloop
  endfacet
  facet normal 0 0 -1
    outer loop
      vertex -127.684 8.42539 -14.1981
      vertex -127.532 8.43538 -14.1981
      vertex -127.467 6.93681 -14.1981
    endloop
  endfacet
  facet normal 0 0 -1
    outer loop
      vertex -127.467 6.93681 -14.1981
      vertex -127.532 8.43538 -14.1981
      vertex -127.379 6.93871 -14.1981
    endloop
  endfacet
  facet normal 0 0 -1
    outer loop
      vertex -127.532 8.43538 -14.1981
      vertex -127.379 8.43871 -14.1981
      vertex -127.379 6.93871 -14.1981
    endloop
  endfacet
  facet normal 0 0 -1
    outer loop
      vertex -127.379 6.93871 -14.1981
      vertex -127.379 8.43871 -14.1981
      vertex -127.292 6.93681 -14.1981
    endloop
  endfacet
  facet normal 0 0 -1
    outer loop
      vertex -127.379 8.43871 -14.1981
      vertex -127.227 8.43538 -14.1981
      vertex -127.292 6.93681 -14.1981
    endloop
  endfacet
  facet normal 0 0 -1
    outer loop
      vertex -127.292 6.93681 -14.1981
      vertex -127.227 8.43538 -14.1981
      vertex -127.205 6.9311 -14.1981
    endloop
  endfacet
  facet normal 0 0 -1
    outer loop
      vertex -127.227 8.43538 -14.1981
      vertex -127.074 8.42539 -14.1981
      vertex -127.205 6.9311 -14.1981
    endloop
  endfacet
  facet normal 0 0 -1
    outer loop
      vertex -127.205 6.9311 -14.1981
      vertex -127.074 8.42539 -14.1981
      vertex -127.118 6.9216 -14.1981
    endloop
  endfacet
  facet normal 0 0 -1
    outer loop
      vertex -127.074 8.42539 -14.1981
      vertex -126.923 8.40877 -14.1981
      vertex -127.118 6.9216 -14.1981
    endloop
  endfacet
  facet normal 0 0 -1
    outer loop
      vertex -127.118 6.9216 -14.1981
      vertex -126.923 8.40877 -14.1981
      vertex -127.032 6.90833 -14.1981
    endloop
  endfacet
  facet normal 0 0 -1
    outer loop
      vertex -126.923 8.40877 -14.1981
      vertex -126.772 8.38554 -14.1981
      vertex -127.032 6.90833 -14.1981
    endloop
  endfacet
  facet normal 0 0 -1
    outer loop
      vertex -127.032 6.90833 -14.1981
      vertex -126.772 8.38554 -14.1981
      vertex -126.947 6.8913 -14.1981
    endloop
  endfacet
  facet normal 0 0 -1
    outer loop
      vertex -126.772 8.38554 -14.1981
      vertex -126.622 8.35575 -14.1981
      vertex -126.947 6.8913 -14.1981
    endloop
  endfacet
  facet normal 0 0 -1
    outer loop
      vertex -126.947 6.8913 -14.1981
      vertex -126.622 8.35575 -14.1981
      vertex -126.862 6.87056 -14.1981
    endloop
  endfacet
  facet normal 0 0 -1
    outer loop
      vertex -126.622 8.35575 -14.1981
      vertex -126.474 8.31945 -14.1981
      vertex -126.862 6.87056 -14.1981
    endloop
  endfacet
  facet normal 0 0 -1
    outer loop
      vertex -126.862 6.87056 -14.1981
      vertex -126.474 8.31945 -14.1981
      vertex -126.778 6.84614 -14.1981
    endloop
  endfacet
  facet normal 0 0 -1
    outer loop
      vertex -126.474 8.31945 -14.1981
      vertex -126.327 8.27672 -14.1981
      vertex -126.778 6.84614 -14.1981
    endloop
  endfacet
  facet normal 0 0 -1
    outer loop
      vertex -126.778 6.84614 -14.1981
      vertex -126.327 8.27672 -14.1981
      vertex -126.695 6.8181 -14.1981
    endloop
  endfacet
  facet normal 0 0 -1
    outer loop
      vertex -126.327 8.27672 -14.1981
      vertex -126.182 8.22763 -14.1981
      vertex -126.695 6.8181 -14.1981
    endloop
  endfacet
  facet normal 0 0 -1
    outer loop
      vertex -126.695 6.8181 -14.1981
      vertex -126.182 8.22763 -14.1981
      vertex -126.614 6.78647 -14.1981
    endloop
  endfacet
  facet normal 0 0 -1
    outer loop
      vertex -126.182 8.22763 -14.1981
      vertex -126.04 8.17229 -14.1981
      vertex -126.614 6.78647 -14.1981
    endloop
  endfacet
  facet normal 0 0 -1
    outer loop
      vertex -126.614 6.78647 -14.1981
      vertex -126.04 8.17229 -14.1981
      vertex -126.534 6.75133 -14.1981
    endloop
  endfacet
  facet normal 0 0 -1
    outer loop
      vertex -126.04 8.17229 -14.1981
      vertex -125.9 8.11079 -14.1981
      vertex -126.534 6.75133 -14.1981
    endloop
  endfacet
  facet normal 0 0 -1
    outer loop
      vertex -126.534 6.75133 -14.1981
      vertex -125.9 8.11079 -14.1981
      vertex -126.456 6.71273 -14.1981
    endloop
  endfacet
  facet normal 0 0 -1
    outer loop
      vertex -125.9 8.11079 -14.1981
      vertex -125.763 8.04325 -14.1981
      vertex -126.456 6.71273 -14.1981
    endloop
  endfacet
  facet normal 0 0 -1
    outer loop
      vertex -126.456 6.71273 -14.1981
      vertex -125.763 8.04325 -14.1981
      vertex -126.379 6.67076 -14.1981
    endloop
  endfacet
  facet normal 0 0 -1
    outer loop
      vertex -125.763 8.04325 -14.1981
      vertex -125.629 7.9698 -14.1981
      vertex -126.379 6.67076 -14.1981
    endloop
  endfacet
  facet normal 0 0 -1
    outer loop
      vertex -126.379 6.67076 -14.1981
      vertex -125.629 7.9698 -14.1981
      vertex -126.305 6.62549 -14.1981
    endloop
  endfacet
  facet normal 0 0 -1
    outer loop
      vertex -125.629 7.9698 -14.1981
      vertex -125.499 7.89058 -14.1981
      vertex -126.305 6.62549 -14.1981
    endloop
  endfacet
  facet normal 0 0 -1
    outer loop
      vertex -126.305 6.62549 -14.1981
      vertex -125.499 7.89058 -14.1981
      vertex -126.232 6.57701 -14.1981
    endloop
  endfacet
  facet normal 0 0 -1
    outer loop
      vertex -125.499 7.89058 -14.1981
      vertex -125.372 7.80574 -14.1981
      vertex -126.232 6.57701 -14.1981
    endloop
  endfacet
  facet normal 0 0 -1
    outer loop
      vertex -126.232 6.57701 -14.1981
      vertex -125.372 7.80574 -14.1981
      vertex -126.162 6.52542 -14.1981
    endloop
  endfacet
  facet normal 0 0 -1
    outer loop
      vertex -125.372 7.80574 -14.1981
      vertex -125.249 7.71545 -14.1981
      vertex -126.162 6.52542 -14.1981
    endloop
  endfacet
endsolid Mesh
