solid Mesh
  facet normal -1 0 0
    outer loop
      vertex -171.913 -8.37273 39.6385
      vertex -171.913 -25.8287 39.6385
      vertex -171.913 -8.37273 42.6385
    endloop
  endfacet
  facet normal -1 0 0
    outer loop
      vertex -171.913 -25.8287 39.6385
      vertex -171.913 -25.8287 42.6385
      vertex -171.913 -8.37273 42.6385
    endloop
  endfacet
  facet normal 0 1 0
    outer loop
      vertex -171.913 -8.37273 39.6385
      vertex -171.913 -8.37273 42.6385
      vertex -131.913 -8.37273 39.6385
    endloop
  endfacet
  facet normal 0 1 0
    outer loop
      vertex -171.913 -8.37273 42.6385
      vertex -131.913 -8.37273 42.6385
      vertex -131.913 -8.37273 39.6385
    endloop
  endfacet
  facet normal -0.999761 -0.0218583 0
    outer loop
      vertex -126.102 -39.7971 39.8019
      vertex -126.102 -39.7971 47.8019
      vertex -126.104 -39.7099 39.8019
    endloop
  endfacet
  facet normal -0.999761 -0.0218583 0
    outer loop
      vertex -126.102 -39.7971 47.8019
      vertex -126.104 -39.7099 47.8019
      vertex -126.104 -39.7099 39.8019
    endloop
  endfacet
  facet normal -0.997859 -0.0654054 0
    outer loop
      vertex -126.104 -39.7099 39.8019
      vertex -126.104 -39.7099 47.8019
      vertex -126.11 -39.6228 39.8019
    endloop
  endfacet
  facet normal -0.997859 -0.0654054 0
    outer loop
      vertex -126.104 -39.7099 47.8019
      vertex -126.11 -39.6228 47.8019
      vertex -126.11 -39.6228 39.8019
    endloop
  endfacet
  facet normal -0.994048 -0.108946 0
    outer loop
      vertex -126.11 -39.6228 39.8019
      vertex -126.11 -39.6228 47.8019
      vertex -126.119 -39.536 39.8019
    endloop
  endfacet
  facet normal -0.994048 -0.108946 0
    outer loop
      vertex -126.11 -39.6228 47.8019
      vertex -126.119 -39.536 47.8019
      vertex -126.119 -39.536 39.8019
    endloop
  endfacet
  facet normal -0.988383 -0.151987 0
    outer loop
      vertex -126.119 -39.536 39.8019
      vertex -126.119 -39.536 47.8019
      vertex -126.132 -39.4498 39.8019
    endloop
  endfacet
  facet normal -0.988383 -0.151987 0
    outer loop
      vertex -126.119 -39.536 47.8019
      vertex -126.132 -39.4498 47.8019
      vertex -126.132 -39.4498 39.8019
    endloop
  endfacet
  facet normal -0.980766 -0.195188 0
    outer loop
      vertex -126.132 -39.4498 39.8019
      vertex -126.132 -39.4498 47.8019
      vertex -126.149 -39.3642 39.8019
    endloop
  endfacet
  facet normal -0.980766 -0.195188 0
    outer loop
      vertex -126.132 -39.4498 47.8019
      vertex -126.149 -39.3642 47.8019
      vertex -126.149 -39.3642 39.8019
    endloop
  endfacet
  facet normal -0.971336 -0.237711 0
    outer loop
      vertex -126.149 -39.3642 39.8019
      vertex -126.149 -39.3642 47.8019
      vertex -126.17 -39.2795 39.8019
    endloop
  endfacet
  facet normal -0.971336 -0.237711 0
    outer loop
      vertex -126.149 -39.3642 47.8019
      vertex -126.17 -39.2795 47.8019
      vertex -126.17 -39.2795 39.8019
    endloop
  endfacet
  facet normal -0.96008 -0.279725 0
    outer loop
      vertex -126.17 -39.2795 39.8019
      vertex -126.17 -39.2795 47.8019
      vertex -126.195 -39.1957 39.8019
    endloop
  endfacet
  facet normal -0.96008 -0.279725 0
    outer loop
      vertex -126.17 -39.2795 47.8019
      vertex -126.195 -39.1957 47.8019
      vertex -126.195 -39.1957 39.8019
    endloop
  endfacet
  facet normal -0.946897 -0.321538 0
    outer loop
      vertex -126.195 -39.1957 39.8019
      vertex -126.195 -39.1957 47.8019
      vertex -126.223 -39.1131 39.8019
    endloop
  endfacet
  facet normal -0.946897 -0.321538 0
    outer loop
      vertex -126.195 -39.1957 47.8019
      vertex -126.223 -39.1131 47.8019
      vertex -126.223 -39.1131 39.8019
    endloop
  endfacet
  facet normal -0.932031 -0.362378 0
    outer loop
      vertex -126.223 -39.1131 39.8019
      vertex -126.223 -39.1131 47.8019
      vertex -126.254 -39.0317 39.8019
    endloop
  endfacet
  facet normal -0.932031 -0.362378 0
    outer loop
      vertex -126.223 -39.1131 47.8019
      vertex -126.254 -39.0317 47.8019
      vertex -126.254 -39.0317 39.8019
    endloop
  endfacet
  facet normal -0.915333 -0.402697 0
    outer loop
      vertex -126.254 -39.0317 39.8019
      vertex -126.254 -39.0317 47.8019
      vertex -126.289 -38.9519 39.8019
    endloop
  endfacet
  facet normal -0.915333 -0.402697 0
    outer loop
      vertex -126.254 -39.0317 47.8019
      vertex -126.289 -38.9519 47.8019
      vertex -126.289 -38.9519 39.8019
    endloop
  endfacet
  facet normal -0.896873 -0.442289 0
    outer loop
      vertex -126.289 -38.9519 39.8019
      vertex -126.289 -38.9519 47.8019
      vertex -126.328 -38.8736 39.8019
    endloop
  endfacet
  facet normal -0.896873 -0.442289 0
    outer loop
      vertex -126.289 -38.9519 47.8019
      vertex -126.328 -38.8736 47.8019
      vertex -126.328 -38.8736 39.8019
    endloop
  endfacet
  facet normal -0.876699 -0.48104 0
    outer loop
      vertex -126.328 -38.8736 39.8019
      vertex -126.328 -38.8736 47.8019
      vertex -126.37 -38.7971 39.8019
    endloop
  endfacet
  facet normal -0.876699 -0.48104 0
    outer loop
      vertex -126.328 -38.8736 47.8019
      vertex -126.37 -38.7971 47.8019
      vertex -126.37 -38.7971 39.8019
    endloop
  endfacet
  facet normal -0.854902 -0.51879 0
    outer loop
      vertex -126.37 -38.7971 39.8019
      vertex -126.37 -38.7971 47.8019
      vertex -126.415 -38.7225 39.8019
    endloop
  endfacet
  facet normal -0.854902 -0.51879 0
    outer loop
      vertex -126.37 -38.7971 47.8019
      vertex -126.415 -38.7225 47.8019
      vertex -126.415 -38.7225 39.8019
    endloop
  endfacet
  facet normal -0.831498 -0.555528 0
    outer loop
      vertex -126.415 -38.7225 39.8019
      vertex -126.415 -38.7225 47.8019
      vertex -126.464 -38.65 39.8019
    endloop
  endfacet
  facet normal -0.831498 -0.555528 0
    outer loop
      vertex -126.415 -38.7225 47.8019
      vertex -126.464 -38.65 47.8019
      vertex -126.464 -38.65 39.8019
    endloop
  endfacet
  facet normal -0.806419 -0.591345 0
    outer loop
      vertex -126.464 -38.65 39.8019
      vertex -126.464 -38.65 47.8019
      vertex -126.515 -38.5796 39.8019
    endloop
  endfacet
  facet normal -0.806419 -0.591345 0
    outer loop
      vertex -126.464 -38.65 47.8019
      vertex -126.515 -38.5796 47.8019
      vertex -126.515 -38.5796 39.8019
    endloop
  endfacet
  facet normal -0.779918 -0.625881 0
    outer loop
      vertex -126.515 -38.5796 39.8019
      vertex -126.515 -38.5796 47.8019
      vertex -126.57 -38.5115 39.8019
    endloop
  endfacet
  facet normal -0.779918 -0.625881 0
    outer loop
      vertex -126.515 -38.5796 47.8019
      vertex -126.57 -38.5115 47.8019
      vertex -126.57 -38.5115 39.8019
    endloop
  endfacet
  facet normal -0.751849 -0.659335 0
    outer loop
      vertex -126.57 -38.5115 39.8019
      vertex -126.57 -38.5115 47.8019
      vertex -126.627 -38.4459 39.8019
    endloop
  endfacet
  facet normal -0.751849 -0.659335 0
    outer loop
      vertex -126.57 -38.5115 47.8019
      vertex -126.627 -38.4459 47.8019
      vertex -126.627 -38.4459 39.8019
    endloop
  endfacet
  facet normal -0.722308 -0.691571 0
    outer loop
      vertex -126.627 -38.4459 39.8019
      vertex -126.627 -38.4459 47.8019
      vertex -126.688 -38.3829 39.8019
    endloop
  endfacet
  facet normal -0.722308 -0.691571 0
    outer loop
      vertex -126.627 -38.4459 47.8019
      vertex -126.688 -38.3829 47.8019
      vertex -126.688 -38.3829 39.8019
    endloop
  endfacet
  facet normal -0.691527 -0.722351 0
    outer loop
      vertex -126.688 -38.3829 39.8019
      vertex -126.688 -38.3829 47.8019
      vertex -126.751 -38.3225 39.8019
    endloop
  endfacet
  facet normal -0.691527 -0.722351 0
    outer loop
      vertex -126.688 -38.3829 47.8019
      vertex -126.751 -38.3225 47.8019
      vertex -126.751 -38.3225 39.8019
    endloop
  endfacet
  facet normal -0.659314 -0.751868 0
    outer loop
      vertex -126.751 -38.3225 39.8019
      vertex -126.751 -38.3225 47.8019
      vertex -126.816 -38.265 39.8019
    endloop
  endfacet
  facet normal -0.659314 -0.751868 0
    outer loop
      vertex -126.751 -38.3225 47.8019
      vertex -126.816 -38.265 47.8019
      vertex -126.816 -38.265 39.8019
    endloop
  endfacet
  facet normal -0.625991 -0.77983 0
    outer loop
      vertex -126.816 -38.265 39.8019
      vertex -126.816 -38.265 47.8019
      vertex -126.885 -38.2104 39.8019
    endloop
  endfacet
  facet normal -0.625991 -0.77983 0
    outer loop
      vertex -126.816 -38.265 47.8019
      vertex -126.885 -38.2104 47.8019
      vertex -126.885 -38.2104 39.8019
    endloop
  endfacet
  facet normal -0.591277 -0.806469 0
    outer loop
      vertex -126.885 -38.2104 39.8019
      vertex -126.885 -38.2104 47.8019
      vertex -126.955 -38.1588 39.8019
    endloop
  endfacet
  facet normal -0.591277 -0.806469 0
    outer loop
      vertex -126.885 -38.2104 47.8019
      vertex -126.955 -38.1588 47.8019
      vertex -126.955 -38.1588 39.8019
    endloop
  endfacet
  facet normal -0.555557 -0.831478 0
    outer loop
      vertex -126.955 -38.1588 39.8019
      vertex -126.955 -38.1588 47.8019
      vertex -127.027 -38.1103 39.8019
    endloop
  endfacet
  facet normal -0.555557 -0.831478 0
    outer loop
      vertex -126.955 -38.1588 47.8019
      vertex -127.027 -38.1103 47.8019
      vertex -127.027 -38.1103 39.8019
    endloop
  endfacet
  facet normal -0.518809 -0.85489 0
    outer loop
      vertex -127.027 -38.1103 39.8019
      vertex -127.027 -38.1103 47.8019
      vertex -127.102 -38.065 39.8019
    endloop
  endfacet
  facet normal -0.518809 -0.85489 0
    outer loop
      vertex -127.027 -38.1103 47.8019
      vertex -127.102 -38.065 47.8019
      vertex -127.102 -38.065 39.8019
    endloop
  endfacet
  facet normal -0.480974 -0.876735 0
    outer loop
      vertex -127.102 -38.065 39.8019
      vertex -127.102 -38.065 47.8019
      vertex -127.179 -38.0231 39.8019
    endloop
  endfacet
  facet normal -0.480974 -0.876735 0
    outer loop
      vertex -127.102 -38.065 47.8019
      vertex -127.179 -38.0231 47.8019
      vertex -127.179 -38.0231 39.8019
    endloop
  endfacet
  facet normal -0.442289 -0.896873 0
    outer loop
      vertex -127.179 -38.0231 39.8019
      vertex -127.179 -38.0231 47.8019
      vertex -127.257 -37.9845 39.8019
    endloop
  endfacet
  facet normal -0.442289 -0.896873 0
    outer loop
      vertex -127.179 -38.0231 47.8019
      vertex -127.257 -37.9845 47.8019
      vertex -127.257 -37.9845 39.8019
    endloop
  endfacet
  facet normal -0.402753 -0.915309 0
    outer loop
      vertex -127.257 -37.9845 39.8019
      vertex -127.257 -37.9845 47.8019
      vertex -127.337 -37.9493 39.8019
    endloop
  endfacet
  facet normal -0.402753 -0.915309 0
    outer loop
      vertex -127.257 -37.9845 47.8019
      vertex -127.337 -37.9493 47.8019
      vertex -127.337 -37.9493 39.8019
    endloop
  endfacet
  facet normal -0.362438 -0.932008 0
    outer loop
      vertex -127.337 -37.9493 39.8019
      vertex -127.337 -37.9493 47.8019
      vertex -127.418 -37.9177 39.8019
    endloop
  endfacet
  facet normal -0.362438 -0.932008 0
    outer loop
      vertex -127.337 -37.9493 47.8019
      vertex -127.418 -37.9177 47.8019
      vertex -127.418 -37.9177 39.8019
    endloop
  endfacet
  facet normal -0.321436 -0.946931 0
    outer loop
      vertex -127.418 -37.9177 39.8019
      vertex -127.418 -37.9177 47.8019
      vertex -127.501 -37.8897 39.8019
    endloop
  endfacet
  facet normal -0.321436 -0.946931 0
    outer loop
      vertex -127.418 -37.9177 47.8019
      vertex -127.501 -37.8897 47.8019
      vertex -127.501 -37.8897 39.8019
    endloop
  endfacet
  facet normal -0.279803 -0.960057 0
    outer loop
      vertex -127.501 -37.8897 39.8019
      vertex -127.501 -37.8897 47.8019
      vertex -127.584 -37.8653 39.8019
    endloop
  endfacet
  facet normal -0.279803 -0.960057 0
    outer loop
      vertex -127.501 -37.8897 47.8019
      vertex -127.584 -37.8653 47.8019
      vertex -127.584 -37.8653 39.8019
    endloop
  endfacet
  facet normal -0.237711 -0.971336 0
    outer loop
      vertex -127.584 -37.8653 39.8019
      vertex -127.584 -37.8653 47.8019
      vertex -127.669 -37.8445 39.8019
    endloop
  endfacet
  facet normal -0.237711 -0.971336 0
    outer loop
      vertex -127.584 -37.8653 47.8019
      vertex -127.669 -37.8445 47.8019
      vertex -127.669 -37.8445 39.8019
    endloop
  endfacet
  facet normal -0.195114 -0.980781 0
    outer loop
      vertex -127.669 -37.8445 39.8019
      vertex -127.669 -37.8445 47.8019
      vertex -127.755 -37.8275 39.8019
    endloop
  endfacet
  facet normal -0.195114 -0.980781 0
    outer loop
      vertex -127.669 -37.8445 47.8019
      vertex -127.755 -37.8275 47.8019
      vertex -127.755 -37.8275 39.8019
    endloop
  endfacet
  facet normal -0.152105 -0.988364 0
    outer loop
      vertex -127.755 -37.8275 39.8019
      vertex -127.755 -37.8275 47.8019
      vertex -127.841 -37.8142 39.8019
    endloop
  endfacet
  facet normal -0.152105 -0.988364 0
    outer loop
      vertex -127.755 -37.8275 47.8019
      vertex -127.841 -37.8142 47.8019
      vertex -127.841 -37.8142 39.8019
    endloop
  endfacet
  facet normal -0.108866 -0.994056 0
    outer loop
      vertex -127.841 -37.8142 39.8019
      vertex -127.841 -37.8142 47.8019
      vertex -127.928 -37.8047 39.8019
    endloop
  endfacet
  facet normal -0.108866 -0.994056 0
    outer loop
      vertex -127.841 -37.8142 47.8019
      vertex -127.928 -37.8047 47.8019
      vertex -127.928 -37.8047 39.8019
    endloop
  endfacet
  facet normal -0.065397 -0.997859 0
    outer loop
      vertex -127.928 -37.8047 39.8019
      vertex -127.928 -37.8047 47.8019
      vertex -128.015 -37.799 39.8019
    endloop
  endfacet
  facet normal -0.065397 -0.997859 0
    outer loop
      vertex -127.928 -37.8047 47.8019
      vertex -128.015 -37.799 47.8019
      vertex -128.015 -37.799 39.8019
    endloop
  endfacet
  facet normal -0.0218175 -0.999762 0
    outer loop
      vertex -128.015 -37.799 39.8019
      vertex -128.015 -37.799 47.8019
      vertex -128.102 -37.7971 39.8019
    endloop
  endfacet
  facet normal -0.0218175 -0.999762 0
    outer loop
      vertex -128.015 -37.799 47.8019
      vertex -128.102 -37.7971 47.8019
      vertex -128.102 -37.7971 39.8019
    endloop
  endfacet
  facet normal 0.0218175 -0.999762 0
    outer loop
      vertex -128.102 -37.7971 39.8019
      vertex -128.102 -37.7971 47.8019
      vertex -128.189 -37.799 39.8019
    endloop
  endfacet
  facet normal 0.0218175 -0.999762 0
    outer loop
      vertex -128.102 -37.7971 47.8019
      vertex -128.189 -37.799 47.8019
      vertex -128.189 -37.799 39.8019
    endloop
  endfacet
  facet normal 0.065397 -0.997859 0
    outer loop
      vertex -128.189 -37.799 39.8019
      vertex -128.189 -37.799 47.8019
      vertex -128.276 -37.8047 39.8019
    endloop
  endfacet
  facet normal 0.065397 -0.997859 0
    outer loop
      vertex -128.189 -37.799 47.8019
      vertex -128.276 -37.8047 47.8019
      vertex -128.276 -37.8047 39.8019
    endloop
  endfacet
  facet normal 0.108866 -0.994056 0
    outer loop
      vertex -128.276 -37.8047 39.8019
      vertex -128.276 -37.8047 47.8019
      vertex -128.363 -37.8142 39.8019
    endloop
  endfacet
  facet normal 0.108866 -0.994056 0
    outer loop
      vertex -128.276 -37.8047 47.8019
      vertex -128.363 -37.8142 47.8019
      vertex -128.363 -37.8142 39.8019
    endloop
  endfacet
  facet normal 0.152105 -0.988364 0
    outer loop
      vertex -128.363 -37.8142 39.8019
      vertex -128.363 -37.8142 47.8019
      vertex -128.449 -37.8275 39.8019
    endloop
  endfacet
  facet normal 0.152105 -0.988364 0
    outer loop
      vertex -128.363 -37.8142 47.8019
      vertex -128.449 -37.8275 47.8019
      vertex -128.449 -37.8275 39.8019
    endloop
  endfacet
  facet normal 0.195114 -0.980781 0
    outer loop
      vertex -128.449 -37.8275 39.8019
      vertex -128.449 -37.8275 47.8019
      vertex -128.535 -37.8445 39.8019
    endloop
  endfacet
  facet normal 0.195114 -0.980781 0
    outer loop
      vertex -128.449 -37.8275 47.8019
      vertex -128.535 -37.8445 47.8019
      vertex -128.535 -37.8445 39.8019
    endloop
  endfacet
  facet normal 0.237711 -0.971336 0
    outer loop
      vertex -128.535 -37.8445 39.8019
      vertex -128.535 -37.8445 47.8019
      vertex -128.62 -37.8653 39.8019
    endloop
  endfacet
  facet normal 0.237711 -0.971336 0
    outer loop
      vertex -128.535 -37.8445 47.8019
      vertex -128.62 -37.8653 47.8019
      vertex -128.62 -37.8653 39.8019
    endloop
  endfacet
  facet normal 0.279803 -0.960057 0
    outer loop
      vertex -128.62 -37.8653 39.8019
      vertex -128.62 -37.8653 47.8019
      vertex -128.703 -37.8897 39.8019
    endloop
  endfacet
  facet normal 0.279803 -0.960057 0
    outer loop
      vertex -128.62 -37.8653 47.8019
      vertex -128.703 -37.8897 47.8019
      vertex -128.703 -37.8897 39.8019
    endloop
  endfacet
  facet normal 0.321436 -0.946931 0
    outer loop
      vertex -128.703 -37.8897 39.8019
      vertex -128.703 -37.8897 47.8019
      vertex -128.786 -37.9177 39.8019
    endloop
  endfacet
  facet normal 0.321436 -0.946931 0
    outer loop
      vertex -128.703 -37.8897 47.8019
      vertex -128.786 -37.9177 47.8019
      vertex -128.786 -37.9177 39.8019
    endloop
  endfacet
  facet normal 0.362438 -0.932008 0
    outer loop
      vertex -128.786 -37.9177 39.8019
      vertex -128.786 -37.9177 47.8019
      vertex -128.867 -37.9493 39.8019
    endloop
  endfacet
  facet normal 0.362438 -0.932008 0
    outer loop
      vertex -128.786 -37.9177 47.8019
      vertex -128.867 -37.9493 47.8019
      vertex -128.867 -37.9493 39.8019
    endloop
  endfacet
  facet normal 0.402753 -0.915309 0
    outer loop
      vertex -128.867 -37.9493 39.8019
      vertex -128.867 -37.9493 47.8019
      vertex -128.947 -37.9845 39.8019
    endloop
  endfacet
  facet normal 0.402753 -0.915309 0
    outer loop
      vertex -128.867 -37.9493 47.8019
      vertex -128.947 -37.9845 47.8019
      vertex -128.947 -37.9845 39.8019
    endloop
  endfacet
  facet normal 0.442289 -0.896873 0
    outer loop
      vertex -128.947 -37.9845 39.8019
      vertex -128.947 -37.9845 47.8019
      vertex -129.026 -38.0231 39.8019
    endloop
  endfacet
  facet normal 0.442289 -0.896873 0
    outer loop
      vertex -128.947 -37.9845 47.8019
      vertex -129.026 -38.0231 47.8019
      vertex -129.026 -38.0231 39.8019
    endloop
  endfacet
  facet normal 0.480974 -0.876735 0
    outer loop
      vertex -129.026 -38.0231 39.8019
      vertex -129.026 -38.0231 47.8019
      vertex -129.102 -38.065 39.8019
    endloop
  endfacet
  facet normal 0.480974 -0.876735 0
    outer loop
      vertex -129.026 -38.0231 47.8019
      vertex -129.102 -38.065 47.8019
      vertex -129.102 -38.065 39.8019
    endloop
  endfacet
  facet normal 0.518809 -0.85489 0
    outer loop
      vertex -129.102 -38.065 39.8019
      vertex -129.102 -38.065 47.8019
      vertex -129.177 -38.1103 39.8019
    endloop
  endfacet
  facet normal 0.518809 -0.85489 0
    outer loop
      vertex -129.102 -38.065 47.8019
      vertex -129.177 -38.1103 47.8019
      vertex -129.177 -38.1103 39.8019
    endloop
  endfacet
  facet normal 0.555557 -0.831478 0
    outer loop
      vertex -129.177 -38.1103 39.8019
      vertex -129.177 -38.1103 47.8019
      vertex -129.249 -38.1588 39.8019
    endloop
  endfacet
  facet normal 0.555557 -0.831478 0
    outer loop
      vertex -129.177 -38.1103 47.8019
      vertex -129.249 -38.1588 47.8019
      vertex -129.249 -38.1588 39.8019
    endloop
  endfacet
  facet normal 0.591277 -0.806469 0
    outer loop
      vertex -129.249 -38.1588 39.8019
      vertex -129.249 -38.1588 47.8019
      vertex -129.32 -38.2104 39.8019
    endloop
  endfacet
  facet normal 0.591277 -0.806469 0
    outer loop
      vertex -129.249 -38.1588 47.8019
      vertex -129.32 -38.2104 47.8019
      vertex -129.32 -38.2104 39.8019
    endloop
  endfacet
  facet normal 0.625991 -0.77983 0
    outer loop
      vertex -129.32 -38.2104 39.8019
      vertex -129.32 -38.2104 47.8019
      vertex -129.388 -38.265 39.8019
    endloop
  endfacet
  facet normal 0.625991 -0.77983 0
    outer loop
      vertex -129.32 -38.2104 47.8019
      vertex -129.388 -38.265 47.8019
      vertex -129.388 -38.265 39.8019
    endloop
  endfacet
  facet normal 0.659314 -0.751868 0
    outer loop
      vertex -129.388 -38.265 39.8019
      vertex -129.388 -38.265 47.8019
      vertex -129.453 -38.3225 39.8019
    endloop
  endfacet
  facet normal 0.659314 -0.751868 0
    outer loop
      vertex -129.388 -38.265 47.8019
      vertex -129.453 -38.3225 47.8019
      vertex -129.453 -38.3225 39.8019
    endloop
  endfacet
  facet normal 0.691527 -0.722351 0
    outer loop
      vertex -129.453 -38.3225 39.8019
      vertex -129.453 -38.3225 47.8019
      vertex -129.516 -38.3829 39.8019
    endloop
  endfacet
  facet normal 0.691527 -0.722351 0
    outer loop
      vertex -129.453 -38.3225 47.8019
      vertex -129.516 -38.3829 47.8019
      vertex -129.516 -38.3829 39.8019
    endloop
  endfacet
  facet normal 0.722308 -0.691571 0
    outer loop
      vertex -129.516 -38.3829 39.8019
      vertex -129.516 -38.3829 47.8019
      vertex -129.577 -38.4459 39.8019
    endloop
  endfacet
  facet normal 0.722308 -0.691571 0
    outer loop
      vertex -129.516 -38.3829 47.8019
      vertex -129.577 -38.4459 47.8019
      vertex -129.577 -38.4459 39.8019
    endloop
  endfacet
  facet normal 0.751849 -0.659335 0
    outer loop
      vertex -129.577 -38.4459 39.8019
      vertex -129.577 -38.4459 47.8019
      vertex -129.634 -38.5115 39.8019
    endloop
  endfacet
  facet normal 0.751849 -0.659335 0
    outer loop
      vertex -129.577 -38.4459 47.8019
      vertex -129.634 -38.5115 47.8019
      vertex -129.634 -38.5115 39.8019
    endloop
  endfacet
  facet normal 0.779918 -0.625881 0
    outer loop
      vertex -129.634 -38.5115 39.8019
      vertex -129.634 -38.5115 47.8019
      vertex -129.689 -38.5796 39.8019
    endloop
  endfacet
  facet normal 0.779918 -0.625881 0
    outer loop
      vertex -129.634 -38.5115 47.8019
      vertex -129.689 -38.5796 47.8019
      vertex -129.689 -38.5796 39.8019
    endloop
  endfacet
  facet normal 0.806419 -0.591345 0
    outer loop
      vertex -129.689 -38.5796 39.8019
      vertex -129.689 -38.5796 47.8019
      vertex -129.74 -38.65 39.8019
    endloop
  endfacet
  facet normal 0.806419 -0.591345 0
    outer loop
      vertex -129.689 -38.5796 47.8019
      vertex -129.74 -38.65 47.8019
      vertex -129.74 -38.65 39.8019
    endloop
  endfacet
  facet normal 0.831498 -0.555528 0
    outer loop
      vertex -129.74 -38.65 39.8019
      vertex -129.74 -38.65 47.8019
      vertex -129.789 -38.7225 39.8019
    endloop
  endfacet
  facet normal 0.831498 -0.555528 0
    outer loop
      vertex -129.74 -38.65 47.8019
      vertex -129.789 -38.7225 47.8019
      vertex -129.789 -38.7225 39.8019
    endloop
  endfacet
  facet normal 0.854902 -0.51879 0
    outer loop
      vertex -129.789 -38.7225 39.8019
      vertex -129.789 -38.7225 47.8019
      vertex -129.834 -38.7971 39.8019
    endloop
  endfacet
  facet normal 0.854902 -0.51879 0
    outer loop
      vertex -129.789 -38.7225 47.8019
      vertex -129.834 -38.7971 47.8019
      vertex -129.834 -38.7971 39.8019
    endloop
  endfacet
  facet normal 0.876699 -0.48104 0
    outer loop
      vertex -129.834 -38.7971 39.8019
      vertex -129.834 -38.7971 47.8019
      vertex -129.876 -38.8736 39.8019
    endloop
  endfacet
  facet normal 0.876699 -0.48104 0
    outer loop
      vertex -129.834 -38.7971 47.8019
      vertex -129.876 -38.8736 47.8019
      vertex -129.876 -38.8736 39.8019
    endloop
  endfacet
  facet normal 0.896873 -0.442289 0
    outer loop
      vertex -129.876 -38.8736 39.8019
      vertex -129.876 -38.8736 47.8019
      vertex -129.915 -38.9519 39.8019
    endloop
  endfacet
  facet normal 0.896873 -0.442289 0
    outer loop
      vertex -129.876 -38.8736 47.8019
      vertex -129.915 -38.9519 47.8019
      vertex -129.915 -38.9519 39.8019
    endloop
  endfacet
  facet normal 0.915333 -0.402697 0
    outer loop
      vertex -129.915 -38.9519 39.8019
      vertex -129.915 -38.9519 47.8019
      vertex -129.95 -39.0317 39.8019
    endloop
  endfacet
  facet normal 0.915333 -0.402697 0
    outer loop
      vertex -129.915 -38.9519 47.8019
      vertex -129.95 -39.0317 47.8019
      vertex -129.95 -39.0317 39.8019
    endloop
  endfacet
  facet normal 0.932031 -0.362378 0
    outer loop
      vertex -129.95 -39.0317 39.8019
      vertex -129.95 -39.0317 47.8019
      vertex -129.981 -39.1131 39.8019
    endloop
  endfacet
  facet normal 0.932031 -0.362378 0
    outer loop
      vertex -129.95 -39.0317 47.8019
      vertex -129.981 -39.1131 47.8019
      vertex -129.981 -39.1131 39.8019
    endloop
  endfacet
  facet normal 0.946897 -0.321538 0
    outer loop
      vertex -129.981 -39.1131 39.8019
      vertex -129.981 -39.1131 47.8019
      vertex -130.009 -39.1957 39.8019
    endloop
  endfacet
  facet normal 0.946897 -0.321538 0
    outer loop
      vertex -129.981 -39.1131 47.8019
      vertex -130.009 -39.1957 47.8019
      vertex -130.009 -39.1957 39.8019
    endloop
  endfacet
  facet normal 0.96008 -0.279725 0
    outer loop
      vertex -130.009 -39.1957 39.8019
      vertex -130.009 -39.1957 47.8019
      vertex -130.034 -39.2795 39.8019
    endloop
  endfacet
  facet normal 0.96008 -0.279725 0
    outer loop
      vertex -130.009 -39.1957 47.8019
      vertex -130.034 -39.2795 47.8019
      vertex -130.034 -39.2795 39.8019
    endloop
  endfacet
  facet normal 0.971336 -0.237711 0
    outer loop
      vertex -130.034 -39.2795 39.8019
      vertex -130.034 -39.2795 47.8019
      vertex -130.055 -39.3642 39.8019
    endloop
  endfacet
  facet normal 0.971336 -0.237711 0
    outer loop
      vertex -130.034 -39.2795 47.8019
      vertex -130.055 -39.3642 47.8019
      vertex -130.055 -39.3642 39.8019
    endloop
  endfacet
  facet normal 0.980766 -0.195188 0
    outer loop
      vertex -130.055 -39.3642 39.8019
      vertex -130.055 -39.3642 47.8019
      vertex -130.072 -39.4498 39.8019
    endloop
  endfacet
  facet normal 0.980766 -0.195188 0
    outer loop
      vertex -130.055 -39.3642 47.8019
      vertex -130.072 -39.4498 47.8019
      vertex -130.072 -39.4498 39.8019
    endloop
  endfacet
  facet normal 0.988383 -0.151987 0
    outer loop
      vertex -130.072 -39.4498 39.8019
      vertex -130.072 -39.4498 47.8019
      vertex -130.085 -39.536 39.8019
    endloop
  endfacet
  facet normal 0.988383 -0.151987 0
    outer loop
      vertex -130.072 -39.4498 47.8019
      vertex -130.085 -39.536 47.8019
      vertex -130.085 -39.536 39.8019
    endloop
  endfacet
  facet normal 0.994048 -0.108946 0
    outer loop
      vertex -130.085 -39.536 39.8019
      vertex -130.085 -39.536 47.8019
      vertex -130.094 -39.6228 39.8019
    endloop
  endfacet
  facet normal 0.994048 -0.108946 0
    outer loop
      vertex -130.085 -39.536 47.8019
      vertex -130.094 -39.6228 47.8019
      vertex -130.094 -39.6228 39.8019
    endloop
  endfacet
  facet normal 0.997859 -0.0654054 0
    outer loop
      vertex -130.094 -39.6228 39.8019
      vertex -130.094 -39.6228 47.8019
      vertex -130.1 -39.7099 39.8019
    endloop
  endfacet
  facet normal 0.997859 -0.0654054 0
    outer loop
      vertex -130.094 -39.6228 47.8019
      vertex -130.1 -39.7099 47.8019
      vertex -130.1 -39.7099 39.8019
    endloop
  endfacet
  facet normal 0.999761 -0.0218583 0
    outer loop
      vertex -130.1 -39.7099 39.8019
      vertex -130.1 -39.7099 47.8019
      vertex -130.102 -39.7971 39.8019
    endloop
  endfacet
  facet normal 0.999761 -0.0218583 0
    outer loop
      vertex -130.1 -39.7099 47.8019
      vertex -130.102 -39.7971 47.8019
      vertex -130.102 -39.7971 39.8019
    endloop
  endfacet
  facet normal 0.999761 0.0218583 0
    outer loop
      vertex -130.102 -39.7971 39.8019
      vertex -130.102 -39.7971 47.8019
      vertex -130.1 -39.8843 39.8019
    endloop
  endfacet
  facet normal 0.999761 0.0218583 0
    outer loop
      vertex -130.102 -39.7971 47.8019
      vertex -130.1 -39.8843 47.8019
      vertex -130.1 -39.8843 39.8019
    endloop
  endfacet
  facet normal 0.997859 0.0654054 0
    outer loop
      vertex -130.1 -39.8843 39.8019
      vertex -130.1 -39.8843 47.8019
      vertex -130.094 -39.9714 39.8019
    endloop
  endfacet
  facet normal 0.997859 0.0654054 0
    outer loop
      vertex -130.1 -39.8843 47.8019
      vertex -130.094 -39.9714 47.8019
      vertex -130.094 -39.9714 39.8019
    endloop
  endfacet
  facet normal 0.994048 0.108946 0
    outer loop
      vertex -130.094 -39.9714 39.8019
      vertex -130.094 -39.9714 47.8019
      vertex -130.085 -40.0582 39.8019
    endloop
  endfacet
  facet normal 0.994048 0.108946 0
    outer loop
      vertex -130.094 -39.9714 47.8019
      vertex -130.085 -40.0582 47.8019
      vertex -130.085 -40.0582 39.8019
    endloop
  endfacet
  facet normal 0.988383 0.151987 0
    outer loop
      vertex -130.085 -40.0582 39.8019
      vertex -130.085 -40.0582 47.8019
      vertex -130.072 -40.1444 39.8019
    endloop
  endfacet
  facet normal 0.988383 0.151987 0
    outer loop
      vertex -130.085 -40.0582 47.8019
      vertex -130.072 -40.1444 47.8019
      vertex -130.072 -40.1444 39.8019
    endloop
  endfacet
  facet normal 0.980766 0.195188 0
    outer loop
      vertex -130.072 -40.1444 39.8019
      vertex -130.072 -40.1444 47.8019
      vertex -130.055 -40.23 39.8019
    endloop
  endfacet
  facet normal 0.980766 0.195188 0
    outer loop
      vertex -130.072 -40.1444 47.8019
      vertex -130.055 -40.23 47.8019
      vertex -130.055 -40.23 39.8019
    endloop
  endfacet
  facet normal 0.971336 0.237711 0
    outer loop
      vertex -130.055 -40.23 39.8019
      vertex -130.055 -40.23 47.8019
      vertex -130.034 -40.3147 39.8019
    endloop
  endfacet
  facet normal 0.971336 0.237711 0
    outer loop
      vertex -130.055 -40.23 47.8019
      vertex -130.034 -40.3147 47.8019
      vertex -130.034 -40.3147 39.8019
    endloop
  endfacet
  facet normal 0.96008 0.279725 0
    outer loop
      vertex -130.034 -40.3147 39.8019
      vertex -130.034 -40.3147 47.8019
      vertex -130.009 -40.3985 39.8019
    endloop
  endfacet
  facet normal 0.96008 0.279725 0
    outer loop
      vertex -130.034 -40.3147 47.8019
      vertex -130.009 -40.3985 47.8019
      vertex -130.009 -40.3985 39.8019
    endloop
  endfacet
  facet normal 0.946897 0.321538 0
    outer loop
      vertex -130.009 -40.3985 39.8019
      vertex -130.009 -40.3985 47.8019
      vertex -129.981 -40.4811 39.8019
    endloop
  endfacet
  facet normal 0.946897 0.321538 0
    outer loop
      vertex -130.009 -40.3985 47.8019
      vertex -129.981 -40.4811 47.8019
      vertex -129.981 -40.4811 39.8019
    endloop
  endfacet
  facet normal 0.932031 0.362378 0
    outer loop
      vertex -129.981 -40.4811 39.8019
      vertex -129.981 -40.4811 47.8019
      vertex -129.95 -40.5625 39.8019
    endloop
  endfacet
  facet normal 0.932031 0.362378 0
    outer loop
      vertex -129.981 -40.4811 47.8019
      vertex -129.95 -40.5625 47.8019
      vertex -129.95 -40.5625 39.8019
    endloop
  endfacet
  facet normal 0.91534 0.402681 0
    outer loop
      vertex -129.95 -40.5625 39.8019
      vertex -129.95 -40.5625 47.8019
      vertex -129.915 -40.6423 39.8019
    endloop
  endfacet
  facet normal 0.91534 0.402681 0
    outer loop
      vertex -129.95 -40.5625 47.8019
      vertex -129.915 -40.6423 47.8019
      vertex -129.915 -40.6423 39.8019
    endloop
  endfacet
  facet normal 0.896864 0.442306 0
    outer loop
      vertex -129.915 -40.6423 39.8019
      vertex -129.915 -40.6423 47.8019
      vertex -129.876 -40.7206 39.8019
    endloop
  endfacet
  facet normal 0.896864 0.442306 0
    outer loop
      vertex -129.915 -40.6423 47.8019
      vertex -129.876 -40.7206 47.8019
      vertex -129.876 -40.7206 39.8019
    endloop
  endfacet
  facet normal 0.876708 0.481022 0
    outer loop
      vertex -129.876 -40.7206 39.8019
      vertex -129.876 -40.7206 47.8019
      vertex -129.834 -40.7971 39.8019
    endloop
  endfacet
  facet normal 0.876708 0.481022 0
    outer loop
      vertex -129.876 -40.7206 47.8019
      vertex -129.834 -40.7971 47.8019
      vertex -129.834 -40.7971 39.8019
    endloop
  endfacet
  facet normal 0.854902 0.51879 0
    outer loop
      vertex -129.834 -40.7971 39.8019
      vertex -129.834 -40.7971 47.8019
      vertex -129.789 -40.8717 39.8019
    endloop
  endfacet
  facet normal 0.854902 0.51879 0
    outer loop
      vertex -129.834 -40.7971 47.8019
      vertex -129.789 -40.8717 47.8019
      vertex -129.789 -40.8717 39.8019
    endloop
  endfacet
  facet normal 0.831498 0.555528 0
    outer loop
      vertex -129.789 -40.8717 39.8019
      vertex -129.789 -40.8717 47.8019
      vertex -129.74 -40.9443 39.8019
    endloop
  endfacet
  facet normal 0.831498 0.555528 0
    outer loop
      vertex -129.789 -40.8717 47.8019
      vertex -129.74 -40.9443 47.8019
      vertex -129.74 -40.9443 39.8019
    endloop
  endfacet
  facet normal 0.806404 0.591366 0
    outer loop
      vertex -129.74 -40.9443 39.8019
      vertex -129.74 -40.9443 47.8019
      vertex -129.689 -41.0146 39.8019
    endloop
  endfacet
  facet normal 0.806404 0.591366 0
    outer loop
      vertex -129.74 -40.9443 47.8019
      vertex -129.689 -41.0146 47.8019
      vertex -129.689 -41.0146 39.8019
    endloop
  endfacet
  facet normal 0.779918 0.625881 0
    outer loop
      vertex -129.689 -41.0146 39.8019
      vertex -129.689 -41.0146 47.8019
      vertex -129.634 -41.0827 39.8019
    endloop
  endfacet
  facet normal 0.779918 0.625881 0
    outer loop
      vertex -129.689 -41.0146 47.8019
      vertex -129.634 -41.0827 47.8019
      vertex -129.634 -41.0827 39.8019
    endloop
  endfacet
  facet normal 0.751849 0.659335 0
    outer loop
      vertex -129.634 -41.0827 39.8019
      vertex -129.634 -41.0827 47.8019
      vertex -129.577 -41.1483 39.8019
    endloop
  endfacet
  facet normal 0.751849 0.659335 0
    outer loop
      vertex -129.634 -41.0827 47.8019
      vertex -129.577 -41.1483 47.8019
      vertex -129.577 -41.1483 39.8019
    endloop
  endfacet
  facet normal 0.722308 0.691571 0
    outer loop
      vertex -129.577 -41.1483 39.8019
      vertex -129.577 -41.1483 47.8019
      vertex -129.516 -41.2113 39.8019
    endloop
  endfacet
  facet normal 0.722308 0.691571 0
    outer loop
      vertex -129.577 -41.1483 47.8019
      vertex -129.516 -41.2113 47.8019
      vertex -129.516 -41.2113 39.8019
    endloop
  endfacet
  facet normal 0.691527 0.722351 0
    outer loop
      vertex -129.516 -41.2113 39.8019
      vertex -129.516 -41.2113 47.8019
      vertex -129.453 -41.2717 39.8019
    endloop
  endfacet
  facet normal 0.691527 0.722351 0
    outer loop
      vertex -129.516 -41.2113 47.8019
      vertex -129.453 -41.2717 47.8019
      vertex -129.453 -41.2717 39.8019
    endloop
  endfacet
  facet normal 0.659314 0.751868 0
    outer loop
      vertex -129.453 -41.2717 39.8019
      vertex -129.453 -41.2717 47.8019
      vertex -129.388 -41.3292 39.8019
    endloop
  endfacet
  facet normal 0.659314 0.751868 0
    outer loop
      vertex -129.453 -41.2717 47.8019
      vertex -129.388 -41.3292 47.8019
      vertex -129.388 -41.3292 39.8019
    endloop
  endfacet
  facet normal 0.625991 0.77983 0
    outer loop
      vertex -129.388 -41.3292 39.8019
      vertex -129.388 -41.3292 47.8019
      vertex -129.32 -41.3838 39.8019
    endloop
  endfacet
  facet normal 0.625991 0.77983 0
    outer loop
      vertex -129.388 -41.3292 47.8019
      vertex -129.32 -41.3838 47.8019
      vertex -129.32 -41.3838 39.8019
    endloop
  endfacet
  facet normal 0.591277 0.806469 0
    outer loop
      vertex -129.32 -41.3838 39.8019
      vertex -129.32 -41.3838 47.8019
      vertex -129.249 -41.4354 39.8019
    endloop
  endfacet
  facet normal 0.591277 0.806469 0
    outer loop
      vertex -129.32 -41.3838 47.8019
      vertex -129.249 -41.4354 47.8019
      vertex -129.249 -41.4354 39.8019
    endloop
  endfacet
  facet normal 0.555557 0.831478 0
    outer loop
      vertex -129.249 -41.4354 39.8019
      vertex -129.249 -41.4354 47.8019
      vertex -129.177 -41.4839 39.8019
    endloop
  endfacet
  facet normal 0.555557 0.831478 0
    outer loop
      vertex -129.249 -41.4354 47.8019
      vertex -129.177 -41.4839 47.8019
      vertex -129.177 -41.4839 39.8019
    endloop
  endfacet
  facet normal 0.518809 0.85489 0
    outer loop
      vertex -129.177 -41.4839 39.8019
      vertex -129.177 -41.4839 47.8019
      vertex -129.102 -41.5292 39.8019
    endloop
  endfacet
  facet normal 0.518809 0.85489 0
    outer loop
      vertex -129.177 -41.4839 47.8019
      vertex -129.102 -41.5292 47.8019
      vertex -129.102 -41.5292 39.8019
    endloop
  endfacet
  facet normal 0.480974 0.876735 0
    outer loop
      vertex -129.102 -41.5292 39.8019
      vertex -129.102 -41.5292 47.8019
      vertex -129.026 -41.5711 39.8019
    endloop
  endfacet
  facet normal 0.480974 0.876735 0
    outer loop
      vertex -129.102 -41.5292 47.8019
      vertex -129.026 -41.5711 47.8019
      vertex -129.026 -41.5711 39.8019
    endloop
  endfacet
  facet normal 0.442289 0.896873 0
    outer loop
      vertex -129.026 -41.5711 39.8019
      vertex -129.026 -41.5711 47.8019
      vertex -128.947 -41.6097 39.8019
    endloop
  endfacet
  facet normal 0.442289 0.896873 0
    outer loop
      vertex -129.026 -41.5711 47.8019
      vertex -128.947 -41.6097 47.8019
      vertex -128.947 -41.6097 39.8019
    endloop
  endfacet
  facet normal 0.402753 0.915309 0
    outer loop
      vertex -128.947 -41.6097 39.8019
      vertex -128.947 -41.6097 47.8019
      vertex -128.867 -41.6449 39.8019
    endloop
  endfacet
  facet normal 0.402753 0.915309 0
    outer loop
      vertex -128.947 -41.6097 47.8019
      vertex -128.867 -41.6449 47.8019
      vertex -128.867 -41.6449 39.8019
    endloop
  endfacet
  facet normal 0.362438 0.932008 0
    outer loop
      vertex -128.867 -41.6449 39.8019
      vertex -128.867 -41.6449 47.8019
      vertex -128.786 -41.6765 39.8019
    endloop
  endfacet
  facet normal 0.362438 0.932008 0
    outer loop
      vertex -128.867 -41.6449 47.8019
      vertex -128.786 -41.6765 47.8019
      vertex -128.786 -41.6765 39.8019
    endloop
  endfacet
  facet normal 0.321436 0.946931 0
    outer loop
      vertex -128.786 -41.6765 39.8019
      vertex -128.786 -41.6765 47.8019
      vertex -128.703 -41.7045 39.8019
    endloop
  endfacet
  facet normal 0.321436 0.946931 0
    outer loop
      vertex -128.786 -41.6765 47.8019
      vertex -128.703 -41.7045 47.8019
      vertex -128.703 -41.7045 39.8019
    endloop
  endfacet
  facet normal 0.279843 0.960046 0
    outer loop
      vertex -128.703 -41.7045 39.8019
      vertex -128.703 -41.7045 47.8019
      vertex -128.62 -41.729 39.8019
    endloop
  endfacet
  facet normal 0.279843 0.960046 0
    outer loop
      vertex -128.703 -41.7045 47.8019
      vertex -128.62 -41.729 47.8019
      vertex -128.62 -41.729 39.8019
    endloop
  endfacet
  facet normal 0.237671 0.971346 0
    outer loop
      vertex -128.62 -41.729 39.8019
      vertex -128.62 -41.729 47.8019
      vertex -128.535 -41.7497 39.8019
    endloop
  endfacet
  facet normal 0.237671 0.971346 0
    outer loop
      vertex -128.62 -41.729 47.8019
      vertex -128.535 -41.7497 47.8019
      vertex -128.535 -41.7497 39.8019
    endloop
  endfacet
  facet normal 0.195114 0.980781 0
    outer loop
      vertex -128.535 -41.7497 39.8019
      vertex -128.535 -41.7497 47.8019
      vertex -128.449 -41.7667 39.8019
    endloop
  endfacet
  facet normal 0.195114 0.980781 0
    outer loop
      vertex -128.535 -41.7497 47.8019
      vertex -128.449 -41.7667 47.8019
      vertex -128.449 -41.7667 39.8019
    endloop
  endfacet
  facet normal 0.152105 0.988364 0
    outer loop
      vertex -128.449 -41.7667 39.8019
      vertex -128.449 -41.7667 47.8019
      vertex -128.363 -41.78 39.8019
    endloop
  endfacet
  facet normal 0.152105 0.988364 0
    outer loop
      vertex -128.449 -41.7667 47.8019
      vertex -128.363 -41.78 47.8019
      vertex -128.363 -41.78 39.8019
    endloop
  endfacet
  facet normal 0.108866 0.994056 0
    outer loop
      vertex -128.363 -41.78 39.8019
      vertex -128.363 -41.78 47.8019
      vertex -128.276 -41.7895 39.8019
    endloop
  endfacet
  facet normal 0.108866 0.994056 0
    outer loop
      vertex -128.363 -41.78 47.8019
      vertex -128.276 -41.7895 47.8019
      vertex -128.276 -41.7895 39.8019
    endloop
  endfacet
  facet normal 0.065397 0.997859 0
    outer loop
      vertex -128.276 -41.7895 39.8019
      vertex -128.276 -41.7895 47.8019
      vertex -128.189 -41.7952 39.8019
    endloop
  endfacet
  facet normal 0.065397 0.997859 0
    outer loop
      vertex -128.276 -41.7895 47.8019
      vertex -128.189 -41.7952 47.8019
      vertex -128.189 -41.7952 39.8019
    endloop
  endfacet
  facet normal 0.0218175 0.999762 0
    outer loop
      vertex -128.189 -41.7952 39.8019
      vertex -128.189 -41.7952 47.8019
      vertex -128.102 -41.7971 39.8019
    endloop
  endfacet
  facet normal 0.0218175 0.999762 0
    outer loop
      vertex -128.189 -41.7952 47.8019
      vertex -128.102 -41.7971 47.8019
      vertex -128.102 -41.7971 39.8019
    endloop
  endfacet
  facet normal -0.0218175 0.999762 0
    outer loop
      vertex -128.102 -41.7971 39.8019
      vertex -128.102 -41.7971 47.8019
      vertex -128.015 -41.7952 39.8019
    endloop
  endfacet
  facet normal -0.0218175 0.999762 0
    outer loop
      vertex -128.102 -41.7971 47.8019
      vertex -128.015 -41.7952 47.8019
      vertex -128.015 -41.7952 39.8019
    endloop
  endfacet
  facet normal -0.065397 0.997859 0
    outer loop
      vertex -128.015 -41.7952 39.8019
      vertex -128.015 -41.7952 47.8019
      vertex -127.928 -41.7895 39.8019
    endloop
  endfacet
  facet normal -0.065397 0.997859 0
    outer loop
      vertex -128.015 -41.7952 47.8019
      vertex -127.928 -41.7895 47.8019
      vertex -127.928 -41.7895 39.8019
    endloop
  endfacet
  facet normal -0.108866 0.994056 0
    outer loop
      vertex -127.928 -41.7895 39.8019
      vertex -127.928 -41.7895 47.8019
      vertex -127.841 -41.78 39.8019
    endloop
  endfacet
  facet normal -0.108866 0.994056 0
    outer loop
      vertex -127.928 -41.7895 47.8019
      vertex -127.841 -41.78 47.8019
      vertex -127.841 -41.78 39.8019
    endloop
  endfacet
  facet normal -0.152105 0.988364 0
    outer loop
      vertex -127.841 -41.78 39.8019
      vertex -127.841 -41.78 47.8019
      vertex -127.755 -41.7667 39.8019
    endloop
  endfacet
  facet normal -0.152105 0.988364 0
    outer loop
      vertex -127.841 -41.78 47.8019
      vertex -127.755 -41.7667 47.8019
      vertex -127.755 -41.7667 39.8019
    endloop
  endfacet
  facet normal -0.195114 0.980781 0
    outer loop
      vertex -127.755 -41.7667 39.8019
      vertex -127.755 -41.7667 47.8019
      vertex -127.669 -41.7497 39.8019
    endloop
  endfacet
  facet normal -0.195114 0.980781 0
    outer loop
      vertex -127.755 -41.7667 47.8019
      vertex -127.669 -41.7497 47.8019
      vertex -127.669 -41.7497 39.8019
    endloop
  endfacet
  facet normal -0.237671 0.971346 0
    outer loop
      vertex -127.669 -41.7497 39.8019
      vertex -127.669 -41.7497 47.8019
      vertex -127.584 -41.729 39.8019
    endloop
  endfacet
  facet normal -0.237671 0.971346 0
    outer loop
      vertex -127.669 -41.7497 47.8019
      vertex -127.584 -41.729 47.8019
      vertex -127.584 -41.729 39.8019
    endloop
  endfacet
  facet normal -0.279843 0.960046 0
    outer loop
      vertex -127.584 -41.729 39.8019
      vertex -127.584 -41.729 47.8019
      vertex -127.501 -41.7045 39.8019
    endloop
  endfacet
  facet normal -0.279843 0.960046 0
    outer loop
      vertex -127.584 -41.729 47.8019
      vertex -127.501 -41.7045 47.8019
      vertex -127.501 -41.7045 39.8019
    endloop
  endfacet
  facet normal -0.321436 0.946931 0
    outer loop
      vertex -127.501 -41.7045 39.8019
      vertex -127.501 -41.7045 47.8019
      vertex -127.418 -41.6765 39.8019
    endloop
  endfacet
  facet normal -0.321436 0.946931 0
    outer loop
      vertex -127.501 -41.7045 47.8019
      vertex -127.418 -41.6765 47.8019
      vertex -127.418 -41.6765 39.8019
    endloop
  endfacet
  facet normal -0.362438 0.932008 0
    outer loop
      vertex -127.418 -41.6765 39.8019
      vertex -127.418 -41.6765 47.8019
      vertex -127.337 -41.6449 39.8019
    endloop
  endfacet
  facet normal -0.362438 0.932008 0
    outer loop
      vertex -127.418 -41.6765 47.8019
      vertex -127.337 -41.6449 47.8019
      vertex -127.337 -41.6449 39.8019
    endloop
  endfacet
  facet normal -0.402753 0.915309 0
    outer loop
      vertex -127.337 -41.6449 39.8019
      vertex -127.337 -41.6449 47.8019
      vertex -127.257 -41.6097 39.8019
    endloop
  endfacet
  facet normal -0.402753 0.915309 0
    outer loop
      vertex -127.337 -41.6449 47.8019
      vertex -127.257 -41.6097 47.8019
      vertex -127.257 -41.6097 39.8019
    endloop
  endfacet
  facet normal -0.442289 0.896873 0
    outer loop
      vertex -127.257 -41.6097 39.8019
      vertex -127.257 -41.6097 47.8019
      vertex -127.179 -41.5711 39.8019
    endloop
  endfacet
  facet normal -0.442289 0.896873 0
    outer loop
      vertex -127.257 -41.6097 47.8019
      vertex -127.179 -41.5711 47.8019
      vertex -127.179 -41.5711 39.8019
    endloop
  endfacet
  facet normal -0.480974 0.876735 0
    outer loop
      vertex -127.179 -41.5711 39.8019
      vertex -127.179 -41.5711 47.8019
      vertex -127.102 -41.5292 39.8019
    endloop
  endfacet
  facet normal -0.480974 0.876735 0
    outer loop
      vertex -127.179 -41.5711 47.8019
      vertex -127.102 -41.5292 47.8019
      vertex -127.102 -41.5292 39.8019
    endloop
  endfacet
  facet normal -0.518809 0.85489 0
    outer loop
      vertex -127.102 -41.5292 39.8019
      vertex -127.102 -41.5292 47.8019
      vertex -127.027 -41.4839 39.8019
    endloop
  endfacet
  facet normal -0.518809 0.85489 0
    outer loop
      vertex -127.102 -41.5292 47.8019
      vertex -127.027 -41.4839 47.8019
      vertex -127.027 -41.4839 39.8019
    endloop
  endfacet
  facet normal -0.555557 0.831478 0
    outer loop
      vertex -127.027 -41.4839 39.8019
      vertex -127.027 -41.4839 47.8019
      vertex -126.955 -41.4354 39.8019
    endloop
  endfacet
  facet normal -0.555557 0.831478 0
    outer loop
      vertex -127.027 -41.4839 47.8019
      vertex -126.955 -41.4354 47.8019
      vertex -126.955 -41.4354 39.8019
    endloop
  endfacet
  facet normal -0.591277 0.806469 0
    outer loop
      vertex -126.955 -41.4354 39.8019
      vertex -126.955 -41.4354 47.8019
      vertex -126.885 -41.3838 39.8019
    endloop
  endfacet
  facet normal -0.591277 0.806469 0
    outer loop
      vertex -126.955 -41.4354 47.8019
      vertex -126.885 -41.3838 47.8019
      vertex -126.885 -41.3838 39.8019
    endloop
  endfacet
  facet normal -0.625991 0.77983 0
    outer loop
      vertex -126.885 -41.3838 39.8019
      vertex -126.885 -41.3838 47.8019
      vertex -126.816 -41.3292 39.8019
    endloop
  endfacet
  facet normal -0.625991 0.77983 0
    outer loop
      vertex -126.885 -41.3838 47.8019
      vertex -126.816 -41.3292 47.8019
      vertex -126.816 -41.3292 39.8019
    endloop
  endfacet
  facet normal -0.659314 0.751868 0
    outer loop
      vertex -126.816 -41.3292 39.8019
      vertex -126.816 -41.3292 47.8019
      vertex -126.751 -41.2717 39.8019
    endloop
  endfacet
  facet normal -0.659314 0.751868 0
    outer loop
      vertex -126.816 -41.3292 47.8019
      vertex -126.751 -41.2717 47.8019
      vertex -126.751 -41.2717 39.8019
    endloop
  endfacet
  facet normal -0.691527 0.722351 0
    outer loop
      vertex -126.751 -41.2717 39.8019
      vertex -126.751 -41.2717 47.8019
      vertex -126.688 -41.2113 39.8019
    endloop
  endfacet
  facet normal -0.691527 0.722351 0
    outer loop
      vertex -126.751 -41.2717 47.8019
      vertex -126.688 -41.2113 47.8019
      vertex -126.688 -41.2113 39.8019
    endloop
  endfacet
  facet normal -0.722308 0.691571 0
    outer loop
      vertex -126.688 -41.2113 39.8019
      vertex -126.688 -41.2113 47.8019
      vertex -126.627 -41.1483 39.8019
    endloop
  endfacet
  facet normal -0.722308 0.691571 0
    outer loop
      vertex -126.688 -41.2113 47.8019
      vertex -126.627 -41.1483 47.8019
      vertex -126.627 -41.1483 39.8019
    endloop
  endfacet
  facet normal -0.751849 0.659335 0
    outer loop
      vertex -126.627 -41.1483 39.8019
      vertex -126.627 -41.1483 47.8019
      vertex -126.57 -41.0827 39.8019
    endloop
  endfacet
  facet normal -0.751849 0.659335 0
    outer loop
      vertex -126.627 -41.1483 47.8019
      vertex -126.57 -41.0827 47.8019
      vertex -126.57 -41.0827 39.8019
    endloop
  endfacet
  facet normal -0.779918 0.625881 0
    outer loop
      vertex -126.57 -41.0827 39.8019
      vertex -126.57 -41.0827 47.8019
      vertex -126.515 -41.0146 39.8019
    endloop
  endfacet
  facet normal -0.779918 0.625881 0
    outer loop
      vertex -126.57 -41.0827 47.8019
      vertex -126.515 -41.0146 47.8019
      vertex -126.515 -41.0146 39.8019
    endloop
  endfacet
  facet normal -0.806404 0.591366 0
    outer loop
      vertex -126.515 -41.0146 39.8019
      vertex -126.515 -41.0146 47.8019
      vertex -126.464 -40.9443 39.8019
    endloop
  endfacet
  facet normal -0.806404 0.591366 0
    outer loop
      vertex -126.515 -41.0146 47.8019
      vertex -126.464 -40.9443 47.8019
      vertex -126.464 -40.9443 39.8019
    endloop
  endfacet
  facet normal -0.831498 0.555528 0
    outer loop
      vertex -126.464 -40.9443 39.8019
      vertex -126.464 -40.9443 47.8019
      vertex -126.415 -40.8717 39.8019
    endloop
  endfacet
  facet normal -0.831498 0.555528 0
    outer loop
      vertex -126.464 -40.9443 47.8019
      vertex -126.415 -40.8717 47.8019
      vertex -126.415 -40.8717 39.8019
    endloop
  endfacet
  facet normal -0.854902 0.51879 0
    outer loop
      vertex -126.415 -40.8717 39.8019
      vertex -126.415 -40.8717 47.8019
      vertex -126.37 -40.7971 39.8019
    endloop
  endfacet
  facet normal -0.854902 0.51879 0
    outer loop
      vertex -126.415 -40.8717 47.8019
      vertex -126.37 -40.7971 47.8019
      vertex -126.37 -40.7971 39.8019
    endloop
  endfacet
  facet normal -0.876708 0.481022 0
    outer loop
      vertex -126.37 -40.7971 39.8019
      vertex -126.37 -40.7971 47.8019
      vertex -126.328 -40.7206 39.8019
    endloop
  endfacet
  facet normal -0.876708 0.481022 0
    outer loop
      vertex -126.37 -40.7971 47.8019
      vertex -126.328 -40.7206 47.8019
      vertex -126.328 -40.7206 39.8019
    endloop
  endfacet
  facet normal -0.896864 0.442306 0
    outer loop
      vertex -126.328 -40.7206 39.8019
      vertex -126.328 -40.7206 47.8019
      vertex -126.289 -40.6423 39.8019
    endloop
  endfacet
  facet normal -0.896864 0.442306 0
    outer loop
      vertex -126.328 -40.7206 47.8019
      vertex -126.289 -40.6423 47.8019
      vertex -126.289 -40.6423 39.8019
    endloop
  endfacet
  facet normal -0.91534 0.402681 0
    outer loop
      vertex -126.289 -40.6423 39.8019
      vertex -126.289 -40.6423 47.8019
      vertex -126.254 -40.5625 39.8019
    endloop
  endfacet
  facet normal -0.91534 0.402681 0
    outer loop
      vertex -126.289 -40.6423 47.8019
      vertex -126.254 -40.5625 47.8019
      vertex -126.254 -40.5625 39.8019
    endloop
  endfacet
  facet normal -0.932031 0.362378 0
    outer loop
      vertex -126.254 -40.5625 39.8019
      vertex -126.254 -40.5625 47.8019
      vertex -126.223 -40.4811 39.8019
    endloop
  endfacet
  facet normal -0.932031 0.362378 0
    outer loop
      vertex -126.254 -40.5625 47.8019
      vertex -126.223 -40.4811 47.8019
      vertex -126.223 -40.4811 39.8019
    endloop
  endfacet
  facet normal -0.946897 0.321538 0
    outer loop
      vertex -126.223 -40.4811 39.8019
      vertex -126.223 -40.4811 47.8019
      vertex -126.195 -40.3985 39.8019
    endloop
  endfacet
  facet normal -0.946897 0.321538 0
    outer loop
      vertex -126.223 -40.4811 47.8019
      vertex -126.195 -40.3985 47.8019
      vertex -126.195 -40.3985 39.8019
    endloop
  endfacet
  facet normal -0.96008 0.279725 0
    outer loop
      vertex -126.195 -40.3985 39.8019
      vertex -126.195 -40.3985 47.8019
      vertex -126.17 -40.3147 39.8019
    endloop
  endfacet
  facet normal -0.96008 0.279725 0
    outer loop
      vertex -126.195 -40.3985 47.8019
      vertex -126.17 -40.3147 47.8019
      vertex -126.17 -40.3147 39.8019
    endloop
  endfacet
  facet normal -0.971336 0.237711 0
    outer loop
      vertex -126.17 -40.3147 39.8019
      vertex -126.17 -40.3147 47.8019
      vertex -126.149 -40.23 39.8019
    endloop
  endfacet
  facet normal -0.971336 0.237711 0
    outer loop
      vertex -126.17 -40.3147 47.8019
      vertex -126.149 -40.23 47.8019
      vertex -126.149 -40.23 39.8019
    endloop
  endfacet
  facet normal -0.980766 0.195188 0
    outer loop
      vertex -126.149 -40.23 39.8019
      vertex -126.149 -40.23 47.8019
      vertex -126.132 -40.1444 39.8019
    endloop
  endfacet
  facet normal -0.980766 0.195188 0
    outer loop
      vertex -126.149 -40.23 47.8019
      vertex -126.132 -40.1444 47.8019
      vertex -126.132 -40.1444 39.8019
    endloop
  endfacet
  facet normal -0.988383 0.151987 0
    outer loop
      vertex -126.132 -40.1444 39.8019
      vertex -126.132 -40.1444 47.8019
      vertex -126.119 -40.0582 39.8019
    endloop
  endfacet
  facet normal -0.988383 0.151987 0
    outer loop
      vertex -126.132 -40.1444 47.8019
      vertex -126.119 -40.0582 47.8019
      vertex -126.119 -40.0582 39.8019
    endloop
  endfacet
  facet normal -0.994048 0.108946 0
    outer loop
      vertex -126.119 -40.0582 39.8019
      vertex -126.119 -40.0582 47.8019
      vertex -126.11 -39.9714 39.8019
    endloop
  endfacet
  facet normal -0.994048 0.108946 0
    outer loop
      vertex -126.119 -40.0582 47.8019
      vertex -126.11 -39.9714 47.8019
      vertex -126.11 -39.9714 39.8019
    endloop
  endfacet
  facet normal -0.997859 0.0654054 0
    outer loop
      vertex -126.11 -39.9714 39.8019
      vertex -126.11 -39.9714 47.8019
      vertex -126.104 -39.8843 39.8019
    endloop
  endfacet
  facet normal -0.997859 0.0654054 0
    outer loop
      vertex -126.11 -39.9714 47.8019
      vertex -126.104 -39.8843 47.8019
      vertex -126.104 -39.8843 39.8019
    endloop
  endfacet
  facet normal -0.999761 0.0218583 0
    outer loop
      vertex -126.104 -39.8843 39.8019
      vertex -126.104 -39.8843 47.8019
      vertex -126.102 -39.7971 39.8019
    endloop
  endfacet
  facet normal -0.999761 0.0218583 0
    outer loop
      vertex -126.104 -39.8843 47.8019
      vertex -126.102 -39.7971 47.8019
      vertex -126.102 -39.7971 39.8019
    endloop
  endfacet
  facet normal 0 0 1
    outer loop
      vertex -44.354 -39.9714 39.8019
      vertex -44.3483 -39.8843 39.8019
      vertex -46.3464 -39.7971 39.8019
    endloop
  endfacet
  facet normal 0 0 1
    outer loop
      vertex -44.3483 -39.8843 39.8019
      vertex -44.3464 -39.7971 39.8019
      vertex -46.3464 -39.7971 39.8019
    endloop
  endfacet
  facet normal 0 0 1
    outer loop
      vertex -46.3464 -39.7971 39.8019
      vertex -44.3464 -39.7971 39.8019
      vertex -44.3483 -39.7099 39.8019
    endloop
  endfacet
  facet normal 0 0 1
    outer loop
      vertex -44.3938 -40.23 39.8019
      vertex -44.3768 -40.1444 39.8019
      vertex -46.3464 -39.7971 39.8019
    endloop
  endfacet
  facet normal 0 0 1
    outer loop
      vertex -44.3768 -40.1444 39.8019
      vertex -44.3635 -40.0582 39.8019
      vertex -46.3464 -39.7971 39.8019
    endloop
  endfacet
  facet normal 0 0 1
    outer loop
      vertex -46.3464 -39.7971 39.8019
      vertex -44.3635 -40.0582 39.8019
      vertex -44.354 -39.9714 39.8019
    endloop
  endfacet
  facet normal 0 0 1
    outer loop
      vertex -44.467 -40.4811 39.8019
      vertex -44.439 -40.3985 39.8019
      vertex -46.3464 -39.7971 39.8019
    endloop
  endfacet
  facet normal 0 0 1
    outer loop
      vertex -44.439 -40.3985 39.8019
      vertex -44.4145 -40.3147 39.8019
      vertex -46.3464 -39.7971 39.8019
    endloop
  endfacet
  facet normal 0 0 1
    outer loop
      vertex -46.3464 -39.7971 39.8019
      vertex -44.4145 -40.3147 39.8019
      vertex -44.3938 -40.23 39.8019
    endloop
  endfacet
  facet normal 0 0 1
    outer loop
      vertex -44.5724 -40.7206 39.8019
      vertex -44.5338 -40.6423 39.8019
      vertex -46.3464 -39.7971 39.8019
    endloop
  endfacet
  facet normal 0 0 1
    outer loop
      vertex -44.5338 -40.6423 39.8019
      vertex -44.4986 -40.5625 39.8019
      vertex -46.3464 -39.7971 39.8019
    endloop
  endfacet
  facet normal 0 0 1
    outer loop
      vertex -46.3464 -39.7971 39.8019
      vertex -44.4986 -40.5625 39.8019
      vertex -44.467 -40.4811 39.8019
    endloop
  endfacet
  facet normal 0 0 1
    outer loop
      vertex -44.7081 -40.9443 39.8019
      vertex -44.6596 -40.8717 39.8019
      vertex -46.3464 -39.7971 39.8019
    endloop
  endfacet
  facet normal 0 0 1
    outer loop
      vertex -44.6596 -40.8717 39.8019
      vertex -44.6143 -40.7971 39.8019
      vertex -46.3464 -39.7971 39.8019
    endloop
  endfacet
  facet normal 0 0 1
    outer loop
      vertex -46.3464 -39.7971 39.8019
      vertex -44.6143 -40.7971 39.8019
      vertex -44.5724 -40.7206 39.8019
    endloop
  endfacet
  facet normal 0 0 1
    outer loop
      vertex -44.8718 -41.1483 39.8019
      vertex -44.8143 -41.0827 39.8019
      vertex -46.3464 -39.7971 39.8019
    endloop
  endfacet
  facet normal 0 0 1
    outer loop
      vertex -44.8143 -41.0827 39.8019
      vertex -44.7597 -41.0146 39.8019
      vertex -46.3464 -39.7971 39.8019
    endloop
  endfacet
  facet normal 0 0 1
    outer loop
      vertex -46.3464 -39.7971 39.8019
      vertex -44.7597 -41.0146 39.8019
      vertex -44.7081 -40.9443 39.8019
    endloop
  endfacet
  facet normal 0 0 1
    outer loop
      vertex -45.0608 -41.3292 39.8019
      vertex -44.9952 -41.2717 39.8019
      vertex -46.3464 -39.7971 39.8019
    endloop
  endfacet
  facet normal 0 0 1
    outer loop
      vertex -44.9952 -41.2717 39.8019
      vertex -44.9322 -41.2113 39.8019
      vertex -46.3464 -39.7971 39.8019
    endloop
  endfacet
  facet normal 0 0 1
    outer loop
      vertex -46.3464 -39.7971 39.8019
      vertex -44.9322 -41.2113 39.8019
      vertex -44.8718 -41.1483 39.8019
    endloop
  endfacet
  facet normal 0 0 1
    outer loop
      vertex -45.2718 -41.4839 39.8019
      vertex -45.1992 -41.4354 39.8019
      vertex -46.3464 -39.7971 39.8019
    endloop
  endfacet
  facet normal 0 0 1
    outer loop
      vertex -45.1992 -41.4354 39.8019
      vertex -45.1289 -41.3838 39.8019
      vertex -46.3464 -39.7971 39.8019
    endloop
  endfacet
  facet normal 0 0 1
    outer loop
      vertex -46.3464 -39.7971 39.8019
      vertex -45.1289 -41.3838 39.8019
      vertex -45.0608 -41.3292 39.8019
    endloop
  endfacet
  facet normal 0 0 1
    outer loop
      vertex -45.5012 -41.6097 39.8019
      vertex -45.4229 -41.5711 39.8019
      vertex -46.3464 -39.7971 39.8019
    endloop
  endfacet
  facet normal 0 0 1
    outer loop
      vertex -45.4229 -41.5711 39.8019
      vertex -45.3464 -41.5292 39.8019
      vertex -46.3464 -39.7971 39.8019
    endloop
  endfacet
  facet normal 0 0 1
    outer loop
      vertex -46.3464 -39.7971 39.8019
      vertex -45.3464 -41.5292 39.8019
      vertex -45.2718 -41.4839 39.8019
    endloop
  endfacet
  facet normal 0 0 1
    outer loop
      vertex -45.745 -41.7045 39.8019
      vertex -45.6623 -41.6765 39.8019
      vertex -46.3464 -39.7971 39.8019
    endloop
  endfacet
  facet normal 0 0 1
    outer loop
      vertex -45.6623 -41.6765 39.8019
      vertex -45.581 -41.6449 39.8019
      vertex -46.3464 -39.7971 39.8019
    endloop
  endfacet
  facet normal 0 0 1
    outer loop
      vertex -46.3464 -39.7971 39.8019
      vertex -45.581 -41.6449 39.8019
      vertex -45.5012 -41.6097 39.8019
    endloop
  endfacet
  facet normal 0 0 1
    outer loop
      vertex -45.9991 -41.7667 39.8019
      vertex -45.9135 -41.7497 39.8019
      vertex -46.3464 -39.7971 39.8019
    endloop
  endfacet
  facet normal 0 0 1
    outer loop
      vertex -45.9135 -41.7497 39.8019
      vertex -45.8287 -41.729 39.8019
      vertex -46.3464 -39.7971 39.8019
    endloop
  endfacet
  facet normal 0 0 1
    outer loop
      vertex -46.3464 -39.7971 39.8019
      vertex -45.8287 -41.729 39.8019
      vertex -45.745 -41.7045 39.8019
    endloop
  endfacet
  facet normal 0 0 1
    outer loop
      vertex -46.2591 -41.7952 39.8019
      vertex -46.1721 -41.7895 39.8019
      vertex -46.3464 -39.7971 39.8019
    endloop
  endfacet
  facet normal 0 0 1
    outer loop
      vertex -46.1721 -41.7895 39.8019
      vertex -46.0853 -41.78 39.8019
      vertex -46.3464 -39.7971 39.8019
    endloop
  endfacet
  facet normal 0 0 1
    outer loop
      vertex -46.3464 -39.7971 39.8019
      vertex -46.0853 -41.78 39.8019
      vertex -45.9991 -41.7667 39.8019
    endloop
  endfacet
  facet normal 0 0 1
    outer loop
      vertex -46.5207 -41.7895 39.8019
      vertex -46.4336 -41.7952 39.8019
      vertex -46.3464 -39.7971 39.8019
    endloop
  endfacet
  facet normal 0 0 1
    outer loop
      vertex -46.4336 -41.7952 39.8019
      vertex -46.3464 -41.7971 39.8019
      vertex -46.3464 -39.7971 39.8019
    endloop
  endfacet
  facet normal 0 0 1
    outer loop
      vertex -46.3464 -39.7971 39.8019
      vertex -46.3464 -41.7971 39.8019
      vertex -46.2591 -41.7952 39.8019
    endloop
  endfacet
  facet normal 0 0 1
    outer loop
      vertex -46.7793 -41.7497 39.8019
      vertex -46.6937 -41.7667 39.8019
      vertex -46.3464 -39.7971 39.8019
    endloop
  endfacet
  facet normal 0 0 1
    outer loop
      vertex -46.6937 -41.7667 39.8019
      vertex -46.6074 -41.78 39.8019
      vertex -46.3464 -39.7971 39.8019
    endloop
  endfacet
  facet normal 0 0 1
    outer loop
      vertex -46.3464 -39.7971 39.8019
      vertex -46.6074 -41.78 39.8019
      vertex -46.5207 -41.7895 39.8019
    endloop
  endfacet
  facet normal 0 0 1
    outer loop
      vertex -47.0304 -41.6765 39.8019
      vertex -46.9478 -41.7045 39.8019
      vertex -46.3464 -39.7971 39.8019
    endloop
  endfacet
  facet normal 0 0 1
    outer loop
      vertex -46.9478 -41.7045 39.8019
      vertex -46.864 -41.729 39.8019
      vertex -46.3464 -39.7971 39.8019
    endloop
  endfacet
  facet normal 0 0 1
    outer loop
      vertex -46.3464 -39.7971 39.8019
      vertex -46.864 -41.729 39.8019
      vertex -46.7793 -41.7497 39.8019
    endloop
  endfacet
  facet normal 0 0 1
    outer loop
      vertex -47.2699 -41.5711 39.8019
      vertex -47.1916 -41.6097 39.8019
      vertex -46.3464 -39.7971 39.8019
    endloop
  endfacet
  facet normal 0 0 1
    outer loop
      vertex -47.1916 -41.6097 39.8019
      vertex -47.1118 -41.6449 39.8019
      vertex -46.3464 -39.7971 39.8019
    endloop
  endfacet
  facet normal 0 0 1
    outer loop
      vertex -46.3464 -39.7971 39.8019
      vertex -47.1118 -41.6449 39.8019
      vertex -47.0304 -41.6765 39.8019
    endloop
  endfacet
  facet normal 0 0 1
    outer loop
      vertex -47.4935 -41.4354 39.8019
      vertex -47.421 -41.4839 39.8019
      vertex -46.3464 -39.7971 39.8019
    endloop
  endfacet
  facet normal 0 0 1
    outer loop
      vertex -47.421 -41.4839 39.8019
      vertex -47.3464 -41.5292 39.8019
      vertex -46.3464 -39.7971 39.8019
    endloop
  endfacet
  facet normal 0 0 1
    outer loop
      vertex -46.3464 -39.7971 39.8019
      vertex -47.3464 -41.5292 39.8019
      vertex -47.2699 -41.5711 39.8019
    endloop
  endfacet
  facet normal 0 0 1
    outer loop
      vertex -47.6976 -41.2717 39.8019
      vertex -47.632 -41.3292 39.8019
      vertex -46.3464 -39.7971 39.8019
    endloop
  endfacet
  facet normal 0 0 1
    outer loop
      vertex -47.632 -41.3292 39.8019
      vertex -47.5639 -41.3838 39.8019
      vertex -46.3464 -39.7971 39.8019
    endloop
  endfacet
  facet normal 0 0 1
    outer loop
      vertex -46.3464 -39.7971 39.8019
      vertex -47.5639 -41.3838 39.8019
      vertex -47.4935 -41.4354 39.8019
    endloop
  endfacet
  facet normal 0 0 1
    outer loop
      vertex -47.8785 -41.0827 39.8019
      vertex -47.8209 -41.1483 39.8019
      vertex -46.3464 -39.7971 39.8019
    endloop
  endfacet
  facet normal 0 0 1
    outer loop
      vertex -47.8209 -41.1483 39.8019
      vertex -47.7606 -41.2113 39.8019
      vertex -46.3464 -39.7971 39.8019
    endloop
  endfacet
  facet normal 0 0 1
    outer loop
      vertex -46.3464 -39.7971 39.8019
      vertex -47.7606 -41.2113 39.8019
      vertex -47.6976 -41.2717 39.8019
    endloop
  endfacet
  facet normal 0 0 1
    outer loop
      vertex -48.0332 -40.8717 39.8019
      vertex -47.9847 -40.9443 39.8019
      vertex -46.3464 -39.7971 39.8019
    endloop
  endfacet
  facet normal 0 0 1
    outer loop
      vertex -47.9847 -40.9443 39.8019
      vertex -47.9331 -41.0146 39.8019
      vertex -46.3464 -39.7971 39.8019
    endloop
  endfacet
  facet normal 0 0 1
    outer loop
      vertex -46.3464 -39.7971 39.8019
      vertex -47.9331 -41.0146 39.8019
      vertex -47.8785 -41.0827 39.8019
    endloop
  endfacet
  facet normal 0 0 1
    outer loop
      vertex -48.159 -40.6423 39.8019
      vertex -48.1204 -40.7206 39.8019
      vertex -46.3464 -39.7971 39.8019
    endloop
  endfacet
  facet normal 0 0 1
    outer loop
      vertex -48.1204 -40.7206 39.8019
      vertex -48.0784 -40.7971 39.8019
      vertex -46.3464 -39.7971 39.8019
    endloop
  endfacet
  facet normal 0 0 1
    outer loop
      vertex -46.3464 -39.7971 39.8019
      vertex -48.0784 -40.7971 39.8019
      vertex -48.0332 -40.8717 39.8019
    endloop
  endfacet
  facet normal 0 0 1
    outer loop
      vertex -48.2538 -40.3985 39.8019
      vertex -48.2258 -40.4811 39.8019
      vertex -46.3464 -39.7971 39.8019
    endloop
  endfacet
  facet normal 0 0 1
    outer loop
      vertex -48.2258 -40.4811 39.8019
      vertex -48.1941 -40.5625 39.8019
      vertex -46.3464 -39.7971 39.8019
    endloop
  endfacet
  facet normal 0 0 1
    outer loop
      vertex -46.3464 -39.7971 39.8019
      vertex -48.1941 -40.5625 39.8019
      vertex -48.159 -40.6423 39.8019
    endloop
  endfacet
  facet normal 0 0 1
    outer loop
      vertex -48.316 -40.1444 39.8019
      vertex -48.299 -40.23 39.8019
      vertex -46.3464 -39.7971 39.8019
    endloop
  endfacet
  facet normal 0 0 1
    outer loop
      vertex -48.299 -40.23 39.8019
      vertex -48.2782 -40.3147 39.8019
      vertex -46.3464 -39.7971 39.8019
    endloop
  endfacet
  facet normal 0 0 1
    outer loop
      vertex -46.3464 -39.7971 39.8019
      vertex -48.2782 -40.3147 39.8019
      vertex -48.2538 -40.3985 39.8019
    endloop
  endfacet
  facet normal 0 0 1
    outer loop
      vertex -48.3445 -39.8843 39.8019
      vertex -48.3388 -39.9714 39.8019
      vertex -46.3464 -39.7971 39.8019
    endloop
  endfacet
  facet normal 0 0 1
    outer loop
      vertex -48.3388 -39.9714 39.8019
      vertex -48.3293 -40.0582 39.8019
      vertex -46.3464 -39.7971 39.8019
    endloop
  endfacet
  facet normal 0 0 1
    outer loop
      vertex -46.3464 -39.7971 39.8019
      vertex -48.3293 -40.0582 39.8019
      vertex -48.316 -40.1444 39.8019
    endloop
  endfacet
  facet normal 0 0 1
    outer loop
      vertex -48.3388 -39.6228 39.8019
      vertex -48.3445 -39.7099 39.8019
      vertex -46.3464 -39.7971 39.8019
    endloop
  endfacet
  facet normal 0 0 1
    outer loop
      vertex -48.3445 -39.7099 39.8019
      vertex -48.3464 -39.7971 39.8019
      vertex -46.3464 -39.7971 39.8019
    endloop
  endfacet
  facet normal 0 0 1
    outer loop
      vertex -46.3464 -39.7971 39.8019
      vertex -48.3464 -39.7971 39.8019
      vertex -48.3445 -39.8843 39.8019
    endloop
  endfacet
  facet normal 0 0 1
    outer loop
      vertex -48.299 -39.3642 39.8019
      vertex -48.316 -39.4498 39.8019
      vertex -46.3464 -39.7971 39.8019
    endloop
  endfacet
  facet normal 0 0 1
    outer loop
      vertex -48.316 -39.4498 39.8019
      vertex -48.3293 -39.536 39.8019
      vertex -46.3464 -39.7971 39.8019
    endloop
  endfacet
  facet normal 0 0 1
    outer loop
      vertex -46.3464 -39.7971 39.8019
      vertex -48.3293 -39.536 39.8019
      vertex -48.3388 -39.6228 39.8019
    endloop
  endfacet
  facet normal 0 0 1
    outer loop
      vertex -48.2258 -39.1131 39.8019
      vertex -48.2538 -39.1957 39.8019
      vertex -46.3464 -39.7971 39.8019
    endloop
  endfacet
  facet normal 0 0 1
    outer loop
      vertex -48.2538 -39.1957 39.8019
      vertex -48.2782 -39.2795 39.8019
      vertex -46.3464 -39.7971 39.8019
    endloop
  endfacet
  facet normal 0 0 1
    outer loop
      vertex -46.3464 -39.7971 39.8019
      vertex -48.2782 -39.2795 39.8019
      vertex -48.299 -39.3642 39.8019
    endloop
  endfacet
  facet normal 0 0 1
    outer loop
      vertex -48.1204 -38.8736 39.8019
      vertex -48.159 -38.9519 39.8019
      vertex -46.3464 -39.7971 39.8019
    endloop
  endfacet
  facet normal 0 0 1
    outer loop
      vertex -48.159 -38.9519 39.8019
      vertex -48.1941 -39.0317 39.8019
      vertex -46.3464 -39.7971 39.8019
    endloop
  endfacet
  facet normal 0 0 1
    outer loop
      vertex -46.3464 -39.7971 39.8019
      vertex -48.1941 -39.0317 39.8019
      vertex -48.2258 -39.1131 39.8019
    endloop
  endfacet
  facet normal 0 0 1
    outer loop
      vertex -47.9847 -38.65 39.8019
      vertex -48.0332 -38.7225 39.8019
      vertex -46.3464 -39.7971 39.8019
    endloop
  endfacet
  facet normal 0 0 1
    outer loop
      vertex -48.0332 -38.7225 39.8019
      vertex -48.0784 -38.7971 39.8019
      vertex -46.3464 -39.7971 39.8019
    endloop
  endfacet
  facet normal 0 0 1
    outer loop
      vertex -46.3464 -39.7971 39.8019
      vertex -48.0784 -38.7971 39.8019
      vertex -48.1204 -38.8736 39.8019
    endloop
  endfacet
  facet normal 0 0 1
    outer loop
      vertex -47.8209 -38.4459 39.8019
      vertex -47.8785 -38.5115 39.8019
      vertex -46.3464 -39.7971 39.8019
    endloop
  endfacet
  facet normal 0 0 1
    outer loop
      vertex -47.8785 -38.5115 39.8019
      vertex -47.9331 -38.5796 39.8019
      vertex -46.3464 -39.7971 39.8019
    endloop
  endfacet
  facet normal 0 0 1
    outer loop
      vertex -46.3464 -39.7971 39.8019
      vertex -47.9331 -38.5796 39.8019
      vertex -47.9847 -38.65 39.8019
    endloop
  endfacet
  facet normal 0 0 1
    outer loop
      vertex -47.632 -38.265 39.8019
      vertex -47.6976 -38.3225 39.8019
      vertex -46.3464 -39.7971 39.8019
    endloop
  endfacet
  facet normal 0 0 1
    outer loop
      vertex -47.6976 -38.3225 39.8019
      vertex -47.7606 -38.3829 39.8019
      vertex -46.3464 -39.7971 39.8019
    endloop
  endfacet
  facet normal 0 0 1
    outer loop
      vertex -46.3464 -39.7971 39.8019
      vertex -47.7606 -38.3829 39.8019
      vertex -47.8209 -38.4459 39.8019
    endloop
  endfacet
  facet normal 0 0 1
    outer loop
      vertex -47.421 -38.1103 39.8019
      vertex -47.4935 -38.1588 39.8019
      vertex -46.3464 -39.7971 39.8019
    endloop
  endfacet
  facet normal 0 0 1
    outer loop
      vertex -47.4935 -38.1588 39.8019
      vertex -47.5639 -38.2104 39.8019
      vertex -46.3464 -39.7971 39.8019
    endloop
  endfacet
  facet normal 0 0 1
    outer loop
      vertex -46.3464 -39.7971 39.8019
      vertex -47.5639 -38.2104 39.8019
      vertex -47.632 -38.265 39.8019
    endloop
  endfacet
  facet normal 0 0 1
    outer loop
      vertex -47.1916 -37.9845 39.8019
      vertex -47.2699 -38.0231 39.8019
      vertex -46.3464 -39.7971 39.8019
    endloop
  endfacet
  facet normal 0 0 1
    outer loop
      vertex -47.2699 -38.0231 39.8019
      vertex -47.3464 -38.065 39.8019
      vertex -46.3464 -39.7971 39.8019
    endloop
  endfacet
  facet normal 0 0 1
    outer loop
      vertex -46.3464 -39.7971 39.8019
      vertex -47.3464 -38.065 39.8019
      vertex -47.421 -38.1103 39.8019
    endloop
  endfacet
  facet normal 0 0 1
    outer loop
      vertex -46.9478 -37.8897 39.8019
      vertex -47.0304 -37.9177 39.8019
      vertex -46.3464 -39.7971 39.8019
    endloop
  endfacet
  facet normal 0 0 1
    outer loop
      vertex -47.0304 -37.9177 39.8019
      vertex -47.1118 -37.9493 39.8019
      vertex -46.3464 -39.7971 39.8019
    endloop
  endfacet
  facet normal 0 0 1
    outer loop
      vertex -46.3464 -39.7971 39.8019
      vertex -47.1118 -37.9493 39.8019
      vertex -47.1916 -37.9845 39.8019
    endloop
  endfacet
  facet normal 0 0 1
    outer loop
      vertex -46.6937 -37.8275 39.8019
      vertex -46.7793 -37.8445 39.8019
      vertex -46.3464 -39.7971 39.8019
    endloop
  endfacet
  facet normal 0 0 1
    outer loop
      vertex -46.7793 -37.8445 39.8019
      vertex -46.864 -37.8653 39.8019
      vertex -46.3464 -39.7971 39.8019
    endloop
  endfacet
  facet normal 0 0 1
    outer loop
      vertex -46.3464 -39.7971 39.8019
      vertex -46.864 -37.8653 39.8019
      vertex -46.9478 -37.8897 39.8019
    endloop
  endfacet
  facet normal 0 0 1
    outer loop
      vertex -46.4336 -37.799 39.8019
      vertex -46.5207 -37.8047 39.8019
      vertex -46.3464 -39.7971 39.8019
    endloop
  endfacet
  facet normal 0 0 1
    outer loop
      vertex -46.5207 -37.8047 39.8019
      vertex -46.6074 -37.8142 39.8019
      vertex -46.3464 -39.7971 39.8019
    endloop
  endfacet
  facet normal 0 0 1
    outer loop
      vertex -46.3464 -39.7971 39.8019
      vertex -46.6074 -37.8142 39.8019
      vertex -46.6937 -37.8275 39.8019
    endloop
  endfacet
  facet normal 0 0 1
    outer loop
      vertex -46.1721 -37.8047 39.8019
      vertex -46.2591 -37.799 39.8019
      vertex -46.3464 -39.7971 39.8019
    endloop
  endfacet
  facet normal 0 0 1
    outer loop
      vertex -46.2591 -37.799 39.8019
      vertex -46.3464 -37.7971 39.8019
      vertex -46.3464 -39.7971 39.8019
    endloop
  endfacet
  facet normal 0 0 1
    outer loop
      vertex -46.3464 -39.7971 39.8019
      vertex -46.3464 -37.7971 39.8019
      vertex -46.4336 -37.799 39.8019
    endloop
  endfacet
  facet normal 0 0 1
    outer loop
      vertex -45.9135 -37.8445 39.8019
      vertex -45.9991 -37.8275 39.8019
      vertex -46.3464 -39.7971 39.8019
    endloop
  endfacet
  facet normal 0 0 1
    outer loop
      vertex -45.9991 -37.8275 39.8019
      vertex -46.0853 -37.8142 39.8019
      vertex -46.3464 -39.7971 39.8019
    endloop
  endfacet
  facet normal 0 0 1
    outer loop
      vertex -46.3464 -39.7971 39.8019
      vertex -46.0853 -37.8142 39.8019
      vertex -46.1721 -37.8047 39.8019
    endloop
  endfacet
  facet normal 0 0 1
    outer loop
      vertex -45.6623 -37.9177 39.8019
      vertex -45.745 -37.8897 39.8019
      vertex -46.3464 -39.7971 39.8019
    endloop
  endfacet
  facet normal 0 0 1
    outer loop
      vertex -45.745 -37.8897 39.8019
      vertex -45.8287 -37.8653 39.8019
      vertex -46.3464 -39.7971 39.8019
    endloop
  endfacet
  facet normal 0 0 1
    outer loop
      vertex -46.3464 -39.7971 39.8019
      vertex -45.8287 -37.8653 39.8019
      vertex -45.9135 -37.8445 39.8019
    endloop
  endfacet
  facet normal 0 0 1
    outer loop
      vertex -45.4229 -38.0231 39.8019
      vertex -45.5012 -37.9845 39.8019
      vertex -46.3464 -39.7971 39.8019
    endloop
  endfacet
  facet normal 0 0 1
    outer loop
      vertex -45.5012 -37.9845 39.8019
      vertex -45.581 -37.9493 39.8019
      vertex -46.3464 -39.7971 39.8019
    endloop
  endfacet
  facet normal 0 0 1
    outer loop
      vertex -46.3464 -39.7971 39.8019
      vertex -45.581 -37.9493 39.8019
      vertex -45.6623 -37.9177 39.8019
    endloop
  endfacet
  facet normal 0 0 1
    outer loop
      vertex -45.1992 -38.1588 39.8019
      vertex -45.2718 -38.1103 39.8019
      vertex -46.3464 -39.7971 39.8019
    endloop
  endfacet
  facet normal 0 0 1
    outer loop
      vertex -45.2718 -38.1103 39.8019
      vertex -45.3464 -38.065 39.8019
      vertex -46.3464 -39.7971 39.8019
    endloop
  endfacet
  facet normal 0 0 1
    outer loop
      vertex -46.3464 -39.7971 39.8019
      vertex -45.3464 -38.065 39.8019
      vertex -45.4229 -38.0231 39.8019
    endloop
  endfacet
  facet normal 0 0 1
    outer loop
      vertex -44.9952 -38.3225 39.8019
      vertex -45.0608 -38.265 39.8019
      vertex -46.3464 -39.7971 39.8019
    endloop
  endfacet
  facet normal 0 0 1
    outer loop
      vertex -45.0608 -38.265 39.8019
      vertex -45.1289 -38.2104 39.8019
      vertex -46.3464 -39.7971 39.8019
    endloop
  endfacet
  facet normal 0 0 1
    outer loop
      vertex -46.3464 -39.7971 39.8019
      vertex -45.1289 -38.2104 39.8019
      vertex -45.1992 -38.1588 39.8019
    endloop
  endfacet
  facet normal 0 0 1
    outer loop
      vertex -44.8143 -38.5115 39.8019
      vertex -44.8718 -38.4459 39.8019
      vertex -46.3464 -39.7971 39.8019
    endloop
  endfacet
  facet normal 0 0 1
    outer loop
      vertex -44.8718 -38.4459 39.8019
      vertex -44.9322 -38.3829 39.8019
      vertex -46.3464 -39.7971 39.8019
    endloop
  endfacet
  facet normal 0 0 1
    outer loop
      vertex -46.3464 -39.7971 39.8019
      vertex -44.9322 -38.3829 39.8019
      vertex -44.9952 -38.3225 39.8019
    endloop
  endfacet
  facet normal 0 0 1
    outer loop
      vertex -44.6596 -38.7225 39.8019
      vertex -44.7081 -38.65 39.8019
      vertex -46.3464 -39.7971 39.8019
    endloop
  endfacet
  facet normal 0 0 1
    outer loop
      vertex -44.7081 -38.65 39.8019
      vertex -44.7597 -38.5796 39.8019
      vertex -46.3464 -39.7971 39.8019
    endloop
  endfacet
  facet normal 0 0 1
    outer loop
      vertex -46.3464 -39.7971 39.8019
      vertex -44.7597 -38.5796 39.8019
      vertex -44.8143 -38.5115 39.8019
    endloop
  endfacet
  facet normal 0 0 1
    outer loop
      vertex -44.5338 -38.9519 39.8019
      vertex -44.5724 -38.8736 39.8019
      vertex -46.3464 -39.7971 39.8019
    endloop
  endfacet
  facet normal 0 0 1
    outer loop
      vertex -44.5724 -38.8736 39.8019
      vertex -44.6143 -38.7971 39.8019
      vertex -46.3464 -39.7971 39.8019
    endloop
  endfacet
  facet normal 0 0 1
    outer loop
      vertex -46.3464 -39.7971 39.8019
      vertex -44.6143 -38.7971 39.8019
      vertex -44.6596 -38.7225 39.8019
    endloop
  endfacet
  facet normal 0 0 1
    outer loop
      vertex -44.439 -39.1957 39.8019
      vertex -44.467 -39.1131 39.8019
      vertex -46.3464 -39.7971 39.8019
    endloop
  endfacet
  facet normal 0 0 1
    outer loop
      vertex -44.467 -39.1131 39.8019
      vertex -44.4986 -39.0317 39.8019
      vertex -46.3464 -39.7971 39.8019
    endloop
  endfacet
  facet normal 0 0 1
    outer loop
      vertex -46.3464 -39.7971 39.8019
      vertex -44.4986 -39.0317 39.8019
      vertex -44.5338 -38.9519 39.8019
    endloop
  endfacet
  facet normal 0 0 1
    outer loop
      vertex -44.3768 -39.4498 39.8019
      vertex -44.3938 -39.3642 39.8019
      vertex -46.3464 -39.7971 39.8019
    endloop
  endfacet
  facet normal 0 0 1
    outer loop
      vertex -44.3938 -39.3642 39.8019
      vertex -44.4145 -39.2795 39.8019
      vertex -46.3464 -39.7971 39.8019
    endloop
  endfacet
  facet normal 0 0 1
    outer loop
      vertex -46.3464 -39.7971 39.8019
      vertex -44.4145 -39.2795 39.8019
      vertex -44.439 -39.1957 39.8019
    endloop
  endfacet
  facet normal 0 0 1
    outer loop
      vertex -44.3483 -39.7099 39.8019
      vertex -44.354 -39.6228 39.8019
      vertex -46.3464 -39.7971 39.8019
    endloop
  endfacet
  facet normal 0 0 1
    outer loop
      vertex -44.354 -39.6228 39.8019
      vertex -44.3635 -39.536 39.8019
      vertex -46.3464 -39.7971 39.8019
    endloop
  endfacet
  facet normal 0 0 1
    outer loop
      vertex -46.3464 -39.7971 39.8019
      vertex -44.3635 -39.536 39.8019
      vertex -44.3768 -39.4498 39.8019
    endloop
  endfacet
  facet normal -0.999762 -0.0218156 0
    outer loop
      vertex -44.3464 -39.7971 39.8019
      vertex -44.3464 -39.7971 47.8019
      vertex -44.3483 -39.7099 39.8019
    endloop
  endfacet
  facet normal -0.999762 -0.0218156 0
    outer loop
      vertex -44.3464 -39.7971 47.8019
      vertex -44.3483 -39.7099 47.8019
      vertex -44.3483 -39.7099 39.8019
    endloop
  endfacet
  facet normal -0.997859 -0.0654054 0
    outer loop
      vertex -44.3483 -39.7099 39.8019
      vertex -44.3483 -39.7099 47.8019
      vertex -44.354 -39.6228 39.8019
    endloop
  endfacet
  facet normal -0.997859 -0.0654054 0
    outer loop
      vertex -44.3483 -39.7099 47.8019
      vertex -44.354 -39.6228 47.8019
      vertex -44.354 -39.6228 39.8019
    endloop
  endfacet
  facet normal -0.994057 -0.108862 0
    outer loop
      vertex -44.354 -39.6228 39.8019
      vertex -44.354 -39.6228 47.8019
      vertex -44.3635 -39.536 39.8019
    endloop
  endfacet
  facet normal -0.994057 -0.108862 0
    outer loop
      vertex -44.354 -39.6228 47.8019
      vertex -44.3635 -39.536 47.8019
      vertex -44.3635 -39.536 39.8019
    endloop
  endfacet
  facet normal -0.988363 -0.152112 0
    outer loop
      vertex -44.3635 -39.536 39.8019
      vertex -44.3635 -39.536 47.8019
      vertex -44.3768 -39.4498 39.8019
    endloop
  endfacet
  facet normal -0.988363 -0.152112 0
    outer loop
      vertex -44.3635 -39.536 47.8019
      vertex -44.3768 -39.4498 47.8019
      vertex -44.3768 -39.4498 39.8019
    endloop
  endfacet
  facet normal -0.980782 -0.195106 0
    outer loop
      vertex -44.3768 -39.4498 39.8019
      vertex -44.3768 -39.4498 47.8019
      vertex -44.3938 -39.3642 39.8019
    endloop
  endfacet
  facet normal -0.980782 -0.195106 0
    outer loop
      vertex -44.3768 -39.4498 47.8019
      vertex -44.3938 -39.3642 47.8019
      vertex -44.3938 -39.3642 39.8019
    endloop
  endfacet
  facet normal -0.971346 -0.237671 0
    outer loop
      vertex -44.3938 -39.3642 39.8019
      vertex -44.3938 -39.3642 47.8019
      vertex -44.4145 -39.2795 39.8019
    endloop
  endfacet
  facet normal -0.971346 -0.237671 0
    outer loop
      vertex -44.3938 -39.3642 47.8019
      vertex -44.4145 -39.2795 47.8019
      vertex -44.4145 -39.2795 39.8019
    endloop
  endfacet
  facet normal -0.960046 -0.279843 0
    outer loop
      vertex -44.4145 -39.2795 39.8019
      vertex -44.4145 -39.2795 47.8019
      vertex -44.439 -39.1957 39.8019
    endloop
  endfacet
  facet normal -0.960046 -0.279843 0
    outer loop
      vertex -44.4145 -39.2795 47.8019
      vertex -44.439 -39.1957 47.8019
      vertex -44.439 -39.1957 39.8019
    endloop
  endfacet
  facet normal -0.946936 -0.321423 0
    outer loop
      vertex -44.439 -39.1957 39.8019
      vertex -44.439 -39.1957 47.8019
      vertex -44.467 -39.1131 39.8019
    endloop
  endfacet
  facet normal -0.946936 -0.321423 0
    outer loop
      vertex -44.439 -39.1957 47.8019
      vertex -44.467 -39.1131 47.8019
      vertex -44.467 -39.1131 39.8019
    endloop
  endfacet
  facet normal -0.932002 -0.362452 0
    outer loop
      vertex -44.467 -39.1131 39.8019
      vertex -44.467 -39.1131 47.8019
      vertex -44.4986 -39.0317 39.8019
    endloop
  endfacet
  facet normal -0.932002 -0.362452 0
    outer loop
      vertex -44.467 -39.1131 47.8019
      vertex -44.4986 -39.0317 47.8019
      vertex -44.4986 -39.0317 39.8019
    endloop
  endfacet
  facet normal -0.915302 -0.402769 0
    outer loop
      vertex -44.4986 -39.0317 39.8019
      vertex -44.4986 -39.0317 47.8019
      vertex -44.5338 -38.9519 39.8019
    endloop
  endfacet
  facet normal -0.915302 -0.402769 0
    outer loop
      vertex -44.4986 -39.0317 47.8019
      vertex -44.5338 -38.9519 47.8019
      vertex -44.5338 -38.9519 39.8019
    endloop
  endfacet
  facet normal -0.896873 -0.442289 0
    outer loop
      vertex -44.5338 -38.9519 39.8019
      vertex -44.5338 -38.9519 47.8019
      vertex -44.5724 -38.8736 39.8019
    endloop
  endfacet
  facet normal -0.896873 -0.442289 0
    outer loop
      vertex -44.5338 -38.9519 47.8019
      vertex -44.5724 -38.8736 47.8019
      vertex -44.5724 -38.8736 39.8019
    endloop
  endfacet
  facet normal -0.876735 -0.480974 0
    outer loop
      vertex -44.5724 -38.8736 39.8019
      vertex -44.5724 -38.8736 47.8019
      vertex -44.6143 -38.7971 39.8019
    endloop
  endfacet
  facet normal -0.876735 -0.480974 0
    outer loop
      vertex -44.5724 -38.8736 47.8019
      vertex -44.6143 -38.7971 47.8019
      vertex -44.6143 -38.7971 39.8019
    endloop
  endfacet
  facet normal -0.854902 -0.51879 0
    outer loop
      vertex -44.6143 -38.7971 39.8019
      vertex -44.6143 -38.7971 47.8019
      vertex -44.6596 -38.7225 39.8019
    endloop
  endfacet
  facet normal -0.854902 -0.51879 0
    outer loop
      vertex -44.6143 -38.7971 47.8019
      vertex -44.6596 -38.7225 47.8019
      vertex -44.6596 -38.7225 39.8019
    endloop
  endfacet
  facet normal -0.831478 -0.555557 0
    outer loop
      vertex -44.6596 -38.7225 39.8019
      vertex -44.6596 -38.7225 47.8019
      vertex -44.7081 -38.65 39.8019
    endloop
  endfacet
  facet normal -0.831478 -0.555557 0
    outer loop
      vertex -44.6596 -38.7225 47.8019
      vertex -44.7081 -38.65 47.8019
      vertex -44.7081 -38.65 39.8019
    endloop
  endfacet
  facet normal -0.806439 -0.591317 0
    outer loop
      vertex -44.7081 -38.65 39.8019
      vertex -44.7081 -38.65 47.8019
      vertex -44.7597 -38.5796 39.8019
    endloop
  endfacet
  facet normal -0.806439 -0.591317 0
    outer loop
      vertex -44.7081 -38.65 47.8019
      vertex -44.7597 -38.5796 47.8019
      vertex -44.7597 -38.5796 39.8019
    endloop
  endfacet
  facet normal -0.779897 -0.625907 0
    outer loop
      vertex -44.7597 -38.5796 39.8019
      vertex -44.7597 -38.5796 47.8019
      vertex -44.8143 -38.5115 39.8019
    endloop
  endfacet
  facet normal -0.779897 -0.625907 0
    outer loop
      vertex -44.7597 -38.5796 47.8019
      vertex -44.8143 -38.5115 47.8019
      vertex -44.8143 -38.5115 39.8019
    endloop
  endfacet
  facet normal -0.751849 -0.659335 0
    outer loop
      vertex -44.8143 -38.5115 39.8019
      vertex -44.8143 -38.5115 47.8019
      vertex -44.8718 -38.4459 39.8019
    endloop
  endfacet
  facet normal -0.751849 -0.659335 0
    outer loop
      vertex -44.8143 -38.5115 47.8019
      vertex -44.8718 -38.4459 47.8019
      vertex -44.8718 -38.4459 39.8019
    endloop
  endfacet
  facet normal -0.722351 -0.691527 0
    outer loop
      vertex -44.8718 -38.4459 39.8019
      vertex -44.8718 -38.4459 47.8019
      vertex -44.9322 -38.3829 39.8019
    endloop
  endfacet
  facet normal -0.722351 -0.691527 0
    outer loop
      vertex -44.8718 -38.4459 47.8019
      vertex -44.9322 -38.3829 47.8019
      vertex -44.9322 -38.3829 39.8019
    endloop
  endfacet
  facet normal -0.691527 -0.722351 0
    outer loop
      vertex -44.9322 -38.3829 39.8019
      vertex -44.9322 -38.3829 47.8019
      vertex -44.9952 -38.3225 39.8019
    endloop
  endfacet
  facet normal -0.691527 -0.722351 0
    outer loop
      vertex -44.9322 -38.3829 47.8019
      vertex -44.9952 -38.3225 47.8019
      vertex -44.9952 -38.3225 39.8019
    endloop
  endfacet
  facet normal -0.659335 -0.751849 0
    outer loop
      vertex -44.9952 -38.3225 39.8019
      vertex -44.9952 -38.3225 47.8019
      vertex -45.0608 -38.265 39.8019
    endloop
  endfacet
  facet normal -0.659335 -0.751849 0
    outer loop
      vertex -44.9952 -38.3225 47.8019
      vertex -45.0608 -38.265 47.8019
      vertex -45.0608 -38.265 39.8019
    endloop
  endfacet
  facet normal -0.625907 -0.779897 0
    outer loop
      vertex -45.0608 -38.265 39.8019
      vertex -45.0608 -38.265 47.8019
      vertex -45.1289 -38.2104 39.8019
    endloop
  endfacet
  facet normal -0.625907 -0.779897 0
    outer loop
      vertex -45.0608 -38.265 47.8019
      vertex -45.1289 -38.2104 47.8019
      vertex -45.1289 -38.2104 39.8019
    endloop
  endfacet
  facet normal -0.591338 -0.806424 0
    outer loop
      vertex -45.1289 -38.2104 39.8019
      vertex -45.1289 -38.2104 47.8019
      vertex -45.1992 -38.1588 39.8019
    endloop
  endfacet
  facet normal -0.591338 -0.806424 0
    outer loop
      vertex -45.1289 -38.2104 47.8019
      vertex -45.1992 -38.1588 47.8019
      vertex -45.1992 -38.1588 39.8019
    endloop
  endfacet
  facet normal -0.555557 -0.831478 0
    outer loop
      vertex -45.1992 -38.1588 39.8019
      vertex -45.1992 -38.1588 47.8019
      vertex -45.2718 -38.1103 39.8019
    endloop
  endfacet
  facet normal -0.555557 -0.831478 0
    outer loop
      vertex -45.1992 -38.1588 47.8019
      vertex -45.2718 -38.1103 47.8019
      vertex -45.2718 -38.1103 39.8019
    endloop
  endfacet
  facet normal -0.518771 -0.854913 0
    outer loop
      vertex -45.2718 -38.1103 39.8019
      vertex -45.2718 -38.1103 47.8019
      vertex -45.3464 -38.065 39.8019
    endloop
  endfacet
  facet normal -0.518771 -0.854913 0
    outer loop
      vertex -45.2718 -38.1103 47.8019
      vertex -45.3464 -38.065 47.8019
      vertex -45.3464 -38.065 39.8019
    endloop
  endfacet
  facet normal -0.480974 -0.876735 0
    outer loop
      vertex -45.3464 -38.065 39.8019
      vertex -45.3464 -38.065 47.8019
      vertex -45.4229 -38.0231 39.8019
    endloop
  endfacet
  facet normal -0.480974 -0.876735 0
    outer loop
      vertex -45.3464 -38.065 47.8019
      vertex -45.4229 -38.0231 47.8019
      vertex -45.4229 -38.0231 39.8019
    endloop
  endfacet
  facet normal -0.442289 -0.896873 0
    outer loop
      vertex -45.4229 -38.0231 39.8019
      vertex -45.4229 -38.0231 47.8019
      vertex -45.5012 -37.9845 39.8019
    endloop
  endfacet
  facet normal -0.442289 -0.896873 0
    outer loop
      vertex -45.4229 -38.0231 47.8019
      vertex -45.5012 -37.9845 47.8019
      vertex -45.5012 -37.9845 39.8019
    endloop
  endfacet
  facet normal -0.402769 -0.915302 0
    outer loop
      vertex -45.5012 -37.9845 39.8019
      vertex -45.5012 -37.9845 47.8019
      vertex -45.581 -37.9493 39.8019
    endloop
  endfacet
  facet normal -0.402769 -0.915302 0
    outer loop
      vertex -45.5012 -37.9845 47.8019
      vertex -45.581 -37.9493 47.8019
      vertex -45.581 -37.9493 39.8019
    endloop
  endfacet
  facet normal -0.362452 -0.932002 0
    outer loop
      vertex -45.581 -37.9493 39.8019
      vertex -45.581 -37.9493 47.8019
      vertex -45.6623 -37.9177 39.8019
    endloop
  endfacet
  facet normal -0.362452 -0.932002 0
    outer loop
      vertex -45.581 -37.9493 47.8019
      vertex -45.6623 -37.9177 47.8019
      vertex -45.6623 -37.9177 39.8019
    endloop
  endfacet
  facet normal -0.321423 -0.946936 0
    outer loop
      vertex -45.6623 -37.9177 39.8019
      vertex -45.6623 -37.9177 47.8019
      vertex -45.745 -37.8897 39.8019
    endloop
  endfacet
  facet normal -0.321423 -0.946936 0
    outer loop
      vertex -45.6623 -37.9177 47.8019
      vertex -45.745 -37.8897 47.8019
      vertex -45.745 -37.8897 39.8019
    endloop
  endfacet
  facet normal -0.279803 -0.960057 0
    outer loop
      vertex -45.745 -37.8897 39.8019
      vertex -45.745 -37.8897 47.8019
      vertex -45.8287 -37.8653 39.8019
    endloop
  endfacet
  facet normal -0.279803 -0.960057 0
    outer loop
      vertex -45.745 -37.8897 47.8019
      vertex -45.8287 -37.8653 47.8019
      vertex -45.8287 -37.8653 39.8019
    endloop
  endfacet
  facet normal -0.237711 -0.971336 0
    outer loop
      vertex -45.8287 -37.8653 39.8019
      vertex -45.8287 -37.8653 47.8019
      vertex -45.9135 -37.8445 39.8019
    endloop
  endfacet
  facet normal -0.237711 -0.971336 0
    outer loop
      vertex -45.8287 -37.8653 47.8019
      vertex -45.9135 -37.8445 47.8019
      vertex -45.9135 -37.8445 39.8019
    endloop
  endfacet
  facet normal -0.195106 -0.980782 0
    outer loop
      vertex -45.9135 -37.8445 39.8019
      vertex -45.9135 -37.8445 47.8019
      vertex -45.9991 -37.8275 39.8019
    endloop
  endfacet
  facet normal -0.195106 -0.980782 0
    outer loop
      vertex -45.9135 -37.8445 47.8019
      vertex -45.9991 -37.8275 47.8019
      vertex -45.9991 -37.8275 39.8019
    endloop
  endfacet
  facet normal -0.152112 -0.988363 0
    outer loop
      vertex -45.9991 -37.8275 39.8019
      vertex -45.9991 -37.8275 47.8019
      vertex -46.0853 -37.8142 39.8019
    endloop
  endfacet
  facet normal -0.152112 -0.988363 0
    outer loop
      vertex -45.9991 -37.8275 47.8019
      vertex -46.0853 -37.8142 47.8019
      vertex -46.0853 -37.8142 39.8019
    endloop
  endfacet
  facet normal -0.108862 -0.994057 0
    outer loop
      vertex -46.0853 -37.8142 39.8019
      vertex -46.0853 -37.8142 47.8019
      vertex -46.1721 -37.8047 39.8019
    endloop
  endfacet
  facet normal -0.108862 -0.994057 0
    outer loop
      vertex -46.0853 -37.8142 47.8019
      vertex -46.1721 -37.8047 47.8019
      vertex -46.1721 -37.8047 39.8019
    endloop
  endfacet
  facet normal -0.0654054 -0.997859 0
    outer loop
      vertex -46.1721 -37.8047 39.8019
      vertex -46.1721 -37.8047 47.8019
      vertex -46.2591 -37.799 39.8019
    endloop
  endfacet
  facet normal -0.0654054 -0.997859 0
    outer loop
      vertex -46.1721 -37.8047 47.8019
      vertex -46.2591 -37.799 47.8019
      vertex -46.2591 -37.799 39.8019
    endloop
  endfacet
  facet normal -0.0218156 -0.999762 0
    outer loop
      vertex -46.2591 -37.799 39.8019
      vertex -46.2591 -37.799 47.8019
      vertex -46.3464 -37.7971 39.8019
    endloop
  endfacet
  facet normal -0.0218156 -0.999762 0
    outer loop
      vertex -46.2591 -37.799 47.8019
      vertex -46.3464 -37.7971 47.8019
      vertex -46.3464 -37.7971 39.8019
    endloop
  endfacet
  facet normal 0.0218156 -0.999762 0
    outer loop
      vertex -46.3464 -37.7971 39.8019
      vertex -46.3464 -37.7971 47.8019
      vertex -46.4336 -37.799 39.8019
    endloop
  endfacet
  facet normal 0.0218156 -0.999762 0
    outer loop
      vertex -46.3464 -37.7971 47.8019
      vertex -46.4336 -37.799 47.8019
      vertex -46.4336 -37.799 39.8019
    endloop
  endfacet
  facet normal 0.0654054 -0.997859 0
    outer loop
      vertex -46.4336 -37.799 39.8019
      vertex -46.4336 -37.799 47.8019
      vertex -46.5207 -37.8047 39.8019
    endloop
  endfacet
  facet normal 0.0654054 -0.997859 0
    outer loop
      vertex -46.4336 -37.799 47.8019
      vertex -46.5207 -37.8047 47.8019
      vertex -46.5207 -37.8047 39.8019
    endloop
  endfacet
  facet normal 0.108862 -0.994057 0
    outer loop
      vertex -46.5207 -37.8047 39.8019
      vertex -46.5207 -37.8047 47.8019
      vertex -46.6074 -37.8142 39.8019
    endloop
  endfacet
  facet normal 0.108862 -0.994057 0
    outer loop
      vertex -46.5207 -37.8047 47.8019
      vertex -46.6074 -37.8142 47.8019
      vertex -46.6074 -37.8142 39.8019
    endloop
  endfacet
  facet normal 0.152112 -0.988363 0
    outer loop
      vertex -46.6074 -37.8142 39.8019
      vertex -46.6074 -37.8142 47.8019
      vertex -46.6937 -37.8275 39.8019
    endloop
  endfacet
  facet normal 0.152112 -0.988363 0
    outer loop
      vertex -46.6074 -37.8142 47.8019
      vertex -46.6937 -37.8275 47.8019
      vertex -46.6937 -37.8275 39.8019
    endloop
  endfacet
  facet normal 0.195106 -0.980782 0
    outer loop
      vertex -46.6937 -37.8275 39.8019
      vertex -46.6937 -37.8275 47.8019
      vertex -46.7793 -37.8445 39.8019
    endloop
  endfacet
  facet normal 0.195106 -0.980782 0
    outer loop
      vertex -46.6937 -37.8275 47.8019
      vertex -46.7793 -37.8445 47.8019
      vertex -46.7793 -37.8445 39.8019
    endloop
  endfacet
  facet normal 0.237711 -0.971336 0
    outer loop
      vertex -46.7793 -37.8445 39.8019
      vertex -46.7793 -37.8445 47.8019
      vertex -46.864 -37.8653 39.8019
    endloop
  endfacet
  facet normal 0.237711 -0.971336 0
    outer loop
      vertex -46.7793 -37.8445 47.8019
      vertex -46.864 -37.8653 47.8019
      vertex -46.864 -37.8653 39.8019
    endloop
  endfacet
  facet normal 0.279803 -0.960057 0
    outer loop
      vertex -46.864 -37.8653 39.8019
      vertex -46.864 -37.8653 47.8019
      vertex -46.9478 -37.8897 39.8019
    endloop
  endfacet
  facet normal 0.279803 -0.960057 0
    outer loop
      vertex -46.864 -37.8653 47.8019
      vertex -46.9478 -37.8897 47.8019
      vertex -46.9478 -37.8897 39.8019
    endloop
  endfacet
  facet normal 0.321423 -0.946936 0
    outer loop
      vertex -46.9478 -37.8897 39.8019
      vertex -46.9478 -37.8897 47.8019
      vertex -47.0304 -37.9177 39.8019
    endloop
  endfacet
  facet normal 0.321423 -0.946936 0
    outer loop
      vertex -46.9478 -37.8897 47.8019
      vertex -47.0304 -37.9177 47.8019
      vertex -47.0304 -37.9177 39.8019
    endloop
  endfacet
  facet normal 0.362452 -0.932002 0
    outer loop
      vertex -47.0304 -37.9177 39.8019
      vertex -47.0304 -37.9177 47.8019
      vertex -47.1118 -37.9493 39.8019
    endloop
  endfacet
  facet normal 0.362452 -0.932002 0
    outer loop
      vertex -47.0304 -37.9177 47.8019
      vertex -47.1118 -37.9493 47.8019
      vertex -47.1118 -37.9493 39.8019
    endloop
  endfacet
  facet normal 0.402769 -0.915302 0
    outer loop
      vertex -47.1118 -37.9493 39.8019
      vertex -47.1118 -37.9493 47.8019
      vertex -47.1916 -37.9845 39.8019
    endloop
  endfacet
  facet normal 0.402769 -0.915302 0
    outer loop
      vertex -47.1118 -37.9493 47.8019
      vertex -47.1916 -37.9845 47.8019
      vertex -47.1916 -37.9845 39.8019
    endloop
  endfacet
  facet normal 0.442289 -0.896873 0
    outer loop
      vertex -47.1916 -37.9845 39.8019
      vertex -47.1916 -37.9845 47.8019
      vertex -47.2699 -38.0231 39.8019
    endloop
  endfacet
  facet normal 0.442289 -0.896873 0
    outer loop
      vertex -47.1916 -37.9845 47.8019
      vertex -47.2699 -38.0231 47.8019
      vertex -47.2699 -38.0231 39.8019
    endloop
  endfacet
  facet normal 0.480974 -0.876735 0
    outer loop
      vertex -47.2699 -38.0231 39.8019
      vertex -47.2699 -38.0231 47.8019
      vertex -47.3464 -38.065 39.8019
    endloop
  endfacet
  facet normal 0.480974 -0.876735 0
    outer loop
      vertex -47.2699 -38.0231 47.8019
      vertex -47.3464 -38.065 47.8019
      vertex -47.3464 -38.065 39.8019
    endloop
  endfacet
  facet normal 0.51879 -0.854902 0
    outer loop
      vertex -47.3464 -38.065 39.8019
      vertex -47.3464 -38.065 47.8019
      vertex -47.421 -38.1103 39.8019
    endloop
  endfacet
  facet normal 0.51879 -0.854902 0
    outer loop
      vertex -47.3464 -38.065 47.8019
      vertex -47.421 -38.1103 47.8019
      vertex -47.421 -38.1103 39.8019
    endloop
  endfacet
  facet normal 0.555557 -0.831478 0
    outer loop
      vertex -47.421 -38.1103 39.8019
      vertex -47.421 -38.1103 47.8019
      vertex -47.4935 -38.1588 39.8019
    endloop
  endfacet
  facet normal 0.555557 -0.831478 0
    outer loop
      vertex -47.421 -38.1103 47.8019
      vertex -47.4935 -38.1588 47.8019
      vertex -47.4935 -38.1588 39.8019
    endloop
  endfacet
  facet normal 0.591317 -0.806439 0
    outer loop
      vertex -47.4935 -38.1588 39.8019
      vertex -47.4935 -38.1588 47.8019
      vertex -47.5639 -38.2104 39.8019
    endloop
  endfacet
  facet normal 0.591317 -0.806439 0
    outer loop
      vertex -47.4935 -38.1588 47.8019
      vertex -47.5639 -38.2104 47.8019
      vertex -47.5639 -38.2104 39.8019
    endloop
  endfacet
  facet normal 0.625907 -0.779897 0
    outer loop
      vertex -47.5639 -38.2104 39.8019
      vertex -47.5639 -38.2104 47.8019
      vertex -47.632 -38.265 39.8019
    endloop
  endfacet
  facet normal 0.625907 -0.779897 0
    outer loop
      vertex -47.5639 -38.2104 47.8019
      vertex -47.632 -38.265 47.8019
      vertex -47.632 -38.265 39.8019
    endloop
  endfacet
  facet normal 0.659335 -0.751849 0
    outer loop
      vertex -47.632 -38.265 39.8019
      vertex -47.632 -38.265 47.8019
      vertex -47.6976 -38.3225 39.8019
    endloop
  endfacet
  facet normal 0.659335 -0.751849 0
    outer loop
      vertex -47.632 -38.265 47.8019
      vertex -47.6976 -38.3225 47.8019
      vertex -47.6976 -38.3225 39.8019
    endloop
  endfacet
  facet normal 0.691527 -0.722351 0
    outer loop
      vertex -47.6976 -38.3225 39.8019
      vertex -47.6976 -38.3225 47.8019
      vertex -47.7606 -38.3829 39.8019
    endloop
  endfacet
  facet normal 0.691527 -0.722351 0
    outer loop
      vertex -47.6976 -38.3225 47.8019
      vertex -47.7606 -38.3829 47.8019
      vertex -47.7606 -38.3829 39.8019
    endloop
  endfacet
  facet normal 0.722351 -0.691527 0
    outer loop
      vertex -47.7606 -38.3829 39.8019
      vertex -47.7606 -38.3829 47.8019
      vertex -47.8209 -38.4459 39.8019
    endloop
  endfacet
  facet normal 0.722351 -0.691527 0
    outer loop
      vertex -47.7606 -38.3829 47.8019
      vertex -47.8209 -38.4459 47.8019
      vertex -47.8209 -38.4459 39.8019
    endloop
  endfacet
  facet normal 0.751849 -0.659335 0
    outer loop
      vertex -47.8209 -38.4459 39.8019
      vertex -47.8209 -38.4459 47.8019
      vertex -47.8785 -38.5115 39.8019
    endloop
  endfacet
  facet normal 0.751849 -0.659335 0
    outer loop
      vertex -47.8209 -38.4459 47.8019
      vertex -47.8785 -38.5115 47.8019
      vertex -47.8785 -38.5115 39.8019
    endloop
  endfacet
  facet normal 0.779897 -0.625907 0
    outer loop
      vertex -47.8785 -38.5115 39.8019
      vertex -47.8785 -38.5115 47.8019
      vertex -47.9331 -38.5796 39.8019
    endloop
  endfacet
  facet normal 0.779897 -0.625907 0
    outer loop
      vertex -47.8785 -38.5115 47.8019
      vertex -47.9331 -38.5796 47.8019
      vertex -47.9331 -38.5796 39.8019
    endloop
  endfacet
  facet normal 0.806439 -0.591317 0
    outer loop
      vertex -47.9331 -38.5796 39.8019
      vertex -47.9331 -38.5796 47.8019
      vertex -47.9847 -38.65 39.8019
    endloop
  endfacet
  facet normal 0.806439 -0.591317 0
    outer loop
      vertex -47.9331 -38.5796 47.8019
      vertex -47.9847 -38.65 47.8019
      vertex -47.9847 -38.65 39.8019
    endloop
  endfacet
  facet normal 0.831478 -0.555557 0
    outer loop
      vertex -47.9847 -38.65 39.8019
      vertex -47.9847 -38.65 47.8019
      vertex -48.0332 -38.7225 39.8019
    endloop
  endfacet
  facet normal 0.831478 -0.555557 0
    outer loop
      vertex -47.9847 -38.65 47.8019
      vertex -48.0332 -38.7225 47.8019
      vertex -48.0332 -38.7225 39.8019
    endloop
  endfacet
  facet normal 0.854902 -0.51879 0
    outer loop
      vertex -48.0332 -38.7225 39.8019
      vertex -48.0332 -38.7225 47.8019
      vertex -48.0784 -38.7971 39.8019
    endloop
  endfacet
  facet normal 0.854902 -0.51879 0
    outer loop
      vertex -48.0332 -38.7225 47.8019
      vertex -48.0784 -38.7971 47.8019
      vertex -48.0784 -38.7971 39.8019
    endloop
  endfacet
  facet normal 0.876735 -0.480974 0
    outer loop
      vertex -48.0784 -38.7971 39.8019
      vertex -48.0784 -38.7971 47.8019
      vertex -48.1204 -38.8736 39.8019
    endloop
  endfacet
  facet normal 0.876735 -0.480974 0
    outer loop
      vertex -48.0784 -38.7971 47.8019
      vertex -48.1204 -38.8736 47.8019
      vertex -48.1204 -38.8736 39.8019
    endloop
  endfacet
  facet normal 0.896873 -0.442289 0
    outer loop
      vertex -48.1204 -38.8736 39.8019
      vertex -48.1204 -38.8736 47.8019
      vertex -48.159 -38.9519 39.8019
    endloop
  endfacet
  facet normal 0.896873 -0.442289 0
    outer loop
      vertex -48.1204 -38.8736 47.8019
      vertex -48.159 -38.9519 47.8019
      vertex -48.159 -38.9519 39.8019
    endloop
  endfacet
  facet normal 0.915302 -0.402769 0
    outer loop
      vertex -48.159 -38.9519 39.8019
      vertex -48.159 -38.9519 47.8019
      vertex -48.1941 -39.0317 39.8019
    endloop
  endfacet
  facet normal 0.915302 -0.402769 0
    outer loop
      vertex -48.159 -38.9519 47.8019
      vertex -48.1941 -39.0317 47.8019
      vertex -48.1941 -39.0317 39.8019
    endloop
  endfacet
  facet normal 0.932002 -0.362452 0
    outer loop
      vertex -48.1941 -39.0317 39.8019
      vertex -48.1941 -39.0317 47.8019
      vertex -48.2258 -39.1131 39.8019
    endloop
  endfacet
  facet normal 0.932002 -0.362452 0
    outer loop
      vertex -48.1941 -39.0317 47.8019
      vertex -48.2258 -39.1131 47.8019
      vertex -48.2258 -39.1131 39.8019
    endloop
  endfacet
  facet normal 0.946936 -0.321423 0
    outer loop
      vertex -48.2258 -39.1131 39.8019
      vertex -48.2258 -39.1131 47.8019
      vertex -48.2538 -39.1957 39.8019
    endloop
  endfacet
  facet normal 0.946936 -0.321423 0
    outer loop
      vertex -48.2258 -39.1131 47.8019
      vertex -48.2538 -39.1957 47.8019
      vertex -48.2538 -39.1957 39.8019
    endloop
  endfacet
  facet normal 0.960057 -0.279803 0
    outer loop
      vertex -48.2538 -39.1957 39.8019
      vertex -48.2538 -39.1957 47.8019
      vertex -48.2782 -39.2795 39.8019
    endloop
  endfacet
  facet normal 0.960057 -0.279803 0
    outer loop
      vertex -48.2538 -39.1957 47.8019
      vertex -48.2782 -39.2795 47.8019
      vertex -48.2782 -39.2795 39.8019
    endloop
  endfacet
  facet normal 0.971336 -0.237711 0
    outer loop
      vertex -48.2782 -39.2795 39.8019
      vertex -48.2782 -39.2795 47.8019
      vertex -48.299 -39.3642 39.8019
    endloop
  endfacet
  facet normal 0.971336 -0.237711 0
    outer loop
      vertex -48.2782 -39.2795 47.8019
      vertex -48.299 -39.3642 47.8019
      vertex -48.299 -39.3642 39.8019
    endloop
  endfacet
  facet normal 0.980782 -0.195106 0
    outer loop
      vertex -48.299 -39.3642 39.8019
      vertex -48.299 -39.3642 47.8019
      vertex -48.316 -39.4498 39.8019
    endloop
  endfacet
  facet normal 0.980782 -0.195106 0
    outer loop
      vertex -48.299 -39.3642 47.8019
      vertex -48.316 -39.4498 47.8019
      vertex -48.316 -39.4498 39.8019
    endloop
  endfacet
  facet normal 0.988363 -0.152112 0
    outer loop
      vertex -48.316 -39.4498 39.8019
      vertex -48.316 -39.4498 47.8019
      vertex -48.3293 -39.536 39.8019
    endloop
  endfacet
  facet normal 0.988363 -0.152112 0
    outer loop
      vertex -48.316 -39.4498 47.8019
      vertex -48.3293 -39.536 47.8019
      vertex -48.3293 -39.536 39.8019
    endloop
  endfacet
  facet normal 0.994057 -0.108862 0
    outer loop
      vertex -48.3293 -39.536 39.8019
      vertex -48.3293 -39.536 47.8019
      vertex -48.3388 -39.6228 39.8019
    endloop
  endfacet
  facet normal 0.994057 -0.108862 0
    outer loop
      vertex -48.3293 -39.536 47.8019
      vertex -48.3388 -39.6228 47.8019
      vertex -48.3388 -39.6228 39.8019
    endloop
  endfacet
  facet normal 0.997859 -0.0654054 0
    outer loop
      vertex -48.3388 -39.6228 39.8019
      vertex -48.3388 -39.6228 47.8019
      vertex -48.3445 -39.7099 39.8019
    endloop
  endfacet
  facet normal 0.997859 -0.0654054 0
    outer loop
      vertex -48.3388 -39.6228 47.8019
      vertex -48.3445 -39.7099 47.8019
      vertex -48.3445 -39.7099 39.8019
    endloop
  endfacet
  facet normal 0.999762 -0.0218156 0
    outer loop
      vertex -48.3445 -39.7099 39.8019
      vertex -48.3445 -39.7099 47.8019
      vertex -48.3464 -39.7971 39.8019
    endloop
  endfacet
  facet normal 0.999762 -0.0218156 0
    outer loop
      vertex -48.3445 -39.7099 47.8019
      vertex -48.3464 -39.7971 47.8019
      vertex -48.3464 -39.7971 39.8019
    endloop
  endfacet
  facet normal 0.999762 0.0218156 0
    outer loop
      vertex -48.3464 -39.7971 39.8019
      vertex -48.3464 -39.7971 47.8019
      vertex -48.3445 -39.8843 39.8019
    endloop
  endfacet
  facet normal 0.999762 0.0218156 0
    outer loop
      vertex -48.3464 -39.7971 47.8019
      vertex -48.3445 -39.8843 47.8019
      vertex -48.3445 -39.8843 39.8019
    endloop
  endfacet
  facet normal 0.997859 0.0654054 0
    outer loop
      vertex -48.3445 -39.8843 39.8019
      vertex -48.3445 -39.8843 47.8019
      vertex -48.3388 -39.9714 39.8019
    endloop
  endfacet
  facet normal 0.997859 0.0654054 0
    outer loop
      vertex -48.3445 -39.8843 47.8019
      vertex -48.3388 -39.9714 47.8019
      vertex -48.3388 -39.9714 39.8019
    endloop
  endfacet
  facet normal 0.994057 0.108862 0
    outer loop
      vertex -48.3388 -39.9714 39.8019
      vertex -48.3388 -39.9714 47.8019
      vertex -48.3293 -40.0582 39.8019
    endloop
  endfacet
  facet normal 0.994057 0.108862 0
    outer loop
      vertex -48.3388 -39.9714 47.8019
      vertex -48.3293 -40.0582 47.8019
      vertex -48.3293 -40.0582 39.8019
    endloop
  endfacet
  facet normal 0.988363 0.152112 0
    outer loop
      vertex -48.3293 -40.0582 39.8019
      vertex -48.3293 -40.0582 47.8019
      vertex -48.316 -40.1444 39.8019
    endloop
  endfacet
  facet normal 0.988363 0.152112 0
    outer loop
      vertex -48.3293 -40.0582 47.8019
      vertex -48.316 -40.1444 47.8019
      vertex -48.316 -40.1444 39.8019
    endloop
  endfacet
  facet normal 0.980782 0.195106 0
    outer loop
      vertex -48.316 -40.1444 39.8019
      vertex -48.316 -40.1444 47.8019
      vertex -48.299 -40.23 39.8019
    endloop
  endfacet
  facet normal 0.980782 0.195106 0
    outer loop
      vertex -48.316 -40.1444 47.8019
      vertex -48.299 -40.23 47.8019
      vertex -48.299 -40.23 39.8019
    endloop
  endfacet
  facet normal 0.971336 0.237711 0
    outer loop
      vertex -48.299 -40.23 39.8019
      vertex -48.299 -40.23 47.8019
      vertex -48.2782 -40.3147 39.8019
    endloop
  endfacet
  facet normal 0.971336 0.237711 0
    outer loop
      vertex -48.299 -40.23 47.8019
      vertex -48.2782 -40.3147 47.8019
      vertex -48.2782 -40.3147 39.8019
    endloop
  endfacet
  facet normal 0.960057 0.279803 0
    outer loop
      vertex -48.2782 -40.3147 39.8019
      vertex -48.2782 -40.3147 47.8019
      vertex -48.2538 -40.3985 39.8019
    endloop
  endfacet
  facet normal 0.960057 0.279803 0
    outer loop
      vertex -48.2782 -40.3147 47.8019
      vertex -48.2538 -40.3985 47.8019
      vertex -48.2538 -40.3985 39.8019
    endloop
  endfacet
  facet normal 0.946936 0.321423 0
    outer loop
      vertex -48.2538 -40.3985 39.8019
      vertex -48.2538 -40.3985 47.8019
      vertex -48.2258 -40.4811 39.8019
    endloop
  endfacet
  facet normal 0.946936 0.321423 0
    outer loop
      vertex -48.2538 -40.3985 47.8019
      vertex -48.2258 -40.4811 47.8019
      vertex -48.2258 -40.4811 39.8019
    endloop
  endfacet
  facet normal 0.932002 0.362452 0
    outer loop
      vertex -48.2258 -40.4811 39.8019
      vertex -48.2258 -40.4811 47.8019
      vertex -48.1941 -40.5625 39.8019
    endloop
  endfacet
  facet normal 0.932002 0.362452 0
    outer loop
      vertex -48.2258 -40.4811 47.8019
      vertex -48.1941 -40.5625 47.8019
      vertex -48.1941 -40.5625 39.8019
    endloop
  endfacet
  facet normal 0.915309 0.402753 0
    outer loop
      vertex -48.1941 -40.5625 39.8019
      vertex -48.1941 -40.5625 47.8019
      vertex -48.159 -40.6423 39.8019
    endloop
  endfacet
  facet normal 0.915309 0.402753 0
    outer loop
      vertex -48.1941 -40.5625 47.8019
      vertex -48.159 -40.6423 47.8019
      vertex -48.159 -40.6423 39.8019
    endloop
  endfacet
  facet normal 0.896864 0.442306 0
    outer loop
      vertex -48.159 -40.6423 39.8019
      vertex -48.159 -40.6423 47.8019
      vertex -48.1204 -40.7206 39.8019
    endloop
  endfacet
  facet normal 0.896864 0.442306 0
    outer loop
      vertex -48.159 -40.6423 47.8019
      vertex -48.1204 -40.7206 47.8019
      vertex -48.1204 -40.7206 39.8019
    endloop
  endfacet
  facet normal 0.876744 0.480956 0
    outer loop
      vertex -48.1204 -40.7206 39.8019
      vertex -48.1204 -40.7206 47.8019
      vertex -48.0784 -40.7971 39.8019
    endloop
  endfacet
  facet normal 0.876744 0.480956 0
    outer loop
      vertex -48.1204 -40.7206 47.8019
      vertex -48.0784 -40.7971 47.8019
      vertex -48.0784 -40.7971 39.8019
    endloop
  endfacet
  facet normal 0.854902 0.51879 0
    outer loop
      vertex -48.0784 -40.7971 39.8019
      vertex -48.0784 -40.7971 47.8019
      vertex -48.0332 -40.8717 39.8019
    endloop
  endfacet
  facet normal 0.854902 0.51879 0
    outer loop
      vertex -48.0784 -40.7971 47.8019
      vertex -48.0332 -40.8717 47.8019
      vertex -48.0332 -40.8717 39.8019
    endloop
  endfacet
  facet normal 0.831478 0.555557 0
    outer loop
      vertex -48.0332 -40.8717 39.8019
      vertex -48.0332 -40.8717 47.8019
      vertex -47.9847 -40.9443 39.8019
    endloop
  endfacet
  facet normal 0.831478 0.555557 0
    outer loop
      vertex -48.0332 -40.8717 47.8019
      vertex -47.9847 -40.9443 47.8019
      vertex -47.9847 -40.9443 39.8019
    endloop
  endfacet
  facet normal 0.806424 0.591338 0
    outer loop
      vertex -47.9847 -40.9443 39.8019
      vertex -47.9847 -40.9443 47.8019
      vertex -47.9331 -41.0146 39.8019
    endloop
  endfacet
  facet normal 0.806424 0.591338 0
    outer loop
      vertex -47.9847 -40.9443 47.8019
      vertex -47.9331 -41.0146 47.8019
      vertex -47.9331 -41.0146 39.8019
    endloop
  endfacet
  facet normal 0.779897 0.625907 0
    outer loop
      vertex -47.9331 -41.0146 39.8019
      vertex -47.9331 -41.0146 47.8019
      vertex -47.8785 -41.0827 39.8019
    endloop
  endfacet
  facet normal 0.779897 0.625907 0
    outer loop
      vertex -47.9331 -41.0146 47.8019
      vertex -47.8785 -41.0827 47.8019
      vertex -47.8785 -41.0827 39.8019
    endloop
  endfacet
  facet normal 0.751849 0.659335 0
    outer loop
      vertex -47.8785 -41.0827 39.8019
      vertex -47.8785 -41.0827 47.8019
      vertex -47.8209 -41.1483 39.8019
    endloop
  endfacet
  facet normal 0.751849 0.659335 0
    outer loop
      vertex -47.8785 -41.0827 47.8019
      vertex -47.8209 -41.1483 47.8019
      vertex -47.8209 -41.1483 39.8019
    endloop
  endfacet
  facet normal 0.722351 0.691527 0
    outer loop
      vertex -47.8209 -41.1483 39.8019
      vertex -47.8209 -41.1483 47.8019
      vertex -47.7606 -41.2113 39.8019
    endloop
  endfacet
  facet normal 0.722351 0.691527 0
    outer loop
      vertex -47.8209 -41.1483 47.8019
      vertex -47.7606 -41.2113 47.8019
      vertex -47.7606 -41.2113 39.8019
    endloop
  endfacet
  facet normal 0.691527 0.722351 0
    outer loop
      vertex -47.7606 -41.2113 39.8019
      vertex -47.7606 -41.2113 47.8019
      vertex -47.6976 -41.2717 39.8019
    endloop
  endfacet
  facet normal 0.691527 0.722351 0
    outer loop
      vertex -47.7606 -41.2113 47.8019
      vertex -47.6976 -41.2717 47.8019
      vertex -47.6976 -41.2717 39.8019
    endloop
  endfacet
  facet normal 0.659335 0.751849 0
    outer loop
      vertex -47.6976 -41.2717 39.8019
      vertex -47.6976 -41.2717 47.8019
      vertex -47.632 -41.3292 39.8019
    endloop
  endfacet
  facet normal 0.659335 0.751849 0
    outer loop
      vertex -47.6976 -41.2717 47.8019
      vertex -47.632 -41.3292 47.8019
      vertex -47.632 -41.3292 39.8019
    endloop
  endfacet
  facet normal 0.625907 0.779897 0
    outer loop
      vertex -47.632 -41.3292 39.8019
      vertex -47.632 -41.3292 47.8019
      vertex -47.5639 -41.3838 39.8019
    endloop
  endfacet
  facet normal 0.625907 0.779897 0
    outer loop
      vertex -47.632 -41.3292 47.8019
      vertex -47.5639 -41.3838 47.8019
      vertex -47.5639 -41.3838 39.8019
    endloop
  endfacet
  facet normal 0.591317 0.806439 0
    outer loop
      vertex -47.5639 -41.3838 39.8019
      vertex -47.5639 -41.3838 47.8019
      vertex -47.4935 -41.4354 39.8019
    endloop
  endfacet
  facet normal 0.591317 0.806439 0
    outer loop
      vertex -47.5639 -41.3838 47.8019
      vertex -47.4935 -41.4354 47.8019
      vertex -47.4935 -41.4354 39.8019
    endloop
  endfacet
  facet normal 0.555557 0.831478 0
    outer loop
      vertex -47.4935 -41.4354 39.8019
      vertex -47.4935 -41.4354 47.8019
      vertex -47.421 -41.4839 39.8019
    endloop
  endfacet
  facet normal 0.555557 0.831478 0
    outer loop
      vertex -47.4935 -41.4354 47.8019
      vertex -47.421 -41.4839 47.8019
      vertex -47.421 -41.4839 39.8019
    endloop
  endfacet
  facet normal 0.51879 0.854902 0
    outer loop
      vertex -47.421 -41.4839 39.8019
      vertex -47.421 -41.4839 47.8019
      vertex -47.3464 -41.5292 39.8019
    endloop
  endfacet
  facet normal 0.51879 0.854902 0
    outer loop
      vertex -47.421 -41.4839 47.8019
      vertex -47.3464 -41.5292 47.8019
      vertex -47.3464 -41.5292 39.8019
    endloop
  endfacet
  facet normal 0.480974 0.876735 0
    outer loop
      vertex -47.3464 -41.5292 39.8019
      vertex -47.3464 -41.5292 47.8019
      vertex -47.2699 -41.5711 39.8019
    endloop
  endfacet
  facet normal 0.480974 0.876735 0
    outer loop
      vertex -47.3464 -41.5292 47.8019
      vertex -47.2699 -41.5711 47.8019
      vertex -47.2699 -41.5711 39.8019
    endloop
  endfacet
  facet normal 0.442289 0.896873 0
    outer loop
      vertex -47.2699 -41.5711 39.8019
      vertex -47.2699 -41.5711 47.8019
      vertex -47.1916 -41.6097 39.8019
    endloop
  endfacet
  facet normal 0.442289 0.896873 0
    outer loop
      vertex -47.2699 -41.5711 47.8019
      vertex -47.1916 -41.6097 47.8019
      vertex -47.1916 -41.6097 39.8019
    endloop
  endfacet
  facet normal 0.402769 0.915302 0
    outer loop
      vertex -47.1916 -41.6097 39.8019
      vertex -47.1916 -41.6097 47.8019
      vertex -47.1118 -41.6449 39.8019
    endloop
  endfacet
  facet normal 0.402769 0.915302 0
    outer loop
      vertex -47.1916 -41.6097 47.8019
      vertex -47.1118 -41.6449 47.8019
      vertex -47.1118 -41.6449 39.8019
    endloop
  endfacet
  facet normal 0.362452 0.932002 0
    outer loop
      vertex -47.1118 -41.6449 39.8019
      vertex -47.1118 -41.6449 47.8019
      vertex -47.0304 -41.6765 39.8019
    endloop
  endfacet
  facet normal 0.362452 0.932002 0
    outer loop
      vertex -47.1118 -41.6449 47.8019
      vertex -47.0304 -41.6765 47.8019
      vertex -47.0304 -41.6765 39.8019
    endloop
  endfacet
  facet normal 0.321423 0.946936 0
    outer loop
      vertex -47.0304 -41.6765 39.8019
      vertex -47.0304 -41.6765 47.8019
      vertex -46.9478 -41.7045 39.8019
    endloop
  endfacet
  facet normal 0.321423 0.946936 0
    outer loop
      vertex -47.0304 -41.6765 47.8019
      vertex -46.9478 -41.7045 47.8019
      vertex -46.9478 -41.7045 39.8019
    endloop
  endfacet
  facet normal 0.279843 0.960046 0
    outer loop
      vertex -46.9478 -41.7045 39.8019
      vertex -46.9478 -41.7045 47.8019
      vertex -46.864 -41.729 39.8019
    endloop
  endfacet
  facet normal 0.279843 0.960046 0
    outer loop
      vertex -46.9478 -41.7045 47.8019
      vertex -46.864 -41.729 47.8019
      vertex -46.864 -41.729 39.8019
    endloop
  endfacet
  facet normal 0.237671 0.971346 0
    outer loop
      vertex -46.864 -41.729 39.8019
      vertex -46.864 -41.729 47.8019
      vertex -46.7793 -41.7497 39.8019
    endloop
  endfacet
  facet normal 0.237671 0.971346 0
    outer loop
      vertex -46.864 -41.729 47.8019
      vertex -46.7793 -41.7497 47.8019
      vertex -46.7793 -41.7497 39.8019
    endloop
  endfacet
  facet normal 0.195106 0.980782 0
    outer loop
      vertex -46.7793 -41.7497 39.8019
      vertex -46.7793 -41.7497 47.8019
      vertex -46.6937 -41.7667 39.8019
    endloop
  endfacet
  facet normal 0.195106 0.980782 0
    outer loop
      vertex -46.7793 -41.7497 47.8019
      vertex -46.6937 -41.7667 47.8019
      vertex -46.6937 -41.7667 39.8019
    endloop
  endfacet
  facet normal 0.152112 0.988363 0
    outer loop
      vertex -46.6937 -41.7667 39.8019
      vertex -46.6937 -41.7667 47.8019
      vertex -46.6074 -41.78 39.8019
    endloop
  endfacet
  facet normal 0.152112 0.988363 0
    outer loop
      vertex -46.6937 -41.7667 47.8019
      vertex -46.6074 -41.78 47.8019
      vertex -46.6074 -41.78 39.8019
    endloop
  endfacet
  facet normal 0.108862 0.994057 0
    outer loop
      vertex -46.6074 -41.78 39.8019
      vertex -46.6074 -41.78 47.8019
      vertex -46.5207 -41.7895 39.8019
    endloop
  endfacet
  facet normal 0.108862 0.994057 0
    outer loop
      vertex -46.6074 -41.78 47.8019
      vertex -46.5207 -41.7895 47.8019
      vertex -46.5207 -41.7895 39.8019
    endloop
  endfacet
  facet normal 0.0654054 0.997859 0
    outer loop
      vertex -46.5207 -41.7895 39.8019
      vertex -46.5207 -41.7895 47.8019
      vertex -46.4336 -41.7952 39.8019
    endloop
  endfacet
  facet normal 0.0654054 0.997859 0
    outer loop
      vertex -46.5207 -41.7895 47.8019
      vertex -46.4336 -41.7952 47.8019
      vertex -46.4336 -41.7952 39.8019
    endloop
  endfacet
  facet normal 0.0218156 0.999762 0
    outer loop
      vertex -46.4336 -41.7952 39.8019
      vertex -46.4336 -41.7952 47.8019
      vertex -46.3464 -41.7971 39.8019
    endloop
  endfacet
  facet normal 0.0218156 0.999762 0
    outer loop
      vertex -46.4336 -41.7952 47.8019
      vertex -46.3464 -41.7971 47.8019
      vertex -46.3464 -41.7971 39.8019
    endloop
  endfacet
  facet normal -0.0218156 0.999762 0
    outer loop
      vertex -46.3464 -41.7971 39.8019
      vertex -46.3464 -41.7971 47.8019
      vertex -46.2591 -41.7952 39.8019
    endloop
  endfacet
  facet normal -0.0218156 0.999762 0
    outer loop
      vertex -46.3464 -41.7971 47.8019
      vertex -46.2591 -41.7952 47.8019
      vertex -46.2591 -41.7952 39.8019
    endloop
  endfacet
  facet normal -0.0654054 0.997859 0
    outer loop
      vertex -46.2591 -41.7952 39.8019
      vertex -46.2591 -41.7952 47.8019
      vertex -46.1721 -41.7895 39.8019
    endloop
  endfacet
  facet normal -0.0654054 0.997859 0
    outer loop
      vertex -46.2591 -41.7952 47.8019
      vertex -46.1721 -41.7895 47.8019
      vertex -46.1721 -41.7895 39.8019
    endloop
  endfacet
  facet normal -0.108862 0.994057 0
    outer loop
      vertex -46.1721 -41.7895 39.8019
      vertex -46.1721 -41.7895 47.8019
      vertex -46.0853 -41.78 39.8019
    endloop
  endfacet
  facet normal -0.108862 0.994057 0
    outer loop
      vertex -46.1721 -41.7895 47.8019
      vertex -46.0853 -41.78 47.8019
      vertex -46.0853 -41.78 39.8019
    endloop
  endfacet
  facet normal -0.152112 0.988363 0
    outer loop
      vertex -46.0853 -41.78 39.8019
      vertex -46.0853 -41.78 47.8019
      vertex -45.9991 -41.7667 39.8019
    endloop
  endfacet
  facet normal -0.152112 0.988363 0
    outer loop
      vertex -46.0853 -41.78 47.8019
      vertex -45.9991 -41.7667 47.8019
      vertex -45.9991 -41.7667 39.8019
    endloop
  endfacet
  facet normal -0.195106 0.980782 0
    outer loop
      vertex -45.9991 -41.7667 39.8019
      vertex -45.9991 -41.7667 47.8019
      vertex -45.9135 -41.7497 39.8019
    endloop
  endfacet
  facet normal -0.195106 0.980782 0
    outer loop
      vertex -45.9991 -41.7667 47.8019
      vertex -45.9135 -41.7497 47.8019
      vertex -45.9135 -41.7497 39.8019
    endloop
  endfacet
  facet normal -0.237671 0.971346 0
    outer loop
      vertex -45.9135 -41.7497 39.8019
      vertex -45.9135 -41.7497 47.8019
      vertex -45.8287 -41.729 39.8019
    endloop
  endfacet
  facet normal -0.237671 0.971346 0
    outer loop
      vertex -45.9135 -41.7497 47.8019
      vertex -45.8287 -41.729 47.8019
      vertex -45.8287 -41.729 39.8019
    endloop
  endfacet
  facet normal -0.279843 0.960046 0
    outer loop
      vertex -45.8287 -41.729 39.8019
      vertex -45.8287 -41.729 47.8019
      vertex -45.745 -41.7045 39.8019
    endloop
  endfacet
  facet normal -0.279843 0.960046 0
    outer loop
      vertex -45.8287 -41.729 47.8019
      vertex -45.745 -41.7045 47.8019
      vertex -45.745 -41.7045 39.8019
    endloop
  endfacet
  facet normal -0.321423 0.946936 0
    outer loop
      vertex -45.745 -41.7045 39.8019
      vertex -45.745 -41.7045 47.8019
      vertex -45.6623 -41.6765 39.8019
    endloop
  endfacet
  facet normal -0.321423 0.946936 0
    outer loop
      vertex -45.745 -41.7045 47.8019
      vertex -45.6623 -41.6765 47.8019
      vertex -45.6623 -41.6765 39.8019
    endloop
  endfacet
  facet normal -0.362452 0.932002 0
    outer loop
      vertex -45.6623 -41.6765 39.8019
      vertex -45.6623 -41.6765 47.8019
      vertex -45.581 -41.6449 39.8019
    endloop
  endfacet
  facet normal -0.362452 0.932002 0
    outer loop
      vertex -45.6623 -41.6765 47.8019
      vertex -45.581 -41.6449 47.8019
      vertex -45.581 -41.6449 39.8019
    endloop
  endfacet
  facet normal -0.402769 0.915302 0
    outer loop
      vertex -45.581 -41.6449 39.8019
      vertex -45.581 -41.6449 47.8019
      vertex -45.5012 -41.6097 39.8019
    endloop
  endfacet
  facet normal -0.402769 0.915302 0
    outer loop
      vertex -45.581 -41.6449 47.8019
      vertex -45.5012 -41.6097 47.8019
      vertex -45.5012 -41.6097 39.8019
    endloop
  endfacet
  facet normal -0.442289 0.896873 0
    outer loop
      vertex -45.5012 -41.6097 39.8019
      vertex -45.5012 -41.6097 47.8019
      vertex -45.4229 -41.5711 39.8019
    endloop
  endfacet
  facet normal -0.442289 0.896873 0
    outer loop
      vertex -45.5012 -41.6097 47.8019
      vertex -45.4229 -41.5711 47.8019
      vertex -45.4229 -41.5711 39.8019
    endloop
  endfacet
  facet normal -0.480974 0.876735 0
    outer loop
      vertex -45.4229 -41.5711 39.8019
      vertex -45.4229 -41.5711 47.8019
      vertex -45.3464 -41.5292 39.8019
    endloop
  endfacet
  facet normal -0.480974 0.876735 0
    outer loop
      vertex -45.4229 -41.5711 47.8019
      vertex -45.3464 -41.5292 47.8019
      vertex -45.3464 -41.5292 39.8019
    endloop
  endfacet
  facet normal -0.518771 0.854913 0
    outer loop
      vertex -45.3464 -41.5292 39.8019
      vertex -45.3464 -41.5292 47.8019
      vertex -45.2718 -41.4839 39.8019
    endloop
  endfacet
  facet normal -0.518771 0.854913 0
    outer loop
      vertex -45.3464 -41.5292 47.8019
      vertex -45.2718 -41.4839 47.8019
      vertex -45.2718 -41.4839 39.8019
    endloop
  endfacet
  facet normal -0.555557 0.831478 0
    outer loop
      vertex -45.2718 -41.4839 39.8019
      vertex -45.2718 -41.4839 47.8019
      vertex -45.1992 -41.4354 39.8019
    endloop
  endfacet
  facet normal -0.555557 0.831478 0
    outer loop
      vertex -45.2718 -41.4839 47.8019
      vertex -45.1992 -41.4354 47.8019
      vertex -45.1992 -41.4354 39.8019
    endloop
  endfacet
  facet normal -0.591338 0.806424 0
    outer loop
      vertex -45.1992 -41.4354 39.8019
      vertex -45.1992 -41.4354 47.8019
      vertex -45.1289 -41.3838 39.8019
    endloop
  endfacet
  facet normal -0.591338 0.806424 0
    outer loop
      vertex -45.1992 -41.4354 47.8019
      vertex -45.1289 -41.3838 47.8019
      vertex -45.1289 -41.3838 39.8019
    endloop
  endfacet
  facet normal -0.625907 0.779897 0
    outer loop
      vertex -45.1289 -41.3838 39.8019
      vertex -45.1289 -41.3838 47.8019
      vertex -45.0608 -41.3292 39.8019
    endloop
  endfacet
  facet normal -0.625907 0.779897 0
    outer loop
      vertex -45.1289 -41.3838 47.8019
      vertex -45.0608 -41.3292 47.8019
      vertex -45.0608 -41.3292 39.8019
    endloop
  endfacet
  facet normal -0.659335 0.751849 0
    outer loop
      vertex -45.0608 -41.3292 39.8019
      vertex -45.0608 -41.3292 47.8019
      vertex -44.9952 -41.2717 39.8019
    endloop
  endfacet
  facet normal -0.659335 0.751849 0
    outer loop
      vertex -45.0608 -41.3292 47.8019
      vertex -44.9952 -41.2717 47.8019
      vertex -44.9952 -41.2717 39.8019
    endloop
  endfacet
  facet normal -0.691527 0.722351 0
    outer loop
      vertex -44.9952 -41.2717 39.8019
      vertex -44.9952 -41.2717 47.8019
      vertex -44.9322 -41.2113 39.8019
    endloop
  endfacet
  facet normal -0.691527 0.722351 0
    outer loop
      vertex -44.9952 -41.2717 47.8019
      vertex -44.9322 -41.2113 47.8019
      vertex -44.9322 -41.2113 39.8019
    endloop
  endfacet
  facet normal -0.722351 0.691527 0
    outer loop
      vertex -44.9322 -41.2113 39.8019
      vertex -44.9322 -41.2113 47.8019
      vertex -44.8718 -41.1483 39.8019
    endloop
  endfacet
  facet normal -0.722351 0.691527 0
    outer loop
      vertex -44.9322 -41.2113 47.8019
      vertex -44.8718 -41.1483 47.8019
      vertex -44.8718 -41.1483 39.8019
    endloop
  endfacet
  facet normal -0.751849 0.659335 0
    outer loop
      vertex -44.8718 -41.1483 39.8019
      vertex -44.8718 -41.1483 47.8019
      vertex -44.8143 -41.0827 39.8019
    endloop
  endfacet
  facet normal -0.751849 0.659335 0
    outer loop
      vertex -44.8718 -41.1483 47.8019
      vertex -44.8143 -41.0827 47.8019
      vertex -44.8143 -41.0827 39.8019
    endloop
  endfacet
  facet normal -0.779897 0.625907 0
    outer loop
      vertex -44.8143 -41.0827 39.8019
      vertex -44.8143 -41.0827 47.8019
      vertex -44.7597 -41.0146 39.8019
    endloop
  endfacet
  facet normal -0.779897 0.625907 0
    outer loop
      vertex -44.8143 -41.0827 47.8019
      vertex -44.7597 -41.0146 47.8019
      vertex -44.7597 -41.0146 39.8019
    endloop
  endfacet
  facet normal -0.806424 0.591338 0
    outer loop
      vertex -44.7597 -41.0146 39.8019
      vertex -44.7597 -41.0146 47.8019
      vertex -44.7081 -40.9443 39.8019
    endloop
  endfacet
  facet normal -0.806424 0.591338 0
    outer loop
      vertex -44.7597 -41.0146 47.8019
      vertex -44.7081 -40.9443 47.8019
      vertex -44.7081 -40.9443 39.8019
    endloop
  endfacet
  facet normal -0.831478 0.555557 0
    outer loop
      vertex -44.7081 -40.9443 39.8019
      vertex -44.7081 -40.9443 47.8019
      vertex -44.6596 -40.8717 39.8019
    endloop
  endfacet
  facet normal -0.831478 0.555557 0
    outer loop
      vertex -44.7081 -40.9443 47.8019
      vertex -44.6596 -40.8717 47.8019
      vertex -44.6596 -40.8717 39.8019
    endloop
  endfacet
  facet normal -0.854902 0.51879 0
    outer loop
      vertex -44.6596 -40.8717 39.8019
      vertex -44.6596 -40.8717 47.8019
      vertex -44.6143 -40.7971 39.8019
    endloop
  endfacet
  facet normal -0.854902 0.51879 0
    outer loop
      vertex -44.6596 -40.8717 47.8019
      vertex -44.6143 -40.7971 47.8019
      vertex -44.6143 -40.7971 39.8019
    endloop
  endfacet
  facet normal -0.876744 0.480956 0
    outer loop
      vertex -44.6143 -40.7971 39.8019
      vertex -44.6143 -40.7971 47.8019
      vertex -44.5724 -40.7206 39.8019
    endloop
  endfacet
  facet normal -0.876744 0.480956 0
    outer loop
      vertex -44.6143 -40.7971 47.8019
      vertex -44.5724 -40.7206 47.8019
      vertex -44.5724 -40.7206 39.8019
    endloop
  endfacet
  facet normal -0.896864 0.442306 0
    outer loop
      vertex -44.5724 -40.7206 39.8019
      vertex -44.5724 -40.7206 47.8019
      vertex -44.5338 -40.6423 39.8019
    endloop
  endfacet
  facet normal -0.896864 0.442306 0
    outer loop
      vertex -44.5724 -40.7206 47.8019
      vertex -44.5338 -40.6423 47.8019
      vertex -44.5338 -40.6423 39.8019
    endloop
  endfacet
  facet normal -0.915309 0.402753 0
    outer loop
      vertex -44.5338 -40.6423 39.8019
      vertex -44.5338 -40.6423 47.8019
      vertex -44.4986 -40.5625 39.8019
    endloop
  endfacet
  facet normal -0.915309 0.402753 0
    outer loop
      vertex -44.5338 -40.6423 47.8019
      vertex -44.4986 -40.5625 47.8019
      vertex -44.4986 -40.5625 39.8019
    endloop
  endfacet
  facet normal -0.932002 0.362452 0
    outer loop
      vertex -44.4986 -40.5625 39.8019
      vertex -44.4986 -40.5625 47.8019
      vertex -44.467 -40.4811 39.8019
    endloop
  endfacet
  facet normal -0.932002 0.362452 0
    outer loop
      vertex -44.4986 -40.5625 47.8019
      vertex -44.467 -40.4811 47.8019
      vertex -44.467 -40.4811 39.8019
    endloop
  endfacet
  facet normal -0.946936 0.321423 0
    outer loop
      vertex -44.467 -40.4811 39.8019
      vertex -44.467 -40.4811 47.8019
      vertex -44.439 -40.3985 39.8019
    endloop
  endfacet
  facet normal -0.946936 0.321423 0
    outer loop
      vertex -44.467 -40.4811 47.8019
      vertex -44.439 -40.3985 47.8019
      vertex -44.439 -40.3985 39.8019
    endloop
  endfacet
  facet normal -0.960046 0.279843 0
    outer loop
      vertex -44.439 -40.3985 39.8019
      vertex -44.439 -40.3985 47.8019
      vertex -44.4145 -40.3147 39.8019
    endloop
  endfacet
  facet normal -0.960046 0.279843 0
    outer loop
      vertex -44.439 -40.3985 47.8019
      vertex -44.4145 -40.3147 47.8019
      vertex -44.4145 -40.3147 39.8019
    endloop
  endfacet
  facet normal -0.971346 0.237671 0
    outer loop
      vertex -44.4145 -40.3147 39.8019
      vertex -44.4145 -40.3147 47.8019
      vertex -44.3938 -40.23 39.8019
    endloop
  endfacet
  facet normal -0.971346 0.237671 0
    outer loop
      vertex -44.4145 -40.3147 47.8019
      vertex -44.3938 -40.23 47.8019
      vertex -44.3938 -40.23 39.8019
    endloop
  endfacet
  facet normal -0.980782 0.195106 0
    outer loop
      vertex -44.3938 -40.23 39.8019
      vertex -44.3938 -40.23 47.8019
      vertex -44.3768 -40.1444 39.8019
    endloop
  endfacet
  facet normal -0.980782 0.195106 0
    outer loop
      vertex -44.3938 -40.23 47.8019
      vertex -44.3768 -40.1444 47.8019
      vertex -44.3768 -40.1444 39.8019
    endloop
  endfacet
  facet normal -0.988363 0.152112 0
    outer loop
      vertex -44.3768 -40.1444 39.8019
      vertex -44.3768 -40.1444 47.8019
      vertex -44.3635 -40.0582 39.8019
    endloop
  endfacet
  facet normal -0.988363 0.152112 0
    outer loop
      vertex -44.3768 -40.1444 47.8019
      vertex -44.3635 -40.0582 47.8019
      vertex -44.3635 -40.0582 39.8019
    endloop
  endfacet
  facet normal -0.994057 0.108862 0
    outer loop
      vertex -44.3635 -40.0582 39.8019
      vertex -44.3635 -40.0582 47.8019
      vertex -44.354 -39.9714 39.8019
    endloop
  endfacet
  facet normal -0.994057 0.108862 0
    outer loop
      vertex -44.3635 -40.0582 47.8019
      vertex -44.354 -39.9714 47.8019
      vertex -44.354 -39.9714 39.8019
    endloop
  endfacet
  facet normal -0.997859 0.0654054 0
    outer loop
      vertex -44.354 -39.9714 39.8019
      vertex -44.354 -39.9714 47.8019
      vertex -44.3483 -39.8843 39.8019
    endloop
  endfacet
  facet normal -0.997859 0.0654054 0
    outer loop
      vertex -44.354 -39.9714 47.8019
      vertex -44.3483 -39.8843 47.8019
      vertex -44.3483 -39.8843 39.8019
    endloop
  endfacet
  facet normal -0.999762 0.0218156 0
    outer loop
      vertex -44.3483 -39.8843 39.8019
      vertex -44.3483 -39.8843 47.8019
      vertex -44.3464 -39.7971 39.8019
    endloop
  endfacet
  facet normal -0.999762 0.0218156 0
    outer loop
      vertex -44.3483 -39.8843 47.8019
      vertex -44.3464 -39.7971 47.8019
      vertex -44.3464 -39.7971 39.8019
    endloop
  endfacet
  facet normal 0 0 1
    outer loop
      vertex -44.354 5.72496 39.8019
      vertex -44.3483 5.81203 39.8019
      vertex -46.3464 5.89927 39.8019
    endloop
  endfacet
  facet normal 0 0 1
    outer loop
      vertex -44.3483 5.81203 39.8019
      vertex -44.3464 5.89927 39.8019
      vertex -46.3464 5.89927 39.8019
    endloop
  endfacet
  facet normal 0 0 1
    outer loop
      vertex -46.3464 5.89927 39.8019
      vertex -44.3464 5.89927 39.8019
      vertex -44.3483 5.98651 39.8019
    endloop
  endfacet
  facet normal 0 0 1
    outer loop
      vertex -44.3938 5.46639 39.8019
      vertex -44.3768 5.55197 39.8019
      vertex -46.3464 5.89927 39.8019
    endloop
  endfacet
  facet normal 0 0 1
    outer loop
      vertex -44.3768 5.55197 39.8019
      vertex -44.3635 5.63822 39.8019
      vertex -46.3464 5.89927 39.8019
    endloop
  endfacet
  facet normal 0 0 1
    outer loop
      vertex -46.3464 5.89927 39.8019
      vertex -44.3635 5.63822 39.8019
      vertex -44.354 5.72496 39.8019
    endloop
  endfacet
  facet normal 0 0 1
    outer loop
      vertex -44.467 5.21523 39.8019
      vertex -44.439 5.29786 39.8019
      vertex -46.3464 5.89927 39.8019
    endloop
  endfacet
  facet normal 0 0 1
    outer loop
      vertex -44.439 5.29786 39.8019
      vertex -44.4145 5.38163 39.8019
      vertex -46.3464 5.89927 39.8019
    endloop
  endfacet
  facet normal 0 0 1
    outer loop
      vertex -46.3464 5.89927 39.8019
      vertex -44.4145 5.38163 39.8019
      vertex -44.3938 5.46639 39.8019
    endloop
  endfacet
  facet normal 0 0 1
    outer loop
      vertex -44.5724 4.97577 39.8019
      vertex -44.5338 5.05403 39.8019
      vertex -46.3464 5.89927 39.8019
    endloop
  endfacet
  facet normal 0 0 1
    outer loop
      vertex -44.5338 5.05403 39.8019
      vertex -44.4986 5.1339 39.8019
      vertex -46.3464 5.89927 39.8019
    endloop
  endfacet
  facet normal 0 0 1
    outer loop
      vertex -46.3464 5.89927 39.8019
      vertex -44.4986 5.1339 39.8019
      vertex -44.467 5.21523 39.8019
    endloop
  endfacet
  facet normal 0 0 1
    outer loop
      vertex -44.7081 4.75212 39.8019
      vertex -44.6596 4.82467 39.8019
      vertex -46.3464 5.89927 39.8019
    endloop
  endfacet
  facet normal 0 0 1
    outer loop
      vertex -44.6596 4.82467 39.8019
      vertex -44.6143 4.89927 39.8019
      vertex -46.3464 5.89927 39.8019
    endloop
  endfacet
  facet normal 0 0 1
    outer loop
      vertex -46.3464 5.89927 39.8019
      vertex -44.6143 4.89927 39.8019
      vertex -44.5724 4.97577 39.8019
    endloop
  endfacet
  facet normal 0 0 1
    outer loop
      vertex -44.8718 4.54809 39.8019
      vertex -44.8143 4.61369 39.8019
      vertex -46.3464 5.89927 39.8019
    endloop
  endfacet
  facet normal 0 0 1
    outer loop
      vertex -44.8143 4.61369 39.8019
      vertex -44.7597 4.68175 39.8019
      vertex -46.3464 5.89927 39.8019
    endloop
  endfacet
  facet normal 0 0 1
    outer loop
      vertex -46.3464 5.89927 39.8019
      vertex -44.7597 4.68175 39.8019
      vertex -44.7081 4.75212 39.8019
    endloop
  endfacet
  facet normal 0 0 1
    outer loop
      vertex -45.0608 4.36718 39.8019
      vertex -44.9952 4.42471 39.8019
      vertex -46.3464 5.89927 39.8019
    endloop
  endfacet
  facet normal 0 0 1
    outer loop
      vertex -44.9952 4.42471 39.8019
      vertex -44.9322 4.48505 39.8019
      vertex -46.3464 5.89927 39.8019
    endloop
  endfacet
  facet normal 0 0 1
    outer loop
      vertex -46.3464 5.89927 39.8019
      vertex -44.9322 4.48505 39.8019
      vertex -44.8718 4.54809 39.8019
    endloop
  endfacet
  facet normal 0 0 1
    outer loop
      vertex -45.2718 4.21249 39.8019
      vertex -45.1992 4.26096 39.8019
      vertex -46.3464 5.89927 39.8019
    endloop
  endfacet
  facet normal 0 0 1
    outer loop
      vertex -45.1992 4.26096 39.8019
      vertex -45.1289 4.31256 39.8019
      vertex -46.3464 5.89927 39.8019
    endloop
  endfacet
  facet normal 0 0 1
    outer loop
      vertex -46.3464 5.89927 39.8019
      vertex -45.1289 4.31256 39.8019
      vertex -45.0608 4.36718 39.8019
    endloop
  endfacet
  facet normal 0 0 1
    outer loop
      vertex -45.5012 4.08665 39.8019
      vertex -45.4229 4.12525 39.8019
      vertex -46.3464 5.89927 39.8019
    endloop
  endfacet
  facet normal 0 0 1
    outer loop
      vertex -45.4229 4.12525 39.8019
      vertex -45.3464 4.16722 39.8019
      vertex -46.3464 5.89927 39.8019
    endloop
  endfacet
  facet normal 0 0 1
    outer loop
      vertex -46.3464 5.89927 39.8019
      vertex -45.3464 4.16722 39.8019
      vertex -45.2718 4.21249 39.8019
    endloop
  endfacet
  facet normal 0 0 1
    outer loop
      vertex -45.745 3.99183 39.8019
      vertex -45.6623 4.01988 39.8019
      vertex -46.3464 5.89927 39.8019
    endloop
  endfacet
  facet normal 0 0 1
    outer loop
      vertex -45.6623 4.01988 39.8019
      vertex -45.581 4.05151 39.8019
      vertex -46.3464 5.89927 39.8019
    endloop
  endfacet
  facet normal 0 0 1
    outer loop
      vertex -46.3464 5.89927 39.8019
      vertex -45.581 4.05151 39.8019
      vertex -45.5012 4.08665 39.8019
    endloop
  endfacet
  facet normal 0 0 1
    outer loop
      vertex -45.9991 3.92965 39.8019
      vertex -45.9135 3.94668 39.8019
      vertex -46.3464 5.89927 39.8019
    endloop
  endfacet
  facet normal 0 0 1
    outer loop
      vertex -45.9135 3.94668 39.8019
      vertex -45.8287 3.96742 39.8019
      vertex -46.3464 5.89927 39.8019
    endloop
  endfacet
  facet normal 0 0 1
    outer loop
      vertex -46.3464 5.89927 39.8019
      vertex -45.8287 3.96742 39.8019
      vertex -45.745 3.99183 39.8019
    endloop
  endfacet
  facet normal 0 0 1
    outer loop
      vertex -46.2591 3.90117 39.8019
      vertex -46.1721 3.90688 39.8019
      vertex -46.3464 5.89927 39.8019
    endloop
  endfacet
  facet normal 0 0 1
    outer loop
      vertex -46.1721 3.90688 39.8019
      vertex -46.0853 3.91638 39.8019
      vertex -46.3464 5.89927 39.8019
    endloop
  endfacet
  facet normal 0 0 1
    outer loop
      vertex -46.3464 5.89927 39.8019
      vertex -46.0853 3.91638 39.8019
      vertex -45.9991 3.92965 39.8019
    endloop
  endfacet
  facet normal 0 0 1
    outer loop
      vertex -46.5207 3.90688 39.8019
      vertex -46.4336 3.90117 39.8019
      vertex -46.3464 5.89927 39.8019
    endloop
  endfacet
  facet normal 0 0 1
    outer loop
      vertex -46.4336 3.90117 39.8019
      vertex -46.3464 3.89927 39.8019
      vertex -46.3464 5.89927 39.8019
    endloop
  endfacet
  facet normal 0 0 1
    outer loop
      vertex -46.3464 5.89927 39.8019
      vertex -46.3464 3.89927 39.8019
      vertex -46.2591 3.90117 39.8019
    endloop
  endfacet
  facet normal 0 0 1
    outer loop
      vertex -46.7793 3.94668 39.8019
      vertex -46.6937 3.92965 39.8019
      vertex -46.3464 5.89927 39.8019
    endloop
  endfacet
  facet normal 0 0 1
    outer loop
      vertex -46.6937 3.92965 39.8019
      vertex -46.6074 3.91638 39.8019
      vertex -46.3464 5.89927 39.8019
    endloop
  endfacet
  facet normal 0 0 1
    outer loop
      vertex -46.3464 5.89927 39.8019
      vertex -46.6074 3.91638 39.8019
      vertex -46.5207 3.90688 39.8019
    endloop
  endfacet
  facet normal 0 0 1
    outer loop
      vertex -47.0304 4.01988 39.8019
      vertex -46.9478 3.99183 39.8019
      vertex -46.3464 5.89927 39.8019
    endloop
  endfacet
  facet normal 0 0 1
    outer loop
      vertex -46.9478 3.99183 39.8019
      vertex -46.864 3.96742 39.8019
      vertex -46.3464 5.89927 39.8019
    endloop
  endfacet
  facet normal 0 0 1
    outer loop
      vertex -46.3464 5.89927 39.8019
      vertex -46.864 3.96742 39.8019
      vertex -46.7793 3.94668 39.8019
    endloop
  endfacet
  facet normal 0 0 1
    outer loop
      vertex -47.2699 4.12525 39.8019
      vertex -47.1916 4.08665 39.8019
      vertex -46.3464 5.89927 39.8019
    endloop
  endfacet
  facet normal 0 0 1
    outer loop
      vertex -47.1916 4.08665 39.8019
      vertex -47.1118 4.05151 39.8019
      vertex -46.3464 5.89927 39.8019
    endloop
  endfacet
  facet normal 0 0 1
    outer loop
      vertex -46.3464 5.89927 39.8019
      vertex -47.1118 4.05151 39.8019
      vertex -47.0304 4.01988 39.8019
    endloop
  endfacet
  facet normal 0 0 1
    outer loop
      vertex -47.4935 4.26096 39.8019
      vertex -47.421 4.21249 39.8019
      vertex -46.3464 5.89927 39.8019
    endloop
  endfacet
  facet normal 0 0 1
    outer loop
      vertex -47.421 4.21249 39.8019
      vertex -47.3464 4.16722 39.8019
      vertex -46.3464 5.89927 39.8019
    endloop
  endfacet
  facet normal 0 0 1
    outer loop
      vertex -46.3464 5.89927 39.8019
      vertex -47.3464 4.16722 39.8019
      vertex -47.2699 4.12525 39.8019
    endloop
  endfacet
  facet normal 0 0 1
    outer loop
      vertex -47.6976 4.42471 39.8019
      vertex -47.632 4.36718 39.8019
      vertex -46.3464 5.89927 39.8019
    endloop
  endfacet
  facet normal 0 0 1
    outer loop
      vertex -47.632 4.36718 39.8019
      vertex -47.5639 4.31256 39.8019
      vertex -46.3464 5.89927 39.8019
    endloop
  endfacet
  facet normal 0 0 1
    outer loop
      vertex -46.3464 5.89927 39.8019
      vertex -47.5639 4.31256 39.8019
      vertex -47.4935 4.26096 39.8019
    endloop
  endfacet
  facet normal 0 0 1
    outer loop
      vertex -47.8785 4.61369 39.8019
      vertex -47.8209 4.54809 39.8019
      vertex -46.3464 5.89927 39.8019
    endloop
  endfacet
  facet normal 0 0 1
    outer loop
      vertex -47.8209 4.54809 39.8019
      vertex -47.7606 4.48505 39.8019
      vertex -46.3464 5.89927 39.8019
    endloop
  endfacet
  facet normal 0 0 1
    outer loop
      vertex -46.3464 5.89927 39.8019
      vertex -47.7606 4.48505 39.8019
      vertex -47.6976 4.42471 39.8019
    endloop
  endfacet
  facet normal 0 0 1
    outer loop
      vertex -48.0332 4.82467 39.8019
      vertex -47.9847 4.75212 39.8019
      vertex -46.3464 5.89927 39.8019
    endloop
  endfacet
  facet normal 0 0 1
    outer loop
      vertex -47.9847 4.75212 39.8019
      vertex -47.9331 4.68175 39.8019
      vertex -46.3464 5.89927 39.8019
    endloop
  endfacet
  facet normal 0 0 1
    outer loop
      vertex -46.3464 5.89927 39.8019
      vertex -47.9331 4.68175 39.8019
      vertex -47.8785 4.61369 39.8019
    endloop
  endfacet
  facet normal 0 0 1
    outer loop
      vertex -48.159 5.05403 39.8019
      vertex -48.1204 4.97577 39.8019
      vertex -46.3464 5.89927 39.8019
    endloop
  endfacet
  facet normal 0 0 1
    outer loop
      vertex -48.1204 4.97577 39.8019
      vertex -48.0784 4.89927 39.8019
      vertex -46.3464 5.89927 39.8019
    endloop
  endfacet
  facet normal 0 0 1
    outer loop
      vertex -46.3464 5.89927 39.8019
      vertex -48.0784 4.89927 39.8019
      vertex -48.0332 4.82467 39.8019
    endloop
  endfacet
  facet normal 0 0 1
    outer loop
      vertex -48.2538 5.29786 39.8019
      vertex -48.2258 5.21523 39.8019
      vertex -46.3464 5.89927 39.8019
    endloop
  endfacet
  facet normal 0 0 1
    outer loop
      vertex -48.2258 5.21523 39.8019
      vertex -48.1941 5.1339 39.8019
      vertex -46.3464 5.89927 39.8019
    endloop
  endfacet
  facet normal 0 0 1
    outer loop
      vertex -46.3464 5.89927 39.8019
      vertex -48.1941 5.1339 39.8019
      vertex -48.159 5.05403 39.8019
    endloop
  endfacet
  facet normal 0 0 1
    outer loop
      vertex -48.316 5.55197 39.8019
      vertex -48.299 5.46639 39.8019
      vertex -46.3464 5.89927 39.8019
    endloop
  endfacet
  facet normal 0 0 1
    outer loop
      vertex -48.299 5.46639 39.8019
      vertex -48.2782 5.38163 39.8019
      vertex -46.3464 5.89927 39.8019
    endloop
  endfacet
  facet normal 0 0 1
    outer loop
      vertex -46.3464 5.89927 39.8019
      vertex -48.2782 5.38163 39.8019
      vertex -48.2538 5.29786 39.8019
    endloop
  endfacet
  facet normal 0 0 1
    outer loop
      vertex -48.3445 5.81203 39.8019
      vertex -48.3388 5.72496 39.8019
      vertex -46.3464 5.89927 39.8019
    endloop
  endfacet
  facet normal 0 0 1
    outer loop
      vertex -48.3388 5.72496 39.8019
      vertex -48.3293 5.63822 39.8019
      vertex -46.3464 5.89927 39.8019
    endloop
  endfacet
  facet normal 0 0 1
    outer loop
      vertex -46.3464 5.89927 39.8019
      vertex -48.3293 5.63822 39.8019
      vertex -48.316 5.55197 39.8019
    endloop
  endfacet
  facet normal 0 0 1
    outer loop
      vertex -48.3388 6.07358 39.8019
      vertex -48.3445 5.98651 39.8019
      vertex -46.3464 5.89927 39.8019
    endloop
  endfacet
  facet normal 0 0 1
    outer loop
      vertex -48.3445 5.98651 39.8019
      vertex -48.3464 5.89927 39.8019
      vertex -46.3464 5.89927 39.8019
    endloop
  endfacet
  facet normal 0 0 1
    outer loop
      vertex -46.3464 5.89927 39.8019
      vertex -48.3464 5.89927 39.8019
      vertex -48.3445 5.81203 39.8019
    endloop
  endfacet
  facet normal 0 0 1
    outer loop
      vertex -48.299 6.33215 39.8019
      vertex -48.316 6.24656 39.8019
      vertex -46.3464 5.89927 39.8019
    endloop
  endfacet
  facet normal 0 0 1
    outer loop
      vertex -48.316 6.24656 39.8019
      vertex -48.3293 6.16032 39.8019
      vertex -46.3464 5.89927 39.8019
    endloop
  endfacet
  facet normal 0 0 1
    outer loop
      vertex -46.3464 5.89927 39.8019
      vertex -48.3293 6.16032 39.8019
      vertex -48.3388 6.07358 39.8019
    endloop
  endfacet
  facet normal 0 0 1
    outer loop
      vertex -48.2258 6.58331 39.8019
      vertex -48.2538 6.50068 39.8019
      vertex -46.3464 5.89927 39.8019
    endloop
  endfacet
  facet normal 0 0 1
    outer loop
      vertex -48.2538 6.50068 39.8019
      vertex -48.2782 6.41691 39.8019
      vertex -46.3464 5.89927 39.8019
    endloop
  endfacet
  facet normal 0 0 1
    outer loop
      vertex -46.3464 5.89927 39.8019
      vertex -48.2782 6.41691 39.8019
      vertex -48.299 6.33215 39.8019
    endloop
  endfacet
  facet normal 0 0 1
    outer loop
      vertex -48.1204 6.82277 39.8019
      vertex -48.159 6.7445 39.8019
      vertex -46.3464 5.89927 39.8019
    endloop
  endfacet
  facet normal 0 0 1
    outer loop
      vertex -48.159 6.7445 39.8019
      vertex -48.1941 6.66464 39.8019
      vertex -46.3464 5.89927 39.8019
    endloop
  endfacet
  facet normal 0 0 1
    outer loop
      vertex -46.3464 5.89927 39.8019
      vertex -48.1941 6.66464 39.8019
      vertex -48.2258 6.58331 39.8019
    endloop
  endfacet
  facet normal 0 0 1
    outer loop
      vertex -47.9847 7.04642 39.8019
      vertex -48.0332 6.97387 39.8019
      vertex -46.3464 5.89927 39.8019
    endloop
  endfacet
  facet normal 0 0 1
    outer loop
      vertex -48.0332 6.97387 39.8019
      vertex -48.0784 6.89927 39.8019
      vertex -46.3464 5.89927 39.8019
    endloop
  endfacet
  facet normal 0 0 1
    outer loop
      vertex -46.3464 5.89927 39.8019
      vertex -48.0784 6.89927 39.8019
      vertex -48.1204 6.82277 39.8019
    endloop
  endfacet
  facet normal 0 0 1
    outer loop
      vertex -47.8209 7.25045 39.8019
      vertex -47.8785 7.18484 39.8019
      vertex -46.3464 5.89927 39.8019
    endloop
  endfacet
  facet normal 0 0 1
    outer loop
      vertex -47.8785 7.18484 39.8019
      vertex -47.9331 7.11679 39.8019
      vertex -46.3464 5.89927 39.8019
    endloop
  endfacet
  facet normal 0 0 1
    outer loop
      vertex -46.3464 5.89927 39.8019
      vertex -47.9331 7.11679 39.8019
      vertex -47.9847 7.04642 39.8019
    endloop
  endfacet
  facet normal 0 0 1
    outer loop
      vertex -47.632 7.43136 39.8019
      vertex -47.6976 7.37382 39.8019
      vertex -46.3464 5.89927 39.8019
    endloop
  endfacet
  facet normal 0 0 1
    outer loop
      vertex -47.6976 7.37382 39.8019
      vertex -47.7606 7.31348 39.8019
      vertex -46.3464 5.89927 39.8019
    endloop
  endfacet
  facet normal 0 0 1
    outer loop
      vertex -46.3464 5.89927 39.8019
      vertex -47.7606 7.31348 39.8019
      vertex -47.8209 7.25045 39.8019
    endloop
  endfacet
  facet normal 0 0 1
    outer loop
      vertex -47.421 7.58605 39.8019
      vertex -47.4935 7.53757 39.8019
      vertex -46.3464 5.89927 39.8019
    endloop
  endfacet
  facet normal 0 0 1
    outer loop
      vertex -47.4935 7.53757 39.8019
      vertex -47.5639 7.48598 39.8019
      vertex -46.3464 5.89927 39.8019
    endloop
  endfacet
  facet normal 0 0 1
    outer loop
      vertex -46.3464 5.89927 39.8019
      vertex -47.5639 7.48598 39.8019
      vertex -47.632 7.43136 39.8019
    endloop
  endfacet
  facet normal 0 0 1
    outer loop
      vertex -47.1916 7.71188 39.8019
      vertex -47.2699 7.67329 39.8019
      vertex -46.3464 5.89927 39.8019
    endloop
  endfacet
  facet normal 0 0 1
    outer loop
      vertex -47.2699 7.67329 39.8019
      vertex -47.3464 7.63132 39.8019
      vertex -46.3464 5.89927 39.8019
    endloop
  endfacet
  facet normal 0 0 1
    outer loop
      vertex -46.3464 5.89927 39.8019
      vertex -47.3464 7.63132 39.8019
      vertex -47.421 7.58605 39.8019
    endloop
  endfacet
  facet normal 0 0 1
    outer loop
      vertex -46.9478 7.8067 39.8019
      vertex -47.0304 7.77865 39.8019
      vertex -46.3464 5.89927 39.8019
    endloop
  endfacet
  facet normal 0 0 1
    outer loop
      vertex -47.0304 7.77865 39.8019
      vertex -47.1118 7.74703 39.8019
      vertex -46.3464 5.89927 39.8019
    endloop
  endfacet
  facet normal 0 0 1
    outer loop
      vertex -46.3464 5.89927 39.8019
      vertex -47.1118 7.74703 39.8019
      vertex -47.1916 7.71188 39.8019
    endloop
  endfacet
  facet normal 0 0 1
    outer loop
      vertex -46.6937 7.86888 39.8019
      vertex -46.7793 7.85186 39.8019
      vertex -46.3464 5.89927 39.8019
    endloop
  endfacet
  facet normal 0 0 1
    outer loop
      vertex -46.7793 7.85186 39.8019
      vertex -46.864 7.83112 39.8019
      vertex -46.3464 5.89927 39.8019
    endloop
  endfacet
  facet normal 0 0 1
    outer loop
      vertex -46.3464 5.89927 39.8019
      vertex -46.864 7.83112 39.8019
      vertex -46.9478 7.8067 39.8019
    endloop
  endfacet
  facet normal 0 0 1
    outer loop
      vertex -46.4336 7.89736 39.8019
      vertex -46.5207 7.89166 39.8019
      vertex -46.3464 5.89927 39.8019
    endloop
  endfacet
  facet normal 0 0 1
    outer loop
      vertex -46.5207 7.89166 39.8019
      vertex -46.6074 7.88216 39.8019
      vertex -46.3464 5.89927 39.8019
    endloop
  endfacet
  facet normal 0 0 1
    outer loop
      vertex -46.3464 5.89927 39.8019
      vertex -46.6074 7.88216 39.8019
      vertex -46.6937 7.86888 39.8019
    endloop
  endfacet
  facet normal 0 0 1
    outer loop
      vertex -46.1721 7.89166 39.8019
      vertex -46.2591 7.89736 39.8019
      vertex -46.3464 5.89927 39.8019
    endloop
  endfacet
  facet normal 0 0 1
    outer loop
      vertex -46.2591 7.89736 39.8019
      vertex -46.3464 7.89927 39.8019
      vertex -46.3464 5.89927 39.8019
    endloop
  endfacet
  facet normal 0 0 1
    outer loop
      vertex -46.3464 5.89927 39.8019
      vertex -46.3464 7.89927 39.8019
      vertex -46.4336 7.89736 39.8019
    endloop
  endfacet
  facet normal 0 0 1
    outer loop
      vertex -45.9135 7.85186 39.8019
      vertex -45.9991 7.86888 39.8019
      vertex -46.3464 5.89927 39.8019
    endloop
  endfacet
  facet normal 0 0 1
    outer loop
      vertex -45.9991 7.86888 39.8019
      vertex -46.0853 7.88216 39.8019
      vertex -46.3464 5.89927 39.8019
    endloop
  endfacet
  facet normal 0 0 1
    outer loop
      vertex -46.3464 5.89927 39.8019
      vertex -46.0853 7.88216 39.8019
      vertex -46.1721 7.89166 39.8019
    endloop
  endfacet
  facet normal 0 0 1
    outer loop
      vertex -45.6623 7.77865 39.8019
      vertex -45.745 7.8067 39.8019
      vertex -46.3464 5.89927 39.8019
    endloop
  endfacet
  facet normal 0 0 1
    outer loop
      vertex -45.745 7.8067 39.8019
      vertex -45.8287 7.83112 39.8019
      vertex -46.3464 5.89927 39.8019
    endloop
  endfacet
  facet normal 0 0 1
    outer loop
      vertex -46.3464 5.89927 39.8019
      vertex -45.8287 7.83112 39.8019
      vertex -45.9135 7.85186 39.8019
    endloop
  endfacet
  facet normal 0 0 1
    outer loop
      vertex -45.4229 7.67329 39.8019
      vertex -45.5012 7.71188 39.8019
      vertex -46.3464 5.89927 39.8019
    endloop
  endfacet
  facet normal 0 0 1
    outer loop
      vertex -45.5012 7.71188 39.8019
      vertex -45.581 7.74703 39.8019
      vertex -46.3464 5.89927 39.8019
    endloop
  endfacet
  facet normal 0 0 1
    outer loop
      vertex -46.3464 5.89927 39.8019
      vertex -45.581 7.74703 39.8019
      vertex -45.6623 7.77865 39.8019
    endloop
  endfacet
  facet normal 0 0 1
    outer loop
      vertex -45.1992 7.53757 39.8019
      vertex -45.2718 7.58605 39.8019
      vertex -46.3464 5.89927 39.8019
    endloop
  endfacet
  facet normal 0 0 1
    outer loop
      vertex -45.2718 7.58605 39.8019
      vertex -45.3464 7.63132 39.8019
      vertex -46.3464 5.89927 39.8019
    endloop
  endfacet
  facet normal 0 0 1
    outer loop
      vertex -46.3464 5.89927 39.8019
      vertex -45.3464 7.63132 39.8019
      vertex -45.4229 7.67329 39.8019
    endloop
  endfacet
  facet normal 0 0 1
    outer loop
      vertex -44.9952 7.37382 39.8019
      vertex -45.0608 7.43136 39.8019
      vertex -46.3464 5.89927 39.8019
    endloop
  endfacet
  facet normal 0 0 1
    outer loop
      vertex -45.0608 7.43136 39.8019
      vertex -45.1289 7.48598 39.8019
      vertex -46.3464 5.89927 39.8019
    endloop
  endfacet
  facet normal 0 0 1
    outer loop
      vertex -46.3464 5.89927 39.8019
      vertex -45.1289 7.48598 39.8019
      vertex -45.1992 7.53757 39.8019
    endloop
  endfacet
  facet normal 0 0 1
    outer loop
      vertex -44.8143 7.18484 39.8019
      vertex -44.8718 7.25045 39.8019
      vertex -46.3464 5.89927 39.8019
    endloop
  endfacet
  facet normal 0 0 1
    outer loop
      vertex -44.8718 7.25045 39.8019
      vertex -44.9322 7.31348 39.8019
      vertex -46.3464 5.89927 39.8019
    endloop
  endfacet
  facet normal 0 0 1
    outer loop
      vertex -46.3464 5.89927 39.8019
      vertex -44.9322 7.31348 39.8019
      vertex -44.9952 7.37382 39.8019
    endloop
  endfacet
  facet normal 0 0 1
    outer loop
      vertex -44.6596 6.97387 39.8019
      vertex -44.7081 7.04642 39.8019
      vertex -46.3464 5.89927 39.8019
    endloop
  endfacet
  facet normal 0 0 1
    outer loop
      vertex -44.7081 7.04642 39.8019
      vertex -44.7597 7.11679 39.8019
      vertex -46.3464 5.89927 39.8019
    endloop
  endfacet
  facet normal 0 0 1
    outer loop
      vertex -46.3464 5.89927 39.8019
      vertex -44.7597 7.11679 39.8019
      vertex -44.8143 7.18484 39.8019
    endloop
  endfacet
  facet normal 0 0 1
    outer loop
      vertex -44.5338 6.7445 39.8019
      vertex -44.5724 6.82277 39.8019
      vertex -46.3464 5.89927 39.8019
    endloop
  endfacet
  facet normal 0 0 1
    outer loop
      vertex -44.5724 6.82277 39.8019
      vertex -44.6143 6.89927 39.8019
      vertex -46.3464 5.89927 39.8019
    endloop
  endfacet
  facet normal 0 0 1
    outer loop
      vertex -46.3464 5.89927 39.8019
      vertex -44.6143 6.89927 39.8019
      vertex -44.6596 6.97387 39.8019
    endloop
  endfacet
  facet normal 0 0 1
    outer loop
      vertex -44.439 6.50068 39.8019
      vertex -44.467 6.58331 39.8019
      vertex -46.3464 5.89927 39.8019
    endloop
  endfacet
  facet normal 0 0 1
    outer loop
      vertex -44.467 6.58331 39.8019
      vertex -44.4986 6.66464 39.8019
      vertex -46.3464 5.89927 39.8019
    endloop
  endfacet
  facet normal 0 0 1
    outer loop
      vertex -46.3464 5.89927 39.8019
      vertex -44.4986 6.66464 39.8019
      vertex -44.5338 6.7445 39.8019
    endloop
  endfacet
  facet normal 0 0 1
    outer loop
      vertex -44.3768 6.24656 39.8019
      vertex -44.3938 6.33215 39.8019
      vertex -46.3464 5.89927 39.8019
    endloop
  endfacet
  facet normal 0 0 1
    outer loop
      vertex -44.3938 6.33215 39.8019
      vertex -44.4145 6.41691 39.8019
      vertex -46.3464 5.89927 39.8019
    endloop
  endfacet
  facet normal 0 0 1
    outer loop
      vertex -46.3464 5.89927 39.8019
      vertex -44.4145 6.41691 39.8019
      vertex -44.439 6.50068 39.8019
    endloop
  endfacet
  facet normal 0 0 1
    outer loop
      vertex -44.3483 5.98651 39.8019
      vertex -44.354 6.07358 39.8019
      vertex -46.3464 5.89927 39.8019
    endloop
  endfacet
  facet normal 0 0 1
    outer loop
      vertex -44.354 6.07358 39.8019
      vertex -44.3635 6.16032 39.8019
      vertex -46.3464 5.89927 39.8019
    endloop
  endfacet
  facet normal 0 0 1
    outer loop
      vertex -46.3464 5.89927 39.8019
      vertex -44.3635 6.16032 39.8019
      vertex -44.3768 6.24656 39.8019
    endloop
  endfacet
  facet normal 0 -1 0
    outer loop
      vertex -171.913 -25.8287 42.6385
      vertex -171.913 -25.8287 39.6385
      vertex -131.913 -25.8287 42.6385
    endloop
  endfacet
  facet normal 0 -1 0
    outer loop
      vertex -171.913 -25.8287 39.6385
      vertex -131.913 -25.8287 39.6385
      vertex -131.913 -25.8287 42.6385
    endloop
  endfacet
  facet normal -0.999762 -0.0218157 0
    outer loop
      vertex -44.3464 5.89927 39.8019
      vertex -44.3464 5.89927 47.8019
      vertex -44.3483 5.98651 39.8019
    endloop
  endfacet
  facet normal -0.999762 -0.0218157 0
    outer loop
      vertex -44.3464 5.89927 47.8019
      vertex -44.3483 5.98651 47.8019
      vertex -44.3483 5.98651 39.8019
    endloop
  endfacet
  facet normal -0.997859 -0.065404 0
    outer loop
      vertex -44.3483 5.98651 39.8019
      vertex -44.3483 5.98651 47.8019
      vertex -44.354 6.07358 39.8019
    endloop
  endfacet
  facet normal -0.997859 -0.065404 0
    outer loop
      vertex -44.3483 5.98651 47.8019
      vertex -44.354 6.07358 47.8019
      vertex -44.354 6.07358 39.8019
    endloop
  endfacet
  facet normal -0.994057 -0.108865 0
    outer loop
      vertex -44.354 6.07358 39.8019
      vertex -44.354 6.07358 47.8019
      vertex -44.3635 6.16032 39.8019
    endloop
  endfacet
  facet normal -0.994057 -0.108865 0
    outer loop
      vertex -44.354 6.07358 47.8019
      vertex -44.3635 6.16032 47.8019
      vertex -44.3635 6.16032 39.8019
    endloop
  endfacet
  facet normal -0.988363 -0.152112 0
    outer loop
      vertex -44.3635 6.16032 39.8019
      vertex -44.3635 6.16032 47.8019
      vertex -44.3768 6.24656 39.8019
    endloop
  endfacet
  facet normal -0.988363 -0.152112 0
    outer loop
      vertex -44.3635 6.16032 47.8019
      vertex -44.3768 6.24656 47.8019
      vertex -44.3768 6.24656 39.8019
    endloop
  endfacet
  facet normal -0.980783 -0.195102 0
    outer loop
      vertex -44.3768 6.24656 39.8019
      vertex -44.3768 6.24656 47.8019
      vertex -44.3938 6.33215 39.8019
    endloop
  endfacet
  facet normal -0.980783 -0.195102 0
    outer loop
      vertex -44.3768 6.24656 47.8019
      vertex -44.3938 6.33215 47.8019
      vertex -44.3938 6.33215 39.8019
    endloop
  endfacet
  facet normal -0.971346 -0.237668 0
    outer loop
      vertex -44.3938 6.33215 39.8019
      vertex -44.3938 6.33215 47.8019
      vertex -44.4145 6.41691 39.8019
    endloop
  endfacet
  facet normal -0.971346 -0.237668 0
    outer loop
      vertex -44.3938 6.33215 47.8019
      vertex -44.4145 6.41691 47.8019
      vertex -44.4145 6.41691 39.8019
    endloop
  endfacet
  facet normal -0.960045 -0.279845 0
    outer loop
      vertex -44.4145 6.41691 39.8019
      vertex -44.4145 6.41691 47.8019
      vertex -44.439 6.50068 39.8019
    endloop
  endfacet
  facet normal -0.960045 -0.279845 0
    outer loop
      vertex -44.4145 6.41691 47.8019
      vertex -44.439 6.50068 47.8019
      vertex -44.439 6.50068 39.8019
    endloop
  endfacet
  facet normal -0.946934 -0.321429 0
    outer loop
      vertex -44.439 6.50068 39.8019
      vertex -44.439 6.50068 47.8019
      vertex -44.467 6.58331 39.8019
    endloop
  endfacet
  facet normal -0.946934 -0.321429 0
    outer loop
      vertex -44.439 6.50068 47.8019
      vertex -44.467 6.58331 47.8019
      vertex -44.467 6.58331 39.8019
    endloop
  endfacet
  facet normal -0.932002 -0.362454 0
    outer loop
      vertex -44.467 6.58331 39.8019
      vertex -44.467 6.58331 47.8019
      vertex -44.4986 6.66464 39.8019
    endloop
  endfacet
  facet normal -0.932002 -0.362454 0
    outer loop
      vertex -44.467 6.58331 47.8019
      vertex -44.4986 6.66464 47.8019
      vertex -44.4986 6.66464 39.8019
    endloop
  endfacet
  facet normal -0.915308 -0.402755 0
    outer loop
      vertex -44.4986 6.66464 39.8019
      vertex -44.4986 6.66464 47.8019
      vertex -44.5338 6.7445 39.8019
    endloop
  endfacet
  facet normal -0.915308 -0.402755 0
    outer loop
      vertex -44.4986 6.66464 47.8019
      vertex -44.5338 6.7445 47.8019
      vertex -44.5338 6.7445 39.8019
    endloop
  endfacet
  facet normal -0.896873 -0.442289 0
    outer loop
      vertex -44.5338 6.7445 39.8019
      vertex -44.5338 6.7445 47.8019
      vertex -44.5724 6.82277 39.8019
    endloop
  endfacet
  facet normal -0.896873 -0.442289 0
    outer loop
      vertex -44.5338 6.7445 47.8019
      vertex -44.5724 6.82277 47.8019
      vertex -44.5724 6.82277 39.8019
    endloop
  endfacet
  facet normal -0.876735 -0.480974 0
    outer loop
      vertex -44.5724 6.82277 39.8019
      vertex -44.5724 6.82277 47.8019
      vertex -44.6143 6.89927 39.8019
    endloop
  endfacet
  facet normal -0.876735 -0.480974 0
    outer loop
      vertex -44.5724 6.82277 47.8019
      vertex -44.6143 6.89927 47.8019
      vertex -44.6143 6.89927 39.8019
    endloop
  endfacet
  facet normal -0.854903 -0.518787 0
    outer loop
      vertex -44.6143 6.89927 39.8019
      vertex -44.6143 6.89927 47.8019
      vertex -44.6596 6.97387 39.8019
    endloop
  endfacet
  facet normal -0.854903 -0.518787 0
    outer loop
      vertex -44.6143 6.89927 47.8019
      vertex -44.6596 6.97387 47.8019
      vertex -44.6596 6.97387 39.8019
    endloop
  endfacet
  facet normal -0.831478 -0.555557 0
    outer loop
      vertex -44.6596 6.97387 39.8019
      vertex -44.6596 6.97387 47.8019
      vertex -44.7081 7.04642 39.8019
    endloop
  endfacet
  facet normal -0.831478 -0.555557 0
    outer loop
      vertex -44.6596 6.97387 47.8019
      vertex -44.7081 7.04642 47.8019
      vertex -44.7081 7.04642 39.8019
    endloop
  endfacet
  facet normal -0.806435 -0.591322 0
    outer loop
      vertex -44.7081 7.04642 39.8019
      vertex -44.7081 7.04642 47.8019
      vertex -44.7597 7.11679 39.8019
    endloop
  endfacet
  facet normal -0.806435 -0.591322 0
    outer loop
      vertex -44.7081 7.04642 47.8019
      vertex -44.7597 7.11679 47.8019
      vertex -44.7597 7.11679 39.8019
    endloop
  endfacet
  facet normal -0.779891 -0.625915 0
    outer loop
      vertex -44.7597 7.11679 39.8019
      vertex -44.7597 7.11679 47.8019
      vertex -44.8143 7.18484 39.8019
    endloop
  endfacet
  facet normal -0.779891 -0.625915 0
    outer loop
      vertex -44.7597 7.11679 47.8019
      vertex -44.8143 7.18484 47.8019
      vertex -44.8143 7.18484 39.8019
    endloop
  endfacet
  facet normal -0.751844 -0.659341 0
    outer loop
      vertex -44.8143 7.18484 39.8019
      vertex -44.8143 7.18484 47.8019
      vertex -44.8718 7.25045 39.8019
    endloop
  endfacet
  facet normal -0.751844 -0.659341 0
    outer loop
      vertex -44.8143 7.18484 47.8019
      vertex -44.8718 7.25045 47.8019
      vertex -44.8718 7.25045 39.8019
    endloop
  endfacet
  facet normal -0.722358 -0.691519 0
    outer loop
      vertex -44.8718 7.25045 39.8019
      vertex -44.8718 7.25045 47.8019
      vertex -44.9322 7.31348 39.8019
    endloop
  endfacet
  facet normal -0.722358 -0.691519 0
    outer loop
      vertex -44.8718 7.25045 47.8019
      vertex -44.9322 7.31348 47.8019
      vertex -44.9322 7.31348 39.8019
    endloop
  endfacet
  facet normal -0.691521 -0.722356 0
    outer loop
      vertex -44.9322 7.31348 39.8019
      vertex -44.9322 7.31348 47.8019
      vertex -44.9952 7.37382 39.8019
    endloop
  endfacet
  facet normal -0.691521 -0.722356 0
    outer loop
      vertex -44.9322 7.31348 47.8019
      vertex -44.9952 7.37382 47.8019
      vertex -44.9952 7.37382 39.8019
    endloop
  endfacet
  facet normal -0.659338 -0.751846 0
    outer loop
      vertex -44.9952 7.37382 39.8019
      vertex -44.9952 7.37382 47.8019
      vertex -45.0608 7.43136 39.8019
    endloop
  endfacet
  facet normal -0.659338 -0.751846 0
    outer loop
      vertex -44.9952 7.37382 47.8019
      vertex -45.0608 7.43136 47.8019
      vertex -45.0608 7.43136 39.8019
    endloop
  endfacet
  facet normal -0.625917 -0.77989 0
    outer loop
      vertex -45.0608 7.43136 39.8019
      vertex -45.0608 7.43136 47.8019
      vertex -45.1289 7.48598 39.8019
    endloop
  endfacet
  facet normal -0.625917 -0.77989 0
    outer loop
      vertex -45.0608 7.43136 47.8019
      vertex -45.1289 7.48598 47.8019
      vertex -45.1289 7.48598 39.8019
    endloop
  endfacet
  facet normal -0.591327 -0.806432 0
    outer loop
      vertex -45.1289 7.48598 39.8019
      vertex -45.1289 7.48598 47.8019
      vertex -45.1992 7.53757 39.8019
    endloop
  endfacet
  facet normal -0.591327 -0.806432 0
    outer loop
      vertex -45.1289 7.48598 47.8019
      vertex -45.1992 7.53757 47.8019
      vertex -45.1992 7.53757 39.8019
    endloop
  endfacet
  facet normal -0.555568 -0.831471 0
    outer loop
      vertex -45.1992 7.53757 39.8019
      vertex -45.1992 7.53757 47.8019
      vertex -45.2718 7.58605 39.8019
    endloop
  endfacet
  facet normal -0.555568 -0.831471 0
    outer loop
      vertex -45.1992 7.53757 47.8019
      vertex -45.2718 7.58605 47.8019
      vertex -45.2718 7.58605 39.8019
    endloop
  endfacet
  facet normal -0.518755 -0.854923 0
    outer loop
      vertex -45.2718 7.58605 39.8019
      vertex -45.2718 7.58605 47.8019
      vertex -45.3464 7.63132 39.8019
    endloop
  endfacet
  facet normal -0.518755 -0.854923 0
    outer loop
      vertex -45.2718 7.58605 47.8019
      vertex -45.3464 7.63132 47.8019
      vertex -45.3464 7.63132 39.8019
    endloop
  endfacet
  facet normal -0.480991 -0.876726 0
    outer loop
      vertex -45.3464 7.63132 39.8019
      vertex -45.3464 7.63132 47.8019
      vertex -45.4229 7.67329 39.8019
    endloop
  endfacet
  facet normal -0.480991 -0.876726 0
    outer loop
      vertex -45.3464 7.63132 47.8019
      vertex -45.4229 7.67329 47.8019
      vertex -45.4229 7.67329 39.8019
    endloop
  endfacet
  facet normal -0.442289 -0.896873 0
    outer loop
      vertex -45.4229 7.67329 39.8019
      vertex -45.4229 7.67329 47.8019
      vertex -45.5012 7.71188 39.8019
    endloop
  endfacet
  facet normal -0.442289 -0.896873 0
    outer loop
      vertex -45.4229 7.67329 47.8019
      vertex -45.5012 7.71188 47.8019
      vertex -45.5012 7.71188 39.8019
    endloop
  endfacet
  facet normal -0.40276 -0.915306 0
    outer loop
      vertex -45.5012 7.71188 39.8019
      vertex -45.5012 7.71188 47.8019
      vertex -45.581 7.74703 39.8019
    endloop
  endfacet
  facet normal -0.40276 -0.915306 0
    outer loop
      vertex -45.5012 7.71188 47.8019
      vertex -45.581 7.74703 47.8019
      vertex -45.581 7.74703 39.8019
    endloop
  endfacet
  facet normal -0.362439 -0.932008 0
    outer loop
      vertex -45.581 7.74703 39.8019
      vertex -45.581 7.74703 47.8019
      vertex -45.6623 7.77865 39.8019
    endloop
  endfacet
  facet normal -0.362439 -0.932008 0
    outer loop
      vertex -45.581 7.74703 47.8019
      vertex -45.6623 7.77865 47.8019
      vertex -45.6623 7.77865 39.8019
    endloop
  endfacet
  facet normal -0.321432 -0.946933 0
    outer loop
      vertex -45.6623 7.77865 39.8019
      vertex -45.6623 7.77865 47.8019
      vertex -45.745 7.8067 39.8019
    endloop
  endfacet
  facet normal -0.321432 -0.946933 0
    outer loop
      vertex -45.6623 7.77865 47.8019
      vertex -45.745 7.8067 47.8019
      vertex -45.745 7.8067 39.8019
    endloop
  endfacet
  facet normal -0.279823 -0.960052 0
    outer loop
      vertex -45.745 7.8067 39.8019
      vertex -45.745 7.8067 47.8019
      vertex -45.8287 7.83112 39.8019
    endloop
  endfacet
  facet normal -0.279823 -0.960052 0
    outer loop
      vertex -45.745 7.8067 47.8019
      vertex -45.8287 7.83112 47.8019
      vertex -45.8287 7.83112 39.8019
    endloop
  endfacet
  facet normal -0.237691 -0.971341 0
    outer loop
      vertex -45.8287 7.83112 39.8019
      vertex -45.8287 7.83112 47.8019
      vertex -45.9135 7.85186 39.8019
    endloop
  endfacet
  facet normal -0.237691 -0.971341 0
    outer loop
      vertex -45.8287 7.83112 47.8019
      vertex -45.9135 7.85186 47.8019
      vertex -45.9135 7.85186 39.8019
    endloop
  endfacet
  facet normal -0.195096 -0.980784 0
    outer loop
      vertex -45.9135 7.85186 39.8019
      vertex -45.9135 7.85186 47.8019
      vertex -45.9991 7.86888 39.8019
    endloop
  endfacet
  facet normal -0.195096 -0.980784 0
    outer loop
      vertex -45.9135 7.85186 47.8019
      vertex -45.9991 7.86888 47.8019
      vertex -45.9991 7.86888 39.8019
    endloop
  endfacet
  facet normal -0.152122 -0.988362 0
    outer loop
      vertex -45.9991 7.86888 39.8019
      vertex -45.9991 7.86888 47.8019
      vertex -46.0853 7.88216 39.8019
    endloop
  endfacet
  facet normal -0.152122 -0.988362 0
    outer loop
      vertex -45.9991 7.86888 47.8019
      vertex -46.0853 7.88216 47.8019
      vertex -46.0853 7.88216 39.8019
    endloop
  endfacet
  facet normal -0.108862 -0.994057 0
    outer loop
      vertex -46.0853 7.88216 39.8019
      vertex -46.0853 7.88216 47.8019
      vertex -46.1721 7.89166 39.8019
    endloop
  endfacet
  facet normal -0.108862 -0.994057 0
    outer loop
      vertex -46.0853 7.88216 47.8019
      vertex -46.1721 7.89166 47.8019
      vertex -46.1721 7.89166 39.8019
    endloop
  endfacet
  facet normal -0.0654054 -0.997859 0
    outer loop
      vertex -46.1721 7.89166 39.8019
      vertex -46.1721 7.89166 47.8019
      vertex -46.2591 7.89736 39.8019
    endloop
  endfacet
  facet normal -0.0654054 -0.997859 0
    outer loop
      vertex -46.1721 7.89166 47.8019
      vertex -46.2591 7.89736 47.8019
      vertex -46.2591 7.89736 39.8019
    endloop
  endfacet
  facet normal -0.0218156 -0.999762 0
    outer loop
      vertex -46.2591 7.89736 39.8019
      vertex -46.2591 7.89736 47.8019
      vertex -46.3464 7.89927 39.8019
    endloop
  endfacet
  facet normal -0.0218156 -0.999762 0
    outer loop
      vertex -46.2591 7.89736 47.8019
      vertex -46.3464 7.89927 47.8019
      vertex -46.3464 7.89927 39.8019
    endloop
  endfacet
  facet normal 0.0218156 -0.999762 0
    outer loop
      vertex -46.3464 7.89927 39.8019
      vertex -46.3464 7.89927 47.8019
      vertex -46.4336 7.89736 39.8019
    endloop
  endfacet
  facet normal 0.0218156 -0.999762 0
    outer loop
      vertex -46.3464 7.89927 47.8019
      vertex -46.4336 7.89736 47.8019
      vertex -46.4336 7.89736 39.8019
    endloop
  endfacet
  facet normal 0.0654054 -0.997859 0
    outer loop
      vertex -46.4336 7.89736 39.8019
      vertex -46.4336 7.89736 47.8019
      vertex -46.5207 7.89166 39.8019
    endloop
  endfacet
  facet normal 0.0654054 -0.997859 0
    outer loop
      vertex -46.4336 7.89736 47.8019
      vertex -46.5207 7.89166 47.8019
      vertex -46.5207 7.89166 39.8019
    endloop
  endfacet
  facet normal 0.108862 -0.994057 0
    outer loop
      vertex -46.5207 7.89166 39.8019
      vertex -46.5207 7.89166 47.8019
      vertex -46.6074 7.88216 39.8019
    endloop
  endfacet
  facet normal 0.108862 -0.994057 0
    outer loop
      vertex -46.5207 7.89166 47.8019
      vertex -46.6074 7.88216 47.8019
      vertex -46.6074 7.88216 39.8019
    endloop
  endfacet
  facet normal 0.152122 -0.988362 0
    outer loop
      vertex -46.6074 7.88216 39.8019
      vertex -46.6074 7.88216 47.8019
      vertex -46.6937 7.86888 39.8019
    endloop
  endfacet
  facet normal 0.152122 -0.988362 0
    outer loop
      vertex -46.6074 7.88216 47.8019
      vertex -46.6937 7.86888 47.8019
      vertex -46.6937 7.86888 39.8019
    endloop
  endfacet
  facet normal 0.195096 -0.980784 0
    outer loop
      vertex -46.6937 7.86888 39.8019
      vertex -46.6937 7.86888 47.8019
      vertex -46.7793 7.85186 39.8019
    endloop
  endfacet
  facet normal 0.195096 -0.980784 0
    outer loop
      vertex -46.6937 7.86888 47.8019
      vertex -46.7793 7.85186 47.8019
      vertex -46.7793 7.85186 39.8019
    endloop
  endfacet
  facet normal 0.237691 -0.971341 0
    outer loop
      vertex -46.7793 7.85186 39.8019
      vertex -46.7793 7.85186 47.8019
      vertex -46.864 7.83112 39.8019
    endloop
  endfacet
  facet normal 0.237691 -0.971341 0
    outer loop
      vertex -46.7793 7.85186 47.8019
      vertex -46.864 7.83112 47.8019
      vertex -46.864 7.83112 39.8019
    endloop
  endfacet
  facet normal 0.279823 -0.960052 0
    outer loop
      vertex -46.864 7.83112 39.8019
      vertex -46.864 7.83112 47.8019
      vertex -46.9478 7.8067 39.8019
    endloop
  endfacet
  facet normal 0.279823 -0.960052 0
    outer loop
      vertex -46.864 7.83112 47.8019
      vertex -46.9478 7.8067 47.8019
      vertex -46.9478 7.8067 39.8019
    endloop
  endfacet
  facet normal 0.321432 -0.946933 0
    outer loop
      vertex -46.9478 7.8067 39.8019
      vertex -46.9478 7.8067 47.8019
      vertex -47.0304 7.77865 39.8019
    endloop
  endfacet
  facet normal 0.321432 -0.946933 0
    outer loop
      vertex -46.9478 7.8067 47.8019
      vertex -47.0304 7.77865 47.8019
      vertex -47.0304 7.77865 39.8019
    endloop
  endfacet
  facet normal 0.362439 -0.932008 0
    outer loop
      vertex -47.0304 7.77865 39.8019
      vertex -47.0304 7.77865 47.8019
      vertex -47.1118 7.74703 39.8019
    endloop
  endfacet
  facet normal 0.362439 -0.932008 0
    outer loop
      vertex -47.0304 7.77865 47.8019
      vertex -47.1118 7.74703 47.8019
      vertex -47.1118 7.74703 39.8019
    endloop
  endfacet
  facet normal 0.40276 -0.915306 0
    outer loop
      vertex -47.1118 7.74703 39.8019
      vertex -47.1118 7.74703 47.8019
      vertex -47.1916 7.71188 39.8019
    endloop
  endfacet
  facet normal 0.40276 -0.915306 0
    outer loop
      vertex -47.1118 7.74703 47.8019
      vertex -47.1916 7.71188 47.8019
      vertex -47.1916 7.71188 39.8019
    endloop
  endfacet
  facet normal 0.442289 -0.896873 0
    outer loop
      vertex -47.1916 7.71188 39.8019
      vertex -47.1916 7.71188 47.8019
      vertex -47.2699 7.67329 39.8019
    endloop
  endfacet
  facet normal 0.442289 -0.896873 0
    outer loop
      vertex -47.1916 7.71188 47.8019
      vertex -47.2699 7.67329 47.8019
      vertex -47.2699 7.67329 39.8019
    endloop
  endfacet
  facet normal 0.480991 -0.876726 0
    outer loop
      vertex -47.2699 7.67329 39.8019
      vertex -47.2699 7.67329 47.8019
      vertex -47.3464 7.63132 39.8019
    endloop
  endfacet
  facet normal 0.480991 -0.876726 0
    outer loop
      vertex -47.2699 7.67329 47.8019
      vertex -47.3464 7.63132 47.8019
      vertex -47.3464 7.63132 39.8019
    endloop
  endfacet
  facet normal 0.518774 -0.854911 0
    outer loop
      vertex -47.3464 7.63132 39.8019
      vertex -47.3464 7.63132 47.8019
      vertex -47.421 7.58605 39.8019
    endloop
  endfacet
  facet normal 0.518774 -0.854911 0
    outer loop
      vertex -47.3464 7.63132 47.8019
      vertex -47.421 7.58605 47.8019
      vertex -47.421 7.58605 39.8019
    endloop
  endfacet
  facet normal 0.555568 -0.831471 0
    outer loop
      vertex -47.421 7.58605 39.8019
      vertex -47.421 7.58605 47.8019
      vertex -47.4935 7.53757 39.8019
    endloop
  endfacet
  facet normal 0.555568 -0.831471 0
    outer loop
      vertex -47.421 7.58605 47.8019
      vertex -47.4935 7.53757 47.8019
      vertex -47.4935 7.53757 39.8019
    endloop
  endfacet
  facet normal 0.591307 -0.806447 0
    outer loop
      vertex -47.4935 7.53757 39.8019
      vertex -47.4935 7.53757 47.8019
      vertex -47.5639 7.48598 39.8019
    endloop
  endfacet
  facet normal 0.591307 -0.806447 0
    outer loop
      vertex -47.4935 7.53757 47.8019
      vertex -47.5639 7.48598 47.8019
      vertex -47.5639 7.48598 39.8019
    endloop
  endfacet
  facet normal 0.625917 -0.77989 0
    outer loop
      vertex -47.5639 7.48598 39.8019
      vertex -47.5639 7.48598 47.8019
      vertex -47.632 7.43136 39.8019
    endloop
  endfacet
  facet normal 0.625917 -0.77989 0
    outer loop
      vertex -47.5639 7.48598 47.8019
      vertex -47.632 7.43136 47.8019
      vertex -47.632 7.43136 39.8019
    endloop
  endfacet
  facet normal 0.659338 -0.751846 0
    outer loop
      vertex -47.632 7.43136 39.8019
      vertex -47.632 7.43136 47.8019
      vertex -47.6976 7.37382 39.8019
    endloop
  endfacet
  facet normal 0.659338 -0.751846 0
    outer loop
      vertex -47.632 7.43136 47.8019
      vertex -47.6976 7.37382 47.8019
      vertex -47.6976 7.37382 39.8019
    endloop
  endfacet
  facet normal 0.691521 -0.722356 0
    outer loop
      vertex -47.6976 7.37382 39.8019
      vertex -47.6976 7.37382 47.8019
      vertex -47.7606 7.31348 39.8019
    endloop
  endfacet
  facet normal 0.691521 -0.722356 0
    outer loop
      vertex -47.6976 7.37382 47.8019
      vertex -47.7606 7.31348 47.8019
      vertex -47.7606 7.31348 39.8019
    endloop
  endfacet
  facet normal 0.722358 -0.691519 0
    outer loop
      vertex -47.7606 7.31348 39.8019
      vertex -47.7606 7.31348 47.8019
      vertex -47.8209 7.25045 39.8019
    endloop
  endfacet
  facet normal 0.722358 -0.691519 0
    outer loop
      vertex -47.7606 7.31348 47.8019
      vertex -47.8209 7.25045 47.8019
      vertex -47.8209 7.25045 39.8019
    endloop
  endfacet
  facet normal 0.751844 -0.659341 0
    outer loop
      vertex -47.8209 7.25045 39.8019
      vertex -47.8209 7.25045 47.8019
      vertex -47.8785 7.18484 39.8019
    endloop
  endfacet
  facet normal 0.751844 -0.659341 0
    outer loop
      vertex -47.8209 7.25045 47.8019
      vertex -47.8785 7.18484 47.8019
      vertex -47.8785 7.18484 39.8019
    endloop
  endfacet
  facet normal 0.779891 -0.625915 0
    outer loop
      vertex -47.8785 7.18484 39.8019
      vertex -47.8785 7.18484 47.8019
      vertex -47.9331 7.11679 39.8019
    endloop
  endfacet
  facet normal 0.779891 -0.625915 0
    outer loop
      vertex -47.8785 7.18484 47.8019
      vertex -47.9331 7.11679 47.8019
      vertex -47.9331 7.11679 39.8019
    endloop
  endfacet
  facet normal 0.806435 -0.591322 0
    outer loop
      vertex -47.9331 7.11679 39.8019
      vertex -47.9331 7.11679 47.8019
      vertex -47.9847 7.04642 39.8019
    endloop
  endfacet
  facet normal 0.806435 -0.591322 0
    outer loop
      vertex -47.9331 7.11679 47.8019
      vertex -47.9847 7.04642 47.8019
      vertex -47.9847 7.04642 39.8019
    endloop
  endfacet
  facet normal 0.831478 -0.555557 0
    outer loop
      vertex -47.9847 7.04642 39.8019
      vertex -47.9847 7.04642 47.8019
      vertex -48.0332 6.97387 39.8019
    endloop
  endfacet
  facet normal 0.831478 -0.555557 0
    outer loop
      vertex -47.9847 7.04642 47.8019
      vertex -48.0332 6.97387 47.8019
      vertex -48.0332 6.97387 39.8019
    endloop
  endfacet
  facet normal 0.854903 -0.518787 0
    outer loop
      vertex -48.0332 6.97387 39.8019
      vertex -48.0332 6.97387 47.8019
      vertex -48.0784 6.89927 39.8019
    endloop
  endfacet
  facet normal 0.854903 -0.518787 0
    outer loop
      vertex -48.0332 6.97387 47.8019
      vertex -48.0784 6.89927 47.8019
      vertex -48.0784 6.89927 39.8019
    endloop
  endfacet
  facet normal 0.876735 -0.480974 0
    outer loop
      vertex -48.0784 6.89927 39.8019
      vertex -48.0784 6.89927 47.8019
      vertex -48.1204 6.82277 39.8019
    endloop
  endfacet
  facet normal 0.876735 -0.480974 0
    outer loop
      vertex -48.0784 6.89927 47.8019
      vertex -48.1204 6.82277 47.8019
      vertex -48.1204 6.82277 39.8019
    endloop
  endfacet
  facet normal 0.896873 -0.442289 0
    outer loop
      vertex -48.1204 6.82277 39.8019
      vertex -48.1204 6.82277 47.8019
      vertex -48.159 6.7445 39.8019
    endloop
  endfacet
  facet normal 0.896873 -0.442289 0
    outer loop
      vertex -48.1204 6.82277 47.8019
      vertex -48.159 6.7445 47.8019
      vertex -48.159 6.7445 39.8019
    endloop
  endfacet
  facet normal 0.915308 -0.402755 0
    outer loop
      vertex -48.159 6.7445 39.8019
      vertex -48.159 6.7445 47.8019
      vertex -48.1941 6.66464 39.8019
    endloop
  endfacet
  facet normal 0.915308 -0.402755 0
    outer loop
      vertex -48.159 6.7445 47.8019
      vertex -48.1941 6.66464 47.8019
      vertex -48.1941 6.66464 39.8019
    endloop
  endfacet
  facet normal 0.932002 -0.362454 0
    outer loop
      vertex -48.1941 6.66464 39.8019
      vertex -48.1941 6.66464 47.8019
      vertex -48.2258 6.58331 39.8019
    endloop
  endfacet
  facet normal 0.932002 -0.362454 0
    outer loop
      vertex -48.1941 6.66464 47.8019
      vertex -48.2258 6.58331 47.8019
      vertex -48.2258 6.58331 39.8019
    endloop
  endfacet
  facet normal 0.946934 -0.321429 0
    outer loop
      vertex -48.2258 6.58331 39.8019
      vertex -48.2258 6.58331 47.8019
      vertex -48.2538 6.50068 39.8019
    endloop
  endfacet
  facet normal 0.946934 -0.321429 0
    outer loop
      vertex -48.2258 6.58331 47.8019
      vertex -48.2538 6.50068 47.8019
      vertex -48.2538 6.50068 39.8019
    endloop
  endfacet
  facet normal 0.960057 -0.279806 0
    outer loop
      vertex -48.2538 6.50068 39.8019
      vertex -48.2538 6.50068 47.8019
      vertex -48.2782 6.41691 39.8019
    endloop
  endfacet
  facet normal 0.960057 -0.279806 0
    outer loop
      vertex -48.2538 6.50068 47.8019
      vertex -48.2782 6.41691 47.8019
      vertex -48.2782 6.41691 39.8019
    endloop
  endfacet
  facet normal 0.971337 -0.237708 0
    outer loop
      vertex -48.2782 6.41691 39.8019
      vertex -48.2782 6.41691 47.8019
      vertex -48.299 6.33215 39.8019
    endloop
  endfacet
  facet normal 0.971337 -0.237708 0
    outer loop
      vertex -48.2782 6.41691 47.8019
      vertex -48.299 6.33215 47.8019
      vertex -48.299 6.33215 39.8019
    endloop
  endfacet
  facet normal 0.980783 -0.195102 0
    outer loop
      vertex -48.299 6.33215 39.8019
      vertex -48.299 6.33215 47.8019
      vertex -48.316 6.24656 39.8019
    endloop
  endfacet
  facet normal 0.980783 -0.195102 0
    outer loop
      vertex -48.299 6.33215 47.8019
      vertex -48.316 6.24656 47.8019
      vertex -48.316 6.24656 39.8019
    endloop
  endfacet
  facet normal 0.988363 -0.152112 0
    outer loop
      vertex -48.316 6.24656 39.8019
      vertex -48.316 6.24656 47.8019
      vertex -48.3293 6.16032 39.8019
    endloop
  endfacet
  facet normal 0.988363 -0.152112 0
    outer loop
      vertex -48.316 6.24656 47.8019
      vertex -48.3293 6.16032 47.8019
      vertex -48.3293 6.16032 39.8019
    endloop
  endfacet
  facet normal 0.994057 -0.108865 0
    outer loop
      vertex -48.3293 6.16032 39.8019
      vertex -48.3293 6.16032 47.8019
      vertex -48.3388 6.07358 39.8019
    endloop
  endfacet
  facet normal 0.994057 -0.108865 0
    outer loop
      vertex -48.3293 6.16032 47.8019
      vertex -48.3388 6.07358 47.8019
      vertex -48.3388 6.07358 39.8019
    endloop
  endfacet
  facet normal 0.997859 -0.065404 0
    outer loop
      vertex -48.3388 6.07358 39.8019
      vertex -48.3388 6.07358 47.8019
      vertex -48.3445 5.98651 39.8019
    endloop
  endfacet
  facet normal 0.997859 -0.065404 0
    outer loop
      vertex -48.3388 6.07358 47.8019
      vertex -48.3445 5.98651 47.8019
      vertex -48.3445 5.98651 39.8019
    endloop
  endfacet
  facet normal 0.999762 -0.0218157 0
    outer loop
      vertex -48.3445 5.98651 39.8019
      vertex -48.3445 5.98651 47.8019
      vertex -48.3464 5.89927 39.8019
    endloop
  endfacet
  facet normal 0.999762 -0.0218157 0
    outer loop
      vertex -48.3445 5.98651 47.8019
      vertex -48.3464 5.89927 47.8019
      vertex -48.3464 5.89927 39.8019
    endloop
  endfacet
  facet normal 0.999762 0.0218156 0
    outer loop
      vertex -48.3464 5.89927 39.8019
      vertex -48.3464 5.89927 47.8019
      vertex -48.3445 5.81203 39.8019
    endloop
  endfacet
  facet normal 0.999762 0.0218156 0
    outer loop
      vertex -48.3464 5.89927 47.8019
      vertex -48.3445 5.81203 47.8019
      vertex -48.3445 5.81203 39.8019
    endloop
  endfacet
  facet normal 0.997859 0.0654043 0
    outer loop
      vertex -48.3445 5.81203 39.8019
      vertex -48.3445 5.81203 47.8019
      vertex -48.3388 5.72496 39.8019
    endloop
  endfacet
  facet normal 0.997859 0.0654043 0
    outer loop
      vertex -48.3445 5.81203 47.8019
      vertex -48.3388 5.72496 47.8019
      vertex -48.3388 5.72496 39.8019
    endloop
  endfacet
  facet normal 0.994057 0.108865 0
    outer loop
      vertex -48.3388 5.72496 39.8019
      vertex -48.3388 5.72496 47.8019
      vertex -48.3293 5.63822 39.8019
    endloop
  endfacet
  facet normal 0.994057 0.108865 0
    outer loop
      vertex -48.3388 5.72496 47.8019
      vertex -48.3293 5.63822 47.8019
      vertex -48.3293 5.63822 39.8019
    endloop
  endfacet
  facet normal 0.988363 0.152112 0
    outer loop
      vertex -48.3293 5.63822 39.8019
      vertex -48.3293 5.63822 47.8019
      vertex -48.316 5.55197 39.8019
    endloop
  endfacet
  facet normal 0.988363 0.152112 0
    outer loop
      vertex -48.3293 5.63822 47.8019
      vertex -48.316 5.55197 47.8019
      vertex -48.316 5.55197 39.8019
    endloop
  endfacet
  facet normal 0.980783 0.195103 0
    outer loop
      vertex -48.316 5.55197 39.8019
      vertex -48.316 5.55197 47.8019
      vertex -48.299 5.46639 39.8019
    endloop
  endfacet
  facet normal 0.980783 0.195103 0
    outer loop
      vertex -48.316 5.55197 47.8019
      vertex -48.299 5.46639 47.8019
      vertex -48.299 5.46639 39.8019
    endloop
  endfacet
  facet normal 0.971337 0.237707 0
    outer loop
      vertex -48.299 5.46639 39.8019
      vertex -48.299 5.46639 47.8019
      vertex -48.2782 5.38163 39.8019
    endloop
  endfacet
  facet normal 0.971337 0.237707 0
    outer loop
      vertex -48.299 5.46639 47.8019
      vertex -48.2782 5.38163 47.8019
      vertex -48.2782 5.38163 39.8019
    endloop
  endfacet
  facet normal 0.960057 0.279806 0
    outer loop
      vertex -48.2782 5.38163 39.8019
      vertex -48.2782 5.38163 47.8019
      vertex -48.2538 5.29786 39.8019
    endloop
  endfacet
  facet normal 0.960057 0.279806 0
    outer loop
      vertex -48.2782 5.38163 47.8019
      vertex -48.2538 5.29786 47.8019
      vertex -48.2538 5.29786 39.8019
    endloop
  endfacet
  facet normal 0.946934 0.321429 0
    outer loop
      vertex -48.2538 5.29786 39.8019
      vertex -48.2538 5.29786 47.8019
      vertex -48.2258 5.21523 39.8019
    endloop
  endfacet
  facet normal 0.946934 0.321429 0
    outer loop
      vertex -48.2538 5.29786 47.8019
      vertex -48.2258 5.21523 47.8019
      vertex -48.2258 5.21523 39.8019
    endloop
  endfacet
  facet normal 0.932002 0.362454 0
    outer loop
      vertex -48.2258 5.21523 39.8019
      vertex -48.2258 5.21523 47.8019
      vertex -48.1941 5.1339 39.8019
    endloop
  endfacet
  facet normal 0.932002 0.362454 0
    outer loop
      vertex -48.2258 5.21523 47.8019
      vertex -48.1941 5.1339 47.8019
      vertex -48.1941 5.1339 39.8019
    endloop
  endfacet
  facet normal 0.915308 0.402755 0
    outer loop
      vertex -48.1941 5.1339 39.8019
      vertex -48.1941 5.1339 47.8019
      vertex -48.159 5.05403 39.8019
    endloop
  endfacet
  facet normal 0.915308 0.402755 0
    outer loop
      vertex -48.1941 5.1339 47.8019
      vertex -48.159 5.05403 47.8019
      vertex -48.159 5.05403 39.8019
    endloop
  endfacet
  facet normal 0.896873 0.442289 0
    outer loop
      vertex -48.159 5.05403 39.8019
      vertex -48.159 5.05403 47.8019
      vertex -48.1204 4.97577 39.8019
    endloop
  endfacet
  facet normal 0.896873 0.442289 0
    outer loop
      vertex -48.159 5.05403 47.8019
      vertex -48.1204 4.97577 47.8019
      vertex -48.1204 4.97577 39.8019
    endloop
  endfacet
  facet normal 0.876735 0.480974 0
    outer loop
      vertex -48.1204 4.97577 39.8019
      vertex -48.1204 4.97577 47.8019
      vertex -48.0784 4.89927 39.8019
    endloop
  endfacet
  facet normal 0.876735 0.480974 0
    outer loop
      vertex -48.1204 4.97577 47.8019
      vertex -48.0784 4.89927 47.8019
      vertex -48.0784 4.89927 39.8019
    endloop
  endfacet
  facet normal 0.854903 0.518787 0
    outer loop
      vertex -48.0784 4.89927 39.8019
      vertex -48.0784 4.89927 47.8019
      vertex -48.0332 4.82467 39.8019
    endloop
  endfacet
  facet normal 0.854903 0.518787 0
    outer loop
      vertex -48.0784 4.89927 47.8019
      vertex -48.0332 4.82467 47.8019
      vertex -48.0332 4.82467 39.8019
    endloop
  endfacet
  facet normal 0.831477 0.55556 0
    outer loop
      vertex -48.0332 4.82467 39.8019
      vertex -48.0332 4.82467 47.8019
      vertex -47.9847 4.75212 39.8019
    endloop
  endfacet
  facet normal 0.831477 0.55556 0
    outer loop
      vertex -48.0332 4.82467 47.8019
      vertex -47.9847 4.75212 47.8019
      vertex -47.9847 4.75212 39.8019
    endloop
  endfacet
  facet normal 0.806437 0.59132 0
    outer loop
      vertex -47.9847 4.75212 39.8019
      vertex -47.9847 4.75212 47.8019
      vertex -47.9331 4.68175 39.8019
    endloop
  endfacet
  facet normal 0.806437 0.59132 0
    outer loop
      vertex -47.9847 4.75212 47.8019
      vertex -47.9331 4.68175 47.8019
      vertex -47.9331 4.68175 39.8019
    endloop
  endfacet
  facet normal 0.779891 0.625915 0
    outer loop
      vertex -47.9331 4.68175 39.8019
      vertex -47.9331 4.68175 47.8019
      vertex -47.8785 4.61369 39.8019
    endloop
  endfacet
  facet normal 0.779891 0.625915 0
    outer loop
      vertex -47.9331 4.68175 47.8019
      vertex -47.8785 4.61369 47.8019
      vertex -47.8785 4.61369 39.8019
    endloop
  endfacet
  facet normal 0.751844 0.659341 0
    outer loop
      vertex -47.8785 4.61369 39.8019
      vertex -47.8785 4.61369 47.8019
      vertex -47.8209 4.54809 39.8019
    endloop
  endfacet
  facet normal 0.751844 0.659341 0
    outer loop
      vertex -47.8785 4.61369 47.8019
      vertex -47.8209 4.54809 47.8019
      vertex -47.8209 4.54809 39.8019
    endloop
  endfacet
  facet normal 0.722358 0.691519 0
    outer loop
      vertex -47.8209 4.54809 39.8019
      vertex -47.8209 4.54809 47.8019
      vertex -47.7606 4.48505 39.8019
    endloop
  endfacet
  facet normal 0.722358 0.691519 0
    outer loop
      vertex -47.8209 4.54809 47.8019
      vertex -47.7606 4.48505 47.8019
      vertex -47.7606 4.48505 39.8019
    endloop
  endfacet
  facet normal 0.691519 0.722359 0
    outer loop
      vertex -47.7606 4.48505 39.8019
      vertex -47.7606 4.48505 47.8019
      vertex -47.6976 4.42471 39.8019
    endloop
  endfacet
  facet normal 0.691519 0.722359 0
    outer loop
      vertex -47.7606 4.48505 47.8019
      vertex -47.6976 4.42471 47.8019
      vertex -47.6976 4.42471 39.8019
    endloop
  endfacet
  facet normal 0.659341 0.751844 0
    outer loop
      vertex -47.6976 4.42471 39.8019
      vertex -47.6976 4.42471 47.8019
      vertex -47.632 4.36718 39.8019
    endloop
  endfacet
  facet normal 0.659341 0.751844 0
    outer loop
      vertex -47.6976 4.42471 47.8019
      vertex -47.632 4.36718 47.8019
      vertex -47.632 4.36718 39.8019
    endloop
  endfacet
  facet normal 0.625917 0.77989 0
    outer loop
      vertex -47.632 4.36718 39.8019
      vertex -47.632 4.36718 47.8019
      vertex -47.5639 4.31256 39.8019
    endloop
  endfacet
  facet normal 0.625917 0.77989 0
    outer loop
      vertex -47.632 4.36718 47.8019
      vertex -47.5639 4.31256 47.8019
      vertex -47.5639 4.31256 39.8019
    endloop
  endfacet
  facet normal 0.591307 0.806447 0
    outer loop
      vertex -47.5639 4.31256 39.8019
      vertex -47.5639 4.31256 47.8019
      vertex -47.4935 4.26096 39.8019
    endloop
  endfacet
  facet normal 0.591307 0.806447 0
    outer loop
      vertex -47.5639 4.31256 47.8019
      vertex -47.4935 4.26096 47.8019
      vertex -47.4935 4.26096 39.8019
    endloop
  endfacet
  facet normal 0.555568 0.831471 0
    outer loop
      vertex -47.4935 4.26096 39.8019
      vertex -47.4935 4.26096 47.8019
      vertex -47.421 4.21249 39.8019
    endloop
  endfacet
  facet normal 0.555568 0.831471 0
    outer loop
      vertex -47.4935 4.26096 47.8019
      vertex -47.421 4.21249 47.8019
      vertex -47.421 4.21249 39.8019
    endloop
  endfacet
  facet normal 0.518774 0.854911 0
    outer loop
      vertex -47.421 4.21249 39.8019
      vertex -47.421 4.21249 47.8019
      vertex -47.3464 4.16722 39.8019
    endloop
  endfacet
  facet normal 0.518774 0.854911 0
    outer loop
      vertex -47.421 4.21249 47.8019
      vertex -47.3464 4.16722 47.8019
      vertex -47.3464 4.16722 39.8019
    endloop
  endfacet
  facet normal 0.480991 0.876726 0
    outer loop
      vertex -47.3464 4.16722 39.8019
      vertex -47.3464 4.16722 47.8019
      vertex -47.2699 4.12525 39.8019
    endloop
  endfacet
  facet normal 0.480991 0.876726 0
    outer loop
      vertex -47.3464 4.16722 47.8019
      vertex -47.2699 4.12525 47.8019
      vertex -47.2699 4.12525 39.8019
    endloop
  endfacet
  facet normal 0.442289 0.896873 0
    outer loop
      vertex -47.2699 4.12525 39.8019
      vertex -47.2699 4.12525 47.8019
      vertex -47.1916 4.08665 39.8019
    endloop
  endfacet
  facet normal 0.442289 0.896873 0
    outer loop
      vertex -47.2699 4.12525 47.8019
      vertex -47.1916 4.08665 47.8019
      vertex -47.1916 4.08665 39.8019
    endloop
  endfacet
  facet normal 0.40276 0.915306 0
    outer loop
      vertex -47.1916 4.08665 39.8019
      vertex -47.1916 4.08665 47.8019
      vertex -47.1118 4.05151 39.8019
    endloop
  endfacet
  facet normal 0.40276 0.915306 0
    outer loop
      vertex -47.1916 4.08665 47.8019
      vertex -47.1118 4.05151 47.8019
      vertex -47.1118 4.05151 39.8019
    endloop
  endfacet
  facet normal 0.362434 0.932009 0
    outer loop
      vertex -47.1118 4.05151 39.8019
      vertex -47.1118 4.05151 47.8019
      vertex -47.0304 4.01988 39.8019
    endloop
  endfacet
  facet normal 0.362434 0.932009 0
    outer loop
      vertex -47.1118 4.05151 47.8019
      vertex -47.0304 4.01988 47.8019
      vertex -47.0304 4.01988 39.8019
    endloop
  endfacet
  facet normal 0.321437 0.946931 0
    outer loop
      vertex -47.0304 4.01988 39.8019
      vertex -47.0304 4.01988 47.8019
      vertex -46.9478 3.99183 39.8019
    endloop
  endfacet
  facet normal 0.321437 0.946931 0
    outer loop
      vertex -47.0304 4.01988 47.8019
      vertex -46.9478 3.99183 47.8019
      vertex -46.9478 3.99183 39.8019
    endloop
  endfacet
  facet normal 0.279823 0.960052 0
    outer loop
      vertex -46.9478 3.99183 39.8019
      vertex -46.9478 3.99183 47.8019
      vertex -46.864 3.96742 39.8019
    endloop
  endfacet
  facet normal 0.279823 0.960052 0
    outer loop
      vertex -46.9478 3.99183 47.8019
      vertex -46.864 3.96742 47.8019
      vertex -46.864 3.96742 39.8019
    endloop
  endfacet
  facet normal 0.237691 0.971341 0
    outer loop
      vertex -46.864 3.96742 39.8019
      vertex -46.864 3.96742 47.8019
      vertex -46.7793 3.94668 39.8019
    endloop
  endfacet
  facet normal 0.237691 0.971341 0
    outer loop
      vertex -46.864 3.96742 47.8019
      vertex -46.7793 3.94668 47.8019
      vertex -46.7793 3.94668 39.8019
    endloop
  endfacet
  facet normal 0.195096 0.980784 0
    outer loop
      vertex -46.7793 3.94668 39.8019
      vertex -46.7793 3.94668 47.8019
      vertex -46.6937 3.92965 39.8019
    endloop
  endfacet
  facet normal 0.195096 0.980784 0
    outer loop
      vertex -46.7793 3.94668 47.8019
      vertex -46.6937 3.92965 47.8019
      vertex -46.6937 3.92965 39.8019
    endloop
  endfacet
  facet normal 0.152122 0.988362 0
    outer loop
      vertex -46.6937 3.92965 39.8019
      vertex -46.6937 3.92965 47.8019
      vertex -46.6074 3.91638 39.8019
    endloop
  endfacet
  facet normal 0.152122 0.988362 0
    outer loop
      vertex -46.6937 3.92965 47.8019
      vertex -46.6074 3.91638 47.8019
      vertex -46.6074 3.91638 39.8019
    endloop
  endfacet
  facet normal 0.108862 0.994057 0
    outer loop
      vertex -46.6074 3.91638 39.8019
      vertex -46.6074 3.91638 47.8019
      vertex -46.5207 3.90688 39.8019
    endloop
  endfacet
  facet normal 0.108862 0.994057 0
    outer loop
      vertex -46.6074 3.91638 47.8019
      vertex -46.5207 3.90688 47.8019
      vertex -46.5207 3.90688 39.8019
    endloop
  endfacet
  facet normal 0.0654054 0.997859 0
    outer loop
      vertex -46.5207 3.90688 39.8019
      vertex -46.5207 3.90688 47.8019
      vertex -46.4336 3.90117 39.8019
    endloop
  endfacet
  facet normal 0.0654054 0.997859 0
    outer loop
      vertex -46.5207 3.90688 47.8019
      vertex -46.4336 3.90117 47.8019
      vertex -46.4336 3.90117 39.8019
    endloop
  endfacet
  facet normal 0.021813 0.999762 0
    outer loop
      vertex -46.4336 3.90117 39.8019
      vertex -46.4336 3.90117 47.8019
      vertex -46.3464 3.89927 39.8019
    endloop
  endfacet
  facet normal 0.021813 0.999762 0
    outer loop
      vertex -46.4336 3.90117 47.8019
      vertex -46.3464 3.89927 47.8019
      vertex -46.3464 3.89927 39.8019
    endloop
  endfacet
  facet normal -0.021813 0.999762 0
    outer loop
      vertex -46.3464 3.89927 39.8019
      vertex -46.3464 3.89927 47.8019
      vertex -46.2591 3.90117 39.8019
    endloop
  endfacet
  facet normal -0.021813 0.999762 0
    outer loop
      vertex -46.3464 3.89927 47.8019
      vertex -46.2591 3.90117 47.8019
      vertex -46.2591 3.90117 39.8019
    endloop
  endfacet
  facet normal -0.0654054 0.997859 0
    outer loop
      vertex -46.2591 3.90117 39.8019
      vertex -46.2591 3.90117 47.8019
      vertex -46.1721 3.90688 39.8019
    endloop
  endfacet
  facet normal -0.0654054 0.997859 0
    outer loop
      vertex -46.2591 3.90117 47.8019
      vertex -46.1721 3.90688 47.8019
      vertex -46.1721 3.90688 39.8019
    endloop
  endfacet
  facet normal -0.108862 0.994057 0
    outer loop
      vertex -46.1721 3.90688 39.8019
      vertex -46.1721 3.90688 47.8019
      vertex -46.0853 3.91638 39.8019
    endloop
  endfacet
  facet normal -0.108862 0.994057 0
    outer loop
      vertex -46.1721 3.90688 47.8019
      vertex -46.0853 3.91638 47.8019
      vertex -46.0853 3.91638 39.8019
    endloop
  endfacet
  facet normal -0.152122 0.988362 0
    outer loop
      vertex -46.0853 3.91638 39.8019
      vertex -46.0853 3.91638 47.8019
      vertex -45.9991 3.92965 39.8019
    endloop
  endfacet
  facet normal -0.152122 0.988362 0
    outer loop
      vertex -46.0853 3.91638 47.8019
      vertex -45.9991 3.92965 47.8019
      vertex -45.9991 3.92965 39.8019
    endloop
  endfacet
  facet normal -0.195096 0.980784 0
    outer loop
      vertex -45.9991 3.92965 39.8019
      vertex -45.9991 3.92965 47.8019
      vertex -45.9135 3.94668 39.8019
    endloop
  endfacet
  facet normal -0.195096 0.980784 0
    outer loop
      vertex -45.9991 3.92965 47.8019
      vertex -45.9135 3.94668 47.8019
      vertex -45.9135 3.94668 39.8019
    endloop
  endfacet
  facet normal -0.237691 0.971341 0
    outer loop
      vertex -45.9135 3.94668 39.8019
      vertex -45.9135 3.94668 47.8019
      vertex -45.8287 3.96742 39.8019
    endloop
  endfacet
  facet normal -0.237691 0.971341 0
    outer loop
      vertex -45.9135 3.94668 47.8019
      vertex -45.8287 3.96742 47.8019
      vertex -45.8287 3.96742 39.8019
    endloop
  endfacet
  facet normal -0.279823 0.960052 0
    outer loop
      vertex -45.8287 3.96742 39.8019
      vertex -45.8287 3.96742 47.8019
      vertex -45.745 3.99183 39.8019
    endloop
  endfacet
  facet normal -0.279823 0.960052 0
    outer loop
      vertex -45.8287 3.96742 47.8019
      vertex -45.745 3.99183 47.8019
      vertex -45.745 3.99183 39.8019
    endloop
  endfacet
  facet normal -0.321437 0.946931 0
    outer loop
      vertex -45.745 3.99183 39.8019
      vertex -45.745 3.99183 47.8019
      vertex -45.6623 4.01988 39.8019
    endloop
  endfacet
  facet normal -0.321437 0.946931 0
    outer loop
      vertex -45.745 3.99183 47.8019
      vertex -45.6623 4.01988 47.8019
      vertex -45.6623 4.01988 39.8019
    endloop
  endfacet
  facet normal -0.362434 0.932009 0
    outer loop
      vertex -45.6623 4.01988 39.8019
      vertex -45.6623 4.01988 47.8019
      vertex -45.581 4.05151 39.8019
    endloop
  endfacet
  facet normal -0.362434 0.932009 0
    outer loop
      vertex -45.6623 4.01988 47.8019
      vertex -45.581 4.05151 47.8019
      vertex -45.581 4.05151 39.8019
    endloop
  endfacet
  facet normal -0.40276 0.915306 0
    outer loop
      vertex -45.581 4.05151 39.8019
      vertex -45.581 4.05151 47.8019
      vertex -45.5012 4.08665 39.8019
    endloop
  endfacet
  facet normal -0.40276 0.915306 0
    outer loop
      vertex -45.581 4.05151 47.8019
      vertex -45.5012 4.08665 47.8019
      vertex -45.5012 4.08665 39.8019
    endloop
  endfacet
  facet normal -0.442289 0.896873 0
    outer loop
      vertex -45.5012 4.08665 39.8019
      vertex -45.5012 4.08665 47.8019
      vertex -45.4229 4.12525 39.8019
    endloop
  endfacet
  facet normal -0.442289 0.896873 0
    outer loop
      vertex -45.5012 4.08665 47.8019
      vertex -45.4229 4.12525 47.8019
      vertex -45.4229 4.12525 39.8019
    endloop
  endfacet
  facet normal -0.480991 0.876726 0
    outer loop
      vertex -45.4229 4.12525 39.8019
      vertex -45.4229 4.12525 47.8019
      vertex -45.3464 4.16722 39.8019
    endloop
  endfacet
  facet normal -0.480991 0.876726 0
    outer loop
      vertex -45.4229 4.12525 47.8019
      vertex -45.3464 4.16722 47.8019
      vertex -45.3464 4.16722 39.8019
    endloop
  endfacet
  facet normal -0.518755 0.854923 0
    outer loop
      vertex -45.3464 4.16722 39.8019
      vertex -45.3464 4.16722 47.8019
      vertex -45.2718 4.21249 39.8019
    endloop
  endfacet
  facet normal -0.518755 0.854923 0
    outer loop
      vertex -45.3464 4.16722 47.8019
      vertex -45.2718 4.21249 47.8019
      vertex -45.2718 4.21249 39.8019
    endloop
  endfacet
  facet normal -0.555568 0.831471 0
    outer loop
      vertex -45.2718 4.21249 39.8019
      vertex -45.2718 4.21249 47.8019
      vertex -45.1992 4.26096 39.8019
    endloop
  endfacet
  facet normal -0.555568 0.831471 0
    outer loop
      vertex -45.2718 4.21249 47.8019
      vertex -45.1992 4.26096 47.8019
      vertex -45.1992 4.26096 39.8019
    endloop
  endfacet
  facet normal -0.591327 0.806432 0
    outer loop
      vertex -45.1992 4.26096 39.8019
      vertex -45.1992 4.26096 47.8019
      vertex -45.1289 4.31256 39.8019
    endloop
  endfacet
  facet normal -0.591327 0.806432 0
    outer loop
      vertex -45.1992 4.26096 47.8019
      vertex -45.1289 4.31256 47.8019
      vertex -45.1289 4.31256 39.8019
    endloop
  endfacet
  facet normal -0.625917 0.77989 0
    outer loop
      vertex -45.1289 4.31256 39.8019
      vertex -45.1289 4.31256 47.8019
      vertex -45.0608 4.36718 39.8019
    endloop
  endfacet
  facet normal -0.625917 0.77989 0
    outer loop
      vertex -45.1289 4.31256 47.8019
      vertex -45.0608 4.36718 47.8019
      vertex -45.0608 4.36718 39.8019
    endloop
  endfacet
  facet normal -0.659341 0.751844 0
    outer loop
      vertex -45.0608 4.36718 39.8019
      vertex -45.0608 4.36718 47.8019
      vertex -44.9952 4.42471 39.8019
    endloop
  endfacet
  facet normal -0.659341 0.751844 0
    outer loop
      vertex -45.0608 4.36718 47.8019
      vertex -44.9952 4.42471 47.8019
      vertex -44.9952 4.42471 39.8019
    endloop
  endfacet
  facet normal -0.691519 0.722359 0
    outer loop
      vertex -44.9952 4.42471 39.8019
      vertex -44.9952 4.42471 47.8019
      vertex -44.9322 4.48505 39.8019
    endloop
  endfacet
  facet normal -0.691519 0.722359 0
    outer loop
      vertex -44.9952 4.42471 47.8019
      vertex -44.9322 4.48505 47.8019
      vertex -44.9322 4.48505 39.8019
    endloop
  endfacet
  facet normal -0.722358 0.691519 0
    outer loop
      vertex -44.9322 4.48505 39.8019
      vertex -44.9322 4.48505 47.8019
      vertex -44.8718 4.54809 39.8019
    endloop
  endfacet
  facet normal -0.722358 0.691519 0
    outer loop
      vertex -44.9322 4.48505 47.8019
      vertex -44.8718 4.54809 47.8019
      vertex -44.8718 4.54809 39.8019
    endloop
  endfacet
  facet normal -0.751844 0.659341 0
    outer loop
      vertex -44.8718 4.54809 39.8019
      vertex -44.8718 4.54809 47.8019
      vertex -44.8143 4.61369 39.8019
    endloop
  endfacet
  facet normal -0.751844 0.659341 0
    outer loop
      vertex -44.8718 4.54809 47.8019
      vertex -44.8143 4.61369 47.8019
      vertex -44.8143 4.61369 39.8019
    endloop
  endfacet
  facet normal -0.779891 0.625915 0
    outer loop
      vertex -44.8143 4.61369 39.8019
      vertex -44.8143 4.61369 47.8019
      vertex -44.7597 4.68175 39.8019
    endloop
  endfacet
  facet normal -0.779891 0.625915 0
    outer loop
      vertex -44.8143 4.61369 47.8019
      vertex -44.7597 4.68175 47.8019
      vertex -44.7597 4.68175 39.8019
    endloop
  endfacet
  facet normal -0.806437 0.59132 0
    outer loop
      vertex -44.7597 4.68175 39.8019
      vertex -44.7597 4.68175 47.8019
      vertex -44.7081 4.75212 39.8019
    endloop
  endfacet
  facet normal -0.806437 0.59132 0
    outer loop
      vertex -44.7597 4.68175 47.8019
      vertex -44.7081 4.75212 47.8019
      vertex -44.7081 4.75212 39.8019
    endloop
  endfacet
  facet normal -0.831477 0.55556 0
    outer loop
      vertex -44.7081 4.75212 39.8019
      vertex -44.7081 4.75212 47.8019
      vertex -44.6596 4.82467 39.8019
    endloop
  endfacet
  facet normal -0.831477 0.55556 0
    outer loop
      vertex -44.7081 4.75212 47.8019
      vertex -44.6596 4.82467 47.8019
      vertex -44.6596 4.82467 39.8019
    endloop
  endfacet
  facet normal -0.854903 0.518787 0
    outer loop
      vertex -44.6596 4.82467 39.8019
      vertex -44.6596 4.82467 47.8019
      vertex -44.6143 4.89927 39.8019
    endloop
  endfacet
  facet normal -0.854903 0.518787 0
    outer loop
      vertex -44.6596 4.82467 47.8019
      vertex -44.6143 4.89927 47.8019
      vertex -44.6143 4.89927 39.8019
    endloop
  endfacet
  facet normal -0.876735 0.480974 0
    outer loop
      vertex -44.6143 4.89927 39.8019
      vertex -44.6143 4.89927 47.8019
      vertex -44.5724 4.97577 39.8019
    endloop
  endfacet
  facet normal -0.876735 0.480974 0
    outer loop
      vertex -44.6143 4.89927 47.8019
      vertex -44.5724 4.97577 47.8019
      vertex -44.5724 4.97577 39.8019
    endloop
  endfacet
  facet normal -0.896873 0.442289 0
    outer loop
      vertex -44.5724 4.97577 39.8019
      vertex -44.5724 4.97577 47.8019
      vertex -44.5338 5.05403 39.8019
    endloop
  endfacet
  facet normal -0.896873 0.442289 0
    outer loop
      vertex -44.5724 4.97577 47.8019
      vertex -44.5338 5.05403 47.8019
      vertex -44.5338 5.05403 39.8019
    endloop
  endfacet
  facet normal -0.915308 0.402755 0
    outer loop
      vertex -44.5338 5.05403 39.8019
      vertex -44.5338 5.05403 47.8019
      vertex -44.4986 5.1339 39.8019
    endloop
  endfacet
  facet normal -0.915308 0.402755 0
    outer loop
      vertex -44.5338 5.05403 47.8019
      vertex -44.4986 5.1339 47.8019
      vertex -44.4986 5.1339 39.8019
    endloop
  endfacet
  facet normal -0.932002 0.362454 0
    outer loop
      vertex -44.4986 5.1339 39.8019
      vertex -44.4986 5.1339 47.8019
      vertex -44.467 5.21523 39.8019
    endloop
  endfacet
  facet normal -0.932002 0.362454 0
    outer loop
      vertex -44.4986 5.1339 47.8019
      vertex -44.467 5.21523 47.8019
      vertex -44.467 5.21523 39.8019
    endloop
  endfacet
  facet normal -0.946934 0.321429 0
    outer loop
      vertex -44.467 5.21523 39.8019
      vertex -44.467 5.21523 47.8019
      vertex -44.439 5.29786 39.8019
    endloop
  endfacet
  facet normal -0.946934 0.321429 0
    outer loop
      vertex -44.467 5.21523 47.8019
      vertex -44.439 5.29786 47.8019
      vertex -44.439 5.29786 39.8019
    endloop
  endfacet
  facet normal -0.960045 0.279845 0
    outer loop
      vertex -44.439 5.29786 39.8019
      vertex -44.439 5.29786 47.8019
      vertex -44.4145 5.38163 39.8019
    endloop
  endfacet
  facet normal -0.960045 0.279845 0
    outer loop
      vertex -44.439 5.29786 47.8019
      vertex -44.4145 5.38163 47.8019
      vertex -44.4145 5.38163 39.8019
    endloop
  endfacet
  facet normal -0.971347 0.237667 0
    outer loop
      vertex -44.4145 5.38163 39.8019
      vertex -44.4145 5.38163 47.8019
      vertex -44.3938 5.46639 39.8019
    endloop
  endfacet
  facet normal -0.971347 0.237667 0
    outer loop
      vertex -44.4145 5.38163 47.8019
      vertex -44.3938 5.46639 47.8019
      vertex -44.3938 5.46639 39.8019
    endloop
  endfacet
  facet normal -0.980783 0.195103 0
    outer loop
      vertex -44.3938 5.46639 39.8019
      vertex -44.3938 5.46639 47.8019
      vertex -44.3768 5.55197 39.8019
    endloop
  endfacet
  facet normal -0.980783 0.195103 0
    outer loop
      vertex -44.3938 5.46639 47.8019
      vertex -44.3768 5.55197 47.8019
      vertex -44.3768 5.55197 39.8019
    endloop
  endfacet
  facet normal -0.988363 0.152112 0
    outer loop
      vertex -44.3768 5.55197 39.8019
      vertex -44.3768 5.55197 47.8019
      vertex -44.3635 5.63822 39.8019
    endloop
  endfacet
  facet normal -0.988363 0.152112 0
    outer loop
      vertex -44.3768 5.55197 47.8019
      vertex -44.3635 5.63822 47.8019
      vertex -44.3635 5.63822 39.8019
    endloop
  endfacet
  facet normal -0.994057 0.108865 0
    outer loop
      vertex -44.3635 5.63822 39.8019
      vertex -44.3635 5.63822 47.8019
      vertex -44.354 5.72496 39.8019
    endloop
  endfacet
  facet normal -0.994057 0.108865 0
    outer loop
      vertex -44.3635 5.63822 47.8019
      vertex -44.354 5.72496 47.8019
      vertex -44.354 5.72496 39.8019
    endloop
  endfacet
  facet normal -0.997859 0.0654043 0
    outer loop
      vertex -44.354 5.72496 39.8019
      vertex -44.354 5.72496 47.8019
      vertex -44.3483 5.81203 39.8019
    endloop
  endfacet
  facet normal -0.997859 0.0654043 0
    outer loop
      vertex -44.354 5.72496 47.8019
      vertex -44.3483 5.81203 47.8019
      vertex -44.3483 5.81203 39.8019
    endloop
  endfacet
  facet normal -0.999762 0.0218156 0
    outer loop
      vertex -44.3483 5.81203 39.8019
      vertex -44.3483 5.81203 47.8019
      vertex -44.3464 5.89927 39.8019
    endloop
  endfacet
  facet normal -0.999762 0.0218156 0
    outer loop
      vertex -44.3483 5.81203 47.8019
      vertex -44.3464 5.89927 47.8019
      vertex -44.3464 5.89927 39.8019
    endloop
  endfacet
  facet normal -0.999762 -0.0218242 0
    outer loop
      vertex -51.9129 7.89927 47.8019
      vertex -51.9129 7.89927 10.3019
      vertex -51.9058 7.57212 10.3019
    endloop
  endfacet
  facet normal -0.999762 -0.0218242 0
    outer loop
      vertex -51.9129 7.89927 47.8019
      vertex -51.9058 7.57212 10.3019
      vertex -51.9058 7.57212 47.8019
    endloop
  endfacet
  facet normal -0.997859 -0.0654043 0
    outer loop
      vertex -51.9058 7.57212 10.3019
      vertex -51.8844 7.2456 10.3019
      vertex -51.9058 7.57212 47.8019
    endloop
  endfacet
  facet normal -0.997859 -0.0654043 0
    outer loop
      vertex -51.9058 7.57212 47.8019
      vertex -51.8844 7.2456 10.3019
      vertex -51.8844 7.2456 47.8019
    endloop
  endfacet
  facet normal -0.994057 -0.108859 0
    outer loop
      vertex -51.8844 7.2456 10.3019
      vertex -51.8488 6.92032 10.3019
      vertex -51.8844 7.2456 47.8019
    endloop
  endfacet
  facet normal -0.994057 -0.108859 0
    outer loop
      vertex -51.8844 7.2456 47.8019
      vertex -51.8488 6.92032 10.3019
      vertex -51.8488 6.92032 47.8019
    endloop
  endfacet
  facet normal -0.98836 -0.152132 0
    outer loop
      vertex -51.8488 6.92032 10.3019
      vertex -51.799 6.59691 10.3019
      vertex -51.8488 6.92032 47.8019
    endloop
  endfacet
  facet normal -0.98836 -0.152132 0
    outer loop
      vertex -51.8488 6.92032 47.8019
      vertex -51.799 6.59691 10.3019
      vertex -51.799 6.59691 47.8019
    endloop
  endfacet
  facet normal -0.980786 -0.195086 0
    outer loop
      vertex -51.799 6.59691 10.3019
      vertex -51.7351 6.27597 10.3019
      vertex -51.799 6.59691 47.8019
    endloop
  endfacet
  facet normal -0.980786 -0.195086 0
    outer loop
      vertex -51.799 6.59691 47.8019
      vertex -51.7351 6.27597 10.3019
      vertex -51.7351 6.27597 47.8019
    endloop
  endfacet
  facet normal -0.971342 -0.237686 0
    outer loop
      vertex -51.7351 6.27597 10.3019
      vertex -51.6574 5.95813 10.3019
      vertex -51.7351 6.27597 47.8019
    endloop
  endfacet
  facet normal -0.971342 -0.237686 0
    outer loop
      vertex -51.7351 6.27597 47.8019
      vertex -51.6574 5.95813 10.3019
      vertex -51.6574 5.95813 47.8019
    endloop
  endfacet
  facet normal -0.960049 -0.279832 0
    outer loop
      vertex -51.6574 5.95813 10.3019
      vertex -51.5658 5.64397 10.3019
      vertex -51.6574 5.95813 47.8019
    endloop
  endfacet
  facet normal -0.960049 -0.279832 0
    outer loop
      vertex -51.6574 5.95813 47.8019
      vertex -51.5658 5.64397 10.3019
      vertex -51.5658 5.64397 47.8019
    endloop
  endfacet
  facet normal -0.946933 -0.321432 0
    outer loop
      vertex -51.5658 5.64397 10.3019
      vertex -51.4606 5.33412 10.3019
      vertex -51.5658 5.64397 47.8019
    endloop
  endfacet
  facet normal -0.946933 -0.321432 0
    outer loop
      vertex -51.5658 5.64397 47.8019
      vertex -51.4606 5.33412 10.3019
      vertex -51.4606 5.33412 47.8019
    endloop
  endfacet
  facet normal -0.932008 -0.362439 0
    outer loop
      vertex -51.4606 5.33412 10.3019
      vertex -51.342 5.02914 10.3019
      vertex -51.4606 5.33412 47.8019
    endloop
  endfacet
  facet normal -0.932008 -0.362439 0
    outer loop
      vertex -51.4606 5.33412 47.8019
      vertex -51.342 5.02914 10.3019
      vertex -51.342 5.02914 47.8019
    endloop
  endfacet
  facet normal -0.91531 -0.40275 0
    outer loop
      vertex -51.342 5.02914 10.3019
      vertex -51.2102 4.72963 10.3019
      vertex -51.342 5.02914 47.8019
    endloop
  endfacet
  facet normal -0.91531 -0.40275 0
    outer loop
      vertex -51.342 5.02914 47.8019
      vertex -51.2102 4.72963 10.3019
      vertex -51.2102 4.72963 47.8019
    endloop
  endfacet
  facet normal -0.896872 -0.44229 0
    outer loop
      vertex -51.2102 4.72963 10.3019
      vertex -51.0655 4.43615 10.3019
      vertex -51.2102 4.72963 47.8019
    endloop
  endfacet
  facet normal -0.896872 -0.44229 0
    outer loop
      vertex -51.2102 4.72963 47.8019
      vertex -51.0655 4.43615 10.3019
      vertex -51.0655 4.43615 47.8019
    endloop
  endfacet
  facet normal -0.876728 -0.480986 0
    outer loop
      vertex -51.0655 4.43615 10.3019
      vertex -50.9081 4.14927 10.3019
      vertex -51.0655 4.43615 47.8019
    endloop
  endfacet
  facet normal -0.876728 -0.480986 0
    outer loop
      vertex -51.0655 4.43615 47.8019
      vertex -50.9081 4.14927 10.3019
      vertex -50.9081 4.14927 47.8019
    endloop
  endfacet
  facet normal -0.854913 -0.518772 0
    outer loop
      vertex -50.9081 4.14927 10.3019
      vertex -50.7384 3.86952 10.3019
      vertex -50.9081 4.14927 47.8019
    endloop
  endfacet
  facet normal -0.854913 -0.518772 0
    outer loop
      vertex -50.9081 4.14927 47.8019
      vertex -50.7384 3.86952 10.3019
      vertex -50.7384 3.86952 47.8019
    endloop
  endfacet
  facet normal -0.831466 -0.555575 0
    outer loop
      vertex -50.7384 3.86952 10.3019
      vertex -50.5566 3.59745 10.3019
      vertex -50.7384 3.86952 47.8019
    endloop
  endfacet
  facet normal -0.831466 -0.555575 0
    outer loop
      vertex -50.7384 3.86952 47.8019
      vertex -50.5566 3.59745 10.3019
      vertex -50.5566 3.59745 47.8019
    endloop
  endfacet
  facet normal -0.806448 -0.591305 0
    outer loop
      vertex -50.5566 3.59745 10.3019
      vertex -50.3631 3.33356 10.3019
      vertex -50.5566 3.59745 47.8019
    endloop
  endfacet
  facet normal -0.806448 -0.591305 0
    outer loop
      vertex -50.5566 3.59745 47.8019
      vertex -50.3631 3.33356 10.3019
      vertex -50.3631 3.33356 47.8019
    endloop
  endfacet
  facet normal -0.779885 -0.625923 0
    outer loop
      vertex -50.3631 3.33356 10.3019
      vertex -50.1583 3.07836 10.3019
      vertex -50.3631 3.33356 47.8019
    endloop
  endfacet
  facet normal -0.779885 -0.625923 0
    outer loop
      vertex -50.3631 3.33356 47.8019
      vertex -50.1583 3.07836 10.3019
      vertex -50.1583 3.07836 47.8019
    endloop
  endfacet
  facet normal -0.751839 -0.659347 0
    outer loop
      vertex -50.1583 3.07836 10.3019
      vertex -49.9425 2.83234 10.3019
      vertex -50.1583 3.07836 47.8019
    endloop
  endfacet
  facet normal -0.751839 -0.659347 0
    outer loop
      vertex -50.1583 3.07836 47.8019
      vertex -49.9425 2.83234 10.3019
      vertex -49.9425 2.83234 47.8019
    endloop
  endfacet
  facet normal -0.722366 -0.691511 0
    outer loop
      vertex -49.9425 2.83234 10.3019
      vertex -49.7162 2.59597 10.3019
      vertex -49.9425 2.83234 47.8019
    endloop
  endfacet
  facet normal -0.722366 -0.691511 0
    outer loop
      vertex -49.9425 2.83234 47.8019
      vertex -49.7162 2.59597 10.3019
      vertex -49.7162 2.59597 47.8019
    endloop
  endfacet
  facet normal -0.691509 -0.722368 0
    outer loop
      vertex -49.7162 2.59597 10.3019
      vertex -49.4798 2.36969 10.3019
      vertex -49.7162 2.59597 47.8019
    endloop
  endfacet
  facet normal -0.691509 -0.722368 0
    outer loop
      vertex -49.7162 2.59597 47.8019
      vertex -49.4798 2.36969 10.3019
      vertex -49.4798 2.36969 47.8019
    endloop
  endfacet
  facet normal -0.659348 -0.751838 0
    outer loop
      vertex -49.4798 2.36969 10.3019
      vertex -49.2338 2.15394 10.3019
      vertex -49.4798 2.36969 47.8019
    endloop
  endfacet
  facet normal -0.659348 -0.751838 0
    outer loop
      vertex -49.4798 2.36969 47.8019
      vertex -49.2338 2.15394 10.3019
      vertex -49.2338 2.15394 47.8019
    endloop
  endfacet
  facet normal -0.625922 -0.779886 0
    outer loop
      vertex -49.2338 2.15394 10.3019
      vertex -48.9786 1.94912 10.3019
      vertex -49.2338 2.15394 47.8019
    endloop
  endfacet
  facet normal -0.625922 -0.779886 0
    outer loop
      vertex -49.2338 2.15394 47.8019
      vertex -48.9786 1.94912 10.3019
      vertex -48.9786 1.94912 47.8019
    endloop
  endfacet
  facet normal -0.591308 -0.806446 0
    outer loop
      vertex -48.9786 1.94912 10.3019
      vertex -48.7147 1.75563 10.3019
      vertex -48.9786 1.94912 47.8019
    endloop
  endfacet
  facet normal -0.591308 -0.806446 0
    outer loop
      vertex -48.9786 1.94912 47.8019
      vertex -48.7147 1.75563 10.3019
      vertex -48.7147 1.75563 47.8019
    endloop
  endfacet
  facet normal -0.555575 -0.831466 0
    outer loop
      vertex -48.7147 1.75563 10.3019
      vertex -48.4427 1.57383 10.3019
      vertex -48.7147 1.75563 47.8019
    endloop
  endfacet
  facet normal -0.555575 -0.831466 0
    outer loop
      vertex -48.7147 1.75563 47.8019
      vertex -48.4427 1.57383 10.3019
      vertex -48.4427 1.57383 47.8019
    endloop
  endfacet
  facet normal -0.518773 -0.854912 0
    outer loop
      vertex -48.4427 1.57383 10.3019
      vertex -48.1629 1.40408 10.3019
      vertex -48.4427 1.57383 47.8019
    endloop
  endfacet
  facet normal -0.518773 -0.854912 0
    outer loop
      vertex -48.4427 1.57383 47.8019
      vertex -48.1629 1.40408 10.3019
      vertex -48.1629 1.40408 47.8019
    endloop
  endfacet
  facet normal -0.480985 -0.876729 0
    outer loop
      vertex -48.1629 1.40408 10.3019
      vertex -47.876 1.24669 10.3019
      vertex -48.1629 1.40408 47.8019
    endloop
  endfacet
  facet normal -0.480985 -0.876729 0
    outer loop
      vertex -48.1629 1.40408 47.8019
      vertex -47.876 1.24669 10.3019
      vertex -47.876 1.24669 47.8019
    endloop
  endfacet
  facet normal -0.442292 -0.896871 0
    outer loop
      vertex -47.876 1.24669 10.3019
      vertex -47.5826 1.10196 10.3019
      vertex -47.876 1.24669 47.8019
    endloop
  endfacet
  facet normal -0.442292 -0.896871 0
    outer loop
      vertex -47.876 1.24669 47.8019
      vertex -47.5826 1.10196 10.3019
      vertex -47.5826 1.10196 47.8019
    endloop
  endfacet
  facet normal -0.402744 -0.915313 0
    outer loop
      vertex -47.5826 1.10196 10.3019
      vertex -47.283 0.970172 10.3019
      vertex -47.5826 1.10196 47.8019
    endloop
  endfacet
  facet normal -0.402744 -0.915313 0
    outer loop
      vertex -47.5826 1.10196 47.8019
      vertex -47.283 0.970172 10.3019
      vertex -47.283 0.970172 47.8019
    endloop
  endfacet
  facet normal -0.362438 -0.932008 0
    outer loop
      vertex -47.283 0.970172 10.3019
      vertex -46.9781 0.851574 10.3019
      vertex -47.283 0.970172 47.8019
    endloop
  endfacet
  facet normal -0.362438 -0.932008 0
    outer loop
      vertex -47.283 0.970172 47.8019
      vertex -46.9781 0.851574 10.3019
      vertex -46.9781 0.851574 47.8019
    endloop
  endfacet
  facet normal -0.321439 -0.94693 0
    outer loop
      vertex -46.9781 0.851574 10.3019
      vertex -46.6682 0.746391 10.3019
      vertex -46.9781 0.851574 47.8019
    endloop
  endfacet
  facet normal -0.321439 -0.94693 0
    outer loop
      vertex -46.9781 0.851574 47.8019
      vertex -46.6682 0.746391 10.3019
      vertex -46.6682 0.746391 47.8019
    endloop
  endfacet
  facet normal -0.27983 -0.96005 0
    outer loop
      vertex -46.6682 0.746391 10.3019
      vertex -46.3541 0.654825 10.3019
      vertex -46.6682 0.746391 47.8019
    endloop
  endfacet
  facet normal -0.27983 -0.96005 0
    outer loop
      vertex -46.6682 0.746391 47.8019
      vertex -46.3541 0.654825 10.3019
      vertex -46.3541 0.654825 47.8019
    endloop
  endfacet
  facet normal -0.237686 -0.971342 0
    outer loop
      vertex -46.3541 0.654825 10.3019
      vertex -46.0362 0.577048 10.3019
      vertex -46.3541 0.654825 47.8019
    endloop
  endfacet
  facet normal -0.237686 -0.971342 0
    outer loop
      vertex -46.3541 0.654825 47.8019
      vertex -46.0362 0.577048 10.3019
      vertex -46.0362 0.577048 47.8019
    endloop
  endfacet
  facet normal -0.195091 -0.980785 0
    outer loop
      vertex -46.0362 0.577048 10.3019
      vertex -45.7153 0.51321 10.3019
      vertex -46.0362 0.577048 47.8019
    endloop
  endfacet
  facet normal -0.195091 -0.980785 0
    outer loop
      vertex -46.0362 0.577048 47.8019
      vertex -45.7153 0.51321 10.3019
      vertex -45.7153 0.51321 47.8019
    endloop
  endfacet
  facet normal -0.152123 -0.988362 0
    outer loop
      vertex -45.7153 0.51321 10.3019
      vertex -45.3919 0.463432 10.3019
      vertex -45.7153 0.51321 47.8019
    endloop
  endfacet
  facet normal -0.152123 -0.988362 0
    outer loop
      vertex -45.7153 0.51321 47.8019
      vertex -45.3919 0.463432 10.3019
      vertex -45.3919 0.463432 47.8019
    endloop
  endfacet
  facet normal -0.108866 -0.994056 0
    outer loop
      vertex -45.3919 0.463432 10.3019
      vertex -45.0666 0.427808 10.3019
      vertex -45.3919 0.463432 47.8019
    endloop
  endfacet
  facet normal -0.108866 -0.994056 0
    outer loop
      vertex -45.3919 0.463432 47.8019
      vertex -45.0666 0.427808 10.3019
      vertex -45.0666 0.427808 47.8019
    endloop
  endfacet
  facet normal -0.0654033 -0.997859 0
    outer loop
      vertex -45.0666 0.427808 10.3019
      vertex -44.7401 0.406407 10.3019
      vertex -45.0666 0.427808 47.8019
    endloop
  endfacet
  facet normal -0.0654033 -0.997859 0
    outer loop
      vertex -45.0666 0.427808 47.8019
      vertex -44.7401 0.406407 10.3019
      vertex -44.7401 0.406407 47.8019
    endloop
  endfacet
  facet normal -0.021815 -0.999762 0
    outer loop
      vertex -44.7401 0.406407 10.3019
      vertex -44.4129 0.399268 10.3019
      vertex -44.7401 0.406407 47.8019
    endloop
  endfacet
  facet normal -0.021815 -0.999762 0
    outer loop
      vertex -44.7401 0.406407 47.8019
      vertex -44.4129 0.399268 10.3019
      vertex -44.4129 0.399268 47.8019
    endloop
  endfacet
  facet normal 0.999762 0.0218129 0
    outer loop
      vertex -121.913 -42.1007 47.8019
      vertex -121.913 -42.1007 10.3019
      vertex -121.92 -41.7736 10.3019
    endloop
  endfacet
  facet normal 0.999762 0.0218129 0
    outer loop
      vertex -121.913 -42.1007 47.8019
      vertex -121.92 -41.7736 10.3019
      vertex -121.92 -41.7736 47.8019
    endloop
  endfacet
  facet normal 0.99786 0.0653924 0
    outer loop
      vertex -121.92 -41.7736 10.3019
      vertex -121.941 -41.4471 10.3019
      vertex -121.92 -41.7736 47.8019
    endloop
  endfacet
  facet normal 0.99786 0.0653924 0
    outer loop
      vertex -121.92 -41.7736 47.8019
      vertex -121.941 -41.4471 10.3019
      vertex -121.941 -41.4471 47.8019
    endloop
  endfacet
  facet normal 0.994055 0.108882 0
    outer loop
      vertex -121.941 -41.4471 10.3019
      vertex -121.977 -41.1218 10.3019
      vertex -121.941 -41.4471 47.8019
    endloop
  endfacet
  facet normal 0.994055 0.108882 0
    outer loop
      vertex -121.941 -41.4471 47.8019
      vertex -121.977 -41.1218 10.3019
      vertex -121.977 -41.1218 47.8019
    endloop
  endfacet
  facet normal 0.988362 0.15212 0
    outer loop
      vertex -121.977 -41.1218 10.3019
      vertex -122.027 -40.7984 10.3019
      vertex -121.977 -41.1218 47.8019
    endloop
  endfacet
  facet normal 0.988362 0.15212 0
    outer loop
      vertex -121.977 -41.1218 47.8019
      vertex -122.027 -40.7984 10.3019
      vertex -122.027 -40.7984 47.8019
    endloop
  endfacet
  facet normal 0.980786 0.195087 0
    outer loop
      vertex -122.027 -40.7984 10.3019
      vertex -122.091 -40.4774 10.3019
      vertex -122.027 -40.7984 47.8019
    endloop
  endfacet
  facet normal 0.980786 0.195087 0
    outer loop
      vertex -122.027 -40.7984 47.8019
      vertex -122.091 -40.4774 10.3019
      vertex -122.091 -40.4774 47.8019
    endloop
  endfacet
  facet normal 0.971342 0.237687 0
    outer loop
      vertex -122.091 -40.4774 10.3019
      vertex -122.168 -40.1596 10.3019
      vertex -122.091 -40.4774 47.8019
    endloop
  endfacet
  facet normal 0.971342 0.237687 0
    outer loop
      vertex -122.091 -40.4774 47.8019
      vertex -122.168 -40.1596 10.3019
      vertex -122.168 -40.1596 47.8019
    endloop
  endfacet
  facet normal 0.96005 0.27983 0
    outer loop
      vertex -122.168 -40.1596 10.3019
      vertex -122.26 -39.8454 10.3019
      vertex -122.168 -40.1596 47.8019
    endloop
  endfacet
  facet normal 0.96005 0.27983 0
    outer loop
      vertex -122.168 -40.1596 47.8019
      vertex -122.26 -39.8454 10.3019
      vertex -122.26 -39.8454 47.8019
    endloop
  endfacet
  facet normal 0.946932 0.321435 0
    outer loop
      vertex -122.26 -39.8454 10.3019
      vertex -122.365 -39.5356 10.3019
      vertex -122.26 -39.8454 47.8019
    endloop
  endfacet
  facet normal 0.946932 0.321435 0
    outer loop
      vertex -122.26 -39.8454 47.8019
      vertex -122.365 -39.5356 10.3019
      vertex -122.365 -39.5356 47.8019
    endloop
  endfacet
  facet normal 0.932008 0.362439 0
    outer loop
      vertex -122.365 -39.5356 10.3019
      vertex -122.484 -39.2306 10.3019
      vertex -122.365 -39.5356 47.8019
    endloop
  endfacet
  facet normal 0.932008 0.362439 0
    outer loop
      vertex -122.365 -39.5356 47.8019
      vertex -122.484 -39.2306 10.3019
      vertex -122.484 -39.2306 47.8019
    endloop
  endfacet
  facet normal 0.915315 0.402739 0
    outer loop
      vertex -122.484 -39.2306 10.3019
      vertex -122.616 -38.9311 10.3019
      vertex -122.484 -39.2306 47.8019
    endloop
  endfacet
  facet normal 0.915315 0.402739 0
    outer loop
      vertex -122.484 -39.2306 47.8019
      vertex -122.616 -38.9311 10.3019
      vertex -122.616 -38.9311 47.8019
    endloop
  endfacet
  facet normal 0.896873 0.442289 0
    outer loop
      vertex -122.616 -38.9311 10.3019
      vertex -122.76 -38.6376 10.3019
      vertex -122.616 -38.9311 47.8019
    endloop
  endfacet
  facet normal 0.896873 0.442289 0
    outer loop
      vertex -122.616 -38.9311 47.8019
      vertex -122.76 -38.6376 10.3019
      vertex -122.76 -38.6376 47.8019
    endloop
  endfacet
  facet normal 0.876723 0.480996 0
    outer loop
      vertex -122.76 -38.6376 10.3019
      vertex -122.918 -38.3507 10.3019
      vertex -122.76 -38.6376 47.8019
    endloop
  endfacet
  facet normal 0.876723 0.480996 0
    outer loop
      vertex -122.76 -38.6376 47.8019
      vertex -122.918 -38.3507 10.3019
      vertex -122.918 -38.3507 47.8019
    endloop
  endfacet
  facet normal 0.854913 0.518772 0
    outer loop
      vertex -122.918 -38.3507 10.3019
      vertex -123.087 -38.071 10.3019
      vertex -122.918 -38.3507 47.8019
    endloop
  endfacet
  facet normal 0.854913 0.518772 0
    outer loop
      vertex -122.918 -38.3507 47.8019
      vertex -123.087 -38.071 10.3019
      vertex -123.087 -38.071 47.8019
    endloop
  endfacet
  facet normal 0.831472 0.555567 0
    outer loop
      vertex -123.087 -38.071 10.3019
      vertex -123.269 -37.7989 10.3019
      vertex -123.087 -38.071 47.8019
    endloop
  endfacet
  facet normal 0.831472 0.555567 0
    outer loop
      vertex -123.087 -38.071 47.8019
      vertex -123.269 -37.7989 10.3019
      vertex -123.269 -37.7989 47.8019
    endloop
  endfacet
  facet normal 0.806444 0.591311 0
    outer loop
      vertex -123.269 -37.7989 10.3019
      vertex -123.463 -37.535 10.3019
      vertex -123.269 -37.7989 47.8019
    endloop
  endfacet
  facet normal 0.806444 0.591311 0
    outer loop
      vertex -123.269 -37.7989 47.8019
      vertex -123.463 -37.535 10.3019
      vertex -123.463 -37.535 47.8019
    endloop
  endfacet
  facet normal 0.779882 0.625927 0
    outer loop
      vertex -123.463 -37.535 10.3019
      vertex -123.668 -37.2798 10.3019
      vertex -123.463 -37.535 47.8019
    endloop
  endfacet
  facet normal 0.779882 0.625927 0
    outer loop
      vertex -123.463 -37.535 47.8019
      vertex -123.668 -37.2798 10.3019
      vertex -123.668 -37.2798 47.8019
    endloop
  endfacet
  facet normal 0.751842 0.659343 0
    outer loop
      vertex -123.668 -37.2798 10.3019
      vertex -123.883 -37.0338 10.3019
      vertex -123.668 -37.2798 47.8019
    endloop
  endfacet
  facet normal 0.751842 0.659343 0
    outer loop
      vertex -123.668 -37.2798 47.8019
      vertex -123.883 -37.0338 10.3019
      vertex -123.883 -37.0338 47.8019
    endloop
  endfacet
  facet normal 0.722359 0.691518 0
    outer loop
      vertex -123.883 -37.0338 10.3019
      vertex -124.11 -36.7974 10.3019
      vertex -123.883 -37.0338 47.8019
    endloop
  endfacet
  facet normal 0.722359 0.691518 0
    outer loop
      vertex -123.883 -37.0338 47.8019
      vertex -124.11 -36.7974 10.3019
      vertex -124.11 -36.7974 47.8019
    endloop
  endfacet
  facet normal 0.691518 0.722359 0
    outer loop
      vertex -124.11 -36.7974 10.3019
      vertex -124.346 -36.5712 10.3019
      vertex -124.11 -36.7974 47.8019
    endloop
  endfacet
  facet normal 0.691518 0.722359 0
    outer loop
      vertex -124.11 -36.7974 47.8019
      vertex -124.346 -36.5712 10.3019
      vertex -124.346 -36.5712 47.8019
    endloop
  endfacet
  facet normal 0.659349 0.751837 0
    outer loop
      vertex -124.346 -36.5712 10.3019
      vertex -124.592 -36.3554 10.3019
      vertex -124.346 -36.5712 47.8019
    endloop
  endfacet
  facet normal 0.659349 0.751837 0
    outer loop
      vertex -124.346 -36.5712 47.8019
      vertex -124.592 -36.3554 10.3019
      vertex -124.592 -36.3554 47.8019
    endloop
  endfacet
  facet normal 0.625922 0.779886 0
    outer loop
      vertex -124.592 -36.3554 10.3019
      vertex -124.847 -36.1506 10.3019
      vertex -124.592 -36.3554 47.8019
    endloop
  endfacet
  facet normal 0.625922 0.779886 0
    outer loop
      vertex -124.592 -36.3554 47.8019
      vertex -124.847 -36.1506 10.3019
      vertex -124.847 -36.1506 47.8019
    endloop
  endfacet
  facet normal 0.591316 0.80644 0
    outer loop
      vertex -124.847 -36.1506 10.3019
      vertex -125.111 -35.9571 10.3019
      vertex -124.847 -36.1506 47.8019
    endloop
  endfacet
  facet normal 0.591316 0.80644 0
    outer loop
      vertex -124.847 -36.1506 47.8019
      vertex -125.111 -35.9571 10.3019
      vertex -125.111 -35.9571 47.8019
    endloop
  endfacet
  facet normal 0.555562 0.831475 0
    outer loop
      vertex -125.111 -35.9571 10.3019
      vertex -125.383 -35.7753 10.3019
      vertex -125.111 -35.9571 47.8019
    endloop
  endfacet
  facet normal 0.555562 0.831475 0
    outer loop
      vertex -125.111 -35.9571 47.8019
      vertex -125.383 -35.7753 10.3019
      vertex -125.383 -35.7753 47.8019
    endloop
  endfacet
  facet normal 0.518762 0.854919 0
    outer loop
      vertex -125.383 -35.7753 10.3019
      vertex -125.663 -35.6055 10.3019
      vertex -125.383 -35.7753 47.8019
    endloop
  endfacet
  facet normal 0.518762 0.854919 0
    outer loop
      vertex -125.383 -35.7753 47.8019
      vertex -125.663 -35.6055 10.3019
      vertex -125.663 -35.6055 47.8019
    endloop
  endfacet
  facet normal 0.481006 0.876717 0
    outer loop
      vertex -125.663 -35.6055 10.3019
      vertex -125.95 -35.4481 10.3019
      vertex -125.663 -35.6055 47.8019
    endloop
  endfacet
  facet normal 0.481006 0.876717 0
    outer loop
      vertex -125.663 -35.6055 47.8019
      vertex -125.95 -35.4481 10.3019
      vertex -125.95 -35.4481 47.8019
    endloop
  endfacet
  facet normal 0.442289 0.896873 0
    outer loop
      vertex -125.95 -35.4481 10.3019
      vertex -126.243 -35.3034 10.3019
      vertex -125.95 -35.4481 47.8019
    endloop
  endfacet
  facet normal 0.442289 0.896873 0
    outer loop
      vertex -125.95 -35.4481 47.8019
      vertex -126.243 -35.3034 10.3019
      vertex -126.243 -35.3034 47.8019
    endloop
  endfacet
  facet normal 0.402739 0.915315 0
    outer loop
      vertex -126.243 -35.3034 10.3019
      vertex -126.543 -35.1716 10.3019
      vertex -126.243 -35.3034 47.8019
    endloop
  endfacet
  facet normal 0.402739 0.915315 0
    outer loop
      vertex -126.243 -35.3034 47.8019
      vertex -126.543 -35.1716 10.3019
      vertex -126.543 -35.1716 47.8019
    endloop
  endfacet
  facet normal 0.362446 0.932005 0
    outer loop
      vertex -126.543 -35.1716 10.3019
      vertex -126.848 -35.053 10.3019
      vertex -126.543 -35.1716 47.8019
    endloop
  endfacet
  facet normal 0.362446 0.932005 0
    outer loop
      vertex -126.543 -35.1716 47.8019
      vertex -126.848 -35.053 10.3019
      vertex -126.848 -35.053 47.8019
    endloop
  endfacet
  facet normal 0.321431 0.946933 0
    outer loop
      vertex -126.848 -35.053 10.3019
      vertex -127.158 -34.9479 10.3019
      vertex -126.848 -35.053 47.8019
    endloop
  endfacet
  facet normal 0.321431 0.946933 0
    outer loop
      vertex -126.848 -35.053 47.8019
      vertex -127.158 -34.9479 10.3019
      vertex -127.158 -34.9479 47.8019
    endloop
  endfacet
  facet normal 0.279825 0.960051 0
    outer loop
      vertex -127.158 -34.9479 10.3019
      vertex -127.472 -34.8563 10.3019
      vertex -127.158 -34.9479 47.8019
    endloop
  endfacet
  facet normal 0.279825 0.960051 0
    outer loop
      vertex -127.158 -34.9479 47.8019
      vertex -127.472 -34.8563 10.3019
      vertex -127.472 -34.8563 47.8019
    endloop
  endfacet
  facet normal 0.237689 0.971341 0
    outer loop
      vertex -127.472 -34.8563 10.3019
      vertex -127.79 -34.7785 10.3019
      vertex -127.472 -34.8563 47.8019
    endloop
  endfacet
  facet normal 0.237689 0.971341 0
    outer loop
      vertex -127.472 -34.8563 47.8019
      vertex -127.79 -34.7785 10.3019
      vertex -127.79 -34.7785 47.8019
    endloop
  endfacet
  facet normal 0.195094 0.980785 0
    outer loop
      vertex -127.79 -34.7785 10.3019
      vertex -128.111 -34.7147 10.3019
      vertex -127.79 -34.7785 47.8019
    endloop
  endfacet
  facet normal 0.195094 0.980785 0
    outer loop
      vertex -127.79 -34.7785 47.8019
      vertex -128.111 -34.7147 10.3019
      vertex -128.111 -34.7147 47.8019
    endloop
  endfacet
  facet normal 0.15212 0.988362 0
    outer loop
      vertex -128.111 -34.7147 10.3019
      vertex -128.434 -34.6649 10.3019
      vertex -128.111 -34.7147 47.8019
    endloop
  endfacet
  facet normal 0.15212 0.988362 0
    outer loop
      vertex -128.111 -34.7147 47.8019
      vertex -128.434 -34.6649 10.3019
      vertex -128.434 -34.6649 47.8019
    endloop
  endfacet
  facet normal 0.108871 0.994056 0
    outer loop
      vertex -128.434 -34.6649 10.3019
      vertex -128.759 -34.6293 10.3019
      vertex -128.434 -34.6649 47.8019
    endloop
  endfacet
  facet normal 0.108871 0.994056 0
    outer loop
      vertex -128.434 -34.6649 47.8019
      vertex -128.759 -34.6293 10.3019
      vertex -128.759 -34.6293 47.8019
    endloop
  endfacet
  facet normal 0.0654059 0.997859 0
    outer loop
      vertex -128.759 -34.6293 10.3019
      vertex -129.086 -34.6079 10.3019
      vertex -128.759 -34.6293 47.8019
    endloop
  endfacet
  facet normal 0.0654059 0.997859 0
    outer loop
      vertex -128.759 -34.6293 47.8019
      vertex -129.086 -34.6079 10.3019
      vertex -129.086 -34.6079 47.8019
    endloop
  endfacet
  facet normal 0.0218122 0.999762 0
    outer loop
      vertex -129.086 -34.6079 10.3019
      vertex -129.413 -34.6007 10.3019
      vertex -129.086 -34.6079 47.8019
    endloop
  endfacet
  facet normal 0.0218122 0.999762 0
    outer loop
      vertex -129.086 -34.6079 47.8019
      vertex -129.413 -34.6007 10.3019
      vertex -129.413 -34.6007 47.8019
    endloop
  endfacet
  facet normal 0 0 1
    outer loop
      vertex -51.9058 7.57212 10.3019
      vertex -51.9129 7.89927 10.3019
      vertex -121.913 7.89927 10.3019
    endloop
  endfacet
  facet normal 0 0 1
    outer loop
      vertex -67.3886 -38.3002 10.3019
      vertex -121.913 -42.1007 10.3019
      vertex -51.9129 -42.1007 10.3019
    endloop
  endfacet
  facet normal 0 0 1
    outer loop
      vertex -125.213 1.68545 10.3019
      vertex -125.481 1.5128 10.3019
      vertex -128.759 -34.6293 10.3019
    endloop
  endfacet
  facet normal 0 0 1
    outer loop
      vertex -122.027 -40.7984 10.3019
      vertex -121.977 -41.1218 10.3019
      vertex -67.3886 -38.3002 10.3019
    endloop
  endfacet
  facet normal 0 0 1
    outer loop
      vertex -51.2102 -38.9311 10.3019
      vertex -51.0655 -38.6376 10.3019
      vertex -52.3886 -38.3002 10.3019
    endloop
  endfacet
  facet normal 0 0 1
    outer loop
      vertex -51.0655 -38.6376 10.3019
      vertex -50.9081 -38.3507 10.3019
      vertex -52.3886 -38.3002 10.3019
    endloop
  endfacet
  facet normal 0 0 1
    outer loop
      vertex -51.9129 -42.1007 10.3019
      vertex -51.9058 -41.7736 10.3019
      vertex -67.3886 -38.3002 10.3019
    endloop
  endfacet
  facet normal 0 0 1
    outer loop
      vertex -51.9058 -41.7736 10.3019
      vertex -51.8844 -41.4471 10.3019
      vertex -67.3886 -38.3002 10.3019
    endloop
  endfacet
  facet normal 0 0 1
    outer loop
      vertex -67.3886 -38.3002 10.3019
      vertex -51.8844 -41.4471 10.3019
      vertex -51.8488 -41.1218 10.3019
    endloop
  endfacet
  facet normal 0 0 1
    outer loop
      vertex -51.0655 4.43615 10.3019
      vertex -51.2102 4.72963 10.3019
      vertex -67.3886 1.69983 10.3019
    endloop
  endfacet
  facet normal 0 0 1
    outer loop
      vertex -51.8488 -41.1218 10.3019
      vertex -51.799 -40.7984 10.3019
      vertex -67.3886 -38.3002 10.3019
    endloop
  endfacet
  facet normal 0 0 1
    outer loop
      vertex -51.799 -40.7984 10.3019
      vertex -51.7351 -40.4774 10.3019
      vertex -67.3886 -38.3002 10.3019
    endloop
  endfacet
  facet normal 0 0 1
    outer loop
      vertex -67.3886 -38.3002 10.3019
      vertex -51.7351 -40.4774 10.3019
      vertex -51.6574 -40.1596 10.3019
    endloop
  endfacet
  facet normal 0 0 1
    outer loop
      vertex -121.977 -41.1218 10.3019
      vertex -121.941 -41.4471 10.3019
      vertex -67.3886 -38.3002 10.3019
    endloop
  endfacet
  facet normal 0 0 1
    outer loop
      vertex -121.941 -41.4471 10.3019
      vertex -121.92 -41.7736 10.3019
      vertex -67.3886 -38.3002 10.3019
    endloop
  endfacet
  facet normal 0 0 1
    outer loop
      vertex -67.3886 -38.3002 10.3019
      vertex -121.92 -41.7736 10.3019
      vertex -121.913 -42.1007 10.3019
    endloop
  endfacet
  facet normal 0 0 1
    outer loop
      vertex -46.0362 -34.7785 10.3019
      vertex -45.7153 -34.7147 10.3019
      vertex -48.1629 1.40408 10.3019
    endloop
  endfacet
  facet normal 0 0 1
    outer loop
      vertex -51.6574 -40.1596 10.3019
      vertex -51.5658 -39.8454 10.3019
      vertex -67.3886 -38.3002 10.3019
    endloop
  endfacet
  facet normal 0 0 1
    outer loop
      vertex -51.5658 -39.8454 10.3019
      vertex -51.4606 -39.5356 10.3019
      vertex -67.3886 -38.3002 10.3019
    endloop
  endfacet
  facet normal 0 0 1
    outer loop
      vertex -67.3886 -38.3002 10.3019
      vertex -51.4606 -39.5356 10.3019
      vertex -52.3886 -38.3002 10.3019
    endloop
  endfacet
  facet normal 0 0 1
    outer loop
      vertex -51.4606 -39.5356 10.3019
      vertex -51.342 -39.2306 10.3019
      vertex -52.3886 -38.3002 10.3019
    endloop
  endfacet
  facet normal 0 0 1
    outer loop
      vertex -52.3886 -38.3002 10.3019
      vertex -51.342 -39.2306 10.3019
      vertex -51.2102 -38.9311 10.3019
    endloop
  endfacet
  facet normal 0 0 1
    outer loop
      vertex -67.3886 1.69983 10.3019
      vertex -123.463 -37.535 10.3019
      vertex -123.269 -37.7989 10.3019
    endloop
  endfacet
  facet normal 0 0 1
    outer loop
      vertex -122.26 -39.8454 10.3019
      vertex -122.168 -40.1596 10.3019
      vertex -67.3886 -38.3002 10.3019
    endloop
  endfacet
  facet normal 0 0 1
    outer loop
      vertex -122.168 -40.1596 10.3019
      vertex -122.091 -40.4774 10.3019
      vertex -67.3886 -38.3002 10.3019
    endloop
  endfacet
  facet normal 0 0 1
    outer loop
      vertex -67.3886 -38.3002 10.3019
      vertex -122.091 -40.4774 10.3019
      vertex -122.027 -40.7984 10.3019
    endloop
  endfacet
  facet normal 0 0 1
    outer loop
      vertex -51.2102 4.72963 10.3019
      vertex -51.342 5.02914 10.3019
      vertex -67.3886 1.69983 10.3019
    endloop
  endfacet
  facet normal 0 0 1
    outer loop
      vertex -51.342 5.02914 10.3019
      vertex -51.4606 5.33412 10.3019
      vertex -67.3886 1.69983 10.3019
    endloop
  endfacet
  facet normal 0 0 1
    outer loop
      vertex -67.3886 1.69983 10.3019
      vertex -51.4606 5.33412 10.3019
      vertex -51.5658 5.64397 10.3019
    endloop
  endfacet
  facet normal 0 0 1
    outer loop
      vertex -51.5658 5.64397 10.3019
      vertex -51.6574 5.95813 10.3019
      vertex -67.3886 1.69983 10.3019
    endloop
  endfacet
  facet normal 0 0 1
    outer loop
      vertex -51.6574 5.95813 10.3019
      vertex -51.7351 6.27597 10.3019
      vertex -67.3886 1.69983 10.3019
    endloop
  endfacet
  facet normal 0 0 1
    outer loop
      vertex -67.3886 1.69983 10.3019
      vertex -51.7351 6.27597 10.3019
      vertex -51.799 6.59691 10.3019
    endloop
  endfacet
  facet normal 0 0 1
    outer loop
      vertex -45.7153 -34.7147 10.3019
      vertex -45.3919 -34.6649 10.3019
      vertex -48.1629 1.40408 10.3019
    endloop
  endfacet
  facet normal 0 0 1
    outer loop
      vertex -45.3919 -34.6649 10.3019
      vertex -45.0666 -34.6293 10.3019
      vertex -48.1629 1.40408 10.3019
    endloop
  endfacet
  facet normal 0 0 1
    outer loop
      vertex -48.1629 1.40408 10.3019
      vertex -45.0666 -34.6293 10.3019
      vertex -47.876 1.24669 10.3019
    endloop
  endfacet
  facet normal 0 0 1
    outer loop
      vertex -45.0666 0.427808 10.3019
      vertex -45.0666 -34.6293 10.3019
      vertex -44.7401 -34.6079 10.3019
    endloop
  endfacet
  facet normal 0 0 1
    outer loop
      vertex -48.1629 1.40408 10.3019
      vertex -48.4427 1.57383 10.3019
      vertex -52.3886 -38.3002 10.3019
    endloop
  endfacet
  facet normal 0 0 1
    outer loop
      vertex -48.4427 1.57383 10.3019
      vertex -48.7147 1.75563 10.3019
      vertex -52.3886 -38.3002 10.3019
    endloop
  endfacet
  facet normal 0 0 1
    outer loop
      vertex -49.7162 2.59597 10.3019
      vertex -49.9425 2.83234 10.3019
      vertex -52.3886 1.69983 10.3019
    endloop
  endfacet
  facet normal 0 0 1
    outer loop
      vertex -49.9425 2.83234 10.3019
      vertex -50.1583 3.07836 10.3019
      vertex -52.3886 1.69983 10.3019
    endloop
  endfacet
  facet normal 0 0 1
    outer loop
      vertex -52.3886 1.69983 10.3019
      vertex -50.1583 3.07836 10.3019
      vertex -50.3631 3.33356 10.3019
    endloop
  endfacet
  facet normal 0 0 1
    outer loop
      vertex -128.46 0.460015 10.3019
      vertex -129.086 -34.6079 10.3019
      vertex -128.145 0.507149 10.3019
    endloop
  endfacet
  facet normal 0 0 1
    outer loop
      vertex -129.086 -34.6079 10.3019
      vertex -127.833 0.567604 10.3019
      vertex -128.145 0.507149 10.3019
    endloop
  endfacet
  facet normal 0 0 1
    outer loop
      vertex -129.413 0.399268 10.3019
      vertex -129.413 -34.6007 10.3019
      vertex -129.095 0.406026 10.3019
    endloop
  endfacet
  facet normal 0 0 1
    outer loop
      vertex -129.413 -34.6007 10.3019
      vertex -129.086 -34.6079 10.3019
      vertex -129.095 0.406026 10.3019
    endloop
  endfacet
  facet normal 0 0 1
    outer loop
      vertex -129.095 0.406026 10.3019
      vertex -129.086 -34.6079 10.3019
      vertex -128.777 0.426287 10.3019
    endloop
  endfacet
  facet normal 0 0 1
    outer loop
      vertex -129.086 -34.6079 10.3019
      vertex -128.46 0.460015 10.3019
      vertex -128.777 0.426287 10.3019
    endloop
  endfacet
  facet normal 0 0 1
    outer loop
      vertex -128.434 -34.6649 10.3019
      vertex -123.383 3.43952 10.3019
      vertex -128.759 -34.6293 10.3019
    endloop
  endfacet
  facet normal 0 0 1
    outer loop
      vertex -123.383 3.43952 10.3019
      vertex -123.578 3.18762 10.3019
      vertex -128.759 -34.6293 10.3019
    endloop
  endfacet
  facet normal 0 0 1
    outer loop
      vertex -123.269 -37.7989 10.3019
      vertex -123.087 -38.071 10.3019
      vertex -67.3886 1.69983 10.3019
    endloop
  endfacet
  facet normal 0 0 1
    outer loop
      vertex -123.087 -38.071 10.3019
      vertex -122.918 -38.3507 10.3019
      vertex -67.3886 1.69983 10.3019
    endloop
  endfacet
  facet normal 0 0 1
    outer loop
      vertex -67.3886 1.69983 10.3019
      vertex -122.918 -38.3507 10.3019
      vertex -122.76 -38.6376 10.3019
    endloop
  endfacet
  facet normal 0 0 1
    outer loop
      vertex -51.799 6.59691 10.3019
      vertex -51.8488 6.92032 10.3019
      vertex -121.913 7.89927 10.3019
    endloop
  endfacet
  facet normal 0 0 1
    outer loop
      vertex -51.8488 6.92032 10.3019
      vertex -51.8844 7.2456 10.3019
      vertex -121.913 7.89927 10.3019
    endloop
  endfacet
  facet normal 0 0 1
    outer loop
      vertex -121.913 7.89927 10.3019
      vertex -51.8844 7.2456 10.3019
      vertex -51.9058 7.57212 10.3019
    endloop
  endfacet
  facet normal 0 0 1
    outer loop
      vertex -50.9081 -38.3507 10.3019
      vertex -50.7384 -38.071 10.3019
      vertex -52.3886 -38.3002 10.3019
    endloop
  endfacet
  facet normal 0 0 1
    outer loop
      vertex -50.7384 -38.071 10.3019
      vertex -50.5566 -37.7989 10.3019
      vertex -52.3886 -38.3002 10.3019
    endloop
  endfacet
  facet normal 0 0 1
    outer loop
      vertex -52.3886 -38.3002 10.3019
      vertex -50.5566 -37.7989 10.3019
      vertex -48.1629 1.40408 10.3019
    endloop
  endfacet
  facet normal 0 0 1
    outer loop
      vertex -50.5566 -37.7989 10.3019
      vertex -50.3631 -37.535 10.3019
      vertex -48.1629 1.40408 10.3019
    endloop
  endfacet
  facet normal 0 0 1
    outer loop
      vertex -46.9781 -35.053 10.3019
      vertex -46.6682 -34.9479 10.3019
      vertex -48.1629 1.40408 10.3019
    endloop
  endfacet
  facet normal 0 0 1
    outer loop
      vertex -46.6682 -34.9479 10.3019
      vertex -46.3541 -34.8563 10.3019
      vertex -48.1629 1.40408 10.3019
    endloop
  endfacet
  facet normal 0 0 1
    outer loop
      vertex -48.1629 1.40408 10.3019
      vertex -46.3541 -34.8563 10.3019
      vertex -46.0362 -34.7785 10.3019
    endloop
  endfacet
  facet normal 0 0 1
    outer loop
      vertex -48.7147 1.75563 10.3019
      vertex -48.9786 1.94912 10.3019
      vertex -52.3886 -38.3002 10.3019
    endloop
  endfacet
  facet normal 0 0 1
    outer loop
      vertex -48.9786 1.94912 10.3019
      vertex -49.2338 2.15394 10.3019
      vertex -52.3886 -38.3002 10.3019
    endloop
  endfacet
  facet normal 0 0 1
    outer loop
      vertex -52.3886 -38.3002 10.3019
      vertex -49.2338 2.15394 10.3019
      vertex -52.3886 1.69983 10.3019
    endloop
  endfacet
  facet normal 0 0 1
    outer loop
      vertex -49.2338 2.15394 10.3019
      vertex -49.4798 2.36969 10.3019
      vertex -52.3886 1.69983 10.3019
    endloop
  endfacet
  facet normal 0 0 1
    outer loop
      vertex -52.3886 1.69983 10.3019
      vertex -49.4798 2.36969 10.3019
      vertex -49.7162 2.59597 10.3019
    endloop
  endfacet
  facet normal 0 0 1
    outer loop
      vertex -128.759 -34.6293 10.3019
      vertex -127.217 0.728018 10.3019
      vertex -129.086 -34.6079 10.3019
    endloop
  endfacet
  facet normal 0 0 1
    outer loop
      vertex -127.217 0.728018 10.3019
      vertex -127.523 0.641271 10.3019
      vertex -129.086 -34.6079 10.3019
    endloop
  endfacet
  facet normal 0 0 1
    outer loop
      vertex -129.086 -34.6079 10.3019
      vertex -127.523 0.641271 10.3019
      vertex -127.833 0.567604 10.3019
    endloop
  endfacet
  facet normal 0 0 1
    outer loop
      vertex -124.847 -36.1506 10.3019
      vertex -124.592 -36.3554 10.3019
      vertex -67.3886 1.69983 10.3019
    endloop
  endfacet
  facet normal 0 0 1
    outer loop
      vertex -124.592 -36.3554 10.3019
      vertex -124.346 -36.5712 10.3019
      vertex -67.3886 1.69983 10.3019
    endloop
  endfacet
  facet normal 0 0 1
    outer loop
      vertex -67.3886 1.69983 10.3019
      vertex -124.346 -36.5712 10.3019
      vertex -124.11 -36.7974 10.3019
    endloop
  endfacet
  facet normal 0 0 1
    outer loop
      vertex -124.11 -36.7974 10.3019
      vertex -123.883 -37.0338 10.3019
      vertex -67.3886 1.69983 10.3019
    endloop
  endfacet
  facet normal 0 0 1
    outer loop
      vertex -123.883 -37.0338 10.3019
      vertex -123.668 -37.2798 10.3019
      vertex -67.3886 1.69983 10.3019
    endloop
  endfacet
  facet normal 0 0 1
    outer loop
      vertex -67.3886 1.69983 10.3019
      vertex -123.668 -37.2798 10.3019
      vertex -123.463 -37.535 10.3019
    endloop
  endfacet
  facet normal 0 0 1
    outer loop
      vertex -122.76 -38.6376 10.3019
      vertex -122.616 -38.9311 10.3019
      vertex -67.3886 1.69983 10.3019
    endloop
  endfacet
  facet normal 0 0 1
    outer loop
      vertex -122.616 -38.9311 10.3019
      vertex -122.484 -39.2306 10.3019
      vertex -67.3886 1.69983 10.3019
    endloop
  endfacet
  facet normal 0 0 1
    outer loop
      vertex -67.3886 1.69983 10.3019
      vertex -122.484 -39.2306 10.3019
      vertex -67.3886 -38.3002 10.3019
    endloop
  endfacet
  facet normal 0 0 1
    outer loop
      vertex -122.484 -39.2306 10.3019
      vertex -122.365 -39.5356 10.3019
      vertex -67.3886 -38.3002 10.3019
    endloop
  endfacet
  facet normal 0 0 1
    outer loop
      vertex -67.3886 -38.3002 10.3019
      vertex -122.365 -39.5356 10.3019
      vertex -122.26 -39.8454 10.3019
    endloop
  endfacet
  facet normal 0 0 1
    outer loop
      vertex -50.3631 3.33356 10.3019
      vertex -50.5566 3.59745 10.3019
      vertex -52.3886 1.69983 10.3019
    endloop
  endfacet
  facet normal 0 0 1
    outer loop
      vertex -50.5566 3.59745 10.3019
      vertex -50.7384 3.86952 10.3019
      vertex -52.3886 1.69983 10.3019
    endloop
  endfacet
  facet normal 0 0 1
    outer loop
      vertex -52.3886 1.69983 10.3019
      vertex -50.7384 3.86952 10.3019
      vertex -67.3886 1.69983 10.3019
    endloop
  endfacet
  facet normal 0 0 1
    outer loop
      vertex -50.7384 3.86952 10.3019
      vertex -50.9081 4.14927 10.3019
      vertex -67.3886 1.69983 10.3019
    endloop
  endfacet
  facet normal 0 0 1
    outer loop
      vertex -67.3886 1.69983 10.3019
      vertex -50.9081 4.14927 10.3019
      vertex -51.0655 4.43615 10.3019
    endloop
  endfacet
  facet normal 0 0 1
    outer loop
      vertex -44.4129 -34.6007 10.3019
      vertex -44.4129 0.399268 10.3019
      vertex -44.7401 -34.6079 10.3019
    endloop
  endfacet
  facet normal 0 0 1
    outer loop
      vertex -44.4129 0.399268 10.3019
      vertex -44.7401 0.406407 10.3019
      vertex -44.7401 -34.6079 10.3019
    endloop
  endfacet
  facet normal 0 0 1
    outer loop
      vertex -44.7401 -34.6079 10.3019
      vertex -44.7401 0.406407 10.3019
      vertex -45.0666 0.427808 10.3019
    endloop
  endfacet
  facet normal 0 0 1
    outer loop
      vertex -45.0666 0.427808 10.3019
      vertex -45.3919 0.463432 10.3019
      vertex -45.0666 -34.6293 10.3019
    endloop
  endfacet
  facet normal 0 0 1
    outer loop
      vertex -45.3919 0.463432 10.3019
      vertex -45.7153 0.51321 10.3019
      vertex -45.0666 -34.6293 10.3019
    endloop
  endfacet
  facet normal 0 0 1
    outer loop
      vertex -45.0666 -34.6293 10.3019
      vertex -45.7153 0.51321 10.3019
      vertex -46.0362 0.577048 10.3019
    endloop
  endfacet
  facet normal 0 0 1
    outer loop
      vertex -125.481 1.5128 10.3019
      vertex -125.755 1.35166 10.3019
      vertex -128.759 -34.6293 10.3019
    endloop
  endfacet
  facet normal 0 0 1
    outer loop
      vertex -125.755 1.35166 10.3019
      vertex -126.036 1.20232 10.3019
      vertex -128.759 -34.6293 10.3019
    endloop
  endfacet
  facet normal 0 0 1
    outer loop
      vertex -128.759 -34.6293 10.3019
      vertex -126.036 1.20232 10.3019
      vertex -126.324 1.06505 10.3019
    endloop
  endfacet
  facet normal 0 0 1
    outer loop
      vertex -128.759 -34.6293 10.3019
      vertex -124.223 2.4846 10.3019
      vertex -124.458 2.26923 10.3019
    endloop
  endfacet
  facet normal 0 0 1
    outer loop
      vertex -50.3631 -37.535 10.3019
      vertex -50.1583 -37.2798 10.3019
      vertex -48.1629 1.40408 10.3019
    endloop
  endfacet
  facet normal 0 0 1
    outer loop
      vertex -50.1583 -37.2798 10.3019
      vertex -49.9425 -37.0338 10.3019
      vertex -48.1629 1.40408 10.3019
    endloop
  endfacet
  facet normal 0 0 1
    outer loop
      vertex -48.1629 1.40408 10.3019
      vertex -49.9425 -37.0338 10.3019
      vertex -49.7162 -36.7974 10.3019
    endloop
  endfacet
  facet normal 0 0 1
    outer loop
      vertex -47.876 -35.4481 10.3019
      vertex -47.5826 -35.3034 10.3019
      vertex -48.1629 1.40408 10.3019
    endloop
  endfacet
  facet normal 0 0 1
    outer loop
      vertex -47.5826 -35.3034 10.3019
      vertex -47.283 -35.1716 10.3019
      vertex -48.1629 1.40408 10.3019
    endloop
  endfacet
  facet normal 0 0 1
    outer loop
      vertex -48.1629 1.40408 10.3019
      vertex -47.283 -35.1716 10.3019
      vertex -46.9781 -35.053 10.3019
    endloop
  endfacet
  facet normal 0 0 1
    outer loop
      vertex -46.0362 0.577048 10.3019
      vertex -46.3541 0.654825 10.3019
      vertex -45.0666 -34.6293 10.3019
    endloop
  endfacet
  facet normal 0 0 1
    outer loop
      vertex -46.3541 0.654825 10.3019
      vertex -46.6682 0.746391 10.3019
      vertex -45.0666 -34.6293 10.3019
    endloop
  endfacet
  facet normal 0 0 1
    outer loop
      vertex -45.0666 -34.6293 10.3019
      vertex -46.6682 0.746391 10.3019
      vertex -46.9781 0.851574 10.3019
    endloop
  endfacet
  facet normal 0 0 1
    outer loop
      vertex -46.9781 0.851574 10.3019
      vertex -47.283 0.970172 10.3019
      vertex -45.0666 -34.6293 10.3019
    endloop
  endfacet
  facet normal 0 0 1
    outer loop
      vertex -47.283 0.970172 10.3019
      vertex -47.5826 1.10196 10.3019
      vertex -45.0666 -34.6293 10.3019
    endloop
  endfacet
  facet normal 0 0 1
    outer loop
      vertex -45.0666 -34.6293 10.3019
      vertex -47.5826 1.10196 10.3019
      vertex -47.876 1.24669 10.3019
    endloop
  endfacet
  facet normal 0 0 1
    outer loop
      vertex -126.324 1.06505 10.3019
      vertex -126.616 0.940101 10.3019
      vertex -128.759 -34.6293 10.3019
    endloop
  endfacet
  facet normal 0 0 1
    outer loop
      vertex -126.616 0.940101 10.3019
      vertex -126.914 0.827688 10.3019
      vertex -128.759 -34.6293 10.3019
    endloop
  endfacet
  facet normal 0 0 1
    outer loop
      vertex -128.759 -34.6293 10.3019
      vertex -126.914 0.827688 10.3019
      vertex -127.217 0.728018 10.3019
    endloop
  endfacet
  facet normal 0 0 1
    outer loop
      vertex -123.578 3.18762 10.3019
      vertex -123.783 2.94421 10.3019
      vertex -128.759 -34.6293 10.3019
    endloop
  endfacet
  facet normal 0 0 1
    outer loop
      vertex -123.783 2.94421 10.3019
      vertex -123.998 2.70973 10.3019
      vertex -128.759 -34.6293 10.3019
    endloop
  endfacet
  facet normal 0 0 1
    outer loop
      vertex -128.759 -34.6293 10.3019
      vertex -123.998 2.70973 10.3019
      vertex -124.223 2.4846 10.3019
    endloop
  endfacet
  facet normal 0 0 1
    outer loop
      vertex -48.1629 1.40408 10.3019
      vertex -48.9786 -36.1506 10.3019
      vertex -48.7147 -35.9571 10.3019
    endloop
  endfacet
  facet normal 0 0 1
    outer loop
      vertex -124.458 2.26923 10.3019
      vertex -124.701 2.064 10.3019
      vertex -128.759 -34.6293 10.3019
    endloop
  endfacet
  facet normal 0 0 1
    outer loop
      vertex -124.701 2.064 10.3019
      vertex -124.953 1.86929 10.3019
      vertex -128.759 -34.6293 10.3019
    endloop
  endfacet
  facet normal 0 0 1
    outer loop
      vertex -128.759 -34.6293 10.3019
      vertex -124.953 1.86929 10.3019
      vertex -125.213 1.68545 10.3019
    endloop
  endfacet
  facet normal 0 0 1
    outer loop
      vertex -127.472 -34.8563 10.3019
      vertex -127.158 -34.9479 10.3019
      vertex -121.974 6.94663 10.3019
    endloop
  endfacet
  facet normal 0 0 1
    outer loop
      vertex -127.158 -34.9479 10.3019
      vertex -126.848 -35.053 10.3019
      vertex -121.974 6.94663 10.3019
    endloop
  endfacet
  facet normal 0 0 1
    outer loop
      vertex -125.95 -35.4481 10.3019
      vertex -121.94 7.26322 10.3019
      vertex -126.243 -35.3034 10.3019
    endloop
  endfacet
  facet normal 0 0 1
    outer loop
      vertex -121.94 7.26322 10.3019
      vertex -121.974 6.94663 10.3019
      vertex -126.243 -35.3034 10.3019
    endloop
  endfacet
  facet normal 0 0 1
    outer loop
      vertex -126.243 -35.3034 10.3019
      vertex -121.974 6.94663 10.3019
      vertex -126.543 -35.1716 10.3019
    endloop
  endfacet
  facet normal 0 0 1
    outer loop
      vertex -121.974 6.94663 10.3019
      vertex -126.848 -35.053 10.3019
      vertex -126.543 -35.1716 10.3019
    endloop
  endfacet
  facet normal 0 0 1
    outer loop
      vertex -51.799 6.59691 10.3019
      vertex -121.913 7.89927 10.3019
      vertex -67.3886 1.69983 10.3019
    endloop
  endfacet
  facet normal 0 0 1
    outer loop
      vertex -121.913 7.89927 10.3019
      vertex -121.92 7.58096 10.3019
      vertex -67.3886 1.69983 10.3019
    endloop
  endfacet
  facet normal 0 0 1
    outer loop
      vertex -67.3886 1.69983 10.3019
      vertex -121.92 7.58096 10.3019
      vertex -121.94 7.26322 10.3019
    endloop
  endfacet
  facet normal 0 0 1
    outer loop
      vertex -49.7162 -36.7974 10.3019
      vertex -49.4798 -36.5712 10.3019
      vertex -48.1629 1.40408 10.3019
    endloop
  endfacet
  facet normal 0 0 1
    outer loop
      vertex -49.4798 -36.5712 10.3019
      vertex -49.2338 -36.3554 10.3019
      vertex -48.1629 1.40408 10.3019
    endloop
  endfacet
  facet normal 0 0 1
    outer loop
      vertex -48.1629 1.40408 10.3019
      vertex -49.2338 -36.3554 10.3019
      vertex -48.9786 -36.1506 10.3019
    endloop
  endfacet
  facet normal 0 0 1
    outer loop
      vertex -48.7147 -35.9571 10.3019
      vertex -48.4427 -35.7753 10.3019
      vertex -48.1629 1.40408 10.3019
    endloop
  endfacet
  facet normal 0 0 1
    outer loop
      vertex -48.4427 -35.7753 10.3019
      vertex -48.1629 -35.6055 10.3019
      vertex -48.1629 1.40408 10.3019
    endloop
  endfacet
  facet normal 0 0 1
    outer loop
      vertex -48.1629 1.40408 10.3019
      vertex -48.1629 -35.6055 10.3019
      vertex -47.876 -35.4481 10.3019
    endloop
  endfacet
  facet normal 0 0 1
    outer loop
      vertex -127.472 -34.8563 10.3019
      vertex -121.974 6.94663 10.3019
      vertex -127.79 -34.7785 10.3019
    endloop
  endfacet
  facet normal 0 0 1
    outer loop
      vertex -121.974 6.94663 10.3019
      vertex -122.021 6.63176 10.3019
      vertex -127.79 -34.7785 10.3019
    endloop
  endfacet
  facet normal 0 0 1
    outer loop
      vertex -127.79 -34.7785 10.3019
      vertex -122.021 6.63176 10.3019
      vertex -128.111 -34.7147 10.3019
    endloop
  endfacet
  facet normal 0 0 1
    outer loop
      vertex -122.021 6.63176 10.3019
      vertex -122.081 6.31917 10.3019
      vertex -128.111 -34.7147 10.3019
    endloop
  endfacet
  facet normal 0 0 1
    outer loop
      vertex -128.111 -34.7147 10.3019
      vertex -122.081 6.31917 10.3019
      vertex -128.434 -34.6649 10.3019
    endloop
  endfacet
  facet normal 0 0 1
    outer loop
      vertex -122.081 6.31917 10.3019
      vertex -122.155 6.00943 10.3019
      vertex -128.434 -34.6649 10.3019
    endloop
  endfacet
  facet normal 0 0 1
    outer loop
      vertex -128.434 -34.6649 10.3019
      vertex -122.155 6.00943 10.3019
      vertex -122.242 5.7031 10.3019
    endloop
  endfacet
  facet normal 0 0 1
    outer loop
      vertex -122.865 4.24156 10.3019
      vertex -128.434 -34.6649 10.3019
      vertex -122.716 4.52274 10.3019
    endloop
  endfacet
  facet normal 0 0 1
    outer loop
      vertex -128.434 -34.6649 10.3019
      vertex -122.579 4.81001 10.3019
      vertex -122.716 4.52274 10.3019
    endloop
  endfacet
  facet normal 0 0 1
    outer loop
      vertex -125.95 -35.4481 10.3019
      vertex -125.663 -35.6055 10.3019
      vertex -121.94 7.26322 10.3019
    endloop
  endfacet
  facet normal 0 0 1
    outer loop
      vertex -125.663 -35.6055 10.3019
      vertex -125.383 -35.7753 10.3019
      vertex -121.94 7.26322 10.3019
    endloop
  endfacet
  facet normal 0 0 1
    outer loop
      vertex -121.94 7.26322 10.3019
      vertex -125.383 -35.7753 10.3019
      vertex -67.3886 1.69983 10.3019
    endloop
  endfacet
  facet normal 0 0 1
    outer loop
      vertex -125.383 -35.7753 10.3019
      vertex -125.111 -35.9571 10.3019
      vertex -67.3886 1.69983 10.3019
    endloop
  endfacet
  facet normal 0 0 1
    outer loop
      vertex -67.3886 1.69983 10.3019
      vertex -125.111 -35.9571 10.3019
      vertex -124.847 -36.1506 10.3019
    endloop
  endfacet
  facet normal 0 0 1
    outer loop
      vertex -122.242 5.7031 10.3019
      vertex -122.341 5.40072 10.3019
      vertex -128.434 -34.6649 10.3019
    endloop
  endfacet
  facet normal 0 0 1
    outer loop
      vertex -122.341 5.40072 10.3019
      vertex -122.454 5.10284 10.3019
      vertex -128.434 -34.6649 10.3019
    endloop
  endfacet
  facet normal 0 0 1
    outer loop
      vertex -128.434 -34.6649 10.3019
      vertex -122.454 5.10284 10.3019
      vertex -122.579 4.81001 10.3019
    endloop
  endfacet
  facet normal 0 0 1
    outer loop
      vertex -122.865 4.24156 10.3019
      vertex -123.026 3.96696 10.3019
      vertex -128.434 -34.6649 10.3019
    endloop
  endfacet
  facet normal 0 0 1
    outer loop
      vertex -123.026 3.96696 10.3019
      vertex -123.199 3.69946 10.3019
      vertex -128.434 -34.6649 10.3019
    endloop
  endfacet
  facet normal 0 0 1
    outer loop
      vertex -128.434 -34.6649 10.3019
      vertex -123.199 3.69946 10.3019
      vertex -123.383 3.43952 10.3019
    endloop
  endfacet
  facet normal 1 0 0
    outer loop
      vertex -41.9129 -44.6007 47.8019
      vertex -41.9129 -44.6007 7.80192
      vertex -41.9129 -16.9489 47.8019
    endloop
  endfacet
  facet normal 1 0 0
    outer loop
      vertex -41.9129 -44.6007 7.80192
      vertex -41.9129 10.3993 7.80192
      vertex -41.9129 -16.9489 47.8019
    endloop
  endfacet
  facet normal 1 0 0
    outer loop
      vertex -41.9129 -16.9489 47.8019
      vertex -41.9129 10.3993 7.80192
      vertex -41.9129 10.3993 47.8019
    endloop
  endfacet
  facet normal 0 0 -1
    outer loop
      vertex -165.004 -17.5927 39.6385
      vertex -171.913 -25.8287 39.6385
      vertex -165.008 -17.5274 39.6385
    endloop
  endfacet
  facet normal 0 0 -1
    outer loop
      vertex -171.913 -25.8287 39.6385
      vertex -165.01 -17.4619 39.6385
      vertex -165.008 -17.5274 39.6385
    endloop
  endfacet
  facet normal 0 0 -1
    outer loop
      vertex -165.01 -17.4619 39.6385
      vertex -171.913 -25.8287 39.6385
      vertex -165.008 -17.3965 39.6385
    endloop
  endfacet
  facet normal 0 0 -1
    outer loop
      vertex -171.913 -25.8287 39.6385
      vertex -171.913 -8.37273 39.6385
      vertex -165.008 -17.3965 39.6385
    endloop
  endfacet
  facet normal 0 0 -1
    outer loop
      vertex -165.008 -17.3965 39.6385
      vertex -171.913 -8.37273 39.6385
      vertex -165.004 -17.3312 39.6385
    endloop
  endfacet
  facet normal 0 0 -1
    outer loop
      vertex -162.033 -17.7224 39.6385
      vertex -162.023 -17.6577 39.6385
      vertex -131.913 -25.8287 39.6385
    endloop
  endfacet
  facet normal 0 0 -1
    outer loop
      vertex -162.023 -17.6577 39.6385
      vertex -162.016 -17.5927 39.6385
      vertex -131.913 -25.8287 39.6385
    endloop
  endfacet
  facet normal 0 0 -1
    outer loop
      vertex -162.016 -17.5927 39.6385
      vertex -162.011 -17.5274 39.6385
      vertex -131.913 -25.8287 39.6385
    endloop
  endfacet
  facet normal 0 0 -1
    outer loop
      vertex -131.913 -25.8287 39.6385
      vertex -162.011 -17.5274 39.6385
      vertex -131.913 -8.37273 39.6385
    endloop
  endfacet
  facet normal 0 0 -1
    outer loop
      vertex -162.011 -17.5274 39.6385
      vertex -162.01 -17.4619 39.6385
      vertex -131.913 -8.37273 39.6385
    endloop
  endfacet
  facet normal 0 0 -1
    outer loop
      vertex -162.01 -17.4619 39.6385
      vertex -162.011 -17.3965 39.6385
      vertex -131.913 -8.37273 39.6385
    endloop
  endfacet
  facet normal 0 0 -1
    outer loop
      vertex -162.011 -17.3965 39.6385
      vertex -162.016 -17.3312 39.6385
      vertex -131.913 -8.37273 39.6385
    endloop
  endfacet
  facet normal 0 0 -1
    outer loop
      vertex -131.913 -8.37273 39.6385
      vertex -162.016 -17.3312 39.6385
      vertex -162.023 -17.2662 39.6385
    endloop
  endfacet
  facet normal 0 0 -1
    outer loop
      vertex -164.959 -17.0737 39.6385
      vertex -164.974 -17.1373 39.6385
      vertex -171.913 -8.37273 39.6385
    endloop
  endfacet
  facet normal 0 0 -1
    outer loop
      vertex -164.974 -17.1373 39.6385
      vertex -164.987 -17.2015 39.6385
      vertex -171.913 -8.37273 39.6385
    endloop
  endfacet
  facet normal 0 0 -1
    outer loop
      vertex -164.987 -17.2015 39.6385
      vertex -164.997 -17.2662 39.6385
      vertex -171.913 -8.37273 39.6385
    endloop
  endfacet
  facet normal 0 0 -1
    outer loop
      vertex -171.913 -8.37273 39.6385
      vertex -164.997 -17.2662 39.6385
      vertex -165.004 -17.3312 39.6385
    endloop
  endfacet
  facet normal 0 0 -1
    outer loop
      vertex -165.004 -17.5927 39.6385
      vertex -164.997 -17.6577 39.6385
      vertex -171.913 -25.8287 39.6385
    endloop
  endfacet
  facet normal 0 0 -1
    outer loop
      vertex -164.997 -17.6577 39.6385
      vertex -164.987 -17.7224 39.6385
      vertex -171.913 -25.8287 39.6385
    endloop
  endfacet
  facet normal 0 0 -1
    outer loop
      vertex -171.913 -25.8287 39.6385
      vertex -164.987 -17.7224 39.6385
      vertex -164.974 -17.7866 39.6385
    endloop
  endfacet
  facet normal 0 0 -1
    outer loop
      vertex -162.211 -18.212 39.6385
      vertex -162.179 -18.1546 39.6385
      vertex -131.913 -25.8287 39.6385
    endloop
  endfacet
  facet normal 0 0 -1
    outer loop
      vertex -162.023 -17.2662 39.6385
      vertex -162.033 -17.2015 39.6385
      vertex -131.913 -8.37273 39.6385
    endloop
  endfacet
  facet normal 0 0 -1
    outer loop
      vertex -162.033 -17.2015 39.6385
      vertex -162.045 -17.1373 39.6385
      vertex -131.913 -8.37273 39.6385
    endloop
  endfacet
  facet normal 0 0 -1
    outer loop
      vertex -131.913 -8.37273 39.6385
      vertex -162.045 -17.1373 39.6385
      vertex -162.061 -17.0737 39.6385
    endloop
  endfacet
  facet normal 0 0 -1
    outer loop
      vertex -162.1 -17.975 39.6385
      vertex -162.079 -17.913 39.6385
      vertex -131.913 -25.8287 39.6385
    endloop
  endfacet
  facet normal 0 0 -1
    outer loop
      vertex -162.079 -17.913 39.6385
      vertex -162.061 -17.8502 39.6385
      vertex -131.913 -25.8287 39.6385
    endloop
  endfacet
  facet normal 0 0 -1
    outer loop
      vertex -162.061 -17.8502 39.6385
      vertex -162.045 -17.7866 39.6385
      vertex -131.913 -25.8287 39.6385
    endloop
  endfacet
  facet normal 0 0 -1
    outer loop
      vertex -131.913 -25.8287 39.6385
      vertex -162.045 -17.7866 39.6385
      vertex -162.033 -17.7224 39.6385
    endloop
  endfacet
  facet normal 0 0 -1
    outer loop
      vertex -162.061 -17.0737 39.6385
      vertex -162.079 -17.0109 39.6385
      vertex -131.913 -8.37273 39.6385
    endloop
  endfacet
  facet normal 0 0 -1
    outer loop
      vertex -162.079 -17.0109 39.6385
      vertex -162.1 -16.9489 39.6385
      vertex -131.913 -8.37273 39.6385
    endloop
  endfacet
  facet normal 0 0 -1
    outer loop
      vertex -131.913 -8.37273 39.6385
      vertex -162.1 -16.9489 39.6385
      vertex -162.124 -16.8879 39.6385
    endloop
  endfacet
  facet normal 0 0 -1
    outer loop
      vertex -162.124 -16.8879 39.6385
      vertex -162.15 -16.828 39.6385
      vertex -131.913 -8.37273 39.6385
    endloop
  endfacet
  facet normal 0 0 -1
    outer loop
      vertex -162.15 -16.828 39.6385
      vertex -162.179 -16.7693 39.6385
      vertex -131.913 -8.37273 39.6385
    endloop
  endfacet
  facet normal 0 0 -1
    outer loop
      vertex -131.913 -8.37273 39.6385
      vertex -162.179 -16.7693 39.6385
      vertex -162.211 -16.712 39.6385
    endloop
  endfacet
  facet normal 0 0 -1
    outer loop
      vertex -162.211 -16.712 39.6385
      vertex -162.245 -16.656 39.6385
      vertex -131.913 -8.37273 39.6385
    endloop
  endfacet
  facet normal 0 0 -1
    outer loop
      vertex -162.245 -16.656 39.6385
      vertex -162.281 -16.6016 39.6385
      vertex -131.913 -8.37273 39.6385
    endloop
  endfacet
  facet normal 0 0 -1
    outer loop
      vertex -131.913 -8.37273 39.6385
      vertex -162.281 -16.6016 39.6385
      vertex -162.32 -16.5488 39.6385
    endloop
  endfacet
  facet normal 0 0 -1
    outer loop
      vertex -164.809 -16.712 39.6385
      vertex -164.84 -16.7693 39.6385
      vertex -171.913 -8.37273 39.6385
    endloop
  endfacet
  facet normal 0 0 -1
    outer loop
      vertex -164.84 -16.7693 39.6385
      vertex -164.869 -16.828 39.6385
      vertex -171.913 -8.37273 39.6385
    endloop
  endfacet
  facet normal 0 0 -1
    outer loop
      vertex -171.913 -8.37273 39.6385
      vertex -164.869 -16.828 39.6385
      vertex -164.896 -16.8879 39.6385
    endloop
  endfacet
  facet normal 0 0 -1
    outer loop
      vertex -164.896 -16.8879 39.6385
      vertex -164.919 -16.9489 39.6385
      vertex -171.913 -8.37273 39.6385
    endloop
  endfacet
  facet normal 0 0 -1
    outer loop
      vertex -164.919 -16.9489 39.6385
      vertex -164.94 -17.0109 39.6385
      vertex -171.913 -8.37273 39.6385
    endloop
  endfacet
  facet normal 0 0 -1
    outer loop
      vertex -171.913 -8.37273 39.6385
      vertex -164.94 -17.0109 39.6385
      vertex -164.959 -17.0737 39.6385
    endloop
  endfacet
  facet normal 0 0 -1
    outer loop
      vertex -162.179 -18.1546 39.6385
      vertex -162.15 -18.0959 39.6385
      vertex -131.913 -25.8287 39.6385
    endloop
  endfacet
  facet normal 0 0 -1
    outer loop
      vertex -162.15 -18.0959 39.6385
      vertex -162.124 -18.036 39.6385
      vertex -131.913 -25.8287 39.6385
    endloop
  endfacet
  facet normal 0 0 -1
    outer loop
      vertex -131.913 -25.8287 39.6385
      vertex -162.124 -18.036 39.6385
      vertex -162.1 -17.975 39.6385
    endloop
  endfacet
  facet normal 0 0 -1
    outer loop
      vertex -164.523 -16.356 39.6385
      vertex -171.913 -8.37273 39.6385
      vertex -164.474 -16.3129 39.6385
    endloop
  endfacet
  facet normal 0 0 -1
    outer loop
      vertex -171.913 -8.37273 39.6385
      vertex -164.423 -16.2719 39.6385
      vertex -164.474 -16.3129 39.6385
    endloop
  endfacet
  facet normal 0 0 -1
    outer loop
      vertex -164.974 -17.7866 39.6385
      vertex -164.959 -17.8502 39.6385
      vertex -171.913 -25.8287 39.6385
    endloop
  endfacet
  facet normal 0 0 -1
    outer loop
      vertex -164.959 -17.8502 39.6385
      vertex -164.94 -17.913 39.6385
      vertex -171.913 -25.8287 39.6385
    endloop
  endfacet
  facet normal 0 0 -1
    outer loop
      vertex -171.913 -25.8287 39.6385
      vertex -164.94 -17.913 39.6385
      vertex -164.919 -17.975 39.6385
    endloop
  endfacet
  facet normal 0 0 -1
    outer loop
      vertex -164.919 -17.975 39.6385
      vertex -164.896 -18.036 39.6385
      vertex -171.913 -25.8287 39.6385
    endloop
  endfacet
  facet normal 0 0 -1
    outer loop
      vertex -164.896 -18.036 39.6385
      vertex -164.869 -18.0959 39.6385
      vertex -171.913 -25.8287 39.6385
    endloop
  endfacet
  facet normal 0 0 -1
    outer loop
      vertex -171.913 -25.8287 39.6385
      vertex -164.869 -18.0959 39.6385
      vertex -164.84 -18.1546 39.6385
    endloop
  endfacet
  facet normal 0 0 -1
    outer loop
      vertex -162.32 -16.5488 39.6385
      vertex -162.361 -16.4978 39.6385
      vertex -131.913 -8.37273 39.6385
    endloop
  endfacet
  facet normal 0 0 -1
    outer loop
      vertex -162.361 -16.4978 39.6385
      vertex -162.404 -16.4486 39.6385
      vertex -131.913 -8.37273 39.6385
    endloop
  endfacet
  facet normal 0 0 -1
    outer loop
      vertex -131.913 -8.37273 39.6385
      vertex -162.404 -16.4486 39.6385
      vertex -162.449 -16.4013 39.6385
    endloop
  endfacet
  facet normal 0 0 -1
    outer loop
      vertex -171.913 -8.37273 39.6385
      vertex -164.659 -16.4978 39.6385
      vertex -164.7 -16.5488 39.6385
    endloop
  endfacet
  facet normal 0 0 -1
    outer loop
      vertex -164.84 -18.1546 39.6385
      vertex -164.809 -18.212 39.6385
      vertex -171.913 -25.8287 39.6385
    endloop
  endfacet
  facet normal 0 0 -1
    outer loop
      vertex -164.809 -18.212 39.6385
      vertex -164.775 -18.2679 39.6385
      vertex -171.913 -25.8287 39.6385
    endloop
  endfacet
  facet normal 0 0 -1
    outer loop
      vertex -171.913 -25.8287 39.6385
      vertex -164.775 -18.2679 39.6385
      vertex -164.739 -18.3223 39.6385
    endloop
  endfacet
  facet normal 0 0 -1
    outer loop
      vertex -164.739 -18.3223 39.6385
      vertex -164.7 -18.3751 39.6385
      vertex -171.913 -25.8287 39.6385
    endloop
  endfacet
  facet normal 0 0 -1
    outer loop
      vertex -164.7 -18.3751 39.6385
      vertex -164.659 -18.4261 39.6385
      vertex -171.913 -25.8287 39.6385
    endloop
  endfacet
  facet normal 0 0 -1
    outer loop
      vertex -171.913 -25.8287 39.6385
      vertex -164.659 -18.4261 39.6385
      vertex -164.616 -18.4753 39.6385
    endloop
  endfacet
  facet normal 0 0 -1
    outer loop
      vertex -162.32 -18.3751 39.6385
      vertex -162.281 -18.3223 39.6385
      vertex -131.913 -25.8287 39.6385
    endloop
  endfacet
  facet normal 0 0 -1
    outer loop
      vertex -162.281 -18.3223 39.6385
      vertex -162.245 -18.2679 39.6385
      vertex -131.913 -25.8287 39.6385
    endloop
  endfacet
  facet normal 0 0 -1
    outer loop
      vertex -131.913 -25.8287 39.6385
      vertex -162.245 -18.2679 39.6385
      vertex -162.211 -18.212 39.6385
    endloop
  endfacet
  facet normal 0 0 -1
    outer loop
      vertex -162.449 -16.4013 39.6385
      vertex -162.496 -16.356 39.6385
      vertex -131.913 -8.37273 39.6385
    endloop
  endfacet
  facet normal 0 0 -1
    outer loop
      vertex -162.496 -16.356 39.6385
      vertex -162.546 -16.3129 39.6385
      vertex -131.913 -8.37273 39.6385
    endloop
  endfacet
  facet normal 0 0 -1
    outer loop
      vertex -131.913 -8.37273 39.6385
      vertex -162.546 -16.3129 39.6385
      vertex -171.913 -8.37273 39.6385
    endloop
  endfacet
  facet normal 0 0 -1
    outer loop
      vertex -162.546 -16.3129 39.6385
      vertex -162.597 -16.2719 39.6385
      vertex -171.913 -8.37273 39.6385
    endloop
  endfacet
  facet normal 0 0 -1
    outer loop
      vertex -164.523 -16.356 39.6385
      vertex -164.57 -16.4013 39.6385
      vertex -171.913 -8.37273 39.6385
    endloop
  endfacet
  facet normal 0 0 -1
    outer loop
      vertex -164.57 -16.4013 39.6385
      vertex -164.616 -16.4486 39.6385
      vertex -171.913 -8.37273 39.6385
    endloop
  endfacet
  facet normal 0 0 -1
    outer loop
      vertex -171.913 -8.37273 39.6385
      vertex -164.616 -16.4486 39.6385
      vertex -164.659 -16.4978 39.6385
    endloop
  endfacet
  facet normal 0 0 -1
    outer loop
      vertex -164.7 -16.5488 39.6385
      vertex -164.739 -16.6016 39.6385
      vertex -171.913 -8.37273 39.6385
    endloop
  endfacet
  facet normal 0 0 -1
    outer loop
      vertex -164.739 -16.6016 39.6385
      vertex -164.775 -16.656 39.6385
      vertex -171.913 -8.37273 39.6385
    endloop
  endfacet
  facet normal 0 0 -1
    outer loop
      vertex -171.913 -8.37273 39.6385
      vertex -164.775 -16.656 39.6385
      vertex -164.809 -16.712 39.6385
    endloop
  endfacet
  facet normal 0 0 -1
    outer loop
      vertex -164.616 -18.4753 39.6385
      vertex -164.57 -18.5226 39.6385
      vertex -171.913 -25.8287 39.6385
    endloop
  endfacet
  facet normal 0 0 -1
    outer loop
      vertex -164.57 -18.5226 39.6385
      vertex -164.523 -18.5679 39.6385
      vertex -171.913 -25.8287 39.6385
    endloop
  endfacet
  facet normal 0 0 -1
    outer loop
      vertex -171.913 -25.8287 39.6385
      vertex -164.523 -18.5679 39.6385
      vertex -164.474 -18.611 39.6385
    endloop
  endfacet
  facet normal 0 0 -1
    outer loop
      vertex -164.474 -18.611 39.6385
      vertex -164.423 -18.652 39.6385
      vertex -171.913 -25.8287 39.6385
    endloop
  endfacet
  facet normal 0 0 -1
    outer loop
      vertex -164.423 -18.652 39.6385
      vertex -164.37 -18.6907 39.6385
      vertex -171.913 -25.8287 39.6385
    endloop
  endfacet
  facet normal 0 0 -1
    outer loop
      vertex -171.913 -25.8287 39.6385
      vertex -164.37 -18.6907 39.6385
      vertex -164.316 -18.727 39.6385
    endloop
  endfacet
  facet normal 0 0 -1
    outer loop
      vertex -164.023 -18.8715 39.6385
      vertex -171.913 -25.8287 39.6385
      vertex -164.084 -18.8478 39.6385
    endloop
  endfacet
  facet normal 0 0 -1
    outer loop
      vertex -171.913 -25.8287 39.6385
      vertex -164.144 -18.8214 39.6385
      vertex -164.084 -18.8478 39.6385
    endloop
  endfacet
  facet normal 0 0 -1
    outer loop
      vertex -162.449 -18.5226 39.6385
      vertex -162.404 -18.4753 39.6385
      vertex -131.913 -25.8287 39.6385
    endloop
  endfacet
  facet normal 0 0 -1
    outer loop
      vertex -162.404 -18.4753 39.6385
      vertex -162.361 -18.4261 39.6385
      vertex -131.913 -25.8287 39.6385
    endloop
  endfacet
  facet normal 0 0 -1
    outer loop
      vertex -131.913 -25.8287 39.6385
      vertex -162.361 -18.4261 39.6385
      vertex -162.32 -18.3751 39.6385
    endloop
  endfacet
  facet normal 0 0 -1
    outer loop
      vertex -164.084 -16.0761 39.6385
      vertex -164.144 -16.1025 39.6385
      vertex -171.913 -8.37273 39.6385
    endloop
  endfacet
  facet normal 0 0 -1
    outer loop
      vertex -164.144 -16.1025 39.6385
      vertex -164.202 -16.1314 39.6385
      vertex -171.913 -8.37273 39.6385
    endloop
  endfacet
  facet normal 0 0 -1
    outer loop
      vertex -171.913 -8.37273 39.6385
      vertex -164.202 -16.1314 39.6385
      vertex -164.26 -16.1629 39.6385
    endloop
  endfacet
  facet normal 0 0 -1
    outer loop
      vertex -164.316 -18.727 39.6385
      vertex -164.26 -18.761 39.6385
      vertex -171.913 -25.8287 39.6385
    endloop
  endfacet
  facet normal 0 0 -1
    outer loop
      vertex -164.26 -18.761 39.6385
      vertex -164.202 -18.7925 39.6385
      vertex -171.913 -25.8287 39.6385
    endloop
  endfacet
  facet normal 0 0 -1
    outer loop
      vertex -171.913 -25.8287 39.6385
      vertex -164.202 -18.7925 39.6385
      vertex -164.144 -18.8214 39.6385
    endloop
  endfacet
  facet normal 0 0 -1
    outer loop
      vertex -163.641 -18.9562 39.6385
      vertex -163.575 -18.9605 39.6385
      vertex -171.913 -25.8287 39.6385
    endloop
  endfacet
  facet normal 0 0 -1
    outer loop
      vertex -163.575 -18.9605 39.6385
      vertex -163.51 -18.962 39.6385
      vertex -171.913 -25.8287 39.6385
    endloop
  endfacet
  facet normal 0 0 -1
    outer loop
      vertex -162.597 -18.652 39.6385
      vertex -162.546 -18.611 39.6385
      vertex -131.913 -25.8287 39.6385
    endloop
  endfacet
  facet normal 0 0 -1
    outer loop
      vertex -162.546 -18.611 39.6385
      vertex -162.496 -18.5679 39.6385
      vertex -131.913 -25.8287 39.6385
    endloop
  endfacet
  facet normal 0 0 -1
    outer loop
      vertex -131.913 -25.8287 39.6385
      vertex -162.496 -18.5679 39.6385
      vertex -162.449 -18.5226 39.6385
    endloop
  endfacet
  facet normal 0 0 -1
    outer loop
      vertex -162.597 -16.2719 39.6385
      vertex -162.649 -16.2332 39.6385
      vertex -171.913 -8.37273 39.6385
    endloop
  endfacet
  facet normal 0 0 -1
    outer loop
      vertex -162.649 -16.2332 39.6385
      vertex -162.704 -16.1969 39.6385
      vertex -171.913 -8.37273 39.6385
    endloop
  endfacet
  facet normal 0 0 -1
    outer loop
      vertex -171.913 -8.37273 39.6385
      vertex -162.704 -16.1969 39.6385
      vertex -162.76 -16.1629 39.6385
    endloop
  endfacet
  facet normal 0 0 -1
    outer loop
      vertex -162.76 -16.1629 39.6385
      vertex -162.817 -16.1314 39.6385
      vertex -171.913 -8.37273 39.6385
    endloop
  endfacet
  facet normal 0 0 -1
    outer loop
      vertex -162.817 -16.1314 39.6385
      vertex -162.876 -16.1025 39.6385
      vertex -171.913 -8.37273 39.6385
    endloop
  endfacet
  facet normal 0 0 -1
    outer loop
      vertex -171.913 -8.37273 39.6385
      vertex -162.876 -16.1025 39.6385
      vertex -162.936 -16.0761 39.6385
    endloop
  endfacet
  facet normal 0 0 -1
    outer loop
      vertex -164.023 -18.8715 39.6385
      vertex -163.961 -18.8925 39.6385
      vertex -171.913 -25.8287 39.6385
    endloop
  endfacet
  facet normal 0 0 -1
    outer loop
      vertex -163.961 -18.8925 39.6385
      vertex -163.898 -18.9108 39.6385
      vertex -171.913 -25.8287 39.6385
    endloop
  endfacet
  facet normal 0 0 -1
    outer loop
      vertex -171.913 -25.8287 39.6385
      vertex -163.898 -18.9108 39.6385
      vertex -163.834 -18.9264 39.6385
    endloop
  endfacet
  facet normal 0 0 -1
    outer loop
      vertex -163.122 -16.0131 39.6385
      vertex -163.185 -15.9975 39.6385
      vertex -171.913 -8.37273 39.6385
    endloop
  endfacet
  facet normal 0 0 -1
    outer loop
      vertex -163.185 -15.9975 39.6385
      vertex -163.249 -15.9847 39.6385
      vertex -171.913 -8.37273 39.6385
    endloop
  endfacet
  facet normal 0 0 -1
    outer loop
      vertex -171.913 -8.37273 39.6385
      vertex -163.249 -15.9847 39.6385
      vertex -163.314 -15.9748 39.6385
    endloop
  endfacet
  facet normal 0 0 -1
    outer loop
      vertex -163.314 -15.9748 39.6385
      vertex -163.379 -15.9677 39.6385
      vertex -171.913 -8.37273 39.6385
    endloop
  endfacet
  facet normal 0 0 -1
    outer loop
      vertex -163.379 -15.9677 39.6385
      vertex -163.444 -15.9634 39.6385
      vertex -171.913 -8.37273 39.6385
    endloop
  endfacet
  facet normal 0 0 -1
    outer loop
      vertex -171.913 -8.37273 39.6385
      vertex -163.444 -15.9634 39.6385
      vertex -163.51 -15.962 39.6385
    endloop
  endfacet
  facet normal 0 0 -1
    outer loop
      vertex -163.898 -16.0131 39.6385
      vertex -163.961 -16.0314 39.6385
      vertex -171.913 -8.37273 39.6385
    endloop
  endfacet
  facet normal 0 0 -1
    outer loop
      vertex -163.961 -16.0314 39.6385
      vertex -164.023 -16.0524 39.6385
      vertex -171.913 -8.37273 39.6385
    endloop
  endfacet
  facet normal 0 0 -1
    outer loop
      vertex -171.913 -8.37273 39.6385
      vertex -164.023 -16.0524 39.6385
      vertex -164.084 -16.0761 39.6385
    endloop
  endfacet
  facet normal 0 0 -1
    outer loop
      vertex -164.26 -16.1629 39.6385
      vertex -164.316 -16.1969 39.6385
      vertex -171.913 -8.37273 39.6385
    endloop
  endfacet
  facet normal 0 0 -1
    outer loop
      vertex -164.316 -16.1969 39.6385
      vertex -164.37 -16.2332 39.6385
      vertex -171.913 -8.37273 39.6385
    endloop
  endfacet
  facet normal 0 0 -1
    outer loop
      vertex -171.913 -8.37273 39.6385
      vertex -164.37 -16.2332 39.6385
      vertex -164.423 -16.2719 39.6385
    endloop
  endfacet
  facet normal 0 0 -1
    outer loop
      vertex -163.834 -18.9264 39.6385
      vertex -163.77 -18.9392 39.6385
      vertex -171.913 -25.8287 39.6385
    endloop
  endfacet
  facet normal 0 0 -1
    outer loop
      vertex -163.77 -18.9392 39.6385
      vertex -163.706 -18.9491 39.6385
      vertex -171.913 -25.8287 39.6385
    endloop
  endfacet
  facet normal 0 0 -1
    outer loop
      vertex -171.913 -25.8287 39.6385
      vertex -163.706 -18.9491 39.6385
      vertex -163.641 -18.9562 39.6385
    endloop
  endfacet
  facet normal 0 0 -1
    outer loop
      vertex -162.936 -16.0761 39.6385
      vertex -162.997 -16.0524 39.6385
      vertex -171.913 -8.37273 39.6385
    endloop
  endfacet
  facet normal 0 0 -1
    outer loop
      vertex -162.997 -16.0524 39.6385
      vertex -163.059 -16.0314 39.6385
      vertex -171.913 -8.37273 39.6385
    endloop
  endfacet
  facet normal 0 0 -1
    outer loop
      vertex -171.913 -8.37273 39.6385
      vertex -163.059 -16.0314 39.6385
      vertex -163.122 -16.0131 39.6385
    endloop
  endfacet
  facet normal 0 0 -1
    outer loop
      vertex -163.51 -15.962 39.6385
      vertex -163.575 -15.9634 39.6385
      vertex -171.913 -8.37273 39.6385
    endloop
  endfacet
  facet normal 0 0 -1
    outer loop
      vertex -163.575 -15.9634 39.6385
      vertex -163.641 -15.9677 39.6385
      vertex -171.913 -8.37273 39.6385
    endloop
  endfacet
  facet normal 0 0 -1
    outer loop
      vertex -171.913 -8.37273 39.6385
      vertex -163.641 -15.9677 39.6385
      vertex -163.706 -15.9748 39.6385
    endloop
  endfacet
  facet normal 0 0 -1
    outer loop
      vertex -163.51 -18.962 39.6385
      vertex -163.444 -18.9605 39.6385
      vertex -171.913 -25.8287 39.6385
    endloop
  endfacet
  facet normal 0 0 -1
    outer loop
      vertex -163.444 -18.9605 39.6385
      vertex -163.379 -18.9562 39.6385
      vertex -171.913 -25.8287 39.6385
    endloop
  endfacet
  facet normal 0 0 -1
    outer loop
      vertex -171.913 -25.8287 39.6385
      vertex -163.379 -18.9562 39.6385
      vertex -163.314 -18.9491 39.6385
    endloop
  endfacet
  facet normal 0 0 -1
    outer loop
      vertex -131.913 -25.8287 39.6385
      vertex -163.059 -18.8925 39.6385
      vertex -162.997 -18.8715 39.6385
    endloop
  endfacet
  facet normal 0 0 -1
    outer loop
      vertex -131.913 -25.8287 39.6385
      vertex -162.817 -18.7925 39.6385
      vertex -162.76 -18.761 39.6385
    endloop
  endfacet
  facet normal 0 0 -1
    outer loop
      vertex -163.706 -15.9748 39.6385
      vertex -163.77 -15.9847 39.6385
      vertex -171.913 -8.37273 39.6385
    endloop
  endfacet
  facet normal 0 0 -1
    outer loop
      vertex -163.77 -15.9847 39.6385
      vertex -163.834 -15.9975 39.6385
      vertex -171.913 -8.37273 39.6385
    endloop
  endfacet
  facet normal 0 0 -1
    outer loop
      vertex -171.913 -8.37273 39.6385
      vertex -163.834 -15.9975 39.6385
      vertex -163.898 -16.0131 39.6385
    endloop
  endfacet
  facet normal 0 0 -1
    outer loop
      vertex -163.314 -18.9491 39.6385
      vertex -163.249 -18.9392 39.6385
      vertex -171.913 -25.8287 39.6385
    endloop
  endfacet
  facet normal 0 0 -1
    outer loop
      vertex -163.249 -18.9392 39.6385
      vertex -163.185 -18.9264 39.6385
      vertex -171.913 -25.8287 39.6385
    endloop
  endfacet
  facet normal 0 0 -1
    outer loop
      vertex -171.913 -25.8287 39.6385
      vertex -163.185 -18.9264 39.6385
      vertex -131.913 -25.8287 39.6385
    endloop
  endfacet
  facet normal 0 0 -1
    outer loop
      vertex -163.185 -18.9264 39.6385
      vertex -163.122 -18.9108 39.6385
      vertex -131.913 -25.8287 39.6385
    endloop
  endfacet
  facet normal 0 0 -1
    outer loop
      vertex -131.913 -25.8287 39.6385
      vertex -163.122 -18.9108 39.6385
      vertex -163.059 -18.8925 39.6385
    endloop
  endfacet
  facet normal 0 0 -1
    outer loop
      vertex -162.997 -18.8715 39.6385
      vertex -162.936 -18.8478 39.6385
      vertex -131.913 -25.8287 39.6385
    endloop
  endfacet
  facet normal 0 0 -1
    outer loop
      vertex -162.936 -18.8478 39.6385
      vertex -162.876 -18.8214 39.6385
      vertex -131.913 -25.8287 39.6385
    endloop
  endfacet
  facet normal 0 0 -1
    outer loop
      vertex -131.913 -25.8287 39.6385
      vertex -162.876 -18.8214 39.6385
      vertex -162.817 -18.7925 39.6385
    endloop
  endfacet
  facet normal 0 0 -1
    outer loop
      vertex -162.76 -18.761 39.6385
      vertex -162.704 -18.727 39.6385
      vertex -131.913 -25.8287 39.6385
    endloop
  endfacet
  facet normal 0 0 -1
    outer loop
      vertex -162.704 -18.727 39.6385
      vertex -162.649 -18.6907 39.6385
      vertex -131.913 -25.8287 39.6385
    endloop
  endfacet
  facet normal 0 0 -1
    outer loop
      vertex -131.913 -25.8287 39.6385
      vertex -162.649 -18.6907 39.6385
      vertex -162.597 -18.652 39.6385
    endloop
  endfacet
  facet normal 1 0 0
    outer loop
      vertex -129.413 -34.6007 47.8019
      vertex -129.413 -34.6007 10.3019
      vertex -129.413 -16.9489 47.8019
    endloop
  endfacet
  facet normal 1 0 0
    outer loop
      vertex -129.413 -34.6007 10.3019
      vertex -129.413 0.399268 10.3019
      vertex -129.413 -16.9489 47.8019
    endloop
  endfacet
  facet normal 1 0 0
    outer loop
      vertex -129.413 -16.9489 47.8019
      vertex -129.413 0.399268 10.3019
      vertex -129.413 0.399268 47.8019
    endloop
  endfacet
  facet normal -1 0 0
    outer loop
      vertex -131.913 -44.6007 7.80192
      vertex -131.913 -44.6007 47.8019
      vertex -131.913 -25.8287 42.6385
    endloop
  endfacet
  facet normal -1 0 0
    outer loop
      vertex -131.913 -44.6007 47.8019
      vertex -131.913 -16.9489 47.8019
      vertex -131.913 -25.8287 42.6385
    endloop
  endfacet
  facet normal -1 0 0
    outer loop
      vertex -131.913 -25.8287 42.6385
      vertex -131.913 -16.9489 47.8019
      vertex -131.913 -8.37273 42.6385
    endloop
  endfacet
  facet normal -1 0 0
    outer loop
      vertex -131.913 -16.9489 47.8019
      vertex -131.913 10.3993 47.8019
      vertex -131.913 -8.37273 42.6385
    endloop
  endfacet
  facet normal -1 0 0
    outer loop
      vertex -131.913 -8.37273 42.6385
      vertex -131.913 10.3993 47.8019
      vertex -131.913 -8.37273 39.6385
    endloop
  endfacet
  facet normal -1 0 0
    outer loop
      vertex -131.913 10.3993 47.8019
      vertex -131.913 10.3993 7.80192
      vertex -131.913 -8.37273 39.6385
    endloop
  endfacet
  facet normal -1 0 0
    outer loop
      vertex -131.913 -8.37273 39.6385
      vertex -131.913 10.3993 7.80192
      vertex -131.913 -25.8287 39.6385
    endloop
  endfacet
  facet normal -1 0 0
    outer loop
      vertex -131.913 10.3993 7.80192
      vertex -131.913 -44.6007 7.80192
      vertex -131.913 -25.8287 39.6385
    endloop
  endfacet
  facet normal -1 0 0
    outer loop
      vertex -131.913 -25.8287 39.6385
      vertex -131.913 -44.6007 7.80192
      vertex -131.913 -25.8287 42.6385
    endloop
  endfacet
  facet normal -0.999761 -0.0218584 0
    outer loop
      vertex -125.861 5.89927 39.8019
      vertex -125.861 5.89927 47.8019
      vertex -125.863 5.98651 39.8019
    endloop
  endfacet
  facet normal -0.999761 -0.0218584 0
    outer loop
      vertex -125.861 5.89927 47.8019
      vertex -125.863 5.98651 47.8019
      vertex -125.863 5.98651 39.8019
    endloop
  endfacet
  facet normal -0.997859 -0.065404 0
    outer loop
      vertex -125.863 5.98651 39.8019
      vertex -125.863 5.98651 47.8019
      vertex -125.869 6.07358 39.8019
    endloop
  endfacet
  facet normal -0.997859 -0.065404 0
    outer loop
      vertex -125.863 5.98651 47.8019
      vertex -125.869 6.07358 47.8019
      vertex -125.869 6.07358 39.8019
    endloop
  endfacet
  facet normal -0.994047 -0.10895 0
    outer loop
      vertex -125.869 6.07358 39.8019
      vertex -125.869 6.07358 47.8019
      vertex -125.878 6.16032 39.8019
    endloop
  endfacet
  facet normal -0.994047 -0.10895 0
    outer loop
      vertex -125.869 6.07358 47.8019
      vertex -125.878 6.16032 47.8019
      vertex -125.878 6.16032 39.8019
    endloop
  endfacet
  facet normal -0.988383 -0.151987 0
    outer loop
      vertex -125.878 6.16032 39.8019
      vertex -125.878 6.16032 47.8019
      vertex -125.892 6.24656 39.8019
    endloop
  endfacet
  facet normal -0.988383 -0.151987 0
    outer loop
      vertex -125.878 6.16032 47.8019
      vertex -125.892 6.24656 47.8019
      vertex -125.892 6.24656 39.8019
    endloop
  endfacet
  facet normal -0.980767 -0.195184 0
    outer loop
      vertex -125.892 6.24656 39.8019
      vertex -125.892 6.24656 47.8019
      vertex -125.909 6.33215 39.8019
    endloop
  endfacet
  facet normal -0.980767 -0.195184 0
    outer loop
      vertex -125.892 6.24656 47.8019
      vertex -125.909 6.33215 47.8019
      vertex -125.909 6.33215 39.8019
    endloop
  endfacet
  facet normal -0.971337 -0.237708 0
    outer loop
      vertex -125.909 6.33215 39.8019
      vertex -125.909 6.33215 47.8019
      vertex -125.929 6.41691 39.8019
    endloop
  endfacet
  facet normal -0.971337 -0.237708 0
    outer loop
      vertex -125.909 6.33215 47.8019
      vertex -125.929 6.41691 47.8019
      vertex -125.929 6.41691 39.8019
    endloop
  endfacet
  facet normal -0.960079 -0.279727 0
    outer loop
      vertex -125.929 6.41691 39.8019
      vertex -125.929 6.41691 47.8019
      vertex -125.954 6.50068 39.8019
    endloop
  endfacet
  facet normal -0.960079 -0.279727 0
    outer loop
      vertex -125.929 6.41691 47.8019
      vertex -125.954 6.50068 47.8019
      vertex -125.954 6.50068 39.8019
    endloop
  endfacet
  facet normal -0.946895 -0.321544 0
    outer loop
      vertex -125.954 6.50068 39.8019
      vertex -125.954 6.50068 47.8019
      vertex -125.982 6.58331 39.8019
    endloop
  endfacet
  facet normal -0.946895 -0.321544 0
    outer loop
      vertex -125.954 6.50068 47.8019
      vertex -125.982 6.58331 47.8019
      vertex -125.982 6.58331 39.8019
    endloop
  endfacet
  facet normal -0.93203 -0.36238 0
    outer loop
      vertex -125.982 6.58331 39.8019
      vertex -125.982 6.58331 47.8019
      vertex -126.013 6.66464 39.8019
    endloop
  endfacet
  facet normal -0.93203 -0.36238 0
    outer loop
      vertex -125.982 6.58331 47.8019
      vertex -126.013 6.66464 47.8019
      vertex -126.013 6.66464 39.8019
    endloop
  endfacet
  facet normal -0.915339 -0.402683 0
    outer loop
      vertex -126.013 6.66464 39.8019
      vertex -126.013 6.66464 47.8019
      vertex -126.049 6.7445 39.8019
    endloop
  endfacet
  facet normal -0.915339 -0.402683 0
    outer loop
      vertex -126.013 6.66464 47.8019
      vertex -126.049 6.7445 47.8019
      vertex -126.049 6.7445 39.8019
    endloop
  endfacet
  facet normal -0.896873 -0.442289 0
    outer loop
      vertex -126.049 6.7445 39.8019
      vertex -126.049 6.7445 47.8019
      vertex -126.087 6.82277 39.8019
    endloop
  endfacet
  facet normal -0.896873 -0.442289 0
    outer loop
      vertex -126.049 6.7445 47.8019
      vertex -126.087 6.82277 47.8019
      vertex -126.087 6.82277 39.8019
    endloop
  endfacet
  facet normal -0.876699 -0.48104 0
    outer loop
      vertex -126.087 6.82277 39.8019
      vertex -126.087 6.82277 47.8019
      vertex -126.129 6.89927 39.8019
    endloop
  endfacet
  facet normal -0.876699 -0.48104 0
    outer loop
      vertex -126.087 6.82277 47.8019
      vertex -126.129 6.89927 47.8019
      vertex -126.129 6.89927 39.8019
    endloop
  endfacet
  facet normal -0.854903 -0.518787 0
    outer loop
      vertex -126.129 6.89927 39.8019
      vertex -126.129 6.89927 47.8019
      vertex -126.174 6.97387 39.8019
    endloop
  endfacet
  facet normal -0.854903 -0.518787 0
    outer loop
      vertex -126.129 6.89927 47.8019
      vertex -126.174 6.97387 47.8019
      vertex -126.174 6.97387 39.8019
    endloop
  endfacet
  facet normal -0.831498 -0.555528 0
    outer loop
      vertex -126.174 6.97387 39.8019
      vertex -126.174 6.97387 47.8019
      vertex -126.223 7.04642 39.8019
    endloop
  endfacet
  facet normal -0.831498 -0.555528 0
    outer loop
      vertex -126.174 6.97387 47.8019
      vertex -126.223 7.04642 47.8019
      vertex -126.223 7.04642 39.8019
    endloop
  endfacet
  facet normal -0.806415 -0.59135 0
    outer loop
      vertex -126.223 7.04642 39.8019
      vertex -126.223 7.04642 47.8019
      vertex -126.274 7.11679 39.8019
    endloop
  endfacet
  facet normal -0.806415 -0.59135 0
    outer loop
      vertex -126.223 7.04642 47.8019
      vertex -126.274 7.11679 47.8019
      vertex -126.274 7.11679 39.8019
    endloop
  endfacet
  facet normal -0.779912 -0.625889 0
    outer loop
      vertex -126.274 7.11679 39.8019
      vertex -126.274 7.11679 47.8019
      vertex -126.329 7.18484 39.8019
    endloop
  endfacet
  facet normal -0.779912 -0.625889 0
    outer loop
      vertex -126.274 7.11679 47.8019
      vertex -126.329 7.18484 47.8019
      vertex -126.329 7.18484 39.8019
    endloop
  endfacet
  facet normal -0.751844 -0.659341 0
    outer loop
      vertex -126.329 7.18484 39.8019
      vertex -126.329 7.18484 47.8019
      vertex -126.387 7.25045 39.8019
    endloop
  endfacet
  facet normal -0.751844 -0.659341 0
    outer loop
      vertex -126.329 7.18484 47.8019
      vertex -126.387 7.25045 47.8019
      vertex -126.387 7.25045 39.8019
    endloop
  endfacet
  facet normal -0.722316 -0.691564 0
    outer loop
      vertex -126.387 7.25045 39.8019
      vertex -126.387 7.25045 47.8019
      vertex -126.447 7.31348 39.8019
    endloop
  endfacet
  facet normal -0.722316 -0.691564 0
    outer loop
      vertex -126.387 7.25045 47.8019
      vertex -126.447 7.31348 47.8019
      vertex -126.447 7.31348 39.8019
    endloop
  endfacet
  facet normal -0.691521 -0.722356 0
    outer loop
      vertex -126.447 7.31348 39.8019
      vertex -126.447 7.31348 47.8019
      vertex -126.51 7.37382 39.8019
    endloop
  endfacet
  facet normal -0.691521 -0.722356 0
    outer loop
      vertex -126.447 7.31348 47.8019
      vertex -126.51 7.37382 47.8019
      vertex -126.51 7.37382 39.8019
    endloop
  endfacet
  facet normal -0.659317 -0.751865 0
    outer loop
      vertex -126.51 7.37382 39.8019
      vertex -126.51 7.37382 47.8019
      vertex -126.576 7.43136 39.8019
    endloop
  endfacet
  facet normal -0.659317 -0.751865 0
    outer loop
      vertex -126.51 7.37382 47.8019
      vertex -126.576 7.43136 47.8019
      vertex -126.576 7.43136 39.8019
    endloop
  endfacet
  facet normal -0.626 -0.779823 0
    outer loop
      vertex -126.576 7.43136 39.8019
      vertex -126.576 7.43136 47.8019
      vertex -126.644 7.48598 39.8019
    endloop
  endfacet
  facet normal -0.626 -0.779823 0
    outer loop
      vertex -126.576 7.43136 47.8019
      vertex -126.644 7.48598 47.8019
      vertex -126.644 7.48598 39.8019
    endloop
  endfacet
  facet normal -0.591266 -0.806476 0
    outer loop
      vertex -126.644 7.48598 39.8019
      vertex -126.644 7.48598 47.8019
      vertex -126.714 7.53757 39.8019
    endloop
  endfacet
  facet normal -0.591266 -0.806476 0
    outer loop
      vertex -126.644 7.48598 47.8019
      vertex -126.714 7.53757 47.8019
      vertex -126.714 7.53757 39.8019
    endloop
  endfacet
  facet normal -0.555568 -0.831471 0
    outer loop
      vertex -126.714 7.53757 39.8019
      vertex -126.714 7.53757 47.8019
      vertex -126.787 7.58605 39.8019
    endloop
  endfacet
  facet normal -0.555568 -0.831471 0
    outer loop
      vertex -126.714 7.53757 47.8019
      vertex -126.787 7.58605 47.8019
      vertex -126.787 7.58605 39.8019
    endloop
  endfacet
  facet normal -0.518793 -0.8549 0
    outer loop
      vertex -126.787 7.58605 39.8019
      vertex -126.787 7.58605 47.8019
      vertex -126.861 7.63132 39.8019
    endloop
  endfacet
  facet normal -0.518793 -0.8549 0
    outer loop
      vertex -126.787 7.58605 47.8019
      vertex -126.861 7.63132 47.8019
      vertex -126.861 7.63132 39.8019
    endloop
  endfacet
  facet normal -0.480991 -0.876726 0
    outer loop
      vertex -126.861 7.63132 39.8019
      vertex -126.861 7.63132 47.8019
      vertex -126.938 7.67329 39.8019
    endloop
  endfacet
  facet normal -0.480991 -0.876726 0
    outer loop
      vertex -126.861 7.63132 47.8019
      vertex -126.938 7.67329 47.8019
      vertex -126.938 7.67329 39.8019
    endloop
  endfacet
  facet normal -0.442289 -0.896873 0
    outer loop
      vertex -126.938 7.67329 39.8019
      vertex -126.938 7.67329 47.8019
      vertex -127.016 7.71188 39.8019
    endloop
  endfacet
  facet normal -0.442289 -0.896873 0
    outer loop
      vertex -126.938 7.67329 47.8019
      vertex -127.016 7.71188 47.8019
      vertex -127.016 7.71188 39.8019
    endloop
  endfacet
  facet normal -0.402744 -0.915313 0
    outer loop
      vertex -127.016 7.71188 39.8019
      vertex -127.016 7.71188 47.8019
      vertex -127.096 7.74703 39.8019
    endloop
  endfacet
  facet normal -0.402744 -0.915313 0
    outer loop
      vertex -127.016 7.71188 47.8019
      vertex -127.096 7.74703 47.8019
      vertex -127.096 7.74703 39.8019
    endloop
  endfacet
  facet normal -0.362424 -0.932013 0
    outer loop
      vertex -127.096 7.74703 39.8019
      vertex -127.096 7.74703 47.8019
      vertex -127.177 7.77865 39.8019
    endloop
  endfacet
  facet normal -0.362424 -0.932013 0
    outer loop
      vertex -127.096 7.74703 47.8019
      vertex -127.177 7.77865 47.8019
      vertex -127.177 7.77865 39.8019
    endloop
  endfacet
  facet normal -0.321445 -0.946928 0
    outer loop
      vertex -127.177 7.77865 39.8019
      vertex -127.177 7.77865 47.8019
      vertex -127.26 7.8067 39.8019
    endloop
  endfacet
  facet normal -0.321445 -0.946928 0
    outer loop
      vertex -127.177 7.77865 47.8019
      vertex -127.26 7.8067 47.8019
      vertex -127.26 7.8067 39.8019
    endloop
  endfacet
  facet normal -0.279823 -0.960052 0
    outer loop
      vertex -127.26 7.8067 39.8019
      vertex -127.26 7.8067 47.8019
      vertex -127.344 7.83112 39.8019
    endloop
  endfacet
  facet normal -0.279823 -0.960052 0
    outer loop
      vertex -127.26 7.8067 47.8019
      vertex -127.344 7.83112 47.8019
      vertex -127.344 7.83112 39.8019
    endloop
  endfacet
  facet normal -0.237691 -0.971341 0
    outer loop
      vertex -127.344 7.83112 39.8019
      vertex -127.344 7.83112 47.8019
      vertex -127.428 7.85186 39.8019
    endloop
  endfacet
  facet normal -0.237691 -0.971341 0
    outer loop
      vertex -127.344 7.83112 47.8019
      vertex -127.428 7.85186 47.8019
      vertex -127.428 7.85186 39.8019
    endloop
  endfacet
  facet normal -0.195104 -0.980783 0
    outer loop
      vertex -127.428 7.85186 39.8019
      vertex -127.428 7.85186 47.8019
      vertex -127.514 7.86888 39.8019
    endloop
  endfacet
  facet normal -0.195104 -0.980783 0
    outer loop
      vertex -127.428 7.85186 47.8019
      vertex -127.514 7.86888 47.8019
      vertex -127.514 7.86888 39.8019
    endloop
  endfacet
  facet normal -0.152116 -0.988363 0
    outer loop
      vertex -127.514 7.86888 39.8019
      vertex -127.514 7.86888 47.8019
      vertex -127.6 7.88216 39.8019
    endloop
  endfacet
  facet normal -0.152116 -0.988363 0
    outer loop
      vertex -127.514 7.86888 47.8019
      vertex -127.6 7.88216 47.8019
      vertex -127.6 7.88216 39.8019
    endloop
  endfacet
  facet normal -0.108866 -0.994056 0
    outer loop
      vertex -127.6 7.88216 39.8019
      vertex -127.6 7.88216 47.8019
      vertex -127.687 7.89166 39.8019
    endloop
  endfacet
  facet normal -0.108866 -0.994056 0
    outer loop
      vertex -127.6 7.88216 47.8019
      vertex -127.687 7.89166 47.8019
      vertex -127.687 7.89166 39.8019
    endloop
  endfacet
  facet normal -0.065397 -0.997859 0
    outer loop
      vertex -127.687 7.89166 39.8019
      vertex -127.687 7.89166 47.8019
      vertex -127.774 7.89736 39.8019
    endloop
  endfacet
  facet normal -0.065397 -0.997859 0
    outer loop
      vertex -127.687 7.89166 47.8019
      vertex -127.774 7.89736 47.8019
      vertex -127.774 7.89736 39.8019
    endloop
  endfacet
  facet normal -0.0218175 -0.999762 0
    outer loop
      vertex -127.774 7.89736 39.8019
      vertex -127.774 7.89736 47.8019
      vertex -127.861 7.89927 39.8019
    endloop
  endfacet
  facet normal -0.0218175 -0.999762 0
    outer loop
      vertex -127.774 7.89736 47.8019
      vertex -127.861 7.89927 47.8019
      vertex -127.861 7.89927 39.8019
    endloop
  endfacet
  facet normal 0.0218175 -0.999762 0
    outer loop
      vertex -127.861 7.89927 39.8019
      vertex -127.861 7.89927 47.8019
      vertex -127.948 7.89736 39.8019
    endloop
  endfacet
  facet normal 0.0218175 -0.999762 0
    outer loop
      vertex -127.861 7.89927 47.8019
      vertex -127.948 7.89736 47.8019
      vertex -127.948 7.89736 39.8019
    endloop
  endfacet
  facet normal 0.065397 -0.997859 0
    outer loop
      vertex -127.948 7.89736 39.8019
      vertex -127.948 7.89736 47.8019
      vertex -128.035 7.89166 39.8019
    endloop
  endfacet
  facet normal 0.065397 -0.997859 0
    outer loop
      vertex -127.948 7.89736 47.8019
      vertex -128.035 7.89166 47.8019
      vertex -128.035 7.89166 39.8019
    endloop
  endfacet
  facet normal 0.108866 -0.994056 0
    outer loop
      vertex -128.035 7.89166 39.8019
      vertex -128.035 7.89166 47.8019
      vertex -128.122 7.88216 39.8019
    endloop
  endfacet
  facet normal 0.108866 -0.994056 0
    outer loop
      vertex -128.035 7.89166 47.8019
      vertex -128.122 7.88216 47.8019
      vertex -128.122 7.88216 39.8019
    endloop
  endfacet
  facet normal 0.152116 -0.988363 0
    outer loop
      vertex -128.122 7.88216 39.8019
      vertex -128.122 7.88216 47.8019
      vertex -128.208 7.86888 39.8019
    endloop
  endfacet
  facet normal 0.152116 -0.988363 0
    outer loop
      vertex -128.122 7.88216 47.8019
      vertex -128.208 7.86888 47.8019
      vertex -128.208 7.86888 39.8019
    endloop
  endfacet
  facet normal 0.195104 -0.980783 0
    outer loop
      vertex -128.208 7.86888 39.8019
      vertex -128.208 7.86888 47.8019
      vertex -128.294 7.85186 39.8019
    endloop
  endfacet
  facet normal 0.195104 -0.980783 0
    outer loop
      vertex -128.208 7.86888 47.8019
      vertex -128.294 7.85186 47.8019
      vertex -128.294 7.85186 39.8019
    endloop
  endfacet
  facet normal 0.237691 -0.971341 0
    outer loop
      vertex -128.294 7.85186 39.8019
      vertex -128.294 7.85186 47.8019
      vertex -128.379 7.83112 39.8019
    endloop
  endfacet
  facet normal 0.237691 -0.971341 0
    outer loop
      vertex -128.294 7.85186 47.8019
      vertex -128.379 7.83112 47.8019
      vertex -128.379 7.83112 39.8019
    endloop
  endfacet
  facet normal 0.279823 -0.960052 0
    outer loop
      vertex -128.379 7.83112 39.8019
      vertex -128.379 7.83112 47.8019
      vertex -128.463 7.8067 39.8019
    endloop
  endfacet
  facet normal 0.279823 -0.960052 0
    outer loop
      vertex -128.379 7.83112 47.8019
      vertex -128.463 7.8067 47.8019
      vertex -128.463 7.8067 39.8019
    endloop
  endfacet
  facet normal 0.321445 -0.946928 0
    outer loop
      vertex -128.463 7.8067 39.8019
      vertex -128.463 7.8067 47.8019
      vertex -128.545 7.77865 39.8019
    endloop
  endfacet
  facet normal 0.321445 -0.946928 0
    outer loop
      vertex -128.463 7.8067 47.8019
      vertex -128.545 7.77865 47.8019
      vertex -128.545 7.77865 39.8019
    endloop
  endfacet
  facet normal 0.362424 -0.932013 0
    outer loop
      vertex -128.545 7.77865 39.8019
      vertex -128.545 7.77865 47.8019
      vertex -128.627 7.74703 39.8019
    endloop
  endfacet
  facet normal 0.362424 -0.932013 0
    outer loop
      vertex -128.545 7.77865 47.8019
      vertex -128.627 7.74703 47.8019
      vertex -128.627 7.74703 39.8019
    endloop
  endfacet
  facet normal 0.402744 -0.915313 0
    outer loop
      vertex -128.627 7.74703 39.8019
      vertex -128.627 7.74703 47.8019
      vertex -128.706 7.71188 39.8019
    endloop
  endfacet
  facet normal 0.402744 -0.915313 0
    outer loop
      vertex -128.627 7.74703 47.8019
      vertex -128.706 7.71188 47.8019
      vertex -128.706 7.71188 39.8019
    endloop
  endfacet
  facet normal 0.442289 -0.896873 0
    outer loop
      vertex -128.706 7.71188 39.8019
      vertex -128.706 7.71188 47.8019
      vertex -128.785 7.67329 39.8019
    endloop
  endfacet
  facet normal 0.442289 -0.896873 0
    outer loop
      vertex -128.706 7.71188 47.8019
      vertex -128.785 7.67329 47.8019
      vertex -128.785 7.67329 39.8019
    endloop
  endfacet
  facet normal 0.480991 -0.876726 0
    outer loop
      vertex -128.785 7.67329 39.8019
      vertex -128.785 7.67329 47.8019
      vertex -128.861 7.63132 39.8019
    endloop
  endfacet
  facet normal 0.480991 -0.876726 0
    outer loop
      vertex -128.785 7.67329 47.8019
      vertex -128.861 7.63132 47.8019
      vertex -128.861 7.63132 39.8019
    endloop
  endfacet
  facet normal 0.518793 -0.8549 0
    outer loop
      vertex -128.861 7.63132 39.8019
      vertex -128.861 7.63132 47.8019
      vertex -128.936 7.58605 39.8019
    endloop
  endfacet
  facet normal 0.518793 -0.8549 0
    outer loop
      vertex -128.861 7.63132 47.8019
      vertex -128.936 7.58605 47.8019
      vertex -128.936 7.58605 39.8019
    endloop
  endfacet
  facet normal 0.555568 -0.831471 0
    outer loop
      vertex -128.936 7.58605 39.8019
      vertex -128.936 7.58605 47.8019
      vertex -129.008 7.53757 39.8019
    endloop
  endfacet
  facet normal 0.555568 -0.831471 0
    outer loop
      vertex -128.936 7.58605 47.8019
      vertex -129.008 7.53757 47.8019
      vertex -129.008 7.53757 39.8019
    endloop
  endfacet
  facet normal 0.591266 -0.806476 0
    outer loop
      vertex -129.008 7.53757 39.8019
      vertex -129.008 7.53757 47.8019
      vertex -129.079 7.48598 39.8019
    endloop
  endfacet
  facet normal 0.591266 -0.806476 0
    outer loop
      vertex -129.008 7.53757 47.8019
      vertex -129.079 7.48598 47.8019
      vertex -129.079 7.48598 39.8019
    endloop
  endfacet
  facet normal 0.626 -0.779823 0
    outer loop
      vertex -129.079 7.48598 39.8019
      vertex -129.079 7.48598 47.8019
      vertex -129.147 7.43136 39.8019
    endloop
  endfacet
  facet normal 0.626 -0.779823 0
    outer loop
      vertex -129.079 7.48598 47.8019
      vertex -129.147 7.43136 47.8019
      vertex -129.147 7.43136 39.8019
    endloop
  endfacet
  facet normal 0.659317 -0.751865 0
    outer loop
      vertex -129.147 7.43136 39.8019
      vertex -129.147 7.43136 47.8019
      vertex -129.212 7.37382 39.8019
    endloop
  endfacet
  facet normal 0.659317 -0.751865 0
    outer loop
      vertex -129.147 7.43136 47.8019
      vertex -129.212 7.37382 47.8019
      vertex -129.212 7.37382 39.8019
    endloop
  endfacet
  facet normal 0.691521 -0.722356 0
    outer loop
      vertex -129.212 7.37382 39.8019
      vertex -129.212 7.37382 47.8019
      vertex -129.275 7.31348 39.8019
    endloop
  endfacet
  facet normal 0.691521 -0.722356 0
    outer loop
      vertex -129.212 7.37382 47.8019
      vertex -129.275 7.31348 47.8019
      vertex -129.275 7.31348 39.8019
    endloop
  endfacet
  facet normal 0.722316 -0.691564 0
    outer loop
      vertex -129.275 7.31348 39.8019
      vertex -129.275 7.31348 47.8019
      vertex -129.336 7.25045 39.8019
    endloop
  endfacet
  facet normal 0.722316 -0.691564 0
    outer loop
      vertex -129.275 7.31348 47.8019
      vertex -129.336 7.25045 47.8019
      vertex -129.336 7.25045 39.8019
    endloop
  endfacet
  facet normal 0.751844 -0.659341 0
    outer loop
      vertex -129.336 7.25045 39.8019
      vertex -129.336 7.25045 47.8019
      vertex -129.393 7.18484 39.8019
    endloop
  endfacet
  facet normal 0.751844 -0.659341 0
    outer loop
      vertex -129.336 7.25045 47.8019
      vertex -129.393 7.18484 47.8019
      vertex -129.393 7.18484 39.8019
    endloop
  endfacet
  facet normal 0.779912 -0.625889 0
    outer loop
      vertex -129.393 7.18484 39.8019
      vertex -129.393 7.18484 47.8019
      vertex -129.448 7.11679 39.8019
    endloop
  endfacet
  facet normal 0.779912 -0.625889 0
    outer loop
      vertex -129.393 7.18484 47.8019
      vertex -129.448 7.11679 47.8019
      vertex -129.448 7.11679 39.8019
    endloop
  endfacet
  facet normal 0.806415 -0.59135 0
    outer loop
      vertex -129.448 7.11679 39.8019
      vertex -129.448 7.11679 47.8019
      vertex -129.499 7.04642 39.8019
    endloop
  endfacet
  facet normal 0.806415 -0.59135 0
    outer loop
      vertex -129.448 7.11679 47.8019
      vertex -129.499 7.04642 47.8019
      vertex -129.499 7.04642 39.8019
    endloop
  endfacet
  facet normal 0.831498 -0.555528 0
    outer loop
      vertex -129.499 7.04642 39.8019
      vertex -129.499 7.04642 47.8019
      vertex -129.548 6.97387 39.8019
    endloop
  endfacet
  facet normal 0.831498 -0.555528 0
    outer loop
      vertex -129.499 7.04642 47.8019
      vertex -129.548 6.97387 47.8019
      vertex -129.548 6.97387 39.8019
    endloop
  endfacet
  facet normal 0.854903 -0.518787 0
    outer loop
      vertex -129.548 6.97387 39.8019
      vertex -129.548 6.97387 47.8019
      vertex -129.593 6.89927 39.8019
    endloop
  endfacet
  facet normal 0.854903 -0.518787 0
    outer loop
      vertex -129.548 6.97387 47.8019
      vertex -129.593 6.89927 47.8019
      vertex -129.593 6.89927 39.8019
    endloop
  endfacet
  facet normal 0.876699 -0.48104 0
    outer loop
      vertex -129.593 6.89927 39.8019
      vertex -129.593 6.89927 47.8019
      vertex -129.635 6.82277 39.8019
    endloop
  endfacet
  facet normal 0.876699 -0.48104 0
    outer loop
      vertex -129.593 6.89927 47.8019
      vertex -129.635 6.82277 47.8019
      vertex -129.635 6.82277 39.8019
    endloop
  endfacet
  facet normal 0.896873 -0.442289 0
    outer loop
      vertex -129.635 6.82277 39.8019
      vertex -129.635 6.82277 47.8019
      vertex -129.674 6.7445 39.8019
    endloop
  endfacet
  facet normal 0.896873 -0.442289 0
    outer loop
      vertex -129.635 6.82277 47.8019
      vertex -129.674 6.7445 47.8019
      vertex -129.674 6.7445 39.8019
    endloop
  endfacet
  facet normal 0.915339 -0.402683 0
    outer loop
      vertex -129.674 6.7445 39.8019
      vertex -129.674 6.7445 47.8019
      vertex -129.709 6.66464 39.8019
    endloop
  endfacet
  facet normal 0.915339 -0.402683 0
    outer loop
      vertex -129.674 6.7445 47.8019
      vertex -129.709 6.66464 47.8019
      vertex -129.709 6.66464 39.8019
    endloop
  endfacet
  facet normal 0.93203 -0.36238 0
    outer loop
      vertex -129.709 6.66464 39.8019
      vertex -129.709 6.66464 47.8019
      vertex -129.741 6.58331 39.8019
    endloop
  endfacet
  facet normal 0.93203 -0.36238 0
    outer loop
      vertex -129.709 6.66464 47.8019
      vertex -129.741 6.58331 47.8019
      vertex -129.741 6.58331 39.8019
    endloop
  endfacet
  facet normal 0.946895 -0.321544 0
    outer loop
      vertex -129.741 6.58331 39.8019
      vertex -129.741 6.58331 47.8019
      vertex -129.769 6.50068 39.8019
    endloop
  endfacet
  facet normal 0.946895 -0.321544 0
    outer loop
      vertex -129.741 6.58331 47.8019
      vertex -129.769 6.50068 47.8019
      vertex -129.769 6.50068 39.8019
    endloop
  endfacet
  facet normal 0.960079 -0.279727 0
    outer loop
      vertex -129.769 6.50068 39.8019
      vertex -129.769 6.50068 47.8019
      vertex -129.793 6.41691 39.8019
    endloop
  endfacet
  facet normal 0.960079 -0.279727 0
    outer loop
      vertex -129.769 6.50068 47.8019
      vertex -129.793 6.41691 47.8019
      vertex -129.793 6.41691 39.8019
    endloop
  endfacet
  facet normal 0.971337 -0.237708 0
    outer loop
      vertex -129.793 6.41691 39.8019
      vertex -129.793 6.41691 47.8019
      vertex -129.814 6.33215 39.8019
    endloop
  endfacet
  facet normal 0.971337 -0.237708 0
    outer loop
      vertex -129.793 6.41691 47.8019
      vertex -129.814 6.33215 47.8019
      vertex -129.814 6.33215 39.8019
    endloop
  endfacet
  facet normal 0.980767 -0.195184 0
    outer loop
      vertex -129.814 6.33215 39.8019
      vertex -129.814 6.33215 47.8019
      vertex -129.831 6.24656 39.8019
    endloop
  endfacet
  facet normal 0.980767 -0.195184 0
    outer loop
      vertex -129.814 6.33215 47.8019
      vertex -129.831 6.24656 47.8019
      vertex -129.831 6.24656 39.8019
    endloop
  endfacet
  facet normal 0.988383 -0.151987 0
    outer loop
      vertex -129.831 6.24656 39.8019
      vertex -129.831 6.24656 47.8019
      vertex -129.844 6.16032 39.8019
    endloop
  endfacet
  facet normal 0.988383 -0.151987 0
    outer loop
      vertex -129.831 6.24656 47.8019
      vertex -129.844 6.16032 47.8019
      vertex -129.844 6.16032 39.8019
    endloop
  endfacet
  facet normal 0.994047 -0.10895 0
    outer loop
      vertex -129.844 6.16032 39.8019
      vertex -129.844 6.16032 47.8019
      vertex -129.854 6.07358 39.8019
    endloop
  endfacet
  facet normal 0.994047 -0.10895 0
    outer loop
      vertex -129.844 6.16032 47.8019
      vertex -129.854 6.07358 47.8019
      vertex -129.854 6.07358 39.8019
    endloop
  endfacet
  facet normal 0.997859 -0.065404 0
    outer loop
      vertex -129.854 6.07358 39.8019
      vertex -129.854 6.07358 47.8019
      vertex -129.859 5.98651 39.8019
    endloop
  endfacet
  facet normal 0.997859 -0.065404 0
    outer loop
      vertex -129.854 6.07358 47.8019
      vertex -129.859 5.98651 47.8019
      vertex -129.859 5.98651 39.8019
    endloop
  endfacet
  facet normal 0.999761 -0.0218584 0
    outer loop
      vertex -129.859 5.98651 39.8019
      vertex -129.859 5.98651 47.8019
      vertex -129.861 5.89927 39.8019
    endloop
  endfacet
  facet normal 0.999761 -0.0218584 0
    outer loop
      vertex -129.859 5.98651 47.8019
      vertex -129.861 5.89927 47.8019
      vertex -129.861 5.89927 39.8019
    endloop
  endfacet
  facet normal 0.999761 0.0218583 0
    outer loop
      vertex -129.861 5.89927 39.8019
      vertex -129.861 5.89927 47.8019
      vertex -129.859 5.81203 39.8019
    endloop
  endfacet
  facet normal 0.999761 0.0218583 0
    outer loop
      vertex -129.861 5.89927 47.8019
      vertex -129.859 5.81203 47.8019
      vertex -129.859 5.81203 39.8019
    endloop
  endfacet
  facet normal 0.997859 0.0654043 0
    outer loop
      vertex -129.859 5.81203 39.8019
      vertex -129.859 5.81203 47.8019
      vertex -129.854 5.72496 39.8019
    endloop
  endfacet
  facet normal 0.997859 0.0654043 0
    outer loop
      vertex -129.859 5.81203 47.8019
      vertex -129.854 5.72496 47.8019
      vertex -129.854 5.72496 39.8019
    endloop
  endfacet
  facet normal 0.994047 0.108949 0
    outer loop
      vertex -129.854 5.72496 39.8019
      vertex -129.854 5.72496 47.8019
      vertex -129.844 5.63822 39.8019
    endloop
  endfacet
  facet normal 0.994047 0.108949 0
    outer loop
      vertex -129.854 5.72496 47.8019
      vertex -129.844 5.63822 47.8019
      vertex -129.844 5.63822 39.8019
    endloop
  endfacet
  facet normal 0.988383 0.151987 0
    outer loop
      vertex -129.844 5.63822 39.8019
      vertex -129.844 5.63822 47.8019
      vertex -129.831 5.55197 39.8019
    endloop
  endfacet
  facet normal 0.988383 0.151987 0
    outer loop
      vertex -129.844 5.63822 47.8019
      vertex -129.831 5.55197 47.8019
      vertex -129.831 5.55197 39.8019
    endloop
  endfacet
  facet normal 0.980766 0.195185 0
    outer loop
      vertex -129.831 5.55197 39.8019
      vertex -129.831 5.55197 47.8019
      vertex -129.814 5.46639 39.8019
    endloop
  endfacet
  facet normal 0.980766 0.195185 0
    outer loop
      vertex -129.831 5.55197 47.8019
      vertex -129.814 5.46639 47.8019
      vertex -129.814 5.46639 39.8019
    endloop
  endfacet
  facet normal 0.971337 0.237707 0
    outer loop
      vertex -129.814 5.46639 39.8019
      vertex -129.814 5.46639 47.8019
      vertex -129.793 5.38163 39.8019
    endloop
  endfacet
  facet normal 0.971337 0.237707 0
    outer loop
      vertex -129.814 5.46639 47.8019
      vertex -129.793 5.38163 47.8019
      vertex -129.793 5.38163 39.8019
    endloop
  endfacet
  facet normal 0.960079 0.279727 0
    outer loop
      vertex -129.793 5.38163 39.8019
      vertex -129.793 5.38163 47.8019
      vertex -129.769 5.29786 39.8019
    endloop
  endfacet
  facet normal 0.960079 0.279727 0
    outer loop
      vertex -129.793 5.38163 47.8019
      vertex -129.769 5.29786 47.8019
      vertex -129.769 5.29786 39.8019
    endloop
  endfacet
  facet normal 0.946895 0.321544 0
    outer loop
      vertex -129.769 5.29786 39.8019
      vertex -129.769 5.29786 47.8019
      vertex -129.741 5.21523 39.8019
    endloop
  endfacet
  facet normal 0.946895 0.321544 0
    outer loop
      vertex -129.769 5.29786 47.8019
      vertex -129.741 5.21523 47.8019
      vertex -129.741 5.21523 39.8019
    endloop
  endfacet
  facet normal 0.93203 0.36238 0
    outer loop
      vertex -129.741 5.21523 39.8019
      vertex -129.741 5.21523 47.8019
      vertex -129.709 5.1339 39.8019
    endloop
  endfacet
  facet normal 0.93203 0.36238 0
    outer loop
      vertex -129.741 5.21523 47.8019
      vertex -129.709 5.1339 47.8019
      vertex -129.709 5.1339 39.8019
    endloop
  endfacet
  facet normal 0.915339 0.402683 0
    outer loop
      vertex -129.709 5.1339 39.8019
      vertex -129.709 5.1339 47.8019
      vertex -129.674 5.05403 39.8019
    endloop
  endfacet
  facet normal 0.915339 0.402683 0
    outer loop
      vertex -129.709 5.1339 47.8019
      vertex -129.674 5.05403 47.8019
      vertex -129.674 5.05403 39.8019
    endloop
  endfacet
  facet normal 0.896873 0.442289 0
    outer loop
      vertex -129.674 5.05403 39.8019
      vertex -129.674 5.05403 47.8019
      vertex -129.635 4.97577 39.8019
    endloop
  endfacet
  facet normal 0.896873 0.442289 0
    outer loop
      vertex -129.674 5.05403 47.8019
      vertex -129.635 4.97577 47.8019
      vertex -129.635 4.97577 39.8019
    endloop
  endfacet
  facet normal 0.876699 0.48104 0
    outer loop
      vertex -129.635 4.97577 39.8019
      vertex -129.635 4.97577 47.8019
      vertex -129.593 4.89927 39.8019
    endloop
  endfacet
  facet normal 0.876699 0.48104 0
    outer loop
      vertex -129.635 4.97577 47.8019
      vertex -129.593 4.89927 47.8019
      vertex -129.593 4.89927 39.8019
    endloop
  endfacet
  facet normal 0.854903 0.518787 0
    outer loop
      vertex -129.593 4.89927 39.8019
      vertex -129.593 4.89927 47.8019
      vertex -129.548 4.82467 39.8019
    endloop
  endfacet
  facet normal 0.854903 0.518787 0
    outer loop
      vertex -129.593 4.89927 47.8019
      vertex -129.548 4.82467 47.8019
      vertex -129.548 4.82467 39.8019
    endloop
  endfacet
  facet normal 0.831497 0.55553 0
    outer loop
      vertex -129.548 4.82467 39.8019
      vertex -129.548 4.82467 47.8019
      vertex -129.499 4.75212 39.8019
    endloop
  endfacet
  facet normal 0.831497 0.55553 0
    outer loop
      vertex -129.548 4.82467 47.8019
      vertex -129.499 4.75212 47.8019
      vertex -129.499 4.75212 39.8019
    endloop
  endfacet
  facet normal 0.806417 0.591348 0
    outer loop
      vertex -129.499 4.75212 39.8019
      vertex -129.499 4.75212 47.8019
      vertex -129.448 4.68175 39.8019
    endloop
  endfacet
  facet normal 0.806417 0.591348 0
    outer loop
      vertex -129.499 4.75212 47.8019
      vertex -129.448 4.68175 47.8019
      vertex -129.448 4.68175 39.8019
    endloop
  endfacet
  facet normal 0.779912 0.625889 0
    outer loop
      vertex -129.448 4.68175 39.8019
      vertex -129.448 4.68175 47.8019
      vertex -129.393 4.61369 39.8019
    endloop
  endfacet
  facet normal 0.779912 0.625889 0
    outer loop
      vertex -129.448 4.68175 47.8019
      vertex -129.393 4.61369 47.8019
      vertex -129.393 4.61369 39.8019
    endloop
  endfacet
  facet normal 0.751844 0.659341 0
    outer loop
      vertex -129.393 4.61369 39.8019
      vertex -129.393 4.61369 47.8019
      vertex -129.336 4.54809 39.8019
    endloop
  endfacet
  facet normal 0.751844 0.659341 0
    outer loop
      vertex -129.393 4.61369 47.8019
      vertex -129.336 4.54809 47.8019
      vertex -129.336 4.54809 39.8019
    endloop
  endfacet
  facet normal 0.722316 0.691564 0
    outer loop
      vertex -129.336 4.54809 39.8019
      vertex -129.336 4.54809 47.8019
      vertex -129.275 4.48505 39.8019
    endloop
  endfacet
  facet normal 0.722316 0.691564 0
    outer loop
      vertex -129.336 4.54809 47.8019
      vertex -129.275 4.48505 47.8019
      vertex -129.275 4.48505 39.8019
    endloop
  endfacet
  facet normal 0.691519 0.722359 0
    outer loop
      vertex -129.275 4.48505 39.8019
      vertex -129.275 4.48505 47.8019
      vertex -129.212 4.42471 39.8019
    endloop
  endfacet
  facet normal 0.691519 0.722359 0
    outer loop
      vertex -129.275 4.48505 47.8019
      vertex -129.212 4.42471 47.8019
      vertex -129.212 4.42471 39.8019
    endloop
  endfacet
  facet normal 0.65932 0.751862 0
    outer loop
      vertex -129.212 4.42471 39.8019
      vertex -129.212 4.42471 47.8019
      vertex -129.147 4.36718 39.8019
    endloop
  endfacet
  facet normal 0.65932 0.751862 0
    outer loop
      vertex -129.212 4.42471 47.8019
      vertex -129.147 4.36718 47.8019
      vertex -129.147 4.36718 39.8019
    endloop
  endfacet
  facet normal 0.626 0.779823 0
    outer loop
      vertex -129.147 4.36718 39.8019
      vertex -129.147 4.36718 47.8019
      vertex -129.079 4.31256 39.8019
    endloop
  endfacet
  facet normal 0.626 0.779823 0
    outer loop
      vertex -129.147 4.36718 47.8019
      vertex -129.079 4.31256 47.8019
      vertex -129.079 4.31256 39.8019
    endloop
  endfacet
  facet normal 0.591266 0.806476 0
    outer loop
      vertex -129.079 4.31256 39.8019
      vertex -129.079 4.31256 47.8019
      vertex -129.008 4.26096 39.8019
    endloop
  endfacet
  facet normal 0.591266 0.806476 0
    outer loop
      vertex -129.079 4.31256 47.8019
      vertex -129.008 4.26096 47.8019
      vertex -129.008 4.26096 39.8019
    endloop
  endfacet
  facet normal 0.555568 0.831471 0
    outer loop
      vertex -129.008 4.26096 39.8019
      vertex -129.008 4.26096 47.8019
      vertex -128.936 4.21249 39.8019
    endloop
  endfacet
  facet normal 0.555568 0.831471 0
    outer loop
      vertex -129.008 4.26096 47.8019
      vertex -128.936 4.21249 47.8019
      vertex -128.936 4.21249 39.8019
    endloop
  endfacet
  facet normal 0.518793 0.8549 0
    outer loop
      vertex -128.936 4.21249 39.8019
      vertex -128.936 4.21249 47.8019
      vertex -128.861 4.16722 39.8019
    endloop
  endfacet
  facet normal 0.518793 0.8549 0
    outer loop
      vertex -128.936 4.21249 47.8019
      vertex -128.861 4.16722 47.8019
      vertex -128.861 4.16722 39.8019
    endloop
  endfacet
  facet normal 0.480991 0.876726 0
    outer loop
      vertex -128.861 4.16722 39.8019
      vertex -128.861 4.16722 47.8019
      vertex -128.785 4.12525 39.8019
    endloop
  endfacet
  facet normal 0.480991 0.876726 0
    outer loop
      vertex -128.861 4.16722 47.8019
      vertex -128.785 4.12525 47.8019
      vertex -128.785 4.12525 39.8019
    endloop
  endfacet
  facet normal 0.442289 0.896873 0
    outer loop
      vertex -128.785 4.12525 39.8019
      vertex -128.785 4.12525 47.8019
      vertex -128.706 4.08665 39.8019
    endloop
  endfacet
  facet normal 0.442289 0.896873 0
    outer loop
      vertex -128.785 4.12525 47.8019
      vertex -128.706 4.08665 47.8019
      vertex -128.706 4.08665 39.8019
    endloop
  endfacet
  facet normal 0.402744 0.915313 0
    outer loop
      vertex -128.706 4.08665 39.8019
      vertex -128.706 4.08665 47.8019
      vertex -128.627 4.05151 39.8019
    endloop
  endfacet
  facet normal 0.402744 0.915313 0
    outer loop
      vertex -128.706 4.08665 47.8019
      vertex -128.627 4.05151 47.8019
      vertex -128.627 4.05151 39.8019
    endloop
  endfacet
  facet normal 0.362419 0.932015 0
    outer loop
      vertex -128.627 4.05151 39.8019
      vertex -128.627 4.05151 47.8019
      vertex -128.545 4.01988 39.8019
    endloop
  endfacet
  facet normal 0.362419 0.932015 0
    outer loop
      vertex -128.627 4.05151 47.8019
      vertex -128.545 4.01988 47.8019
      vertex -128.545 4.01988 39.8019
    endloop
  endfacet
  facet normal 0.32145 0.946926 0
    outer loop
      vertex -128.545 4.01988 39.8019
      vertex -128.545 4.01988 47.8019
      vertex -128.463 3.99183 39.8019
    endloop
  endfacet
  facet normal 0.32145 0.946926 0
    outer loop
      vertex -128.545 4.01988 47.8019
      vertex -128.463 3.99183 47.8019
      vertex -128.463 3.99183 39.8019
    endloop
  endfacet
  facet normal 0.279823 0.960052 0
    outer loop
      vertex -128.463 3.99183 39.8019
      vertex -128.463 3.99183 47.8019
      vertex -128.379 3.96742 39.8019
    endloop
  endfacet
  facet normal 0.279823 0.960052 0
    outer loop
      vertex -128.463 3.99183 47.8019
      vertex -128.379 3.96742 47.8019
      vertex -128.379 3.96742 39.8019
    endloop
  endfacet
  facet normal 0.237691 0.971341 0
    outer loop
      vertex -128.379 3.96742 39.8019
      vertex -128.379 3.96742 47.8019
      vertex -128.294 3.94668 39.8019
    endloop
  endfacet
  facet normal 0.237691 0.971341 0
    outer loop
      vertex -128.379 3.96742 47.8019
      vertex -128.294 3.94668 47.8019
      vertex -128.294 3.94668 39.8019
    endloop
  endfacet
  facet normal 0.195104 0.980783 0
    outer loop
      vertex -128.294 3.94668 39.8019
      vertex -128.294 3.94668 47.8019
      vertex -128.208 3.92965 39.8019
    endloop
  endfacet
  facet normal 0.195104 0.980783 0
    outer loop
      vertex -128.294 3.94668 47.8019
      vertex -128.208 3.92965 47.8019
      vertex -128.208 3.92965 39.8019
    endloop
  endfacet
  facet normal 0.152116 0.988363 0
    outer loop
      vertex -128.208 3.92965 39.8019
      vertex -128.208 3.92965 47.8019
      vertex -128.122 3.91638 39.8019
    endloop
  endfacet
  facet normal 0.152116 0.988363 0
    outer loop
      vertex -128.208 3.92965 47.8019
      vertex -128.122 3.91638 47.8019
      vertex -128.122 3.91638 39.8019
    endloop
  endfacet
  facet normal 0.108866 0.994056 0
    outer loop
      vertex -128.122 3.91638 39.8019
      vertex -128.122 3.91638 47.8019
      vertex -128.035 3.90688 39.8019
    endloop
  endfacet
  facet normal 0.108866 0.994056 0
    outer loop
      vertex -128.122 3.91638 47.8019
      vertex -128.035 3.90688 47.8019
      vertex -128.035 3.90688 39.8019
    endloop
  endfacet
  facet normal 0.065397 0.997859 0
    outer loop
      vertex -128.035 3.90688 39.8019
      vertex -128.035 3.90688 47.8019
      vertex -127.948 3.90117 39.8019
    endloop
  endfacet
  facet normal 0.065397 0.997859 0
    outer loop
      vertex -128.035 3.90688 47.8019
      vertex -127.948 3.90117 47.8019
      vertex -127.948 3.90117 39.8019
    endloop
  endfacet
  facet normal 0.0218148 0.999762 0
    outer loop
      vertex -127.948 3.90117 39.8019
      vertex -127.948 3.90117 47.8019
      vertex -127.861 3.89927 39.8019
    endloop
  endfacet
  facet normal 0.0218148 0.999762 0
    outer loop
      vertex -127.948 3.90117 47.8019
      vertex -127.861 3.89927 47.8019
      vertex -127.861 3.89927 39.8019
    endloop
  endfacet
  facet normal -0.0218148 0.999762 0
    outer loop
      vertex -127.861 3.89927 39.8019
      vertex -127.861 3.89927 47.8019
      vertex -127.774 3.90117 39.8019
    endloop
  endfacet
  facet normal -0.0218148 0.999762 0
    outer loop
      vertex -127.861 3.89927 47.8019
      vertex -127.774 3.90117 47.8019
      vertex -127.774 3.90117 39.8019
    endloop
  endfacet
  facet normal -0.065397 0.997859 0
    outer loop
      vertex -127.774 3.90117 39.8019
      vertex -127.774 3.90117 47.8019
      vertex -127.687 3.90688 39.8019
    endloop
  endfacet
  facet normal -0.065397 0.997859 0
    outer loop
      vertex -127.774 3.90117 47.8019
      vertex -127.687 3.90688 47.8019
      vertex -127.687 3.90688 39.8019
    endloop
  endfacet
  facet normal -0.108866 0.994056 0
    outer loop
      vertex -127.687 3.90688 39.8019
      vertex -127.687 3.90688 47.8019
      vertex -127.6 3.91638 39.8019
    endloop
  endfacet
  facet normal -0.108866 0.994056 0
    outer loop
      vertex -127.687 3.90688 47.8019
      vertex -127.6 3.91638 47.8019
      vertex -127.6 3.91638 39.8019
    endloop
  endfacet
  facet normal -0.152116 0.988363 0
    outer loop
      vertex -127.6 3.91638 39.8019
      vertex -127.6 3.91638 47.8019
      vertex -127.514 3.92965 39.8019
    endloop
  endfacet
  facet normal -0.152116 0.988363 0
    outer loop
      vertex -127.6 3.91638 47.8019
      vertex -127.514 3.92965 47.8019
      vertex -127.514 3.92965 39.8019
    endloop
  endfacet
  facet normal -0.195104 0.980783 0
    outer loop
      vertex -127.514 3.92965 39.8019
      vertex -127.514 3.92965 47.8019
      vertex -127.428 3.94668 39.8019
    endloop
  endfacet
  facet normal -0.195104 0.980783 0
    outer loop
      vertex -127.514 3.92965 47.8019
      vertex -127.428 3.94668 47.8019
      vertex -127.428 3.94668 39.8019
    endloop
  endfacet
  facet normal -0.237691 0.971341 0
    outer loop
      vertex -127.428 3.94668 39.8019
      vertex -127.428 3.94668 47.8019
      vertex -127.344 3.96742 39.8019
    endloop
  endfacet
  facet normal -0.237691 0.971341 0
    outer loop
      vertex -127.428 3.94668 47.8019
      vertex -127.344 3.96742 47.8019
      vertex -127.344 3.96742 39.8019
    endloop
  endfacet
  facet normal -0.279823 0.960052 0
    outer loop
      vertex -127.344 3.96742 39.8019
      vertex -127.344 3.96742 47.8019
      vertex -127.26 3.99183 39.8019
    endloop
  endfacet
  facet normal -0.279823 0.960052 0
    outer loop
      vertex -127.344 3.96742 47.8019
      vertex -127.26 3.99183 47.8019
      vertex -127.26 3.99183 39.8019
    endloop
  endfacet
  facet normal -0.32145 0.946926 0
    outer loop
      vertex -127.26 3.99183 39.8019
      vertex -127.26 3.99183 47.8019
      vertex -127.177 4.01988 39.8019
    endloop
  endfacet
  facet normal -0.32145 0.946926 0
    outer loop
      vertex -127.26 3.99183 47.8019
      vertex -127.177 4.01988 47.8019
      vertex -127.177 4.01988 39.8019
    endloop
  endfacet
  facet normal -0.362419 0.932015 0
    outer loop
      vertex -127.177 4.01988 39.8019
      vertex -127.177 4.01988 47.8019
      vertex -127.096 4.05151 39.8019
    endloop
  endfacet
  facet normal -0.362419 0.932015 0
    outer loop
      vertex -127.177 4.01988 47.8019
      vertex -127.096 4.05151 47.8019
      vertex -127.096 4.05151 39.8019
    endloop
  endfacet
  facet normal -0.402744 0.915313 0
    outer loop
      vertex -127.096 4.05151 39.8019
      vertex -127.096 4.05151 47.8019
      vertex -127.016 4.08665 39.8019
    endloop
  endfacet
  facet normal -0.402744 0.915313 0
    outer loop
      vertex -127.096 4.05151 47.8019
      vertex -127.016 4.08665 47.8019
      vertex -127.016 4.08665 39.8019
    endloop
  endfacet
  facet normal -0.442289 0.896873 0
    outer loop
      vertex -127.016 4.08665 39.8019
      vertex -127.016 4.08665 47.8019
      vertex -126.938 4.12525 39.8019
    endloop
  endfacet
  facet normal -0.442289 0.896873 0
    outer loop
      vertex -127.016 4.08665 47.8019
      vertex -126.938 4.12525 47.8019
      vertex -126.938 4.12525 39.8019
    endloop
  endfacet
  facet normal -0.480991 0.876726 0
    outer loop
      vertex -126.938 4.12525 39.8019
      vertex -126.938 4.12525 47.8019
      vertex -126.861 4.16722 39.8019
    endloop
  endfacet
  facet normal -0.480991 0.876726 0
    outer loop
      vertex -126.938 4.12525 47.8019
      vertex -126.861 4.16722 47.8019
      vertex -126.861 4.16722 39.8019
    endloop
  endfacet
  facet normal -0.518793 0.8549 0
    outer loop
      vertex -126.861 4.16722 39.8019
      vertex -126.861 4.16722 47.8019
      vertex -126.787 4.21249 39.8019
    endloop
  endfacet
  facet normal -0.518793 0.8549 0
    outer loop
      vertex -126.861 4.16722 47.8019
      vertex -126.787 4.21249 47.8019
      vertex -126.787 4.21249 39.8019
    endloop
  endfacet
  facet normal -0.555568 0.831471 0
    outer loop
      vertex -126.787 4.21249 39.8019
      vertex -126.787 4.21249 47.8019
      vertex -126.714 4.26096 39.8019
    endloop
  endfacet
  facet normal -0.555568 0.831471 0
    outer loop
      vertex -126.787 4.21249 47.8019
      vertex -126.714 4.26096 47.8019
      vertex -126.714 4.26096 39.8019
    endloop
  endfacet
  facet normal -0.591266 0.806476 0
    outer loop
      vertex -126.714 4.26096 39.8019
      vertex -126.714 4.26096 47.8019
      vertex -126.644 4.31256 39.8019
    endloop
  endfacet
  facet normal -0.591266 0.806476 0
    outer loop
      vertex -126.714 4.26096 47.8019
      vertex -126.644 4.31256 47.8019
      vertex -126.644 4.31256 39.8019
    endloop
  endfacet
  facet normal -0.626 0.779823 0
    outer loop
      vertex -126.644 4.31256 39.8019
      vertex -126.644 4.31256 47.8019
      vertex -126.576 4.36718 39.8019
    endloop
  endfacet
  facet normal -0.626 0.779823 0
    outer loop
      vertex -126.644 4.31256 47.8019
      vertex -126.576 4.36718 47.8019
      vertex -126.576 4.36718 39.8019
    endloop
  endfacet
  facet normal -0.65932 0.751862 0
    outer loop
      vertex -126.576 4.36718 39.8019
      vertex -126.576 4.36718 47.8019
      vertex -126.51 4.42471 39.8019
    endloop
  endfacet
  facet normal -0.65932 0.751862 0
    outer loop
      vertex -126.576 4.36718 47.8019
      vertex -126.51 4.42471 47.8019
      vertex -126.51 4.42471 39.8019
    endloop
  endfacet
  facet normal -0.691519 0.722359 0
    outer loop
      vertex -126.51 4.42471 39.8019
      vertex -126.51 4.42471 47.8019
      vertex -126.447 4.48505 39.8019
    endloop
  endfacet
  facet normal -0.691519 0.722359 0
    outer loop
      vertex -126.51 4.42471 47.8019
      vertex -126.447 4.48505 47.8019
      vertex -126.447 4.48505 39.8019
    endloop
  endfacet
  facet normal -0.722316 0.691564 0
    outer loop
      vertex -126.447 4.48505 39.8019
      vertex -126.447 4.48505 47.8019
      vertex -126.387 4.54809 39.8019
    endloop
  endfacet
  facet normal -0.722316 0.691564 0
    outer loop
      vertex -126.447 4.48505 47.8019
      vertex -126.387 4.54809 47.8019
      vertex -126.387 4.54809 39.8019
    endloop
  endfacet
  facet normal -0.751844 0.659341 0
    outer loop
      vertex -126.387 4.54809 39.8019
      vertex -126.387 4.54809 47.8019
      vertex -126.329 4.61369 39.8019
    endloop
  endfacet
  facet normal -0.751844 0.659341 0
    outer loop
      vertex -126.387 4.54809 47.8019
      vertex -126.329 4.61369 47.8019
      vertex -126.329 4.61369 39.8019
    endloop
  endfacet
  facet normal -0.779912 0.625889 0
    outer loop
      vertex -126.329 4.61369 39.8019
      vertex -126.329 4.61369 47.8019
      vertex -126.274 4.68175 39.8019
    endloop
  endfacet
  facet normal -0.779912 0.625889 0
    outer loop
      vertex -126.329 4.61369 47.8019
      vertex -126.274 4.68175 47.8019
      vertex -126.274 4.68175 39.8019
    endloop
  endfacet
  facet normal -0.806417 0.591348 0
    outer loop
      vertex -126.274 4.68175 39.8019
      vertex -126.274 4.68175 47.8019
      vertex -126.223 4.75212 39.8019
    endloop
  endfacet
  facet normal -0.806417 0.591348 0
    outer loop
      vertex -126.274 4.68175 47.8019
      vertex -126.223 4.75212 47.8019
      vertex -126.223 4.75212 39.8019
    endloop
  endfacet
  facet normal -0.831497 0.55553 0
    outer loop
      vertex -126.223 4.75212 39.8019
      vertex -126.223 4.75212 47.8019
      vertex -126.174 4.82467 39.8019
    endloop
  endfacet
  facet normal -0.831497 0.55553 0
    outer loop
      vertex -126.223 4.75212 47.8019
      vertex -126.174 4.82467 47.8019
      vertex -126.174 4.82467 39.8019
    endloop
  endfacet
  facet normal -0.854903 0.518787 0
    outer loop
      vertex -126.174 4.82467 39.8019
      vertex -126.174 4.82467 47.8019
      vertex -126.129 4.89927 39.8019
    endloop
  endfacet
  facet normal -0.854903 0.518787 0
    outer loop
      vertex -126.174 4.82467 47.8019
      vertex -126.129 4.89927 47.8019
      vertex -126.129 4.89927 39.8019
    endloop
  endfacet
  facet normal -0.876699 0.48104 0
    outer loop
      vertex -126.129 4.89927 39.8019
      vertex -126.129 4.89927 47.8019
      vertex -126.087 4.97577 39.8019
    endloop
  endfacet
  facet normal -0.876699 0.48104 0
    outer loop
      vertex -126.129 4.89927 47.8019
      vertex -126.087 4.97577 47.8019
      vertex -126.087 4.97577 39.8019
    endloop
  endfacet
  facet normal -0.896873 0.442289 0
    outer loop
      vertex -126.087 4.97577 39.8019
      vertex -126.087 4.97577 47.8019
      vertex -126.049 5.05403 39.8019
    endloop
  endfacet
  facet normal -0.896873 0.442289 0
    outer loop
      vertex -126.087 4.97577 47.8019
      vertex -126.049 5.05403 47.8019
      vertex -126.049 5.05403 39.8019
    endloop
  endfacet
  facet normal -0.915339 0.402683 0
    outer loop
      vertex -126.049 5.05403 39.8019
      vertex -126.049 5.05403 47.8019
      vertex -126.013 5.1339 39.8019
    endloop
  endfacet
  facet normal -0.915339 0.402683 0
    outer loop
      vertex -126.049 5.05403 47.8019
      vertex -126.013 5.1339 47.8019
      vertex -126.013 5.1339 39.8019
    endloop
  endfacet
  facet normal -0.93203 0.36238 0
    outer loop
      vertex -126.013 5.1339 39.8019
      vertex -126.013 5.1339 47.8019
      vertex -125.982 5.21523 39.8019
    endloop
  endfacet
  facet normal -0.93203 0.36238 0
    outer loop
      vertex -126.013 5.1339 47.8019
      vertex -125.982 5.21523 47.8019
      vertex -125.982 5.21523 39.8019
    endloop
  endfacet
  facet normal -0.946895 0.321544 0
    outer loop
      vertex -125.982 5.21523 39.8019
      vertex -125.982 5.21523 47.8019
      vertex -125.954 5.29786 39.8019
    endloop
  endfacet
  facet normal -0.946895 0.321544 0
    outer loop
      vertex -125.982 5.21523 47.8019
      vertex -125.954 5.29786 47.8019
      vertex -125.954 5.29786 39.8019
    endloop
  endfacet
  facet normal -0.960079 0.279727 0
    outer loop
      vertex -125.954 5.29786 39.8019
      vertex -125.954 5.29786 47.8019
      vertex -125.929 5.38163 39.8019
    endloop
  endfacet
  facet normal -0.960079 0.279727 0
    outer loop
      vertex -125.954 5.29786 47.8019
      vertex -125.929 5.38163 47.8019
      vertex -125.929 5.38163 39.8019
    endloop
  endfacet
  facet normal -0.971337 0.237707 0
    outer loop
      vertex -125.929 5.38163 39.8019
      vertex -125.929 5.38163 47.8019
      vertex -125.909 5.46639 39.8019
    endloop
  endfacet
  facet normal -0.971337 0.237707 0
    outer loop
      vertex -125.929 5.38163 47.8019
      vertex -125.909 5.46639 47.8019
      vertex -125.909 5.46639 39.8019
    endloop
  endfacet
  facet normal -0.980766 0.195185 0
    outer loop
      vertex -125.909 5.46639 39.8019
      vertex -125.909 5.46639 47.8019
      vertex -125.892 5.55197 39.8019
    endloop
  endfacet
  facet normal -0.980766 0.195185 0
    outer loop
      vertex -125.909 5.46639 47.8019
      vertex -125.892 5.55197 47.8019
      vertex -125.892 5.55197 39.8019
    endloop
  endfacet
  facet normal -0.988383 0.151987 0
    outer loop
      vertex -125.892 5.55197 39.8019
      vertex -125.892 5.55197 47.8019
      vertex -125.878 5.63822 39.8019
    endloop
  endfacet
  facet normal -0.988383 0.151987 0
    outer loop
      vertex -125.892 5.55197 47.8019
      vertex -125.878 5.63822 47.8019
      vertex -125.878 5.63822 39.8019
    endloop
  endfacet
  facet normal -0.994047 0.108949 0
    outer loop
      vertex -125.878 5.63822 39.8019
      vertex -125.878 5.63822 47.8019
      vertex -125.869 5.72496 39.8019
    endloop
  endfacet
  facet normal -0.994047 0.108949 0
    outer loop
      vertex -125.878 5.63822 47.8019
      vertex -125.869 5.72496 47.8019
      vertex -125.869 5.72496 39.8019
    endloop
  endfacet
  facet normal -0.997859 0.0654043 0
    outer loop
      vertex -125.869 5.72496 39.8019
      vertex -125.869 5.72496 47.8019
      vertex -125.863 5.81203 39.8019
    endloop
  endfacet
  facet normal -0.997859 0.0654043 0
    outer loop
      vertex -125.869 5.72496 47.8019
      vertex -125.863 5.81203 47.8019
      vertex -125.863 5.81203 39.8019
    endloop
  endfacet
  facet normal -0.999761 0.0218583 0
    outer loop
      vertex -125.863 5.81203 39.8019
      vertex -125.863 5.81203 47.8019
      vertex -125.861 5.89927 39.8019
    endloop
  endfacet
  facet normal -0.999761 0.0218583 0
    outer loop
      vertex -125.863 5.81203 47.8019
      vertex -125.861 5.89927 47.8019
      vertex -125.861 5.89927 39.8019
    endloop
  endfacet
  facet normal -1 0 0
    outer loop
      vertex -52.3886 1.69983 7.80192
      vertex -52.3886 -38.3002 7.80192
      vertex -52.3886 1.69983 10.3019
    endloop
  endfacet
  facet normal -1 0 0
    outer loop
      vertex -52.3886 -38.3002 7.80192
      vertex -52.3886 -38.3002 10.3019
      vertex -52.3886 1.69983 10.3019
    endloop
  endfacet
  facet normal 0 0 1
    outer loop
      vertex -164.959 -17.8502 42.6385
      vertex -164.974 -17.7866 42.6385
      vertex -171.913 -25.8287 42.6385
    endloop
  endfacet
  facet normal 0 0 1
    outer loop
      vertex -165.01 -17.4619 42.6385
      vertex -171.913 -8.37273 42.6385
      vertex -165.008 -17.5274 42.6385
    endloop
  endfacet
  facet normal 0 0 1
    outer loop
      vertex -171.913 -8.37273 42.6385
      vertex -171.913 -25.8287 42.6385
      vertex -165.008 -17.5274 42.6385
    endloop
  endfacet
  facet normal 0 0 1
    outer loop
      vertex -165.008 -17.5274 42.6385
      vertex -171.913 -25.8287 42.6385
      vertex -165.004 -17.5927 42.6385
    endloop
  endfacet
  facet normal 0 0 1
    outer loop
      vertex -162.033 -17.2015 42.6385
      vertex -162.023 -17.2662 42.6385
      vertex -131.913 -8.37273 42.6385
    endloop
  endfacet
  facet normal 0 0 1
    outer loop
      vertex -162.011 -17.5274 42.6385
      vertex -162.016 -17.5927 42.6385
      vertex -131.913 -25.8287 42.6385
    endloop
  endfacet
  facet normal 0 0 1
    outer loop
      vertex -162.016 -17.5927 42.6385
      vertex -162.023 -17.6577 42.6385
      vertex -131.913 -25.8287 42.6385
    endloop
  endfacet
  facet normal 0 0 1
    outer loop
      vertex -131.913 -25.8287 42.6385
      vertex -162.023 -17.6577 42.6385
      vertex -162.033 -17.7224 42.6385
    endloop
  endfacet
  facet normal 0 0 1
    outer loop
      vertex -164.974 -17.7866 42.6385
      vertex -164.987 -17.7224 42.6385
      vertex -171.913 -25.8287 42.6385
    endloop
  endfacet
  facet normal 0 0 1
    outer loop
      vertex -164.987 -17.7224 42.6385
      vertex -164.997 -17.6577 42.6385
      vertex -171.913 -25.8287 42.6385
    endloop
  endfacet
  facet normal 0 0 1
    outer loop
      vertex -171.913 -25.8287 42.6385
      vertex -164.997 -17.6577 42.6385
      vertex -165.004 -17.5927 42.6385
    endloop
  endfacet
  facet normal 0 0 1
    outer loop
      vertex -162.023 -17.2662 42.6385
      vertex -162.016 -17.3312 42.6385
      vertex -131.913 -8.37273 42.6385
    endloop
  endfacet
  facet normal 0 0 1
    outer loop
      vertex -162.016 -17.3312 42.6385
      vertex -162.011 -17.3965 42.6385
      vertex -131.913 -8.37273 42.6385
    endloop
  endfacet
  facet normal 0 0 1
    outer loop
      vertex -131.913 -8.37273 42.6385
      vertex -162.011 -17.3965 42.6385
      vertex -131.913 -25.8287 42.6385
    endloop
  endfacet
  facet normal 0 0 1
    outer loop
      vertex -162.011 -17.3965 42.6385
      vertex -162.01 -17.4619 42.6385
      vertex -131.913 -25.8287 42.6385
    endloop
  endfacet
  facet normal 0 0 1
    outer loop
      vertex -131.913 -25.8287 42.6385
      vertex -162.01 -17.4619 42.6385
      vertex -162.011 -17.5274 42.6385
    endloop
  endfacet
  facet normal 0 0 1
    outer loop
      vertex -165.01 -17.4619 42.6385
      vertex -165.008 -17.3965 42.6385
      vertex -171.913 -8.37273 42.6385
    endloop
  endfacet
  facet normal 0 0 1
    outer loop
      vertex -165.008 -17.3965 42.6385
      vertex -165.004 -17.3312 42.6385
      vertex -171.913 -8.37273 42.6385
    endloop
  endfacet
  facet normal 0 0 1
    outer loop
      vertex -171.913 -8.37273 42.6385
      vertex -165.004 -17.3312 42.6385
      vertex -164.997 -17.2662 42.6385
    endloop
  endfacet
  facet normal 0 0 1
    outer loop
      vertex -162.033 -17.7224 42.6385
      vertex -162.045 -17.7866 42.6385
      vertex -131.913 -25.8287 42.6385
    endloop
  endfacet
  facet normal 0 0 1
    outer loop
      vertex -162.045 -17.7866 42.6385
      vertex -162.061 -17.8502 42.6385
      vertex -131.913 -25.8287 42.6385
    endloop
  endfacet
  facet normal 0 0 1
    outer loop
      vertex -131.913 -25.8287 42.6385
      vertex -162.061 -17.8502 42.6385
      vertex -162.079 -17.913 42.6385
    endloop
  endfacet
  facet normal 0 0 1
    outer loop
      vertex -162.079 -17.913 42.6385
      vertex -162.1 -17.975 42.6385
      vertex -131.913 -25.8287 42.6385
    endloop
  endfacet
  facet normal 0 0 1
    outer loop
      vertex -162.1 -17.975 42.6385
      vertex -162.124 -18.036 42.6385
      vertex -131.913 -25.8287 42.6385
    endloop
  endfacet
  facet normal 0 0 1
    outer loop
      vertex -131.913 -25.8287 42.6385
      vertex -162.124 -18.036 42.6385
      vertex -162.15 -18.0959 42.6385
    endloop
  endfacet
  facet normal 0 0 1
    outer loop
      vertex -162.15 -18.0959 42.6385
      vertex -162.179 -18.1546 42.6385
      vertex -131.913 -25.8287 42.6385
    endloop
  endfacet
  facet normal 0 0 1
    outer loop
      vertex -162.179 -18.1546 42.6385
      vertex -162.211 -18.212 42.6385
      vertex -131.913 -25.8287 42.6385
    endloop
  endfacet
  facet normal 0 0 1
    outer loop
      vertex -131.913 -25.8287 42.6385
      vertex -162.211 -18.212 42.6385
      vertex -162.245 -18.2679 42.6385
    endloop
  endfacet
  facet normal 0 0 1
    outer loop
      vertex -164.809 -16.712 42.6385
      vertex -164.775 -16.656 42.6385
      vertex -171.913 -8.37273 42.6385
    endloop
  endfacet
  facet normal 0 0 1
    outer loop
      vertex -164.37 -18.6907 42.6385
      vertex -164.423 -18.652 42.6385
      vertex -171.913 -25.8287 42.6385
    endloop
  endfacet
  facet normal 0 0 1
    outer loop
      vertex -164.423 -18.652 42.6385
      vertex -164.474 -18.611 42.6385
      vertex -171.913 -25.8287 42.6385
    endloop
  endfacet
  facet normal 0 0 1
    outer loop
      vertex -171.913 -25.8287 42.6385
      vertex -164.474 -18.611 42.6385
      vertex -164.523 -18.5679 42.6385
    endloop
  endfacet
  facet normal 0 0 1
    outer loop
      vertex -162.245 -18.2679 42.6385
      vertex -162.281 -18.3223 42.6385
      vertex -131.913 -25.8287 42.6385
    endloop
  endfacet
  facet normal 0 0 1
    outer loop
      vertex -162.281 -18.3223 42.6385
      vertex -162.32 -18.3751 42.6385
      vertex -131.913 -25.8287 42.6385
    endloop
  endfacet
  facet normal 0 0 1
    outer loop
      vertex -131.913 -25.8287 42.6385
      vertex -162.32 -18.3751 42.6385
      vertex -162.361 -18.4261 42.6385
    endloop
  endfacet
  facet normal 0 0 1
    outer loop
      vertex -171.913 -25.8287 42.6385
      vertex -164.659 -18.4261 42.6385
      vertex -164.7 -18.3751 42.6385
    endloop
  endfacet
  facet normal 0 0 1
    outer loop
      vertex -164.809 -18.212 42.6385
      vertex -164.84 -18.1546 42.6385
      vertex -171.913 -25.8287 42.6385
    endloop
  endfacet
  facet normal 0 0 1
    outer loop
      vertex -164.84 -18.1546 42.6385
      vertex -164.869 -18.0959 42.6385
      vertex -171.913 -25.8287 42.6385
    endloop
  endfacet
  facet normal 0 0 1
    outer loop
      vertex -171.913 -25.8287 42.6385
      vertex -164.869 -18.0959 42.6385
      vertex -164.896 -18.036 42.6385
    endloop
  endfacet
  facet normal 0 0 1
    outer loop
      vertex -164.896 -18.036 42.6385
      vertex -164.919 -17.975 42.6385
      vertex -171.913 -25.8287 42.6385
    endloop
  endfacet
  facet normal 0 0 1
    outer loop
      vertex -164.919 -17.975 42.6385
      vertex -164.94 -17.913 42.6385
      vertex -171.913 -25.8287 42.6385
    endloop
  endfacet
  facet normal 0 0 1
    outer loop
      vertex -171.913 -25.8287 42.6385
      vertex -164.94 -17.913 42.6385
      vertex -164.959 -17.8502 42.6385
    endloop
  endfacet
  facet normal 0 0 1
    outer loop
      vertex -164.997 -17.2662 42.6385
      vertex -164.987 -17.2015 42.6385
      vertex -171.913 -8.37273 42.6385
    endloop
  endfacet
  facet normal 0 0 1
    outer loop
      vertex -164.987 -17.2015 42.6385
      vertex -164.974 -17.1373 42.6385
      vertex -171.913 -8.37273 42.6385
    endloop
  endfacet
  facet normal 0 0 1
    outer loop
      vertex -171.913 -8.37273 42.6385
      vertex -164.974 -17.1373 42.6385
      vertex -164.959 -17.0737 42.6385
    endloop
  endfacet
  facet normal 0 0 1
    outer loop
      vertex -162.245 -16.656 42.6385
      vertex -131.913 -8.37273 42.6385
      vertex -162.281 -16.6016 42.6385
    endloop
  endfacet
  facet normal 0 0 1
    outer loop
      vertex -131.913 -8.37273 42.6385
      vertex -162.32 -16.5488 42.6385
      vertex -162.281 -16.6016 42.6385
    endloop
  endfacet
  facet normal 0 0 1
    outer loop
      vertex -164.523 -18.5679 42.6385
      vertex -164.57 -18.5226 42.6385
      vertex -171.913 -25.8287 42.6385
    endloop
  endfacet
  facet normal 0 0 1
    outer loop
      vertex -164.57 -18.5226 42.6385
      vertex -164.616 -18.4753 42.6385
      vertex -171.913 -25.8287 42.6385
    endloop
  endfacet
  facet normal 0 0 1
    outer loop
      vertex -171.913 -25.8287 42.6385
      vertex -164.616 -18.4753 42.6385
      vertex -164.659 -18.4261 42.6385
    endloop
  endfacet
  facet normal 0 0 1
    outer loop
      vertex -164.7 -18.3751 42.6385
      vertex -164.739 -18.3223 42.6385
      vertex -171.913 -25.8287 42.6385
    endloop
  endfacet
  facet normal 0 0 1
    outer loop
      vertex -164.739 -18.3223 42.6385
      vertex -164.775 -18.2679 42.6385
      vertex -171.913 -25.8287 42.6385
    endloop
  endfacet
  facet normal 0 0 1
    outer loop
      vertex -171.913 -25.8287 42.6385
      vertex -164.775 -18.2679 42.6385
      vertex -164.809 -18.212 42.6385
    endloop
  endfacet
  facet normal 0 0 1
    outer loop
      vertex -164.959 -17.0737 42.6385
      vertex -164.94 -17.0109 42.6385
      vertex -171.913 -8.37273 42.6385
    endloop
  endfacet
  facet normal 0 0 1
    outer loop
      vertex -164.94 -17.0109 42.6385
      vertex -164.919 -16.9489 42.6385
      vertex -171.913 -8.37273 42.6385
    endloop
  endfacet
  facet normal 0 0 1
    outer loop
      vertex -171.913 -8.37273 42.6385
      vertex -164.919 -16.9489 42.6385
      vertex -164.896 -16.8879 42.6385
    endloop
  endfacet
  facet normal 0 0 1
    outer loop
      vertex -164.896 -16.8879 42.6385
      vertex -164.869 -16.828 42.6385
      vertex -171.913 -8.37273 42.6385
    endloop
  endfacet
  facet normal 0 0 1
    outer loop
      vertex -164.869 -16.828 42.6385
      vertex -164.84 -16.7693 42.6385
      vertex -171.913 -8.37273 42.6385
    endloop
  endfacet
  facet normal 0 0 1
    outer loop
      vertex -171.913 -8.37273 42.6385
      vertex -164.84 -16.7693 42.6385
      vertex -164.809 -16.712 42.6385
    endloop
  endfacet
  facet normal 0 0 1
    outer loop
      vertex -162.496 -16.356 42.6385
      vertex -162.449 -16.4013 42.6385
      vertex -131.913 -8.37273 42.6385
    endloop
  endfacet
  facet normal 0 0 1
    outer loop
      vertex -162.245 -16.656 42.6385
      vertex -162.211 -16.712 42.6385
      vertex -131.913 -8.37273 42.6385
    endloop
  endfacet
  facet normal 0 0 1
    outer loop
      vertex -162.211 -16.712 42.6385
      vertex -162.179 -16.7693 42.6385
      vertex -131.913 -8.37273 42.6385
    endloop
  endfacet
  facet normal 0 0 1
    outer loop
      vertex -131.913 -8.37273 42.6385
      vertex -162.179 -16.7693 42.6385
      vertex -162.15 -16.828 42.6385
    endloop
  endfacet
  facet normal 0 0 1
    outer loop
      vertex -162.079 -17.0109 42.6385
      vertex -162.061 -17.0737 42.6385
      vertex -131.913 -8.37273 42.6385
    endloop
  endfacet
  facet normal 0 0 1
    outer loop
      vertex -162.061 -17.0737 42.6385
      vertex -162.045 -17.1373 42.6385
      vertex -131.913 -8.37273 42.6385
    endloop
  endfacet
  facet normal 0 0 1
    outer loop
      vertex -131.913 -8.37273 42.6385
      vertex -162.045 -17.1373 42.6385
      vertex -162.033 -17.2015 42.6385
    endloop
  endfacet
  facet normal 0 0 1
    outer loop
      vertex -164.084 -18.8478 42.6385
      vertex -164.144 -18.8214 42.6385
      vertex -171.913 -25.8287 42.6385
    endloop
  endfacet
  facet normal 0 0 1
    outer loop
      vertex -164.144 -18.8214 42.6385
      vertex -164.202 -18.7925 42.6385
      vertex -171.913 -25.8287 42.6385
    endloop
  endfacet
  facet normal 0 0 1
    outer loop
      vertex -162.15 -16.828 42.6385
      vertex -162.124 -16.8879 42.6385
      vertex -131.913 -8.37273 42.6385
    endloop
  endfacet
  facet normal 0 0 1
    outer loop
      vertex -162.124 -16.8879 42.6385
      vertex -162.1 -16.9489 42.6385
      vertex -131.913 -8.37273 42.6385
    endloop
  endfacet
  facet normal 0 0 1
    outer loop
      vertex -131.913 -8.37273 42.6385
      vertex -162.1 -16.9489 42.6385
      vertex -162.079 -17.0109 42.6385
    endloop
  endfacet
  facet normal 0 0 1
    outer loop
      vertex -162.361 -18.4261 42.6385
      vertex -162.404 -18.4753 42.6385
      vertex -131.913 -25.8287 42.6385
    endloop
  endfacet
  facet normal 0 0 1
    outer loop
      vertex -162.404 -18.4753 42.6385
      vertex -162.449 -18.5226 42.6385
      vertex -131.913 -25.8287 42.6385
    endloop
  endfacet
  facet normal 0 0 1
    outer loop
      vertex -131.913 -25.8287 42.6385
      vertex -162.449 -18.5226 42.6385
      vertex -162.496 -18.5679 42.6385
    endloop
  endfacet
  facet normal 0 0 1
    outer loop
      vertex -164.202 -18.7925 42.6385
      vertex -164.26 -18.761 42.6385
      vertex -171.913 -25.8287 42.6385
    endloop
  endfacet
  facet normal 0 0 1
    outer loop
      vertex -164.26 -18.761 42.6385
      vertex -164.316 -18.727 42.6385
      vertex -171.913 -25.8287 42.6385
    endloop
  endfacet
  facet normal 0 0 1
    outer loop
      vertex -171.913 -25.8287 42.6385
      vertex -164.316 -18.727 42.6385
      vertex -164.37 -18.6907 42.6385
    endloop
  endfacet
  facet normal 0 0 1
    outer loop
      vertex -162.496 -16.356 42.6385
      vertex -131.913 -8.37273 42.6385
      vertex -162.546 -16.3129 42.6385
    endloop
  endfacet
  facet normal 0 0 1
    outer loop
      vertex -162.449 -16.4013 42.6385
      vertex -162.404 -16.4486 42.6385
      vertex -131.913 -8.37273 42.6385
    endloop
  endfacet
  facet normal 0 0 1
    outer loop
      vertex -162.404 -16.4486 42.6385
      vertex -162.361 -16.4978 42.6385
      vertex -131.913 -8.37273 42.6385
    endloop
  endfacet
  facet normal 0 0 1
    outer loop
      vertex -131.913 -8.37273 42.6385
      vertex -162.361 -16.4978 42.6385
      vertex -162.32 -16.5488 42.6385
    endloop
  endfacet
  facet normal 0 0 1
    outer loop
      vertex -162.496 -18.5679 42.6385
      vertex -162.546 -18.611 42.6385
      vertex -131.913 -25.8287 42.6385
    endloop
  endfacet
  facet normal 0 0 1
    outer loop
      vertex -162.546 -18.611 42.6385
      vertex -162.597 -18.652 42.6385
      vertex -131.913 -25.8287 42.6385
    endloop
  endfacet
  facet normal 0 0 1
    outer loop
      vertex -131.913 -25.8287 42.6385
      vertex -162.597 -18.652 42.6385
      vertex -162.649 -18.6907 42.6385
    endloop
  endfacet
  facet normal 0 0 1
    outer loop
      vertex -163.898 -18.9108 42.6385
      vertex -163.961 -18.8925 42.6385
      vertex -171.913 -25.8287 42.6385
    endloop
  endfacet
  facet normal 0 0 1
    outer loop
      vertex -163.961 -18.8925 42.6385
      vertex -164.023 -18.8715 42.6385
      vertex -171.913 -25.8287 42.6385
    endloop
  endfacet
  facet normal 0 0 1
    outer loop
      vertex -171.913 -25.8287 42.6385
      vertex -164.023 -18.8715 42.6385
      vertex -164.084 -18.8478 42.6385
    endloop
  endfacet
  facet normal 0 0 1
    outer loop
      vertex -164.775 -16.656 42.6385
      vertex -164.739 -16.6016 42.6385
      vertex -171.913 -8.37273 42.6385
    endloop
  endfacet
  facet normal 0 0 1
    outer loop
      vertex -164.739 -16.6016 42.6385
      vertex -164.7 -16.5488 42.6385
      vertex -171.913 -8.37273 42.6385
    endloop
  endfacet
  facet normal 0 0 1
    outer loop
      vertex -171.913 -8.37273 42.6385
      vertex -164.7 -16.5488 42.6385
      vertex -164.659 -16.4978 42.6385
    endloop
  endfacet
  facet normal 0 0 1
    outer loop
      vertex -164.659 -16.4978 42.6385
      vertex -164.616 -16.4486 42.6385
      vertex -171.913 -8.37273 42.6385
    endloop
  endfacet
  facet normal 0 0 1
    outer loop
      vertex -164.616 -16.4486 42.6385
      vertex -164.57 -16.4013 42.6385
      vertex -171.913 -8.37273 42.6385
    endloop
  endfacet
  facet normal 0 0 1
    outer loop
      vertex -171.913 -8.37273 42.6385
      vertex -164.57 -16.4013 42.6385
      vertex -164.523 -16.356 42.6385
    endloop
  endfacet
  facet normal 0 0 1
    outer loop
      vertex -162.76 -16.1629 42.6385
      vertex -162.704 -16.1969 42.6385
      vertex -131.913 -8.37273 42.6385
    endloop
  endfacet
  facet normal 0 0 1
    outer loop
      vertex -171.913 -25.8287 42.6385
      vertex -163.059 -18.8925 42.6385
      vertex -163.122 -18.9108 42.6385
    endloop
  endfacet
  facet normal 0 0 1
    outer loop
      vertex -163.122 -18.9108 42.6385
      vertex -163.185 -18.9264 42.6385
      vertex -171.913 -25.8287 42.6385
    endloop
  endfacet
  facet normal 0 0 1
    outer loop
      vertex -163.185 -18.9264 42.6385
      vertex -163.249 -18.9392 42.6385
      vertex -171.913 -25.8287 42.6385
    endloop
  endfacet
  facet normal 0 0 1
    outer loop
      vertex -171.913 -25.8287 42.6385
      vertex -163.249 -18.9392 42.6385
      vertex -163.314 -18.9491 42.6385
    endloop
  endfacet
  facet normal 0 0 1
    outer loop
      vertex -163.314 -18.9491 42.6385
      vertex -163.379 -18.9562 42.6385
      vertex -171.913 -25.8287 42.6385
    endloop
  endfacet
  facet normal 0 0 1
    outer loop
      vertex -163.379 -18.9562 42.6385
      vertex -163.444 -18.9605 42.6385
      vertex -171.913 -25.8287 42.6385
    endloop
  endfacet
  facet normal 0 0 1
    outer loop
      vertex -171.913 -25.8287 42.6385
      vertex -163.444 -18.9605 42.6385
      vertex -163.51 -18.962 42.6385
    endloop
  endfacet
  facet normal 0 0 1
    outer loop
      vertex -163.51 -18.962 42.6385
      vertex -163.575 -18.9605 42.6385
      vertex -171.913 -25.8287 42.6385
    endloop
  endfacet
  facet normal 0 0 1
    outer loop
      vertex -163.575 -18.9605 42.6385
      vertex -163.641 -18.9562 42.6385
      vertex -171.913 -25.8287 42.6385
    endloop
  endfacet
  facet normal 0 0 1
    outer loop
      vertex -171.913 -25.8287 42.6385
      vertex -163.641 -18.9562 42.6385
      vertex -163.706 -18.9491 42.6385
    endloop
  endfacet
  facet normal 0 0 1
    outer loop
      vertex -164.202 -16.1314 42.6385
      vertex -164.144 -16.1025 42.6385
      vertex -171.913 -8.37273 42.6385
    endloop
  endfacet
  facet normal 0 0 1
    outer loop
      vertex -164.144 -16.1025 42.6385
      vertex -164.084 -16.0761 42.6385
      vertex -171.913 -8.37273 42.6385
    endloop
  endfacet
  facet normal 0 0 1
    outer loop
      vertex -162.704 -16.1969 42.6385
      vertex -162.649 -16.2332 42.6385
      vertex -131.913 -8.37273 42.6385
    endloop
  endfacet
  facet normal 0 0 1
    outer loop
      vertex -162.649 -16.2332 42.6385
      vertex -162.597 -16.2719 42.6385
      vertex -131.913 -8.37273 42.6385
    endloop
  endfacet
  facet normal 0 0 1
    outer loop
      vertex -131.913 -8.37273 42.6385
      vertex -162.597 -16.2719 42.6385
      vertex -162.546 -16.3129 42.6385
    endloop
  endfacet
  facet normal 0 0 1
    outer loop
      vertex -162.649 -18.6907 42.6385
      vertex -162.704 -18.727 42.6385
      vertex -131.913 -25.8287 42.6385
    endloop
  endfacet
  facet normal 0 0 1
    outer loop
      vertex -162.704 -18.727 42.6385
      vertex -162.76 -18.761 42.6385
      vertex -131.913 -25.8287 42.6385
    endloop
  endfacet
  facet normal 0 0 1
    outer loop
      vertex -131.913 -25.8287 42.6385
      vertex -162.76 -18.761 42.6385
      vertex -162.817 -18.7925 42.6385
    endloop
  endfacet
  facet normal 0 0 1
    outer loop
      vertex -163.706 -18.9491 42.6385
      vertex -163.77 -18.9392 42.6385
      vertex -171.913 -25.8287 42.6385
    endloop
  endfacet
  facet normal 0 0 1
    outer loop
      vertex -163.77 -18.9392 42.6385
      vertex -163.834 -18.9264 42.6385
      vertex -171.913 -25.8287 42.6385
    endloop
  endfacet
  facet normal 0 0 1
    outer loop
      vertex -171.913 -25.8287 42.6385
      vertex -163.834 -18.9264 42.6385
      vertex -163.898 -18.9108 42.6385
    endloop
  endfacet
  facet normal 0 0 1
    outer loop
      vertex -162.817 -18.7925 42.6385
      vertex -162.876 -18.8214 42.6385
      vertex -131.913 -25.8287 42.6385
    endloop
  endfacet
  facet normal 0 0 1
    outer loop
      vertex -162.876 -18.8214 42.6385
      vertex -162.936 -18.8478 42.6385
      vertex -131.913 -25.8287 42.6385
    endloop
  endfacet
  facet normal 0 0 1
    outer loop
      vertex -131.913 -25.8287 42.6385
      vertex -162.936 -18.8478 42.6385
      vertex -171.913 -25.8287 42.6385
    endloop
  endfacet
  facet normal 0 0 1
    outer loop
      vertex -162.936 -18.8478 42.6385
      vertex -162.997 -18.8715 42.6385
      vertex -171.913 -25.8287 42.6385
    endloop
  endfacet
  facet normal 0 0 1
    outer loop
      vertex -171.913 -25.8287 42.6385
      vertex -162.997 -18.8715 42.6385
      vertex -163.059 -18.8925 42.6385
    endloop
  endfacet
  facet normal 0 0 1
    outer loop
      vertex -164.523 -16.356 42.6385
      vertex -164.474 -16.3129 42.6385
      vertex -171.913 -8.37273 42.6385
    endloop
  endfacet
  facet normal 0 0 1
    outer loop
      vertex -164.474 -16.3129 42.6385
      vertex -164.423 -16.2719 42.6385
      vertex -171.913 -8.37273 42.6385
    endloop
  endfacet
  facet normal 0 0 1
    outer loop
      vertex -171.913 -8.37273 42.6385
      vertex -164.423 -16.2719 42.6385
      vertex -164.37 -16.2332 42.6385
    endloop
  endfacet
  facet normal 0 0 1
    outer loop
      vertex -164.084 -16.0761 42.6385
      vertex -164.023 -16.0524 42.6385
      vertex -171.913 -8.37273 42.6385
    endloop
  endfacet
  facet normal 0 0 1
    outer loop
      vertex -164.023 -16.0524 42.6385
      vertex -163.961 -16.0314 42.6385
      vertex -171.913 -8.37273 42.6385
    endloop
  endfacet
  facet normal 0 0 1
    outer loop
      vertex -171.913 -8.37273 42.6385
      vertex -163.961 -16.0314 42.6385
      vertex -163.898 -16.0131 42.6385
    endloop
  endfacet
  facet normal 0 0 1
    outer loop
      vertex -164.37 -16.2332 42.6385
      vertex -164.316 -16.1969 42.6385
      vertex -171.913 -8.37273 42.6385
    endloop
  endfacet
  facet normal 0 0 1
    outer loop
      vertex -164.316 -16.1969 42.6385
      vertex -164.26 -16.1629 42.6385
      vertex -171.913 -8.37273 42.6385
    endloop
  endfacet
  facet normal 0 0 1
    outer loop
      vertex -171.913 -8.37273 42.6385
      vertex -164.26 -16.1629 42.6385
      vertex -164.202 -16.1314 42.6385
    endloop
  endfacet
  facet normal 0 0 1
    outer loop
      vertex -163.706 -15.9748 42.6385
      vertex -163.641 -15.9677 42.6385
      vertex -171.913 -8.37273 42.6385
    endloop
  endfacet
  facet normal 0 0 1
    outer loop
      vertex -163.641 -15.9677 42.6385
      vertex -163.575 -15.9634 42.6385
      vertex -171.913 -8.37273 42.6385
    endloop
  endfacet
  facet normal 0 0 1
    outer loop
      vertex -171.913 -8.37273 42.6385
      vertex -163.575 -15.9634 42.6385
      vertex -163.51 -15.962 42.6385
    endloop
  endfacet
  facet normal 0 0 1
    outer loop
      vertex -163.898 -16.0131 42.6385
      vertex -163.834 -15.9975 42.6385
      vertex -171.913 -8.37273 42.6385
    endloop
  endfacet
  facet normal 0 0 1
    outer loop
      vertex -163.834 -15.9975 42.6385
      vertex -163.77 -15.9847 42.6385
      vertex -171.913 -8.37273 42.6385
    endloop
  endfacet
  facet normal 0 0 1
    outer loop
      vertex -171.913 -8.37273 42.6385
      vertex -163.77 -15.9847 42.6385
      vertex -163.706 -15.9748 42.6385
    endloop
  endfacet
  facet normal 0 0 1
    outer loop
      vertex -163.51 -15.962 42.6385
      vertex -163.444 -15.9634 42.6385
      vertex -171.913 -8.37273 42.6385
    endloop
  endfacet
  facet normal 0 0 1
    outer loop
      vertex -163.444 -15.9634 42.6385
      vertex -163.379 -15.9677 42.6385
      vertex -171.913 -8.37273 42.6385
    endloop
  endfacet
  facet normal 0 0 1
    outer loop
      vertex -171.913 -8.37273 42.6385
      vertex -163.379 -15.9677 42.6385
      vertex -163.314 -15.9748 42.6385
    endloop
  endfacet
  facet normal 0 0 1
    outer loop
      vertex -163.314 -15.9748 42.6385
      vertex -163.249 -15.9847 42.6385
      vertex -171.913 -8.37273 42.6385
    endloop
  endfacet
  facet normal 0 0 1
    outer loop
      vertex -163.249 -15.9847 42.6385
      vertex -163.185 -15.9975 42.6385
      vertex -171.913 -8.37273 42.6385
    endloop
  endfacet
  facet normal 0 0 1
    outer loop
      vertex -171.913 -8.37273 42.6385
      vertex -163.185 -15.9975 42.6385
      vertex -131.913 -8.37273 42.6385
    endloop
  endfacet
  facet normal 0 0 1
    outer loop
      vertex -163.185 -15.9975 42.6385
      vertex -163.122 -16.0131 42.6385
      vertex -131.913 -8.37273 42.6385
    endloop
  endfacet
  facet normal 0 0 1
    outer loop
      vertex -163.122 -16.0131 42.6385
      vertex -163.059 -16.0314 42.6385
      vertex -131.913 -8.37273 42.6385
    endloop
  endfacet
  facet normal 0 0 1
    outer loop
      vertex -163.059 -16.0314 42.6385
      vertex -162.997 -16.0524 42.6385
      vertex -131.913 -8.37273 42.6385
    endloop
  endfacet
  facet normal 0 0 1
    outer loop
      vertex -131.913 -8.37273 42.6385
      vertex -162.997 -16.0524 42.6385
      vertex -162.936 -16.0761 42.6385
    endloop
  endfacet
  facet normal 0 0 1
    outer loop
      vertex -162.936 -16.0761 42.6385
      vertex -162.876 -16.1025 42.6385
      vertex -131.913 -8.37273 42.6385
    endloop
  endfacet
  facet normal 0 0 1
    outer loop
      vertex -162.876 -16.1025 42.6385
      vertex -162.817 -16.1314 42.6385
      vertex -131.913 -8.37273 42.6385
    endloop
  endfacet
  facet normal 0 0 1
    outer loop
      vertex -131.913 -8.37273 42.6385
      vertex -162.817 -16.1314 42.6385
      vertex -162.76 -16.1629 42.6385
    endloop
  endfacet
  facet normal -0.0218129 0.999762 0
    outer loop
      vertex -44.4129 -34.6007 47.8019
      vertex -44.4129 -34.6007 10.3019
      vertex -44.7401 -34.6079 10.3019
    endloop
  endfacet
  facet normal -0.0218129 0.999762 0
    outer loop
      vertex -44.4129 -34.6007 47.8019
      vertex -44.7401 -34.6079 10.3019
      vertex -44.7401 -34.6079 47.8019
    endloop
  endfacet
  facet normal -0.0654044 0.997859 0
    outer loop
      vertex -44.7401 -34.6079 10.3019
      vertex -45.0666 -34.6293 10.3019
      vertex -44.7401 -34.6079 47.8019
    endloop
  endfacet
  facet normal -0.0654044 0.997859 0
    outer loop
      vertex -44.7401 -34.6079 47.8019
      vertex -45.0666 -34.6293 10.3019
      vertex -45.0666 -34.6293 47.8019
    endloop
  endfacet
  facet normal -0.108869 0.994056 0
    outer loop
      vertex -45.0666 -34.6293 10.3019
      vertex -45.3919 -34.6649 10.3019
      vertex -45.0666 -34.6293 47.8019
    endloop
  endfacet
  facet normal -0.108869 0.994056 0
    outer loop
      vertex -45.0666 -34.6293 47.8019
      vertex -45.3919 -34.6649 10.3019
      vertex -45.3919 -34.6649 47.8019
    endloop
  endfacet
  facet normal -0.15212 0.988362 0
    outer loop
      vertex -45.3919 -34.6649 10.3019
      vertex -45.7153 -34.7147 10.3019
      vertex -45.3919 -34.6649 47.8019
    endloop
  endfacet
  facet normal -0.15212 0.988362 0
    outer loop
      vertex -45.3919 -34.6649 47.8019
      vertex -45.7153 -34.7147 10.3019
      vertex -45.7153 -34.7147 47.8019
    endloop
  endfacet
  facet normal -0.195098 0.980784 0
    outer loop
      vertex -45.7153 -34.7147 10.3019
      vertex -46.0362 -34.7785 10.3019
      vertex -45.7153 -34.7147 47.8019
    endloop
  endfacet
  facet normal -0.195098 0.980784 0
    outer loop
      vertex -45.7153 -34.7147 47.8019
      vertex -46.0362 -34.7785 10.3019
      vertex -46.0362 -34.7785 47.8019
    endloop
  endfacet
  facet normal -0.237687 0.971342 0
    outer loop
      vertex -46.0362 -34.7785 10.3019
      vertex -46.3541 -34.8563 10.3019
      vertex -46.0362 -34.7785 47.8019
    endloop
  endfacet
  facet normal -0.237687 0.971342 0
    outer loop
      vertex -46.0362 -34.7785 47.8019
      vertex -46.3541 -34.8563 10.3019
      vertex -46.3541 -34.8563 47.8019
    endloop
  endfacet
  facet normal -0.279822 0.960052 0
    outer loop
      vertex -46.3541 -34.8563 10.3019
      vertex -46.6682 -34.9479 10.3019
      vertex -46.3541 -34.8563 47.8019
    endloop
  endfacet
  facet normal -0.279822 0.960052 0
    outer loop
      vertex -46.3541 -34.8563 47.8019
      vertex -46.6682 -34.9479 10.3019
      vertex -46.6682 -34.9479 47.8019
    endloop
  endfacet
  facet normal -0.321442 0.946929 0
    outer loop
      vertex -46.6682 -34.9479 10.3019
      vertex -46.9781 -35.053 10.3019
      vertex -46.6682 -34.9479 47.8019
    endloop
  endfacet
  facet normal -0.321442 0.946929 0
    outer loop
      vertex -46.6682 -34.9479 47.8019
      vertex -46.9781 -35.053 10.3019
      vertex -46.9781 -35.053 47.8019
    endloop
  endfacet
  facet normal -0.362439 0.932008 0
    outer loop
      vertex -46.9781 -35.053 10.3019
      vertex -47.283 -35.1716 10.3019
      vertex -46.9781 -35.053 47.8019
    endloop
  endfacet
  facet normal -0.362439 0.932008 0
    outer loop
      vertex -46.9781 -35.053 47.8019
      vertex -47.283 -35.1716 10.3019
      vertex -47.283 -35.1716 47.8019
    endloop
  endfacet
  facet normal -0.402739 0.915315 0
    outer loop
      vertex -47.283 -35.1716 10.3019
      vertex -47.5826 -35.3034 10.3019
      vertex -47.283 -35.1716 47.8019
    endloop
  endfacet
  facet normal -0.402739 0.915315 0
    outer loop
      vertex -47.283 -35.1716 47.8019
      vertex -47.5826 -35.3034 10.3019
      vertex -47.5826 -35.3034 47.8019
    endloop
  endfacet
  facet normal -0.442293 0.89687 0
    outer loop
      vertex -47.5826 -35.3034 10.3019
      vertex -47.876 -35.4481 10.3019
      vertex -47.5826 -35.3034 47.8019
    endloop
  endfacet
  facet normal -0.442293 0.89687 0
    outer loop
      vertex -47.5826 -35.3034 47.8019
      vertex -47.876 -35.4481 10.3019
      vertex -47.876 -35.4481 47.8019
    endloop
  endfacet
  facet normal -0.480992 0.876725 0
    outer loop
      vertex -47.876 -35.4481 10.3019
      vertex -48.1629 -35.6055 10.3019
      vertex -47.876 -35.4481 47.8019
    endloop
  endfacet
  facet normal -0.480992 0.876725 0
    outer loop
      vertex -47.876 -35.4481 47.8019
      vertex -48.1629 -35.6055 10.3019
      vertex -48.1629 -35.6055 47.8019
    endloop
  endfacet
  facet normal -0.518772 0.854913 0
    outer loop
      vertex -48.1629 -35.6055 10.3019
      vertex -48.4427 -35.7753 10.3019
      vertex -48.1629 -35.6055 47.8019
    endloop
  endfacet
  facet normal -0.518772 0.854913 0
    outer loop
      vertex -48.1629 -35.6055 47.8019
      vertex -48.4427 -35.7753 10.3019
      vertex -48.4427 -35.7753 47.8019
    endloop
  endfacet
  facet normal -0.555572 0.831468 0
    outer loop
      vertex -48.4427 -35.7753 10.3019
      vertex -48.7147 -35.9571 10.3019
      vertex -48.4427 -35.7753 47.8019
    endloop
  endfacet
  facet normal -0.555572 0.831468 0
    outer loop
      vertex -48.4427 -35.7753 47.8019
      vertex -48.7147 -35.9571 10.3019
      vertex -48.7147 -35.9571 47.8019
    endloop
  endfacet
  facet normal -0.591311 0.806444 0
    outer loop
      vertex -48.7147 -35.9571 10.3019
      vertex -48.9786 -36.1506 10.3019
      vertex -48.7147 -35.9571 47.8019
    endloop
  endfacet
  facet normal -0.591311 0.806444 0
    outer loop
      vertex -48.7147 -35.9571 47.8019
      vertex -48.9786 -36.1506 10.3019
      vertex -48.9786 -36.1506 47.8019
    endloop
  endfacet
  facet normal -0.625922 0.779886 0
    outer loop
      vertex -48.9786 -36.1506 10.3019
      vertex -49.2338 -36.3554 10.3019
      vertex -48.9786 -36.1506 47.8019
    endloop
  endfacet
  facet normal -0.625922 0.779886 0
    outer loop
      vertex -48.9786 -36.1506 47.8019
      vertex -49.2338 -36.3554 10.3019
      vertex -49.2338 -36.3554 47.8019
    endloop
  endfacet
  facet normal -0.659349 0.751837 0
    outer loop
      vertex -49.2338 -36.3554 10.3019
      vertex -49.4798 -36.5712 10.3019
      vertex -49.2338 -36.3554 47.8019
    endloop
  endfacet
  facet normal -0.659349 0.751837 0
    outer loop
      vertex -49.2338 -36.3554 47.8019
      vertex -49.4798 -36.5712 10.3019
      vertex -49.4798 -36.5712 47.8019
    endloop
  endfacet
  facet normal -0.691507 0.72237 0
    outer loop
      vertex -49.4798 -36.5712 10.3019
      vertex -49.7162 -36.7974 10.3019
      vertex -49.4798 -36.5712 47.8019
    endloop
  endfacet
  facet normal -0.691507 0.72237 0
    outer loop
      vertex -49.4798 -36.5712 47.8019
      vertex -49.7162 -36.7974 10.3019
      vertex -49.7162 -36.7974 47.8019
    endloop
  endfacet
  facet normal -0.722365 0.691512 0
    outer loop
      vertex -49.7162 -36.7974 10.3019
      vertex -49.9425 -37.0338 10.3019
      vertex -49.7162 -36.7974 47.8019
    endloop
  endfacet
  facet normal -0.722365 0.691512 0
    outer loop
      vertex -49.7162 -36.7974 47.8019
      vertex -49.9425 -37.0338 10.3019
      vertex -49.9425 -37.0338 47.8019
    endloop
  endfacet
  facet normal -0.751842 0.659343 0
    outer loop
      vertex -49.9425 -37.0338 10.3019
      vertex -50.1583 -37.2798 10.3019
      vertex -49.9425 -37.0338 47.8019
    endloop
  endfacet
  facet normal -0.751842 0.659343 0
    outer loop
      vertex -49.9425 -37.0338 47.8019
      vertex -50.1583 -37.2798 10.3019
      vertex -50.1583 -37.2798 47.8019
    endloop
  endfacet
  facet normal -0.779882 0.625927 0
    outer loop
      vertex -50.1583 -37.2798 10.3019
      vertex -50.3631 -37.535 10.3019
      vertex -50.1583 -37.2798 47.8019
    endloop
  endfacet
  facet normal -0.779882 0.625927 0
    outer loop
      vertex -50.1583 -37.2798 47.8019
      vertex -50.3631 -37.535 10.3019
      vertex -50.3631 -37.535 47.8019
    endloop
  endfacet
  facet normal -0.806449 0.591303 0
    outer loop
      vertex -50.3631 -37.535 10.3019
      vertex -50.5566 -37.7989 10.3019
      vertex -50.3631 -37.535 47.8019
    endloop
  endfacet
  facet normal -0.806449 0.591303 0
    outer loop
      vertex -50.3631 -37.535 47.8019
      vertex -50.5566 -37.7989 10.3019
      vertex -50.5566 -37.7989 47.8019
    endloop
  endfacet
  facet normal -0.831467 0.555575 0
    outer loop
      vertex -50.5566 -37.7989 10.3019
      vertex -50.7384 -38.071 10.3019
      vertex -50.5566 -37.7989 47.8019
    endloop
  endfacet
  facet normal -0.831467 0.555575 0
    outer loop
      vertex -50.5566 -37.7989 47.8019
      vertex -50.7384 -38.071 10.3019
      vertex -50.7384 -38.071 47.8019
    endloop
  endfacet
  facet normal -0.854913 0.518772 0
    outer loop
      vertex -50.7384 -38.071 10.3019
      vertex -50.9081 -38.3507 10.3019
      vertex -50.7384 -38.071 47.8019
    endloop
  endfacet
  facet normal -0.854913 0.518772 0
    outer loop
      vertex -50.7384 -38.071 47.8019
      vertex -50.9081 -38.3507 10.3019
      vertex -50.9081 -38.3507 47.8019
    endloop
  endfacet
  facet normal -0.876727 0.480988 0
    outer loop
      vertex -50.9081 -38.3507 10.3019
      vertex -51.0655 -38.6376 10.3019
      vertex -50.9081 -38.3507 47.8019
    endloop
  endfacet
  facet normal -0.876727 0.480988 0
    outer loop
      vertex -50.9081 -38.3507 47.8019
      vertex -51.0655 -38.6376 10.3019
      vertex -51.0655 -38.6376 47.8019
    endloop
  endfacet
  facet normal -0.896873 0.442289 0
    outer loop
      vertex -51.0655 -38.6376 10.3019
      vertex -51.2102 -38.9311 10.3019
      vertex -51.0655 -38.6376 47.8019
    endloop
  endfacet
  facet normal -0.896873 0.442289 0
    outer loop
      vertex -51.0655 -38.6376 47.8019
      vertex -51.2102 -38.9311 10.3019
      vertex -51.2102 -38.9311 47.8019
    endloop
  endfacet
  facet normal -0.915311 0.402748 0
    outer loop
      vertex -51.2102 -38.9311 10.3019
      vertex -51.342 -39.2306 10.3019
      vertex -51.2102 -38.9311 47.8019
    endloop
  endfacet
  facet normal -0.915311 0.402748 0
    outer loop
      vertex -51.2102 -38.9311 47.8019
      vertex -51.342 -39.2306 10.3019
      vertex -51.342 -39.2306 47.8019
    endloop
  endfacet
  facet normal -0.932008 0.362439 0
    outer loop
      vertex -51.342 -39.2306 10.3019
      vertex -51.4606 -39.5356 10.3019
      vertex -51.342 -39.2306 47.8019
    endloop
  endfacet
  facet normal -0.932008 0.362439 0
    outer loop
      vertex -51.342 -39.2306 47.8019
      vertex -51.4606 -39.5356 10.3019
      vertex -51.4606 -39.5356 47.8019
    endloop
  endfacet
  facet normal -0.946932 0.321435 0
    outer loop
      vertex -51.4606 -39.5356 10.3019
      vertex -51.5658 -39.8454 10.3019
      vertex -51.4606 -39.5356 47.8019
    endloop
  endfacet
  facet normal -0.946932 0.321435 0
    outer loop
      vertex -51.4606 -39.5356 47.8019
      vertex -51.5658 -39.8454 10.3019
      vertex -51.5658 -39.8454 47.8019
    endloop
  endfacet
  facet normal -0.96005 0.27983 0
    outer loop
      vertex -51.5658 -39.8454 10.3019
      vertex -51.6574 -40.1596 10.3019
      vertex -51.5658 -39.8454 47.8019
    endloop
  endfacet
  facet normal -0.96005 0.27983 0
    outer loop
      vertex -51.5658 -39.8454 47.8019
      vertex -51.6574 -40.1596 10.3019
      vertex -51.6574 -40.1596 47.8019
    endloop
  endfacet
  facet normal -0.971342 0.237687 0
    outer loop
      vertex -51.6574 -40.1596 10.3019
      vertex -51.7351 -40.4774 10.3019
      vertex -51.6574 -40.1596 47.8019
    endloop
  endfacet
  facet normal -0.971342 0.237687 0
    outer loop
      vertex -51.6574 -40.1596 47.8019
      vertex -51.7351 -40.4774 10.3019
      vertex -51.7351 -40.4774 47.8019
    endloop
  endfacet
  facet normal -0.980786 0.195087 0
    outer loop
      vertex -51.7351 -40.4774 10.3019
      vertex -51.799 -40.7984 10.3019
      vertex -51.7351 -40.4774 47.8019
    endloop
  endfacet
  facet normal -0.980786 0.195087 0
    outer loop
      vertex -51.7351 -40.4774 47.8019
      vertex -51.799 -40.7984 10.3019
      vertex -51.799 -40.7984 47.8019
    endloop
  endfacet
  facet normal -0.98836 0.152132 0
    outer loop
      vertex -51.799 -40.7984 10.3019
      vertex -51.8488 -41.1218 10.3019
      vertex -51.799 -40.7984 47.8019
    endloop
  endfacet
  facet normal -0.98836 0.152132 0
    outer loop
      vertex -51.799 -40.7984 47.8019
      vertex -51.8488 -41.1218 10.3019
      vertex -51.8488 -41.1218 47.8019
    endloop
  endfacet
  facet normal -0.994057 0.108859 0
    outer loop
      vertex -51.8488 -41.1218 10.3019
      vertex -51.8844 -41.4471 10.3019
      vertex -51.8488 -41.1218 47.8019
    endloop
  endfacet
  facet normal -0.994057 0.108859 0
    outer loop
      vertex -51.8488 -41.1218 47.8019
      vertex -51.8844 -41.4471 10.3019
      vertex -51.8844 -41.4471 47.8019
    endloop
  endfacet
  facet normal -0.997859 0.0654037 0
    outer loop
      vertex -51.8844 -41.4471 10.3019
      vertex -51.9058 -41.7736 10.3019
      vertex -51.8844 -41.4471 47.8019
    endloop
  endfacet
  facet normal -0.997859 0.0654037 0
    outer loop
      vertex -51.8844 -41.4471 47.8019
      vertex -51.9058 -41.7736 10.3019
      vertex -51.9058 -41.7736 47.8019
    endloop
  endfacet
  facet normal -0.999762 0.0218243 0
    outer loop
      vertex -51.9058 -41.7736 10.3019
      vertex -51.9129 -42.1007 10.3019
      vertex -51.9058 -41.7736 47.8019
    endloop
  endfacet
  facet normal -0.999762 0.0218243 0
    outer loop
      vertex -51.9058 -41.7736 47.8019
      vertex -51.9129 -42.1007 10.3019
      vertex -51.9129 -42.1007 47.8019
    endloop
  endfacet
  facet normal 0 1 0
    outer loop
      vertex -51.9129 -42.1007 47.8019
      vertex -51.9129 -42.1007 10.3019
      vertex -87.1038 -42.1007 47.8019
    endloop
  endfacet
  facet normal 0 1 0
    outer loop
      vertex -51.9129 -42.1007 10.3019
      vertex -121.913 -42.1007 10.3019
      vertex -87.1038 -42.1007 47.8019
    endloop
  endfacet
  facet normal 0 1 0
    outer loop
      vertex -87.1038 -42.1007 47.8019
      vertex -121.913 -42.1007 10.3019
      vertex -121.913 -42.1007 47.8019
    endloop
  endfacet
  facet normal -1 0 0
    outer loop
      vertex -44.4129 0.399268 47.8019
      vertex -44.4129 0.399268 10.3019
      vertex -44.4129 -16.9489 47.8019
    endloop
  endfacet
  facet normal -1 0 0
    outer loop
      vertex -44.4129 0.399268 10.3019
      vertex -44.4129 -34.6007 10.3019
      vertex -44.4129 -16.9489 47.8019
    endloop
  endfacet
  facet normal -1 0 0
    outer loop
      vertex -44.4129 -16.9489 47.8019
      vertex -44.4129 -34.6007 10.3019
      vertex -44.4129 -34.6007 47.8019
    endloop
  endfacet
  facet normal 0 -1 0
    outer loop
      vertex -41.9129 -44.6007 7.80192
      vertex -41.9129 -44.6007 47.8019
      vertex -131.913 -44.6007 7.80192
    endloop
  endfacet
  facet normal 0 -1 0
    outer loop
      vertex -41.9129 -44.6007 47.8019
      vertex -87.1038 -44.6007 47.8019
      vertex -131.913 -44.6007 7.80192
    endloop
  endfacet
  facet normal 0 -1 0
    outer loop
      vertex -131.913 -44.6007 7.80192
      vertex -87.1038 -44.6007 47.8019
      vertex -131.913 -44.6007 47.8019
    endloop
  endfacet
  facet normal 0 0 1
    outer loop
      vertex -51.9129 7.89927 47.8019
      vertex -41.9129 10.3993 47.8019
      vertex -87.1038 10.3993 47.8019
    endloop
  endfacet
  facet normal 0 0 1
    outer loop
      vertex -46.0853 7.88216 47.8019
      vertex -45.9991 7.86888 47.8019
      vertex -41.9129 10.3993 47.8019
    endloop
  endfacet
  facet normal 0 0 1
    outer loop
      vertex -44.3483 5.98651 47.8019
      vertex -44.3464 5.89927 47.8019
      vertex -41.9129 10.3993 47.8019
    endloop
  endfacet
  facet normal 0 0 1
    outer loop
      vertex -44.3464 5.89927 47.8019
      vertex -44.3483 5.81203 47.8019
      vertex -41.9129 10.3993 47.8019
    endloop
  endfacet
  facet normal 0 0 1
    outer loop
      vertex -49.2338 2.15394 47.8019
      vertex -48.9786 1.94912 47.8019
      vertex -47.4935 4.26096 47.8019
    endloop
  endfacet
  facet normal 0 0 1
    outer loop
      vertex -48.2538 5.29786 47.8019
      vertex -51.9129 7.89927 47.8019
      vertex -48.2258 5.21523 47.8019
    endloop
  endfacet
  facet normal 0 0 1
    outer loop
      vertex -51.9129 7.89927 47.8019
      vertex -48.1941 5.1339 47.8019
      vertex -48.2258 5.21523 47.8019
    endloop
  endfacet
  facet normal 0 0 1
    outer loop
      vertex -51.9129 7.89927 47.8019
      vertex -48.299 6.33215 47.8019
      vertex -48.2782 6.41691 47.8019
    endloop
  endfacet
  facet normal 0 0 1
    outer loop
      vertex -48.2782 6.41691 47.8019
      vertex -48.2538 6.50068 47.8019
      vertex -51.9129 7.89927 47.8019
    endloop
  endfacet
  facet normal 0 0 1
    outer loop
      vertex -48.2538 6.50068 47.8019
      vertex -48.2258 6.58331 47.8019
      vertex -51.9129 7.89927 47.8019
    endloop
  endfacet
  facet normal 0 0 1
    outer loop
      vertex -51.9129 7.89927 47.8019
      vertex -48.2258 6.58331 47.8019
      vertex -48.1941 6.66464 47.8019
    endloop
  endfacet
  facet normal 0 0 1
    outer loop
      vertex -48.0784 6.89927 47.8019
      vertex -48.0332 6.97387 47.8019
      vertex -51.9129 7.89927 47.8019
    endloop
  endfacet
  facet normal 0 0 1
    outer loop
      vertex -48.0332 6.97387 47.8019
      vertex -47.9847 7.04642 47.8019
      vertex -51.9129 7.89927 47.8019
    endloop
  endfacet
  facet normal 0 0 1
    outer loop
      vertex -51.9129 7.89927 47.8019
      vertex -47.9847 7.04642 47.8019
      vertex -47.9331 7.11679 47.8019
    endloop
  endfacet
  facet normal 0 0 1
    outer loop
      vertex -44.3938 5.46639 47.8019
      vertex -44.4145 5.38163 47.8019
      vertex -44.4129 0.399268 47.8019
    endloop
  endfacet
  facet normal 0 0 1
    outer loop
      vertex -44.4145 5.38163 47.8019
      vertex -44.439 5.29786 47.8019
      vertex -44.4129 0.399268 47.8019
    endloop
  endfacet
  facet normal 0 0 1
    outer loop
      vertex -44.4129 0.399268 47.8019
      vertex -44.439 5.29786 47.8019
      vertex -44.467 5.21523 47.8019
    endloop
  endfacet
  facet normal 0 0 1
    outer loop
      vertex -48.4427 1.57383 47.8019
      vertex -47.2699 4.12525 47.8019
      vertex -48.7147 1.75563 47.8019
    endloop
  endfacet
  facet normal 0 0 1
    outer loop
      vertex -47.2699 4.12525 47.8019
      vertex -47.3464 4.16722 47.8019
      vertex -48.7147 1.75563 47.8019
    endloop
  endfacet
  facet normal 0 0 1
    outer loop
      vertex -48.7147 1.75563 47.8019
      vertex -47.3464 4.16722 47.8019
      vertex -48.9786 1.94912 47.8019
    endloop
  endfacet
  facet normal 0 0 1
    outer loop
      vertex -47.3464 4.16722 47.8019
      vertex -47.421 4.21249 47.8019
      vertex -48.9786 1.94912 47.8019
    endloop
  endfacet
  facet normal 0 0 1
    outer loop
      vertex -48.9786 1.94912 47.8019
      vertex -47.421 4.21249 47.8019
      vertex -47.4935 4.26096 47.8019
    endloop
  endfacet
  facet normal 0 0 1
    outer loop
      vertex -47.6976 4.42471 47.8019
      vertex -47.7606 4.48505 47.8019
      vertex -51.9129 7.89927 47.8019
    endloop
  endfacet
  facet normal 0 0 1
    outer loop
      vertex -48.2538 5.29786 47.8019
      vertex -48.2782 5.38163 47.8019
      vertex -51.9129 7.89927 47.8019
    endloop
  endfacet
  facet normal 0 0 1
    outer loop
      vertex -48.2782 5.38163 47.8019
      vertex -48.299 5.46639 47.8019
      vertex -51.9129 7.89927 47.8019
    endloop
  endfacet
  facet normal 0 0 1
    outer loop
      vertex -51.9129 7.89927 47.8019
      vertex -48.299 5.46639 47.8019
      vertex -48.316 5.55197 47.8019
    endloop
  endfacet
  facet normal 0 0 1
    outer loop
      vertex -48.3445 5.81203 47.8019
      vertex -48.3464 5.89927 47.8019
      vertex -51.9129 7.89927 47.8019
    endloop
  endfacet
  facet normal 0 0 1
    outer loop
      vertex -48.3464 5.89927 47.8019
      vertex -48.3445 5.98651 47.8019
      vertex -51.9129 7.89927 47.8019
    endloop
  endfacet
  facet normal 0 0 1
    outer loop
      vertex -51.9129 7.89927 47.8019
      vertex -48.3445 5.98651 47.8019
      vertex -48.3388 6.07358 47.8019
    endloop
  endfacet
  facet normal 0 0 1
    outer loop
      vertex -48.1941 6.66464 47.8019
      vertex -48.159 6.7445 47.8019
      vertex -51.9129 7.89927 47.8019
    endloop
  endfacet
  facet normal 0 0 1
    outer loop
      vertex -48.159 6.7445 47.8019
      vertex -48.1204 6.82277 47.8019
      vertex -51.9129 7.89927 47.8019
    endloop
  endfacet
  facet normal 0 0 1
    outer loop
      vertex -51.9129 7.89927 47.8019
      vertex -48.1204 6.82277 47.8019
      vertex -48.0784 6.89927 47.8019
    endloop
  endfacet
  facet normal 0 0 1
    outer loop
      vertex -47.9331 7.11679 47.8019
      vertex -47.8785 7.18484 47.8019
      vertex -51.9129 7.89927 47.8019
    endloop
  endfacet
  facet normal 0 0 1
    outer loop
      vertex -47.8785 7.18484 47.8019
      vertex -47.8209 7.25045 47.8019
      vertex -51.9129 7.89927 47.8019
    endloop
  endfacet
  facet normal 0 0 1
    outer loop
      vertex -51.9129 7.89927 47.8019
      vertex -47.8209 7.25045 47.8019
      vertex -47.7606 7.31348 47.8019
    endloop
  endfacet
  facet normal 0 0 1
    outer loop
      vertex -44.5724 6.82277 47.8019
      vertex -44.5338 6.7445 47.8019
      vertex -41.9129 10.3993 47.8019
    endloop
  endfacet
  facet normal 0 0 1
    outer loop
      vertex -47.7606 4.48505 47.8019
      vertex -47.8209 4.54809 47.8019
      vertex -51.9129 7.89927 47.8019
    endloop
  endfacet
  facet normal 0 0 1
    outer loop
      vertex -47.8209 4.54809 47.8019
      vertex -47.8785 4.61369 47.8019
      vertex -51.9129 7.89927 47.8019
    endloop
  endfacet
  facet normal 0 0 1
    outer loop
      vertex -51.9129 7.89927 47.8019
      vertex -47.8785 4.61369 47.8019
      vertex -47.9331 4.68175 47.8019
    endloop
  endfacet
  facet normal 0 0 1
    outer loop
      vertex -47.9331 4.68175 47.8019
      vertex -47.9847 4.75212 47.8019
      vertex -51.9129 7.89927 47.8019
    endloop
  endfacet
  facet normal 0 0 1
    outer loop
      vertex -47.9847 4.75212 47.8019
      vertex -48.0332 4.82467 47.8019
      vertex -51.9129 7.89927 47.8019
    endloop
  endfacet
  facet normal 0 0 1
    outer loop
      vertex -51.9129 7.89927 47.8019
      vertex -48.0332 4.82467 47.8019
      vertex -48.0784 4.89927 47.8019
    endloop
  endfacet
  facet normal 0 0 1
    outer loop
      vertex -48.0784 4.89927 47.8019
      vertex -48.1204 4.97577 47.8019
      vertex -51.9129 7.89927 47.8019
    endloop
  endfacet
  facet normal 0 0 1
    outer loop
      vertex -48.1204 4.97577 47.8019
      vertex -48.159 5.05403 47.8019
      vertex -51.9129 7.89927 47.8019
    endloop
  endfacet
  facet normal 0 0 1
    outer loop
      vertex -51.9129 7.89927 47.8019
      vertex -48.159 5.05403 47.8019
      vertex -48.1941 5.1339 47.8019
    endloop
  endfacet
  facet normal 0 0 1
    outer loop
      vertex -48.3388 6.07358 47.8019
      vertex -48.3293 6.16032 47.8019
      vertex -51.9129 7.89927 47.8019
    endloop
  endfacet
  facet normal 0 0 1
    outer loop
      vertex -48.3293 6.16032 47.8019
      vertex -48.316 6.24656 47.8019
      vertex -51.9129 7.89927 47.8019
    endloop
  endfacet
  facet normal 0 0 1
    outer loop
      vertex -51.9129 7.89927 47.8019
      vertex -48.316 6.24656 47.8019
      vertex -48.299 6.33215 47.8019
    endloop
  endfacet
  facet normal 0 0 1
    outer loop
      vertex -46.6074 7.88216 47.8019
      vertex -46.5207 7.89166 47.8019
      vertex -41.9129 10.3993 47.8019
    endloop
  endfacet
  facet normal 0 0 1
    outer loop
      vertex -46.5207 7.89166 47.8019
      vertex -46.4336 7.89736 47.8019
      vertex -41.9129 10.3993 47.8019
    endloop
  endfacet
  facet normal 0 0 1
    outer loop
      vertex -41.9129 10.3993 47.8019
      vertex -46.4336 7.89736 47.8019
      vertex -46.3464 7.89927 47.8019
    endloop
  endfacet
  facet normal 0 0 1
    outer loop
      vertex -46.3464 7.89927 47.8019
      vertex -46.2591 7.89736 47.8019
      vertex -41.9129 10.3993 47.8019
    endloop
  endfacet
  facet normal 0 0 1
    outer loop
      vertex -46.2591 7.89736 47.8019
      vertex -46.1721 7.89166 47.8019
      vertex -41.9129 10.3993 47.8019
    endloop
  endfacet
  facet normal 0 0 1
    outer loop
      vertex -41.9129 10.3993 47.8019
      vertex -46.1721 7.89166 47.8019
      vertex -46.0853 7.88216 47.8019
    endloop
  endfacet
  facet normal 0 0 1
    outer loop
      vertex -45.745 7.8067 47.8019
      vertex -45.6623 7.77865 47.8019
      vertex -41.9129 10.3993 47.8019
    endloop
  endfacet
  facet normal 0 0 1
    outer loop
      vertex -45.6623 7.77865 47.8019
      vertex -45.581 7.74703 47.8019
      vertex -41.9129 10.3993 47.8019
    endloop
  endfacet
  facet normal 0 0 1
    outer loop
      vertex -41.9129 10.3993 47.8019
      vertex -45.581 7.74703 47.8019
      vertex -45.5012 7.71188 47.8019
    endloop
  endfacet
  facet normal 0 0 1
    outer loop
      vertex -44.3483 5.81203 47.8019
      vertex -44.354 5.72496 47.8019
      vertex -41.9129 10.3993 47.8019
    endloop
  endfacet
  facet normal 0 0 1
    outer loop
      vertex -44.354 5.72496 47.8019
      vertex -44.3635 5.63822 47.8019
      vertex -41.9129 10.3993 47.8019
    endloop
  endfacet
  facet normal 0 0 1
    outer loop
      vertex -41.9129 10.3993 47.8019
      vertex -44.3635 5.63822 47.8019
      vertex -44.3768 5.55197 47.8019
    endloop
  endfacet
  facet normal 0 0 1
    outer loop
      vertex -44.467 5.21523 47.8019
      vertex -44.4986 5.1339 47.8019
      vertex -44.4129 0.399268 47.8019
    endloop
  endfacet
  facet normal 0 0 1
    outer loop
      vertex -44.4986 5.1339 47.8019
      vertex -44.5338 5.05403 47.8019
      vertex -44.4129 0.399268 47.8019
    endloop
  endfacet
  facet normal 0 0 1
    outer loop
      vertex -44.4129 0.399268 47.8019
      vertex -44.5338 5.05403 47.8019
      vertex -44.5724 4.97577 47.8019
    endloop
  endfacet
  facet normal 0 0 1
    outer loop
      vertex -44.5724 4.97577 47.8019
      vertex -44.6143 4.89927 47.8019
      vertex -44.4129 0.399268 47.8019
    endloop
  endfacet
  facet normal 0 0 1
    outer loop
      vertex -44.6143 4.89927 47.8019
      vertex -44.6596 4.82467 47.8019
      vertex -44.4129 0.399268 47.8019
    endloop
  endfacet
  facet normal 0 0 1
    outer loop
      vertex -44.4129 0.399268 47.8019
      vertex -44.6596 4.82467 47.8019
      vertex -44.7081 4.75212 47.8019
    endloop
  endfacet
  facet normal 0 0 1
    outer loop
      vertex -44.7081 4.75212 47.8019
      vertex -44.7597 4.68175 47.8019
      vertex -44.4129 0.399268 47.8019
    endloop
  endfacet
  facet normal 0 0 1
    outer loop
      vertex -44.7597 4.68175 47.8019
      vertex -44.8143 4.61369 47.8019
      vertex -44.4129 0.399268 47.8019
    endloop
  endfacet
  facet normal 0 0 1
    outer loop
      vertex -44.4129 0.399268 47.8019
      vertex -44.8143 4.61369 47.8019
      vertex -44.8718 4.54809 47.8019
    endloop
  endfacet
  facet normal 0 0 1
    outer loop
      vertex -47.632 4.36718 47.8019
      vertex -51.7351 6.27597 47.8019
      vertex -51.6574 5.95813 47.8019
    endloop
  endfacet
  facet normal 0 0 1
    outer loop
      vertex -50.9081 4.14927 47.8019
      vertex -50.7384 3.86952 47.8019
      vertex -47.632 4.36718 47.8019
    endloop
  endfacet
  facet normal 0 0 1
    outer loop
      vertex -50.7384 3.86952 47.8019
      vertex -50.5566 3.59745 47.8019
      vertex -47.632 4.36718 47.8019
    endloop
  endfacet
  facet normal 0 0 1
    outer loop
      vertex -47.632 4.36718 47.8019
      vertex -50.5566 3.59745 47.8019
      vertex -50.3631 3.33356 47.8019
    endloop
  endfacet
  facet normal 0 0 1
    outer loop
      vertex -48.316 5.55197 47.8019
      vertex -48.3293 5.63822 47.8019
      vertex -51.9129 7.89927 47.8019
    endloop
  endfacet
  facet normal 0 0 1
    outer loop
      vertex -48.3293 5.63822 47.8019
      vertex -48.3388 5.72496 47.8019
      vertex -51.9129 7.89927 47.8019
    endloop
  endfacet
  facet normal 0 0 1
    outer loop
      vertex -51.9129 7.89927 47.8019
      vertex -48.3388 5.72496 47.8019
      vertex -48.3445 5.81203 47.8019
    endloop
  endfacet
  facet normal 0 0 1
    outer loop
      vertex -46.9478 7.8067 47.8019
      vertex -51.9129 7.89927 47.8019
      vertex -47.0304 7.77865 47.8019
    endloop
  endfacet
  facet normal 0 0 1
    outer loop
      vertex -51.9129 7.89927 47.8019
      vertex -47.1118 7.74703 47.8019
      vertex -47.0304 7.77865 47.8019
    endloop
  endfacet
  facet normal 0 0 1
    outer loop
      vertex -45.9991 7.86888 47.8019
      vertex -45.9135 7.85186 47.8019
      vertex -41.9129 10.3993 47.8019
    endloop
  endfacet
  facet normal 0 0 1
    outer loop
      vertex -45.9135 7.85186 47.8019
      vertex -45.8287 7.83112 47.8019
      vertex -41.9129 10.3993 47.8019
    endloop
  endfacet
  facet normal 0 0 1
    outer loop
      vertex -41.9129 10.3993 47.8019
      vertex -45.8287 7.83112 47.8019
      vertex -45.745 7.8067 47.8019
    endloop
  endfacet
  facet normal 0 0 1
    outer loop
      vertex -44.5338 6.7445 47.8019
      vertex -44.4986 6.66464 47.8019
      vertex -41.9129 10.3993 47.8019
    endloop
  endfacet
  facet normal 0 0 1
    outer loop
      vertex -44.4986 6.66464 47.8019
      vertex -44.467 6.58331 47.8019
      vertex -41.9129 10.3993 47.8019
    endloop
  endfacet
  facet normal 0 0 1
    outer loop
      vertex -41.9129 10.3993 47.8019
      vertex -44.467 6.58331 47.8019
      vertex -44.439 6.50068 47.8019
    endloop
  endfacet
  facet normal 0 0 1
    outer loop
      vertex -44.439 6.50068 47.8019
      vertex -44.4145 6.41691 47.8019
      vertex -41.9129 10.3993 47.8019
    endloop
  endfacet
  facet normal 0 0 1
    outer loop
      vertex -44.4145 6.41691 47.8019
      vertex -44.3938 6.33215 47.8019
      vertex -41.9129 10.3993 47.8019
    endloop
  endfacet
  facet normal 0 0 1
    outer loop
      vertex -41.9129 10.3993 47.8019
      vertex -44.3938 6.33215 47.8019
      vertex -44.3768 6.24656 47.8019
    endloop
  endfacet
  facet normal 0 0 1
    outer loop
      vertex -51.6574 5.95813 47.8019
      vertex -51.5658 5.64397 47.8019
      vertex -47.632 4.36718 47.8019
    endloop
  endfacet
  facet normal 0 0 1
    outer loop
      vertex -51.5658 5.64397 47.8019
      vertex -51.4606 5.33412 47.8019
      vertex -47.632 4.36718 47.8019
    endloop
  endfacet
  facet normal 0 0 1
    outer loop
      vertex -47.632 4.36718 47.8019
      vertex -51.4606 5.33412 47.8019
      vertex -51.342 5.02914 47.8019
    endloop
  endfacet
  facet normal 0 0 1
    outer loop
      vertex -51.342 5.02914 47.8019
      vertex -51.2102 4.72963 47.8019
      vertex -47.632 4.36718 47.8019
    endloop
  endfacet
  facet normal 0 0 1
    outer loop
      vertex -51.2102 4.72963 47.8019
      vertex -51.0655 4.43615 47.8019
      vertex -47.632 4.36718 47.8019
    endloop
  endfacet
  facet normal 0 0 1
    outer loop
      vertex -47.632 4.36718 47.8019
      vertex -51.0655 4.43615 47.8019
      vertex -50.9081 4.14927 47.8019
    endloop
  endfacet
  facet normal 0 0 1
    outer loop
      vertex -50.3631 3.33356 47.8019
      vertex -50.1583 3.07836 47.8019
      vertex -47.632 4.36718 47.8019
    endloop
  endfacet
  facet normal 0 0 1
    outer loop
      vertex -50.1583 3.07836 47.8019
      vertex -49.9425 2.83234 47.8019
      vertex -47.632 4.36718 47.8019
    endloop
  endfacet
  facet normal 0 0 1
    outer loop
      vertex -47.632 4.36718 47.8019
      vertex -49.9425 2.83234 47.8019
      vertex -49.7162 2.59597 47.8019
    endloop
  endfacet
  facet normal 0 0 1
    outer loop
      vertex -47.4935 4.26096 47.8019
      vertex -47.5639 4.31256 47.8019
      vertex -49.2338 2.15394 47.8019
    endloop
  endfacet
  facet normal 0 0 1
    outer loop
      vertex -47.5639 4.31256 47.8019
      vertex -47.632 4.36718 47.8019
      vertex -49.2338 2.15394 47.8019
    endloop
  endfacet
  facet normal 0 0 1
    outer loop
      vertex -49.2338 2.15394 47.8019
      vertex -47.632 4.36718 47.8019
      vertex -49.4798 2.36969 47.8019
    endloop
  endfacet
  facet normal 0 0 1
    outer loop
      vertex -47.632 4.36718 47.8019
      vertex -49.7162 2.59597 47.8019
      vertex -49.4798 2.36969 47.8019
    endloop
  endfacet
  facet normal 0 0 1
    outer loop
      vertex -47.3464 7.63132 47.8019
      vertex -47.2699 7.67329 47.8019
      vertex -51.9129 7.89927 47.8019
    endloop
  endfacet
  facet normal 0 0 1
    outer loop
      vertex -47.2699 7.67329 47.8019
      vertex -47.1916 7.71188 47.8019
      vertex -51.9129 7.89927 47.8019
    endloop
  endfacet
  facet normal 0 0 1
    outer loop
      vertex -51.9129 7.89927 47.8019
      vertex -47.1916 7.71188 47.8019
      vertex -47.1118 7.74703 47.8019
    endloop
  endfacet
  facet normal 0 0 1
    outer loop
      vertex -45.5012 7.71188 47.8019
      vertex -45.4229 7.67329 47.8019
      vertex -41.9129 10.3993 47.8019
    endloop
  endfacet
  facet normal 0 0 1
    outer loop
      vertex -45.4229 7.67329 47.8019
      vertex -45.3464 7.63132 47.8019
      vertex -41.9129 10.3993 47.8019
    endloop
  endfacet
  facet normal 0 0 1
    outer loop
      vertex -41.9129 10.3993 47.8019
      vertex -45.3464 7.63132 47.8019
      vertex -45.2718 7.58605 47.8019
    endloop
  endfacet
  facet normal 0 0 1
    outer loop
      vertex -44.8718 7.25045 47.8019
      vertex -44.8143 7.18484 47.8019
      vertex -41.9129 10.3993 47.8019
    endloop
  endfacet
  facet normal 0 0 1
    outer loop
      vertex -44.8143 7.18484 47.8019
      vertex -44.7597 7.11679 47.8019
      vertex -41.9129 10.3993 47.8019
    endloop
  endfacet
  facet normal 0 0 1
    outer loop
      vertex -41.9129 10.3993 47.8019
      vertex -44.7597 7.11679 47.8019
      vertex -44.7081 7.04642 47.8019
    endloop
  endfacet
  facet normal 0 0 1
    outer loop
      vertex -44.8718 4.54809 47.8019
      vertex -44.9322 4.48505 47.8019
      vertex -44.4129 0.399268 47.8019
    endloop
  endfacet
  facet normal 0 0 1
    outer loop
      vertex -44.9322 4.48505 47.8019
      vertex -44.9952 4.42471 47.8019
      vertex -44.4129 0.399268 47.8019
    endloop
  endfacet
  facet normal 0 0 1
    outer loop
      vertex -44.4129 0.399268 47.8019
      vertex -44.9952 4.42471 47.8019
      vertex -45.0608 4.36718 47.8019
    endloop
  endfacet
  facet normal 0 0 1
    outer loop
      vertex -47.6976 4.42471 47.8019
      vertex -51.9129 7.89927 47.8019
      vertex -47.632 4.36718 47.8019
    endloop
  endfacet
  facet normal 0 0 1
    outer loop
      vertex -51.9129 7.89927 47.8019
      vertex -51.9058 7.57212 47.8019
      vertex -47.632 4.36718 47.8019
    endloop
  endfacet
  facet normal 0 0 1
    outer loop
      vertex -47.632 4.36718 47.8019
      vertex -51.9058 7.57212 47.8019
      vertex -51.8844 7.2456 47.8019
    endloop
  endfacet
  facet normal 0 0 1
    outer loop
      vertex -51.8844 7.2456 47.8019
      vertex -51.8488 6.92032 47.8019
      vertex -47.632 4.36718 47.8019
    endloop
  endfacet
  facet normal 0 0 1
    outer loop
      vertex -51.8488 6.92032 47.8019
      vertex -51.799 6.59691 47.8019
      vertex -47.632 4.36718 47.8019
    endloop
  endfacet
  facet normal 0 0 1
    outer loop
      vertex -47.632 4.36718 47.8019
      vertex -51.799 6.59691 47.8019
      vertex -51.7351 6.27597 47.8019
    endloop
  endfacet
  facet normal 0 0 1
    outer loop
      vertex -47.7606 7.31348 47.8019
      vertex -47.6976 7.37382 47.8019
      vertex -51.9129 7.89927 47.8019
    endloop
  endfacet
  facet normal 0 0 1
    outer loop
      vertex -47.6976 7.37382 47.8019
      vertex -47.632 7.43136 47.8019
      vertex -51.9129 7.89927 47.8019
    endloop
  endfacet
  facet normal 0 0 1
    outer loop
      vertex -51.9129 7.89927 47.8019
      vertex -47.632 7.43136 47.8019
      vertex -47.5639 7.48598 47.8019
    endloop
  endfacet
  facet normal 0 0 1
    outer loop
      vertex -47.5639 7.48598 47.8019
      vertex -47.4935 7.53757 47.8019
      vertex -51.9129 7.89927 47.8019
    endloop
  endfacet
  facet normal 0 0 1
    outer loop
      vertex -47.4935 7.53757 47.8019
      vertex -47.421 7.58605 47.8019
      vertex -51.9129 7.89927 47.8019
    endloop
  endfacet
  facet normal 0 0 1
    outer loop
      vertex -51.9129 7.89927 47.8019
      vertex -47.421 7.58605 47.8019
      vertex -47.3464 7.63132 47.8019
    endloop
  endfacet
  facet normal 0 0 1
    outer loop
      vertex -46.9478 7.8067 47.8019
      vertex -46.864 7.83112 47.8019
      vertex -51.9129 7.89927 47.8019
    endloop
  endfacet
  facet normal 0 0 1
    outer loop
      vertex -46.864 7.83112 47.8019
      vertex -46.7793 7.85186 47.8019
      vertex -51.9129 7.89927 47.8019
    endloop
  endfacet
  facet normal 0 0 1
    outer loop
      vertex -51.9129 7.89927 47.8019
      vertex -46.7793 7.85186 47.8019
      vertex -41.9129 10.3993 47.8019
    endloop
  endfacet
  facet normal 0 0 1
    outer loop
      vertex -46.7793 7.85186 47.8019
      vertex -46.6937 7.86888 47.8019
      vertex -41.9129 10.3993 47.8019
    endloop
  endfacet
  facet normal 0 0 1
    outer loop
      vertex -41.9129 10.3993 47.8019
      vertex -46.6937 7.86888 47.8019
      vertex -46.6074 7.88216 47.8019
    endloop
  endfacet
  facet normal 0 0 1
    outer loop
      vertex -45.2718 7.58605 47.8019
      vertex -45.1992 7.53757 47.8019
      vertex -41.9129 10.3993 47.8019
    endloop
  endfacet
  facet normal 0 0 1
    outer loop
      vertex -45.1992 7.53757 47.8019
      vertex -45.1289 7.48598 47.8019
      vertex -41.9129 10.3993 47.8019
    endloop
  endfacet
  facet normal 0 0 1
    outer loop
      vertex -41.9129 10.3993 47.8019
      vertex -45.1289 7.48598 47.8019
      vertex -45.0608 7.43136 47.8019
    endloop
  endfacet
  facet normal 0 0 1
    outer loop
      vertex -44.7081 7.04642 47.8019
      vertex -44.6596 6.97387 47.8019
      vertex -41.9129 10.3993 47.8019
    endloop
  endfacet
  facet normal 0 0 1
    outer loop
      vertex -44.6596 6.97387 47.8019
      vertex -44.6143 6.89927 47.8019
      vertex -41.9129 10.3993 47.8019
    endloop
  endfacet
  facet normal 0 0 1
    outer loop
      vertex -41.9129 10.3993 47.8019
      vertex -44.6143 6.89927 47.8019
      vertex -44.5724 6.82277 47.8019
    endloop
  endfacet
  facet normal 0 0 1
    outer loop
      vertex -44.3768 6.24656 47.8019
      vertex -44.3635 6.16032 47.8019
      vertex -41.9129 10.3993 47.8019
    endloop
  endfacet
  facet normal 0 0 1
    outer loop
      vertex -44.3635 6.16032 47.8019
      vertex -44.354 6.07358 47.8019
      vertex -41.9129 10.3993 47.8019
    endloop
  endfacet
  facet normal 0 0 1
    outer loop
      vertex -41.9129 10.3993 47.8019
      vertex -44.354 6.07358 47.8019
      vertex -44.3483 5.98651 47.8019
    endloop
  endfacet
  facet normal 0 0 1
    outer loop
      vertex -45.0608 4.36718 47.8019
      vertex -45.1289 4.31256 47.8019
      vertex -44.4129 0.399268 47.8019
    endloop
  endfacet
  facet normal 0 0 1
    outer loop
      vertex -45.1289 4.31256 47.8019
      vertex -45.1992 4.26096 47.8019
      vertex -44.4129 0.399268 47.8019
    endloop
  endfacet
  facet normal 0 0 1
    outer loop
      vertex -44.4129 0.399268 47.8019
      vertex -45.1992 4.26096 47.8019
      vertex -45.2718 4.21249 47.8019
    endloop
  endfacet
  facet normal 0 0 1
    outer loop
      vertex -46.0362 0.577048 47.8019
      vertex -46.2591 3.90117 47.8019
      vertex -46.3541 0.654825 47.8019
    endloop
  endfacet
  facet normal 0 0 1
    outer loop
      vertex -46.2591 3.90117 47.8019
      vertex -46.3464 3.89927 47.8019
      vertex -46.3541 0.654825 47.8019
    endloop
  endfacet
  facet normal 0 0 1
    outer loop
      vertex -46.3541 0.654825 47.8019
      vertex -46.3464 3.89927 47.8019
      vertex -46.6682 0.746391 47.8019
    endloop
  endfacet
  facet normal 0 0 1
    outer loop
      vertex -45.0608 7.43136 47.8019
      vertex -44.9952 7.37382 47.8019
      vertex -41.9129 10.3993 47.8019
    endloop
  endfacet
  facet normal 0 0 1
    outer loop
      vertex -44.9952 7.37382 47.8019
      vertex -44.9322 7.31348 47.8019
      vertex -41.9129 10.3993 47.8019
    endloop
  endfacet
  facet normal 0 0 1
    outer loop
      vertex -41.9129 10.3993 47.8019
      vertex -44.9322 7.31348 47.8019
      vertex -44.8718 7.25045 47.8019
    endloop
  endfacet
  facet normal 0 0 1
    outer loop
      vertex -45.2718 4.21249 47.8019
      vertex -45.3464 4.16722 47.8019
      vertex -44.4129 0.399268 47.8019
    endloop
  endfacet
  facet normal 0 0 1
    outer loop
      vertex -45.3464 4.16722 47.8019
      vertex -45.4229 4.12525 47.8019
      vertex -44.4129 0.399268 47.8019
    endloop
  endfacet
  facet normal 0 0 1
    outer loop
      vertex -44.4129 0.399268 47.8019
      vertex -45.4229 4.12525 47.8019
      vertex -45.5012 4.08665 47.8019
    endloop
  endfacet
  facet normal 0 0 1
    outer loop
      vertex -45.5012 4.08665 47.8019
      vertex -45.581 4.05151 47.8019
      vertex -44.4129 0.399268 47.8019
    endloop
  endfacet
  facet normal 0 0 1
    outer loop
      vertex -45.581 4.05151 47.8019
      vertex -45.6623 4.01988 47.8019
      vertex -44.4129 0.399268 47.8019
    endloop
  endfacet
  facet normal 0 0 1
    outer loop
      vertex -44.4129 0.399268 47.8019
      vertex -45.6623 4.01988 47.8019
      vertex -44.7401 0.406407 47.8019
    endloop
  endfacet
  facet normal 0 0 1
    outer loop
      vertex -47.283 0.970172 47.8019
      vertex -46.7793 3.94668 47.8019
      vertex -47.5826 1.10196 47.8019
    endloop
  endfacet
  facet normal 0 0 1
    outer loop
      vertex -46.7793 3.94668 47.8019
      vertex -46.864 3.96742 47.8019
      vertex -47.5826 1.10196 47.8019
    endloop
  endfacet
  facet normal 0 0 1
    outer loop
      vertex -47.5826 1.10196 47.8019
      vertex -46.864 3.96742 47.8019
      vertex -47.876 1.24669 47.8019
    endloop
  endfacet
  facet normal 0 0 1
    outer loop
      vertex -46.864 3.96742 47.8019
      vertex -46.9478 3.99183 47.8019
      vertex -47.876 1.24669 47.8019
    endloop
  endfacet
  facet normal 0 0 1
    outer loop
      vertex -46.9478 3.99183 47.8019
      vertex -47.0304 4.01988 47.8019
      vertex -47.876 1.24669 47.8019
    endloop
  endfacet
  facet normal 0 0 1
    outer loop
      vertex -47.876 1.24669 47.8019
      vertex -47.0304 4.01988 47.8019
      vertex -48.1629 1.40408 47.8019
    endloop
  endfacet
  facet normal 0 0 1
    outer loop
      vertex -47.0304 4.01988 47.8019
      vertex -47.1118 4.05151 47.8019
      vertex -48.1629 1.40408 47.8019
    endloop
  endfacet
  facet normal 0 0 1
    outer loop
      vertex -48.1629 1.40408 47.8019
      vertex -47.1118 4.05151 47.8019
      vertex -48.4427 1.57383 47.8019
    endloop
  endfacet
  facet normal 0 0 1
    outer loop
      vertex -47.1118 4.05151 47.8019
      vertex -47.1916 4.08665 47.8019
      vertex -48.4427 1.57383 47.8019
    endloop
  endfacet
  facet normal 0 0 1
    outer loop
      vertex -48.4427 1.57383 47.8019
      vertex -47.1916 4.08665 47.8019
      vertex -47.2699 4.12525 47.8019
    endloop
  endfacet
  facet normal 0 0 1
    outer loop
      vertex -45.6623 4.01988 47.8019
      vertex -45.745 3.99183 47.8019
      vertex -44.7401 0.406407 47.8019
    endloop
  endfacet
  facet normal 0 0 1
    outer loop
      vertex -45.745 3.99183 47.8019
      vertex -45.8287 3.96742 47.8019
      vertex -44.7401 0.406407 47.8019
    endloop
  endfacet
  facet normal 0 0 1
    outer loop
      vertex -44.7401 0.406407 47.8019
      vertex -45.8287 3.96742 47.8019
      vertex -45.0666 0.427808 47.8019
    endloop
  endfacet
  facet normal 0 0 1
    outer loop
      vertex -45.8287 3.96742 47.8019
      vertex -45.9135 3.94668 47.8019
      vertex -45.0666 0.427808 47.8019
    endloop
  endfacet
  facet normal 0 0 1
    outer loop
      vertex -45.0666 0.427808 47.8019
      vertex -45.9135 3.94668 47.8019
      vertex -45.3919 0.463432 47.8019
    endloop
  endfacet
  facet normal 0 0 1
    outer loop
      vertex -45.9135 3.94668 47.8019
      vertex -45.9991 3.92965 47.8019
      vertex -45.3919 0.463432 47.8019
    endloop
  endfacet
  facet normal 0 0 1
    outer loop
      vertex -45.3919 0.463432 47.8019
      vertex -45.9991 3.92965 47.8019
      vertex -45.7153 0.51321 47.8019
    endloop
  endfacet
  facet normal 0 0 1
    outer loop
      vertex -45.9991 3.92965 47.8019
      vertex -46.0853 3.91638 47.8019
      vertex -45.7153 0.51321 47.8019
    endloop
  endfacet
  facet normal 0 0 1
    outer loop
      vertex -45.7153 0.51321 47.8019
      vertex -46.0853 3.91638 47.8019
      vertex -46.0362 0.577048 47.8019
    endloop
  endfacet
  facet normal 0 0 1
    outer loop
      vertex -46.0853 3.91638 47.8019
      vertex -46.1721 3.90688 47.8019
      vertex -46.0362 0.577048 47.8019
    endloop
  endfacet
  facet normal 0 0 1
    outer loop
      vertex -46.0362 0.577048 47.8019
      vertex -46.1721 3.90688 47.8019
      vertex -46.2591 3.90117 47.8019
    endloop
  endfacet
  facet normal 0 0 1
    outer loop
      vertex -46.3464 3.89927 47.8019
      vertex -46.4336 3.90117 47.8019
      vertex -46.6682 0.746391 47.8019
    endloop
  endfacet
  facet normal 0 0 1
    outer loop
      vertex -46.4336 3.90117 47.8019
      vertex -46.5207 3.90688 47.8019
      vertex -46.6682 0.746391 47.8019
    endloop
  endfacet
  facet normal 0 0 1
    outer loop
      vertex -46.6682 0.746391 47.8019
      vertex -46.5207 3.90688 47.8019
      vertex -46.9781 0.851574 47.8019
    endloop
  endfacet
  facet normal 0 0 1
    outer loop
      vertex -46.5207 3.90688 47.8019
      vertex -46.6074 3.91638 47.8019
      vertex -46.9781 0.851574 47.8019
    endloop
  endfacet
  facet normal 0 0 1
    outer loop
      vertex -46.9781 0.851574 47.8019
      vertex -46.6074 3.91638 47.8019
      vertex -47.283 0.970172 47.8019
    endloop
  endfacet
  facet normal 0 0 1
    outer loop
      vertex -46.6074 3.91638 47.8019
      vertex -46.6937 3.92965 47.8019
      vertex -47.283 0.970172 47.8019
    endloop
  endfacet
  facet normal 0 0 1
    outer loop
      vertex -47.283 0.970172 47.8019
      vertex -46.6937 3.92965 47.8019
      vertex -46.7793 3.94668 47.8019
    endloop
  endfacet
  facet normal 0 0 1
    outer loop
      vertex -129.413 0.399268 47.8019
      vertex -131.913 10.3993 47.8019
      vertex -131.913 -16.9489 47.8019
    endloop
  endfacet
  facet normal 0 0 1
    outer loop
      vertex -131.913 10.3993 47.8019
      vertex -121.913 7.89927 47.8019
      vertex -87.1038 10.3993 47.8019
    endloop
  endfacet
  facet normal 0 0 1
    outer loop
      vertex -121.913 7.89927 47.8019
      vertex -87.1038 7.89927 47.8019
      vertex -87.1038 10.3993 47.8019
    endloop
  endfacet
  facet normal 0 0 1
    outer loop
      vertex -87.1038 10.3993 47.8019
      vertex -87.1038 7.89927 47.8019
      vertex -51.9129 7.89927 47.8019
    endloop
  endfacet
  facet normal 0 0 1
    outer loop
      vertex -129.769 6.50068 47.8019
      vertex -129.741 6.58331 47.8019
      vertex -131.913 10.3993 47.8019
    endloop
  endfacet
  facet normal 0 0 1
    outer loop
      vertex -129.413 0.399268 47.8019
      vertex -129.635 4.97577 47.8019
      vertex -129.674 5.05403 47.8019
    endloop
  endfacet
  facet normal 0 0 1
    outer loop
      vertex -129.844 6.16032 47.8019
      vertex -129.831 6.24656 47.8019
      vertex -131.913 10.3993 47.8019
    endloop
  endfacet
  facet normal 0 0 1
    outer loop
      vertex -122.454 5.10284 47.8019
      vertex -125.892 5.55197 47.8019
      vertex -122.579 4.81001 47.8019
    endloop
  endfacet
  facet normal 0 0 1
    outer loop
      vertex -125.892 5.55197 47.8019
      vertex -125.909 5.46639 47.8019
      vertex -122.579 4.81001 47.8019
    endloop
  endfacet
  facet normal 0 0 1
    outer loop
      vertex -122.579 4.81001 47.8019
      vertex -125.909 5.46639 47.8019
      vertex -122.716 4.52274 47.8019
    endloop
  endfacet
  facet normal 0 0 1
    outer loop
      vertex -125.909 5.46639 47.8019
      vertex -125.929 5.38163 47.8019
      vertex -122.716 4.52274 47.8019
    endloop
  endfacet
  facet normal 0 0 1
    outer loop
      vertex -122.716 4.52274 47.8019
      vertex -125.929 5.38163 47.8019
      vertex -122.865 4.24156 47.8019
    endloop
  endfacet
  facet normal 0 0 1
    outer loop
      vertex -129.674 5.05403 47.8019
      vertex -129.709 5.1339 47.8019
      vertex -129.413 0.399268 47.8019
    endloop
  endfacet
  facet normal 0 0 1
    outer loop
      vertex -129.709 5.1339 47.8019
      vertex -129.741 5.21523 47.8019
      vertex -129.413 0.399268 47.8019
    endloop
  endfacet
  facet normal 0 0 1
    outer loop
      vertex -129.413 0.399268 47.8019
      vertex -129.741 5.21523 47.8019
      vertex -129.769 5.29786 47.8019
    endloop
  endfacet
  facet normal 0 0 1
    outer loop
      vertex -129.831 6.24656 47.8019
      vertex -129.814 6.33215 47.8019
      vertex -131.913 10.3993 47.8019
    endloop
  endfacet
  facet normal 0 0 1
    outer loop
      vertex -129.814 6.33215 47.8019
      vertex -129.793 6.41691 47.8019
      vertex -131.913 10.3993 47.8019
    endloop
  endfacet
  facet normal 0 0 1
    outer loop
      vertex -131.913 10.3993 47.8019
      vertex -129.793 6.41691 47.8019
      vertex -129.769 6.50068 47.8019
    endloop
  endfacet
  facet normal 0 0 1
    outer loop
      vertex -129.393 4.61369 47.8019
      vertex -129.448 4.68175 47.8019
      vertex -129.413 0.399268 47.8019
    endloop
  endfacet
  facet normal 0 0 1
    outer loop
      vertex -129.448 4.68175 47.8019
      vertex -129.499 4.75212 47.8019
      vertex -129.413 0.399268 47.8019
    endloop
  endfacet
  facet normal 0 0 1
    outer loop
      vertex -129.769 5.29786 47.8019
      vertex -129.793 5.38163 47.8019
      vertex -129.413 0.399268 47.8019
    endloop
  endfacet
  facet normal 0 0 1
    outer loop
      vertex -129.793 5.38163 47.8019
      vertex -129.814 5.46639 47.8019
      vertex -129.413 0.399268 47.8019
    endloop
  endfacet
  facet normal 0 0 1
    outer loop
      vertex -129.413 0.399268 47.8019
      vertex -129.814 5.46639 47.8019
      vertex -131.913 10.3993 47.8019
    endloop
  endfacet
  facet normal 0 0 1
    outer loop
      vertex -129.814 5.46639 47.8019
      vertex -129.831 5.55197 47.8019
      vertex -131.913 10.3993 47.8019
    endloop
  endfacet
  facet normal 0 0 1
    outer loop
      vertex -131.913 10.3993 47.8019
      vertex -129.831 5.55197 47.8019
      vertex -129.844 5.63822 47.8019
    endloop
  endfacet
  facet normal 0 0 1
    outer loop
      vertex -129.844 5.63822 47.8019
      vertex -129.854 5.72496 47.8019
      vertex -131.913 10.3993 47.8019
    endloop
  endfacet
  facet normal 0 0 1
    outer loop
      vertex -129.854 5.72496 47.8019
      vertex -129.859 5.81203 47.8019
      vertex -131.913 10.3993 47.8019
    endloop
  endfacet
  facet normal 0 0 1
    outer loop
      vertex -131.913 10.3993 47.8019
      vertex -129.859 5.81203 47.8019
      vertex -129.861 5.89927 47.8019
    endloop
  endfacet
  facet normal 0 0 1
    outer loop
      vertex -129.741 6.58331 47.8019
      vertex -129.709 6.66464 47.8019
      vertex -131.913 10.3993 47.8019
    endloop
  endfacet
  facet normal 0 0 1
    outer loop
      vertex -129.709 6.66464 47.8019
      vertex -129.674 6.7445 47.8019
      vertex -131.913 10.3993 47.8019
    endloop
  endfacet
  facet normal 0 0 1
    outer loop
      vertex -131.913 10.3993 47.8019
      vertex -129.674 6.7445 47.8019
      vertex -129.635 6.82277 47.8019
    endloop
  endfacet
  facet normal 0 0 1
    outer loop
      vertex -122.155 6.00943 47.8019
      vertex -125.861 5.89927 47.8019
      vertex -122.242 5.7031 47.8019
    endloop
  endfacet
  facet normal 0 0 1
    outer loop
      vertex -125.861 5.89927 47.8019
      vertex -125.863 5.81203 47.8019
      vertex -122.242 5.7031 47.8019
    endloop
  endfacet
  facet normal 0 0 1
    outer loop
      vertex -122.242 5.7031 47.8019
      vertex -125.863 5.81203 47.8019
      vertex -122.341 5.40072 47.8019
    endloop
  endfacet
  facet normal 0 0 1
    outer loop
      vertex -125.863 5.81203 47.8019
      vertex -125.869 5.72496 47.8019
      vertex -122.341 5.40072 47.8019
    endloop
  endfacet
  facet normal 0 0 1
    outer loop
      vertex -122.341 5.40072 47.8019
      vertex -125.869 5.72496 47.8019
      vertex -122.454 5.10284 47.8019
    endloop
  endfacet
  facet normal 0 0 1
    outer loop
      vertex -125.869 5.72496 47.8019
      vertex -125.878 5.63822 47.8019
      vertex -122.454 5.10284 47.8019
    endloop
  endfacet
  facet normal 0 0 1
    outer loop
      vertex -122.454 5.10284 47.8019
      vertex -125.878 5.63822 47.8019
      vertex -125.892 5.55197 47.8019
    endloop
  endfacet
  facet normal 0 0 1
    outer loop
      vertex -125.929 5.38163 47.8019
      vertex -125.954 5.29786 47.8019
      vertex -122.865 4.24156 47.8019
    endloop
  endfacet
  facet normal 0 0 1
    outer loop
      vertex -125.954 5.29786 47.8019
      vertex -125.982 5.21523 47.8019
      vertex -122.865 4.24156 47.8019
    endloop
  endfacet
  facet normal 0 0 1
    outer loop
      vertex -122.865 4.24156 47.8019
      vertex -125.982 5.21523 47.8019
      vertex -123.026 3.96696 47.8019
    endloop
  endfacet
  facet normal 0 0 1
    outer loop
      vertex -125.982 5.21523 47.8019
      vertex -126.013 5.1339 47.8019
      vertex -123.026 3.96696 47.8019
    endloop
  endfacet
  facet normal 0 0 1
    outer loop
      vertex -123.026 3.96696 47.8019
      vertex -126.013 5.1339 47.8019
      vertex -123.199 3.69946 47.8019
    endloop
  endfacet
  facet normal 0 0 1
    outer loop
      vertex -126.013 5.1339 47.8019
      vertex -126.049 5.05403 47.8019
      vertex -123.199 3.69946 47.8019
    endloop
  endfacet
  facet normal 0 0 1
    outer loop
      vertex -123.199 3.69946 47.8019
      vertex -126.049 5.05403 47.8019
      vertex -123.383 3.43952 47.8019
    endloop
  endfacet
  facet normal 0 0 1
    outer loop
      vertex -129.212 4.42471 47.8019
      vertex -129.275 4.48505 47.8019
      vertex -129.413 0.399268 47.8019
    endloop
  endfacet
  facet normal 0 0 1
    outer loop
      vertex -129.275 4.48505 47.8019
      vertex -129.336 4.54809 47.8019
      vertex -129.413 0.399268 47.8019
    endloop
  endfacet
  facet normal 0 0 1
    outer loop
      vertex -129.413 0.399268 47.8019
      vertex -129.336 4.54809 47.8019
      vertex -129.393 4.61369 47.8019
    endloop
  endfacet
  facet normal 0 0 1
    outer loop
      vertex -129.499 4.75212 47.8019
      vertex -129.548 4.82467 47.8019
      vertex -129.413 0.399268 47.8019
    endloop
  endfacet
  facet normal 0 0 1
    outer loop
      vertex -129.548 4.82467 47.8019
      vertex -129.593 4.89927 47.8019
      vertex -129.413 0.399268 47.8019
    endloop
  endfacet
  facet normal 0 0 1
    outer loop
      vertex -129.413 0.399268 47.8019
      vertex -129.593 4.89927 47.8019
      vertex -129.635 4.97577 47.8019
    endloop
  endfacet
  facet normal 0 0 1
    outer loop
      vertex -129.861 5.89927 47.8019
      vertex -129.859 5.98651 47.8019
      vertex -131.913 10.3993 47.8019
    endloop
  endfacet
  facet normal 0 0 1
    outer loop
      vertex -129.859 5.98651 47.8019
      vertex -129.854 6.07358 47.8019
      vertex -131.913 10.3993 47.8019
    endloop
  endfacet
  facet normal 0 0 1
    outer loop
      vertex -131.913 10.3993 47.8019
      vertex -129.854 6.07358 47.8019
      vertex -129.844 6.16032 47.8019
    endloop
  endfacet
  facet normal 0 0 1
    outer loop
      vertex -129.635 6.82277 47.8019
      vertex -129.593 6.89927 47.8019
      vertex -131.913 10.3993 47.8019
    endloop
  endfacet
  facet normal 0 0 1
    outer loop
      vertex -129.593 6.89927 47.8019
      vertex -129.548 6.97387 47.8019
      vertex -131.913 10.3993 47.8019
    endloop
  endfacet
  facet normal 0 0 1
    outer loop
      vertex -131.913 10.3993 47.8019
      vertex -129.548 6.97387 47.8019
      vertex -129.499 7.04642 47.8019
    endloop
  endfacet
  facet normal 0 0 1
    outer loop
      vertex -129.499 7.04642 47.8019
      vertex -129.448 7.11679 47.8019
      vertex -131.913 10.3993 47.8019
    endloop
  endfacet
  facet normal 0 0 1
    outer loop
      vertex -129.448 7.11679 47.8019
      vertex -129.393 7.18484 47.8019
      vertex -131.913 10.3993 47.8019
    endloop
  endfacet
  facet normal 0 0 1
    outer loop
      vertex -131.913 10.3993 47.8019
      vertex -129.393 7.18484 47.8019
      vertex -129.336 7.25045 47.8019
    endloop
  endfacet
  facet normal 0 0 1
    outer loop
      vertex -126.387 7.25045 47.8019
      vertex -121.913 7.89927 47.8019
      vertex -126.447 7.31348 47.8019
    endloop
  endfacet
  facet normal 0 0 1
    outer loop
      vertex -121.913 7.89927 47.8019
      vertex -126.51 7.37382 47.8019
      vertex -126.447 7.31348 47.8019
    endloop
  endfacet
  facet normal 0 0 1
    outer loop
      vertex -126.087 6.82277 47.8019
      vertex -126.049 6.7445 47.8019
      vertex -121.913 7.89927 47.8019
    endloop
  endfacet
  facet normal 0 0 1
    outer loop
      vertex -126.049 6.7445 47.8019
      vertex -126.013 6.66464 47.8019
      vertex -121.913 7.89927 47.8019
    endloop
  endfacet
  facet normal 0 0 1
    outer loop
      vertex -126.049 5.05403 47.8019
      vertex -126.087 4.97577 47.8019
      vertex -123.383 3.43952 47.8019
    endloop
  endfacet
  facet normal 0 0 1
    outer loop
      vertex -126.087 4.97577 47.8019
      vertex -126.129 4.89927 47.8019
      vertex -123.383 3.43952 47.8019
    endloop
  endfacet
  facet normal 0 0 1
    outer loop
      vertex -123.383 3.43952 47.8019
      vertex -126.129 4.89927 47.8019
      vertex -123.578 3.18762 47.8019
    endloop
  endfacet
  facet normal 0 0 1
    outer loop
      vertex -126.129 4.89927 47.8019
      vertex -126.174 4.82467 47.8019
      vertex -123.578 3.18762 47.8019
    endloop
  endfacet
  facet normal 0 0 1
    outer loop
      vertex -123.578 3.18762 47.8019
      vertex -126.174 4.82467 47.8019
      vertex -123.783 2.94421 47.8019
    endloop
  endfacet
  facet normal 0 0 1
    outer loop
      vertex -126.174 4.82467 47.8019
      vertex -126.223 4.75212 47.8019
      vertex -123.783 2.94421 47.8019
    endloop
  endfacet
  facet normal 0 0 1
    outer loop
      vertex -126.223 4.75212 47.8019
      vertex -126.274 4.68175 47.8019
      vertex -123.783 2.94421 47.8019
    endloop
  endfacet
  facet normal 0 0 1
    outer loop
      vertex -123.783 2.94421 47.8019
      vertex -126.274 4.68175 47.8019
      vertex -123.998 2.70973 47.8019
    endloop
  endfacet
  facet normal 0 0 1
    outer loop
      vertex -126.274 4.68175 47.8019
      vertex -126.329 4.61369 47.8019
      vertex -123.998 2.70973 47.8019
    endloop
  endfacet
  facet normal 0 0 1
    outer loop
      vertex -123.998 2.70973 47.8019
      vertex -126.329 4.61369 47.8019
      vertex -124.223 2.4846 47.8019
    endloop
  endfacet
  facet normal 0 0 1
    outer loop
      vertex -126.329 4.61369 47.8019
      vertex -126.387 4.54809 47.8019
      vertex -124.223 2.4846 47.8019
    endloop
  endfacet
  facet normal 0 0 1
    outer loop
      vertex -126.387 4.54809 47.8019
      vertex -126.447 4.48505 47.8019
      vertex -124.223 2.4846 47.8019
    endloop
  endfacet
  facet normal 0 0 1
    outer loop
      vertex -124.223 2.4846 47.8019
      vertex -126.447 4.48505 47.8019
      vertex -124.458 2.26923 47.8019
    endloop
  endfacet
  facet normal 0 0 1
    outer loop
      vertex -126.447 4.48505 47.8019
      vertex -126.51 4.42471 47.8019
      vertex -124.458 2.26923 47.8019
    endloop
  endfacet
  facet normal 0 0 1
    outer loop
      vertex -124.458 2.26923 47.8019
      vertex -126.51 4.42471 47.8019
      vertex -124.701 2.064 47.8019
    endloop
  endfacet
  facet normal 0 0 1
    outer loop
      vertex -126.51 4.42471 47.8019
      vertex -126.576 4.36718 47.8019
      vertex -124.701 2.064 47.8019
    endloop
  endfacet
  facet normal 0 0 1
    outer loop
      vertex -124.701 2.064 47.8019
      vertex -126.576 4.36718 47.8019
      vertex -124.953 1.86929 47.8019
    endloop
  endfacet
  facet normal 0 0 1
    outer loop
      vertex -128.936 7.58605 47.8019
      vertex -128.861 7.63132 47.8019
      vertex -131.913 10.3993 47.8019
    endloop
  endfacet
  facet normal 0 0 1
    outer loop
      vertex -126.387 7.25045 47.8019
      vertex -126.329 7.18484 47.8019
      vertex -121.913 7.89927 47.8019
    endloop
  endfacet
  facet normal 0 0 1
    outer loop
      vertex -126.329 7.18484 47.8019
      vertex -126.274 7.11679 47.8019
      vertex -121.913 7.89927 47.8019
    endloop
  endfacet
  facet normal 0 0 1
    outer loop
      vertex -121.913 7.89927 47.8019
      vertex -126.274 7.11679 47.8019
      vertex -126.223 7.04642 47.8019
    endloop
  endfacet
  facet normal 0 0 1
    outer loop
      vertex -126.013 6.66464 47.8019
      vertex -125.982 6.58331 47.8019
      vertex -121.913 7.89927 47.8019
    endloop
  endfacet
  facet normal 0 0 1
    outer loop
      vertex -125.982 6.58331 47.8019
      vertex -125.954 6.50068 47.8019
      vertex -121.913 7.89927 47.8019
    endloop
  endfacet
  facet normal 0 0 1
    outer loop
      vertex -121.913 7.89927 47.8019
      vertex -125.954 6.50068 47.8019
      vertex -121.92 7.58096 47.8019
    endloop
  endfacet
  facet normal 0 0 1
    outer loop
      vertex -125.954 6.50068 47.8019
      vertex -125.929 6.41691 47.8019
      vertex -121.92 7.58096 47.8019
    endloop
  endfacet
  facet normal 0 0 1
    outer loop
      vertex -121.92 7.58096 47.8019
      vertex -125.929 6.41691 47.8019
      vertex -121.94 7.26322 47.8019
    endloop
  endfacet
  facet normal 0 0 1
    outer loop
      vertex -125.929 6.41691 47.8019
      vertex -125.909 6.33215 47.8019
      vertex -121.94 7.26322 47.8019
    endloop
  endfacet
  facet normal 0 0 1
    outer loop
      vertex -121.94 7.26322 47.8019
      vertex -125.909 6.33215 47.8019
      vertex -121.974 6.94663 47.8019
    endloop
  endfacet
  facet normal 0 0 1
    outer loop
      vertex -125.909 6.33215 47.8019
      vertex -125.892 6.24656 47.8019
      vertex -121.974 6.94663 47.8019
    endloop
  endfacet
  facet normal 0 0 1
    outer loop
      vertex -121.974 6.94663 47.8019
      vertex -125.892 6.24656 47.8019
      vertex -122.021 6.63176 47.8019
    endloop
  endfacet
  facet normal 0 0 1
    outer loop
      vertex -125.892 6.24656 47.8019
      vertex -125.878 6.16032 47.8019
      vertex -122.021 6.63176 47.8019
    endloop
  endfacet
  facet normal 0 0 1
    outer loop
      vertex -122.021 6.63176 47.8019
      vertex -125.878 6.16032 47.8019
      vertex -122.081 6.31917 47.8019
    endloop
  endfacet
  facet normal 0 0 1
    outer loop
      vertex -125.878 6.16032 47.8019
      vertex -125.869 6.07358 47.8019
      vertex -122.081 6.31917 47.8019
    endloop
  endfacet
  facet normal 0 0 1
    outer loop
      vertex -122.081 6.31917 47.8019
      vertex -125.869 6.07358 47.8019
      vertex -122.155 6.00943 47.8019
    endloop
  endfacet
  facet normal 0 0 1
    outer loop
      vertex -125.869 6.07358 47.8019
      vertex -125.863 5.98651 47.8019
      vertex -122.155 6.00943 47.8019
    endloop
  endfacet
  facet normal 0 0 1
    outer loop
      vertex -122.155 6.00943 47.8019
      vertex -125.863 5.98651 47.8019
      vertex -125.861 5.89927 47.8019
    endloop
  endfacet
  facet normal 0 0 1
    outer loop
      vertex -126.223 7.04642 47.8019
      vertex -126.174 6.97387 47.8019
      vertex -121.913 7.89927 47.8019
    endloop
  endfacet
  facet normal 0 0 1
    outer loop
      vertex -126.174 6.97387 47.8019
      vertex -126.129 6.89927 47.8019
      vertex -121.913 7.89927 47.8019
    endloop
  endfacet
  facet normal 0 0 1
    outer loop
      vertex -121.913 7.89927 47.8019
      vertex -126.129 6.89927 47.8019
      vertex -126.087 6.82277 47.8019
    endloop
  endfacet
  facet normal 0 0 1
    outer loop
      vertex -129.336 7.25045 47.8019
      vertex -129.275 7.31348 47.8019
      vertex -131.913 10.3993 47.8019
    endloop
  endfacet
  facet normal 0 0 1
    outer loop
      vertex -129.275 7.31348 47.8019
      vertex -129.212 7.37382 47.8019
      vertex -131.913 10.3993 47.8019
    endloop
  endfacet
  facet normal 0 0 1
    outer loop
      vertex -131.913 10.3993 47.8019
      vertex -129.212 7.37382 47.8019
      vertex -129.147 7.43136 47.8019
    endloop
  endfacet
  facet normal 0 0 1
    outer loop
      vertex -127.948 7.89736 47.8019
      vertex -127.861 7.89927 47.8019
      vertex -131.913 10.3993 47.8019
    endloop
  endfacet
  facet normal 0 0 1
    outer loop
      vertex -127.861 7.89927 47.8019
      vertex -127.774 7.89736 47.8019
      vertex -131.913 10.3993 47.8019
    endloop
  endfacet
  facet normal 0 0 1
    outer loop
      vertex -131.913 10.3993 47.8019
      vertex -127.774 7.89736 47.8019
      vertex -127.687 7.89166 47.8019
    endloop
  endfacet
  facet normal 0 0 1
    outer loop
      vertex -125.481 1.5128 47.8019
      vertex -126.938 4.12525 47.8019
      vertex -125.755 1.35166 47.8019
    endloop
  endfacet
  facet normal 0 0 1
    outer loop
      vertex -126.938 4.12525 47.8019
      vertex -127.016 4.08665 47.8019
      vertex -125.755 1.35166 47.8019
    endloop
  endfacet
  facet normal 0 0 1
    outer loop
      vertex -125.755 1.35166 47.8019
      vertex -127.016 4.08665 47.8019
      vertex -126.036 1.20232 47.8019
    endloop
  endfacet
  facet normal 0 0 1
    outer loop
      vertex -129.413 0.399268 47.8019
      vertex -128.936 4.21249 47.8019
      vertex -129.008 4.26096 47.8019
    endloop
  endfacet
  facet normal 0 0 1
    outer loop
      vertex -127.016 4.08665 47.8019
      vertex -127.096 4.05151 47.8019
      vertex -126.036 1.20232 47.8019
    endloop
  endfacet
  facet normal 0 0 1
    outer loop
      vertex -127.096 4.05151 47.8019
      vertex -127.177 4.01988 47.8019
      vertex -126.036 1.20232 47.8019
    endloop
  endfacet
  facet normal 0 0 1
    outer loop
      vertex -126.036 1.20232 47.8019
      vertex -127.177 4.01988 47.8019
      vertex -126.324 1.06505 47.8019
    endloop
  endfacet
  facet normal 0 0 1
    outer loop
      vertex -127.177 4.01988 47.8019
      vertex -127.26 3.99183 47.8019
      vertex -126.324 1.06505 47.8019
    endloop
  endfacet
  facet normal 0 0 1
    outer loop
      vertex -126.324 1.06505 47.8019
      vertex -127.26 3.99183 47.8019
      vertex -126.616 0.940101 47.8019
    endloop
  endfacet
  facet normal 0 0 1
    outer loop
      vertex -127.523 0.641271 47.8019
      vertex -127.774 3.90117 47.8019
      vertex -127.833 0.567604 47.8019
    endloop
  endfacet
  facet normal 0 0 1
    outer loop
      vertex -127.774 3.90117 47.8019
      vertex -127.861 3.89927 47.8019
      vertex -127.833 0.567604 47.8019
    endloop
  endfacet
  facet normal 0 0 1
    outer loop
      vertex -127.833 0.567604 47.8019
      vertex -127.861 3.89927 47.8019
      vertex -128.145 0.507149 47.8019
    endloop
  endfacet
  facet normal 0 0 1
    outer loop
      vertex -127.861 3.89927 47.8019
      vertex -127.948 3.90117 47.8019
      vertex -128.145 0.507149 47.8019
    endloop
  endfacet
  facet normal 0 0 1
    outer loop
      vertex -128.145 0.507149 47.8019
      vertex -127.948 3.90117 47.8019
      vertex -128.46 0.460015 47.8019
    endloop
  endfacet
  facet normal 0 0 1
    outer loop
      vertex -128.463 3.99183 47.8019
      vertex -128.545 4.01988 47.8019
      vertex -129.413 0.399268 47.8019
    endloop
  endfacet
  facet normal 0 0 1
    outer loop
      vertex -128.545 4.01988 47.8019
      vertex -128.627 4.05151 47.8019
      vertex -129.413 0.399268 47.8019
    endloop
  endfacet
  facet normal 0 0 1
    outer loop
      vertex -129.413 0.399268 47.8019
      vertex -128.627 4.05151 47.8019
      vertex -128.706 4.08665 47.8019
    endloop
  endfacet
  facet normal 0 0 1
    outer loop
      vertex -128.706 4.08665 47.8019
      vertex -128.785 4.12525 47.8019
      vertex -129.413 0.399268 47.8019
    endloop
  endfacet
  facet normal 0 0 1
    outer loop
      vertex -128.785 4.12525 47.8019
      vertex -128.861 4.16722 47.8019
      vertex -129.413 0.399268 47.8019
    endloop
  endfacet
  facet normal 0 0 1
    outer loop
      vertex -129.413 0.399268 47.8019
      vertex -128.861 4.16722 47.8019
      vertex -128.936 4.21249 47.8019
    endloop
  endfacet
  facet normal 0 0 1
    outer loop
      vertex -129.008 4.26096 47.8019
      vertex -129.079 4.31256 47.8019
      vertex -129.413 0.399268 47.8019
    endloop
  endfacet
  facet normal 0 0 1
    outer loop
      vertex -129.079 4.31256 47.8019
      vertex -129.147 4.36718 47.8019
      vertex -129.413 0.399268 47.8019
    endloop
  endfacet
  facet normal 0 0 1
    outer loop
      vertex -129.413 0.399268 47.8019
      vertex -129.147 4.36718 47.8019
      vertex -129.212 4.42471 47.8019
    endloop
  endfacet
  facet normal 0 0 1
    outer loop
      vertex -129.147 7.43136 47.8019
      vertex -129.079 7.48598 47.8019
      vertex -131.913 10.3993 47.8019
    endloop
  endfacet
  facet normal 0 0 1
    outer loop
      vertex -129.079 7.48598 47.8019
      vertex -129.008 7.53757 47.8019
      vertex -131.913 10.3993 47.8019
    endloop
  endfacet
  facet normal 0 0 1
    outer loop
      vertex -131.913 10.3993 47.8019
      vertex -129.008 7.53757 47.8019
      vertex -128.936 7.58605 47.8019
    endloop
  endfacet
  facet normal 0 0 1
    outer loop
      vertex -128.861 7.63132 47.8019
      vertex -128.785 7.67329 47.8019
      vertex -131.913 10.3993 47.8019
    endloop
  endfacet
  facet normal 0 0 1
    outer loop
      vertex -128.785 7.67329 47.8019
      vertex -128.706 7.71188 47.8019
      vertex -131.913 10.3993 47.8019
    endloop
  endfacet
  facet normal 0 0 1
    outer loop
      vertex -131.913 10.3993 47.8019
      vertex -128.706 7.71188 47.8019
      vertex -128.627 7.74703 47.8019
    endloop
  endfacet
  facet normal 0 0 1
    outer loop
      vertex -128.379 7.83112 47.8019
      vertex -128.294 7.85186 47.8019
      vertex -131.913 10.3993 47.8019
    endloop
  endfacet
  facet normal 0 0 1
    outer loop
      vertex -128.294 7.85186 47.8019
      vertex -128.208 7.86888 47.8019
      vertex -131.913 10.3993 47.8019
    endloop
  endfacet
  facet normal 0 0 1
    outer loop
      vertex -127.177 7.77865 47.8019
      vertex -127.096 7.74703 47.8019
      vertex -121.913 7.89927 47.8019
    endloop
  endfacet
  facet normal 0 0 1
    outer loop
      vertex -127.096 7.74703 47.8019
      vertex -127.016 7.71188 47.8019
      vertex -121.913 7.89927 47.8019
    endloop
  endfacet
  facet normal 0 0 1
    outer loop
      vertex -121.913 7.89927 47.8019
      vertex -127.016 7.71188 47.8019
      vertex -126.938 7.67329 47.8019
    endloop
  endfacet
  facet normal 0 0 1
    outer loop
      vertex -126.938 7.67329 47.8019
      vertex -126.861 7.63132 47.8019
      vertex -121.913 7.89927 47.8019
    endloop
  endfacet
  facet normal 0 0 1
    outer loop
      vertex -126.861 7.63132 47.8019
      vertex -126.787 7.58605 47.8019
      vertex -121.913 7.89927 47.8019
    endloop
  endfacet
  facet normal 0 0 1
    outer loop
      vertex -121.913 7.89927 47.8019
      vertex -126.787 7.58605 47.8019
      vertex -126.714 7.53757 47.8019
    endloop
  endfacet
  facet normal 0 0 1
    outer loop
      vertex -126.714 7.53757 47.8019
      vertex -126.644 7.48598 47.8019
      vertex -121.913 7.89927 47.8019
    endloop
  endfacet
  facet normal 0 0 1
    outer loop
      vertex -126.644 7.48598 47.8019
      vertex -126.576 7.43136 47.8019
      vertex -121.913 7.89927 47.8019
    endloop
  endfacet
  facet normal 0 0 1
    outer loop
      vertex -121.913 7.89927 47.8019
      vertex -126.576 7.43136 47.8019
      vertex -126.51 7.37382 47.8019
    endloop
  endfacet
  facet normal 0 0 1
    outer loop
      vertex -126.576 4.36718 47.8019
      vertex -126.644 4.31256 47.8019
      vertex -124.953 1.86929 47.8019
    endloop
  endfacet
  facet normal 0 0 1
    outer loop
      vertex -126.644 4.31256 47.8019
      vertex -126.714 4.26096 47.8019
      vertex -124.953 1.86929 47.8019
    endloop
  endfacet
  facet normal 0 0 1
    outer loop
      vertex -124.953 1.86929 47.8019
      vertex -126.714 4.26096 47.8019
      vertex -125.213 1.68545 47.8019
    endloop
  endfacet
  facet normal 0 0 1
    outer loop
      vertex -126.714 4.26096 47.8019
      vertex -126.787 4.21249 47.8019
      vertex -125.213 1.68545 47.8019
    endloop
  endfacet
  facet normal 0 0 1
    outer loop
      vertex -125.213 1.68545 47.8019
      vertex -126.787 4.21249 47.8019
      vertex -125.481 1.5128 47.8019
    endloop
  endfacet
  facet normal 0 0 1
    outer loop
      vertex -126.787 4.21249 47.8019
      vertex -126.861 4.16722 47.8019
      vertex -125.481 1.5128 47.8019
    endloop
  endfacet
  facet normal 0 0 1
    outer loop
      vertex -125.481 1.5128 47.8019
      vertex -126.861 4.16722 47.8019
      vertex -126.938 4.12525 47.8019
    endloop
  endfacet
  facet normal 0 0 1
    outer loop
      vertex -127.948 3.90117 47.8019
      vertex -128.035 3.90688 47.8019
      vertex -128.46 0.460015 47.8019
    endloop
  endfacet
  facet normal 0 0 1
    outer loop
      vertex -128.035 3.90688 47.8019
      vertex -128.122 3.91638 47.8019
      vertex -128.46 0.460015 47.8019
    endloop
  endfacet
  facet normal 0 0 1
    outer loop
      vertex -128.46 0.460015 47.8019
      vertex -128.122 3.91638 47.8019
      vertex -128.777 0.426287 47.8019
    endloop
  endfacet
  facet normal 0 0 1
    outer loop
      vertex -128.122 3.91638 47.8019
      vertex -128.208 3.92965 47.8019
      vertex -128.777 0.426287 47.8019
    endloop
  endfacet
  facet normal 0 0 1
    outer loop
      vertex -128.777 0.426287 47.8019
      vertex -128.208 3.92965 47.8019
      vertex -129.095 0.406026 47.8019
    endloop
  endfacet
  facet normal 0 0 1
    outer loop
      vertex -128.208 3.92965 47.8019
      vertex -128.294 3.94668 47.8019
      vertex -129.095 0.406026 47.8019
    endloop
  endfacet
  facet normal 0 0 1
    outer loop
      vertex -129.095 0.406026 47.8019
      vertex -128.294 3.94668 47.8019
      vertex -129.413 0.399268 47.8019
    endloop
  endfacet
  facet normal 0 0 1
    outer loop
      vertex -128.294 3.94668 47.8019
      vertex -128.379 3.96742 47.8019
      vertex -129.413 0.399268 47.8019
    endloop
  endfacet
  facet normal 0 0 1
    outer loop
      vertex -129.413 0.399268 47.8019
      vertex -128.379 3.96742 47.8019
      vertex -128.463 3.99183 47.8019
    endloop
  endfacet
  facet normal 0 0 1
    outer loop
      vertex -128.627 7.74703 47.8019
      vertex -128.545 7.77865 47.8019
      vertex -131.913 10.3993 47.8019
    endloop
  endfacet
  facet normal 0 0 1
    outer loop
      vertex -128.545 7.77865 47.8019
      vertex -128.463 7.8067 47.8019
      vertex -131.913 10.3993 47.8019
    endloop
  endfacet
  facet normal 0 0 1
    outer loop
      vertex -131.913 10.3993 47.8019
      vertex -128.463 7.8067 47.8019
      vertex -128.379 7.83112 47.8019
    endloop
  endfacet
  facet normal 0 0 1
    outer loop
      vertex -128.208 7.86888 47.8019
      vertex -128.122 7.88216 47.8019
      vertex -131.913 10.3993 47.8019
    endloop
  endfacet
  facet normal 0 0 1
    outer loop
      vertex -128.122 7.88216 47.8019
      vertex -128.035 7.89166 47.8019
      vertex -131.913 10.3993 47.8019
    endloop
  endfacet
  facet normal 0 0 1
    outer loop
      vertex -131.913 10.3993 47.8019
      vertex -128.035 7.89166 47.8019
      vertex -127.948 7.89736 47.8019
    endloop
  endfacet
  facet normal 0 0 1
    outer loop
      vertex -131.913 10.3993 47.8019
      vertex -127.428 7.85186 47.8019
      vertex -127.344 7.83112 47.8019
    endloop
  endfacet
  facet normal 0 0 1
    outer loop
      vertex -131.913 10.3993 47.8019
      vertex -127.344 7.83112 47.8019
      vertex -121.913 7.89927 47.8019
    endloop
  endfacet
  facet normal 0 0 1
    outer loop
      vertex -127.344 7.83112 47.8019
      vertex -127.26 7.8067 47.8019
      vertex -121.913 7.89927 47.8019
    endloop
  endfacet
  facet normal 0 0 1
    outer loop
      vertex -121.913 7.89927 47.8019
      vertex -127.26 7.8067 47.8019
      vertex -127.177 7.77865 47.8019
    endloop
  endfacet
  facet normal 0 0 1
    outer loop
      vertex -127.26 3.99183 47.8019
      vertex -127.344 3.96742 47.8019
      vertex -126.616 0.940101 47.8019
    endloop
  endfacet
  facet normal 0 0 1
    outer loop
      vertex -127.344 3.96742 47.8019
      vertex -127.428 3.94668 47.8019
      vertex -126.616 0.940101 47.8019
    endloop
  endfacet
  facet normal 0 0 1
    outer loop
      vertex -126.616 0.940101 47.8019
      vertex -127.428 3.94668 47.8019
      vertex -126.914 0.827688 47.8019
    endloop
  endfacet
  facet normal 0 0 1
    outer loop
      vertex -127.428 3.94668 47.8019
      vertex -127.514 3.92965 47.8019
      vertex -126.914 0.827688 47.8019
    endloop
  endfacet
  facet normal 0 0 1
    outer loop
      vertex -126.914 0.827688 47.8019
      vertex -127.514 3.92965 47.8019
      vertex -127.217 0.728018 47.8019
    endloop
  endfacet
  facet normal 0 0 1
    outer loop
      vertex -127.514 3.92965 47.8019
      vertex -127.6 3.91638 47.8019
      vertex -127.217 0.728018 47.8019
    endloop
  endfacet
  facet normal 0 0 1
    outer loop
      vertex -127.217 0.728018 47.8019
      vertex -127.6 3.91638 47.8019
      vertex -127.523 0.641271 47.8019
    endloop
  endfacet
  facet normal 0 0 1
    outer loop
      vertex -127.6 3.91638 47.8019
      vertex -127.687 3.90688 47.8019
      vertex -127.523 0.641271 47.8019
    endloop
  endfacet
  facet normal 0 0 1
    outer loop
      vertex -127.523 0.641271 47.8019
      vertex -127.687 3.90688 47.8019
      vertex -127.774 3.90117 47.8019
    endloop
  endfacet
  facet normal 0 0 1
    outer loop
      vertex -127.687 7.89166 47.8019
      vertex -127.6 7.88216 47.8019
      vertex -131.913 10.3993 47.8019
    endloop
  endfacet
  facet normal 0 0 1
    outer loop
      vertex -127.6 7.88216 47.8019
      vertex -127.514 7.86888 47.8019
      vertex -131.913 10.3993 47.8019
    endloop
  endfacet
  facet normal 0 0 1
    outer loop
      vertex -131.913 10.3993 47.8019
      vertex -127.514 7.86888 47.8019
      vertex -127.428 7.85186 47.8019
    endloop
  endfacet
  facet normal 0 0 1
    outer loop
      vertex -131.913 -44.6007 47.8019
      vertex -87.1038 -44.6007 47.8019
      vertex -121.913 -42.1007 47.8019
    endloop
  endfacet
  facet normal 0 0 1
    outer loop
      vertex -87.1038 -44.6007 47.8019
      vertex -87.1038 -42.1007 47.8019
      vertex -121.913 -42.1007 47.8019
    endloop
  endfacet
  facet normal 0 0 1
    outer loop
      vertex -130.009 -40.3985 47.8019
      vertex -130.034 -40.3147 47.8019
      vertex -131.913 -44.6007 47.8019
    endloop
  endfacet
  facet normal 0 0 1
    outer loop
      vertex -126.289 -40.6423 47.8019
      vertex -126.328 -40.7206 47.8019
      vertex -121.913 -42.1007 47.8019
    endloop
  endfacet
  facet normal 0 0 1
    outer loop
      vertex -130.055 -39.3642 47.8019
      vertex -130.034 -39.2795 47.8019
      vertex -129.413 -34.6007 47.8019
    endloop
  endfacet
  facet normal 0 0 1
    outer loop
      vertex -129.95 -39.0317 47.8019
      vertex -129.915 -38.9519 47.8019
      vertex -129.413 -34.6007 47.8019
    endloop
  endfacet
  facet normal 0 0 1
    outer loop
      vertex -129.915 -38.9519 47.8019
      vertex -129.876 -38.8736 47.8019
      vertex -129.413 -34.6007 47.8019
    endloop
  endfacet
  facet normal 0 0 1
    outer loop
      vertex -129.413 -34.6007 47.8019
      vertex -129.876 -38.8736 47.8019
      vertex -129.834 -38.7971 47.8019
    endloop
  endfacet
  facet normal 0 0 1
    outer loop
      vertex -129.577 -38.4459 47.8019
      vertex -129.413 -34.6007 47.8019
      vertex -129.634 -38.5115 47.8019
    endloop
  endfacet
  facet normal 0 0 1
    outer loop
      vertex -129.413 -34.6007 47.8019
      vertex -129.689 -38.5796 47.8019
      vertex -129.634 -38.5115 47.8019
    endloop
  endfacet
  facet normal 0 0 1
    outer loop
      vertex -123.087 -38.071 47.8019
      vertex -126.195 -39.1957 47.8019
      vertex -122.918 -38.3507 47.8019
    endloop
  endfacet
  facet normal 0 0 1
    outer loop
      vertex -126.195 -39.1957 47.8019
      vertex -126.17 -39.2795 47.8019
      vertex -122.918 -38.3507 47.8019
    endloop
  endfacet
  facet normal 0 0 1
    outer loop
      vertex -122.918 -38.3507 47.8019
      vertex -126.17 -39.2795 47.8019
      vertex -122.76 -38.6376 47.8019
    endloop
  endfacet
  facet normal 0 0 1
    outer loop
      vertex -126.17 -39.2795 47.8019
      vertex -126.149 -39.3642 47.8019
      vertex -122.76 -38.6376 47.8019
    endloop
  endfacet
  facet normal 0 0 1
    outer loop
      vertex -122.76 -38.6376 47.8019
      vertex -126.149 -39.3642 47.8019
      vertex -122.616 -38.9311 47.8019
    endloop
  endfacet
  facet normal 0 0 1
    outer loop
      vertex -126.289 -40.6423 47.8019
      vertex -121.913 -42.1007 47.8019
      vertex -126.254 -40.5625 47.8019
    endloop
  endfacet
  facet normal 0 0 1
    outer loop
      vertex -129.915 -40.6423 47.8019
      vertex -129.95 -40.5625 47.8019
      vertex -131.913 -44.6007 47.8019
    endloop
  endfacet
  facet normal 0 0 1
    outer loop
      vertex -129.95 -40.5625 47.8019
      vertex -129.981 -40.4811 47.8019
      vertex -131.913 -44.6007 47.8019
    endloop
  endfacet
  facet normal 0 0 1
    outer loop
      vertex -131.913 -44.6007 47.8019
      vertex -129.981 -40.4811 47.8019
      vertex -130.009 -40.3985 47.8019
    endloop
  endfacet
  facet normal 0 0 1
    outer loop
      vertex -130.034 -40.3147 47.8019
      vertex -130.055 -40.23 47.8019
      vertex -131.913 -44.6007 47.8019
    endloop
  endfacet
  facet normal 0 0 1
    outer loop
      vertex -130.055 -40.23 47.8019
      vertex -130.072 -40.1444 47.8019
      vertex -131.913 -44.6007 47.8019
    endloop
  endfacet
  facet normal 0 0 1
    outer loop
      vertex -131.913 -44.6007 47.8019
      vertex -130.072 -40.1444 47.8019
      vertex -130.085 -40.0582 47.8019
    endloop
  endfacet
  facet normal 0 0 1
    outer loop
      vertex -130.085 -39.536 47.8019
      vertex -130.072 -39.4498 47.8019
      vertex -131.913 -44.6007 47.8019
    endloop
  endfacet
  facet normal 0 0 1
    outer loop
      vertex -130.034 -39.2795 47.8019
      vertex -130.009 -39.1957 47.8019
      vertex -129.413 -34.6007 47.8019
    endloop
  endfacet
  facet normal 0 0 1
    outer loop
      vertex -130.009 -39.1957 47.8019
      vertex -129.981 -39.1131 47.8019
      vertex -129.413 -34.6007 47.8019
    endloop
  endfacet
  facet normal 0 0 1
    outer loop
      vertex -129.413 -34.6007 47.8019
      vertex -129.981 -39.1131 47.8019
      vertex -129.95 -39.0317 47.8019
    endloop
  endfacet
  facet normal 0 0 1
    outer loop
      vertex -122.091 -40.4774 47.8019
      vertex -126.119 -40.0582 47.8019
      vertex -122.027 -40.7984 47.8019
    endloop
  endfacet
  facet normal 0 0 1
    outer loop
      vertex -126.119 -40.0582 47.8019
      vertex -126.132 -40.1444 47.8019
      vertex -122.027 -40.7984 47.8019
    endloop
  endfacet
  facet normal 0 0 1
    outer loop
      vertex -122.027 -40.7984 47.8019
      vertex -126.132 -40.1444 47.8019
      vertex -121.977 -41.1218 47.8019
    endloop
  endfacet
  facet normal 0 0 1
    outer loop
      vertex -126.132 -40.1444 47.8019
      vertex -126.149 -40.23 47.8019
      vertex -121.977 -41.1218 47.8019
    endloop
  endfacet
  facet normal 0 0 1
    outer loop
      vertex -121.977 -41.1218 47.8019
      vertex -126.149 -40.23 47.8019
      vertex -121.941 -41.4471 47.8019
    endloop
  endfacet
  facet normal 0 0 1
    outer loop
      vertex -126.149 -40.23 47.8019
      vertex -126.17 -40.3147 47.8019
      vertex -121.941 -41.4471 47.8019
    endloop
  endfacet
  facet normal 0 0 1
    outer loop
      vertex -121.941 -41.4471 47.8019
      vertex -126.17 -40.3147 47.8019
      vertex -121.92 -41.7736 47.8019
    endloop
  endfacet
  facet normal 0 0 1
    outer loop
      vertex -126.17 -40.3147 47.8019
      vertex -126.195 -40.3985 47.8019
      vertex -121.92 -41.7736 47.8019
    endloop
  endfacet
  facet normal 0 0 1
    outer loop
      vertex -121.92 -41.7736 47.8019
      vertex -126.195 -40.3985 47.8019
      vertex -121.913 -42.1007 47.8019
    endloop
  endfacet
  facet normal 0 0 1
    outer loop
      vertex -126.195 -40.3985 47.8019
      vertex -126.223 -40.4811 47.8019
      vertex -121.913 -42.1007 47.8019
    endloop
  endfacet
  facet normal 0 0 1
    outer loop
      vertex -121.913 -42.1007 47.8019
      vertex -126.223 -40.4811 47.8019
      vertex -126.254 -40.5625 47.8019
    endloop
  endfacet
  facet normal 0 0 1
    outer loop
      vertex -129.634 -41.0827 47.8019
      vertex -129.689 -41.0146 47.8019
      vertex -131.913 -44.6007 47.8019
    endloop
  endfacet
  facet normal 0 0 1
    outer loop
      vertex -129.689 -41.0146 47.8019
      vertex -129.74 -40.9443 47.8019
      vertex -131.913 -44.6007 47.8019
    endloop
  endfacet
  facet normal 0 0 1
    outer loop
      vertex -131.913 -44.6007 47.8019
      vertex -129.74 -40.9443 47.8019
      vertex -129.789 -40.8717 47.8019
    endloop
  endfacet
  facet normal 0 0 1
    outer loop
      vertex -129.834 -38.7971 47.8019
      vertex -129.789 -38.7225 47.8019
      vertex -129.413 -34.6007 47.8019
    endloop
  endfacet
  facet normal 0 0 1
    outer loop
      vertex -129.789 -38.7225 47.8019
      vertex -129.74 -38.65 47.8019
      vertex -129.413 -34.6007 47.8019
    endloop
  endfacet
  facet normal 0 0 1
    outer loop
      vertex -129.413 -34.6007 47.8019
      vertex -129.74 -38.65 47.8019
      vertex -129.689 -38.5796 47.8019
    endloop
  endfacet
  facet normal 0 0 1
    outer loop
      vertex -124.847 -36.1506 47.8019
      vertex -126.751 -38.3225 47.8019
      vertex -124.592 -36.3554 47.8019
    endloop
  endfacet
  facet normal 0 0 1
    outer loop
      vertex -126.751 -38.3225 47.8019
      vertex -126.688 -38.3829 47.8019
      vertex -124.592 -36.3554 47.8019
    endloop
  endfacet
  facet normal 0 0 1
    outer loop
      vertex -124.592 -36.3554 47.8019
      vertex -126.688 -38.3829 47.8019
      vertex -124.346 -36.5712 47.8019
    endloop
  endfacet
  facet normal 0 0 1
    outer loop
      vertex -123.883 -37.0338 47.8019
      vertex -126.415 -38.7225 47.8019
      vertex -123.668 -37.2798 47.8019
    endloop
  endfacet
  facet normal 0 0 1
    outer loop
      vertex -126.415 -38.7225 47.8019
      vertex -126.37 -38.7971 47.8019
      vertex -123.668 -37.2798 47.8019
    endloop
  endfacet
  facet normal 0 0 1
    outer loop
      vertex -123.668 -37.2798 47.8019
      vertex -126.37 -38.7971 47.8019
      vertex -123.463 -37.535 47.8019
    endloop
  endfacet
  facet normal 0 0 1
    outer loop
      vertex -126.37 -38.7971 47.8019
      vertex -126.328 -38.8736 47.8019
      vertex -123.463 -37.535 47.8019
    endloop
  endfacet
  facet normal 0 0 1
    outer loop
      vertex -126.328 -38.8736 47.8019
      vertex -126.289 -38.9519 47.8019
      vertex -123.463 -37.535 47.8019
    endloop
  endfacet
  facet normal 0 0 1
    outer loop
      vertex -123.463 -37.535 47.8019
      vertex -126.289 -38.9519 47.8019
      vertex -123.269 -37.7989 47.8019
    endloop
  endfacet
  facet normal 0 0 1
    outer loop
      vertex -126.289 -38.9519 47.8019
      vertex -126.254 -39.0317 47.8019
      vertex -123.269 -37.7989 47.8019
    endloop
  endfacet
  facet normal 0 0 1
    outer loop
      vertex -123.269 -37.7989 47.8019
      vertex -126.254 -39.0317 47.8019
      vertex -123.087 -38.071 47.8019
    endloop
  endfacet
  facet normal 0 0 1
    outer loop
      vertex -126.254 -39.0317 47.8019
      vertex -126.223 -39.1131 47.8019
      vertex -123.087 -38.071 47.8019
    endloop
  endfacet
  facet normal 0 0 1
    outer loop
      vertex -123.087 -38.071 47.8019
      vertex -126.223 -39.1131 47.8019
      vertex -126.195 -39.1957 47.8019
    endloop
  endfacet
  facet normal 0 0 1
    outer loop
      vertex -126.149 -39.3642 47.8019
      vertex -126.132 -39.4498 47.8019
      vertex -122.616 -38.9311 47.8019
    endloop
  endfacet
  facet normal 0 0 1
    outer loop
      vertex -126.132 -39.4498 47.8019
      vertex -126.119 -39.536 47.8019
      vertex -122.616 -38.9311 47.8019
    endloop
  endfacet
  facet normal 0 0 1
    outer loop
      vertex -122.616 -38.9311 47.8019
      vertex -126.119 -39.536 47.8019
      vertex -122.484 -39.2306 47.8019
    endloop
  endfacet
  facet normal 0 0 1
    outer loop
      vertex -126.119 -39.536 47.8019
      vertex -126.11 -39.6228 47.8019
      vertex -122.484 -39.2306 47.8019
    endloop
  endfacet
  facet normal 0 0 1
    outer loop
      vertex -122.484 -39.2306 47.8019
      vertex -126.11 -39.6228 47.8019
      vertex -122.365 -39.5356 47.8019
    endloop
  endfacet
  facet normal 0 0 1
    outer loop
      vertex -126.11 -39.6228 47.8019
      vertex -126.104 -39.7099 47.8019
      vertex -122.365 -39.5356 47.8019
    endloop
  endfacet
  facet normal 0 0 1
    outer loop
      vertex -122.365 -39.5356 47.8019
      vertex -126.104 -39.7099 47.8019
      vertex -122.26 -39.8454 47.8019
    endloop
  endfacet
  facet normal 0 0 1
    outer loop
      vertex -126.104 -39.7099 47.8019
      vertex -126.102 -39.7971 47.8019
      vertex -122.26 -39.8454 47.8019
    endloop
  endfacet
  facet normal 0 0 1
    outer loop
      vertex -122.26 -39.8454 47.8019
      vertex -126.102 -39.7971 47.8019
      vertex -122.168 -40.1596 47.8019
    endloop
  endfacet
  facet normal 0 0 1
    outer loop
      vertex -126.102 -39.7971 47.8019
      vertex -126.104 -39.8843 47.8019
      vertex -122.168 -40.1596 47.8019
    endloop
  endfacet
  facet normal 0 0 1
    outer loop
      vertex -122.168 -40.1596 47.8019
      vertex -126.104 -39.8843 47.8019
      vertex -122.091 -40.4774 47.8019
    endloop
  endfacet
  facet normal 0 0 1
    outer loop
      vertex -126.104 -39.8843 47.8019
      vertex -126.11 -39.9714 47.8019
      vertex -122.091 -40.4774 47.8019
    endloop
  endfacet
  facet normal 0 0 1
    outer loop
      vertex -122.091 -40.4774 47.8019
      vertex -126.11 -39.9714 47.8019
      vertex -126.119 -40.0582 47.8019
    endloop
  endfacet
  facet normal 0 0 1
    outer loop
      vertex -126.328 -40.7206 47.8019
      vertex -126.37 -40.7971 47.8019
      vertex -121.913 -42.1007 47.8019
    endloop
  endfacet
  facet normal 0 0 1
    outer loop
      vertex -126.37 -40.7971 47.8019
      vertex -126.415 -40.8717 47.8019
      vertex -121.913 -42.1007 47.8019
    endloop
  endfacet
  facet normal 0 0 1
    outer loop
      vertex -121.913 -42.1007 47.8019
      vertex -126.415 -40.8717 47.8019
      vertex -126.464 -40.9443 47.8019
    endloop
  endfacet
  facet normal 0 0 1
    outer loop
      vertex -129.789 -40.8717 47.8019
      vertex -129.834 -40.7971 47.8019
      vertex -131.913 -44.6007 47.8019
    endloop
  endfacet
  facet normal 0 0 1
    outer loop
      vertex -129.834 -40.7971 47.8019
      vertex -129.876 -40.7206 47.8019
      vertex -131.913 -44.6007 47.8019
    endloop
  endfacet
  facet normal 0 0 1
    outer loop
      vertex -131.913 -44.6007 47.8019
      vertex -129.876 -40.7206 47.8019
      vertex -129.915 -40.6423 47.8019
    endloop
  endfacet
  facet normal 0 0 1
    outer loop
      vertex -130.085 -40.0582 47.8019
      vertex -130.094 -39.9714 47.8019
      vertex -131.913 -44.6007 47.8019
    endloop
  endfacet
  facet normal 0 0 1
    outer loop
      vertex -130.094 -39.9714 47.8019
      vertex -130.1 -39.8843 47.8019
      vertex -131.913 -44.6007 47.8019
    endloop
  endfacet
  facet normal 0 0 1
    outer loop
      vertex -131.913 -44.6007 47.8019
      vertex -130.1 -39.8843 47.8019
      vertex -130.102 -39.7971 47.8019
    endloop
  endfacet
  facet normal 0 0 1
    outer loop
      vertex -130.072 -39.4498 47.8019
      vertex -130.055 -39.3642 47.8019
      vertex -131.913 -44.6007 47.8019
    endloop
  endfacet
  facet normal 0 0 1
    outer loop
      vertex -130.055 -39.3642 47.8019
      vertex -129.413 -34.6007 47.8019
      vertex -131.913 -44.6007 47.8019
    endloop
  endfacet
  facet normal 0 0 1
    outer loop
      vertex -131.913 -44.6007 47.8019
      vertex -129.413 -34.6007 47.8019
      vertex -131.913 -16.9489 47.8019
    endloop
  endfacet
  facet normal 0 0 1
    outer loop
      vertex -129.413 -34.6007 47.8019
      vertex -129.413 -16.9489 47.8019
      vertex -131.913 -16.9489 47.8019
    endloop
  endfacet
  facet normal 0 0 1
    outer loop
      vertex -131.913 -16.9489 47.8019
      vertex -129.413 -16.9489 47.8019
      vertex -129.413 0.399268 47.8019
    endloop
  endfacet
  facet normal 0 0 1
    outer loop
      vertex -126.688 -38.3829 47.8019
      vertex -126.627 -38.4459 47.8019
      vertex -124.346 -36.5712 47.8019
    endloop
  endfacet
  facet normal 0 0 1
    outer loop
      vertex -126.627 -38.4459 47.8019
      vertex -126.57 -38.5115 47.8019
      vertex -124.346 -36.5712 47.8019
    endloop
  endfacet
  facet normal 0 0 1
    outer loop
      vertex -124.346 -36.5712 47.8019
      vertex -126.57 -38.5115 47.8019
      vertex -124.11 -36.7974 47.8019
    endloop
  endfacet
  facet normal 0 0 1
    outer loop
      vertex -126.57 -38.5115 47.8019
      vertex -126.515 -38.5796 47.8019
      vertex -124.11 -36.7974 47.8019
    endloop
  endfacet
  facet normal 0 0 1
    outer loop
      vertex -124.11 -36.7974 47.8019
      vertex -126.515 -38.5796 47.8019
      vertex -123.883 -37.0338 47.8019
    endloop
  endfacet
  facet normal 0 0 1
    outer loop
      vertex -126.515 -38.5796 47.8019
      vertex -126.464 -38.65 47.8019
      vertex -123.883 -37.0338 47.8019
    endloop
  endfacet
  facet normal 0 0 1
    outer loop
      vertex -123.883 -37.0338 47.8019
      vertex -126.464 -38.65 47.8019
      vertex -126.415 -38.7225 47.8019
    endloop
  endfacet
  facet normal 0 0 1
    outer loop
      vertex -126.464 -40.9443 47.8019
      vertex -126.515 -41.0146 47.8019
      vertex -121.913 -42.1007 47.8019
    endloop
  endfacet
  facet normal 0 0 1
    outer loop
      vertex -126.515 -41.0146 47.8019
      vertex -126.57 -41.0827 47.8019
      vertex -121.913 -42.1007 47.8019
    endloop
  endfacet
  facet normal 0 0 1
    outer loop
      vertex -121.913 -42.1007 47.8019
      vertex -126.57 -41.0827 47.8019
      vertex -126.627 -41.1483 47.8019
    endloop
  endfacet
  facet normal 0 0 1
    outer loop
      vertex -126.627 -41.1483 47.8019
      vertex -126.688 -41.2113 47.8019
      vertex -121.913 -42.1007 47.8019
    endloop
  endfacet
  facet normal 0 0 1
    outer loop
      vertex -126.688 -41.2113 47.8019
      vertex -126.751 -41.2717 47.8019
      vertex -121.913 -42.1007 47.8019
    endloop
  endfacet
  facet normal 0 0 1
    outer loop
      vertex -121.913 -42.1007 47.8019
      vertex -126.751 -41.2717 47.8019
      vertex -126.816 -41.3292 47.8019
    endloop
  endfacet
  facet normal 0 0 1
    outer loop
      vertex -127.418 -41.6765 47.8019
      vertex -121.913 -42.1007 47.8019
      vertex -127.337 -41.6449 47.8019
    endloop
  endfacet
  facet normal 0 0 1
    outer loop
      vertex -121.913 -42.1007 47.8019
      vertex -127.257 -41.6097 47.8019
      vertex -127.337 -41.6449 47.8019
    endloop
  endfacet
  facet normal 0 0 1
    outer loop
      vertex -128.786 -41.6765 47.8019
      vertex -128.867 -41.6449 47.8019
      vertex -131.913 -44.6007 47.8019
    endloop
  endfacet
  facet normal 0 0 1
    outer loop
      vertex -128.867 -41.6449 47.8019
      vertex -128.947 -41.6097 47.8019
      vertex -131.913 -44.6007 47.8019
    endloop
  endfacet
  facet normal 0 0 1
    outer loop
      vertex -131.913 -44.6007 47.8019
      vertex -128.947 -41.6097 47.8019
      vertex -129.026 -41.5711 47.8019
    endloop
  endfacet
  facet normal 0 0 1
    outer loop
      vertex -130.102 -39.7971 47.8019
      vertex -130.1 -39.7099 47.8019
      vertex -131.913 -44.6007 47.8019
    endloop
  endfacet
  facet normal 0 0 1
    outer loop
      vertex -130.1 -39.7099 47.8019
      vertex -130.094 -39.6228 47.8019
      vertex -131.913 -44.6007 47.8019
    endloop
  endfacet
  facet normal 0 0 1
    outer loop
      vertex -131.913 -44.6007 47.8019
      vertex -130.094 -39.6228 47.8019
      vertex -130.085 -39.536 47.8019
    endloop
  endfacet
  facet normal 0 0 1
    outer loop
      vertex -128.947 -37.9845 47.8019
      vertex -128.867 -37.9493 47.8019
      vertex -129.413 -34.6007 47.8019
    endloop
  endfacet
  facet normal 0 0 1
    outer loop
      vertex -128.867 -37.9493 47.8019
      vertex -128.786 -37.9177 47.8019
      vertex -129.413 -34.6007 47.8019
    endloop
  endfacet
  facet normal 0 0 1
    outer loop
      vertex -129.413 -34.6007 47.8019
      vertex -128.786 -37.9177 47.8019
      vertex -128.703 -37.8897 47.8019
    endloop
  endfacet
  facet normal 0 0 1
    outer loop
      vertex -126.816 -41.3292 47.8019
      vertex -126.885 -41.3838 47.8019
      vertex -121.913 -42.1007 47.8019
    endloop
  endfacet
  facet normal 0 0 1
    outer loop
      vertex -126.885 -41.3838 47.8019
      vertex -126.955 -41.4354 47.8019
      vertex -121.913 -42.1007 47.8019
    endloop
  endfacet
  facet normal 0 0 1
    outer loop
      vertex -121.913 -42.1007 47.8019
      vertex -126.955 -41.4354 47.8019
      vertex -127.027 -41.4839 47.8019
    endloop
  endfacet
  facet normal 0 0 1
    outer loop
      vertex -129.026 -41.5711 47.8019
      vertex -129.102 -41.5292 47.8019
      vertex -131.913 -44.6007 47.8019
    endloop
  endfacet
  facet normal 0 0 1
    outer loop
      vertex -129.102 -41.5292 47.8019
      vertex -129.177 -41.4839 47.8019
      vertex -131.913 -44.6007 47.8019
    endloop
  endfacet
  facet normal 0 0 1
    outer loop
      vertex -131.913 -44.6007 47.8019
      vertex -129.177 -41.4839 47.8019
      vertex -129.249 -41.4354 47.8019
    endloop
  endfacet
  facet normal 0 0 1
    outer loop
      vertex -129.577 -38.4459 47.8019
      vertex -129.516 -38.3829 47.8019
      vertex -129.413 -34.6007 47.8019
    endloop
  endfacet
  facet normal 0 0 1
    outer loop
      vertex -129.516 -38.3829 47.8019
      vertex -129.453 -38.3225 47.8019
      vertex -129.413 -34.6007 47.8019
    endloop
  endfacet
  facet normal 0 0 1
    outer loop
      vertex -129.413 -34.6007 47.8019
      vertex -129.453 -38.3225 47.8019
      vertex -129.388 -38.265 47.8019
    endloop
  endfacet
  facet normal 0 0 1
    outer loop
      vertex -129.388 -38.265 47.8019
      vertex -129.32 -38.2104 47.8019
      vertex -129.413 -34.6007 47.8019
    endloop
  endfacet
  facet normal 0 0 1
    outer loop
      vertex -129.32 -38.2104 47.8019
      vertex -129.249 -38.1588 47.8019
      vertex -129.413 -34.6007 47.8019
    endloop
  endfacet
  facet normal 0 0 1
    outer loop
      vertex -129.413 -34.6007 47.8019
      vertex -129.249 -38.1588 47.8019
      vertex -129.177 -38.1103 47.8019
    endloop
  endfacet
  facet normal 0 0 1
    outer loop
      vertex -129.177 -38.1103 47.8019
      vertex -129.102 -38.065 47.8019
      vertex -129.413 -34.6007 47.8019
    endloop
  endfacet
  facet normal 0 0 1
    outer loop
      vertex -129.102 -38.065 47.8019
      vertex -129.026 -38.0231 47.8019
      vertex -129.413 -34.6007 47.8019
    endloop
  endfacet
  facet normal 0 0 1
    outer loop
      vertex -129.413 -34.6007 47.8019
      vertex -129.026 -38.0231 47.8019
      vertex -128.947 -37.9845 47.8019
    endloop
  endfacet
  facet normal 0 0 1
    outer loop
      vertex -127.027 -41.4839 47.8019
      vertex -127.102 -41.5292 47.8019
      vertex -121.913 -42.1007 47.8019
    endloop
  endfacet
  facet normal 0 0 1
    outer loop
      vertex -127.102 -41.5292 47.8019
      vertex -127.179 -41.5711 47.8019
      vertex -121.913 -42.1007 47.8019
    endloop
  endfacet
  facet normal 0 0 1
    outer loop
      vertex -121.913 -42.1007 47.8019
      vertex -127.179 -41.5711 47.8019
      vertex -127.257 -41.6097 47.8019
    endloop
  endfacet
  facet normal 0 0 1
    outer loop
      vertex -128.535 -41.7497 47.8019
      vertex -128.62 -41.729 47.8019
      vertex -131.913 -44.6007 47.8019
    endloop
  endfacet
  facet normal 0 0 1
    outer loop
      vertex -128.62 -41.729 47.8019
      vertex -128.703 -41.7045 47.8019
      vertex -131.913 -44.6007 47.8019
    endloop
  endfacet
  facet normal 0 0 1
    outer loop
      vertex -131.913 -44.6007 47.8019
      vertex -128.703 -41.7045 47.8019
      vertex -128.786 -41.6765 47.8019
    endloop
  endfacet
  facet normal 0 0 1
    outer loop
      vertex -129.249 -41.4354 47.8019
      vertex -129.32 -41.3838 47.8019
      vertex -131.913 -44.6007 47.8019
    endloop
  endfacet
  facet normal 0 0 1
    outer loop
      vertex -129.32 -41.3838 47.8019
      vertex -129.388 -41.3292 47.8019
      vertex -131.913 -44.6007 47.8019
    endloop
  endfacet
  facet normal 0 0 1
    outer loop
      vertex -131.913 -44.6007 47.8019
      vertex -129.388 -41.3292 47.8019
      vertex -129.453 -41.2717 47.8019
    endloop
  endfacet
  facet normal 0 0 1
    outer loop
      vertex -129.453 -41.2717 47.8019
      vertex -129.516 -41.2113 47.8019
      vertex -131.913 -44.6007 47.8019
    endloop
  endfacet
  facet normal 0 0 1
    outer loop
      vertex -129.516 -41.2113 47.8019
      vertex -129.577 -41.1483 47.8019
      vertex -131.913 -44.6007 47.8019
    endloop
  endfacet
  facet normal 0 0 1
    outer loop
      vertex -131.913 -44.6007 47.8019
      vertex -129.577 -41.1483 47.8019
      vertex -129.634 -41.0827 47.8019
    endloop
  endfacet
  facet normal 0 0 1
    outer loop
      vertex -128.434 -34.6649 47.8019
      vertex -128.189 -37.799 47.8019
      vertex -128.111 -34.7147 47.8019
    endloop
  endfacet
  facet normal 0 0 1
    outer loop
      vertex -128.189 -37.799 47.8019
      vertex -128.102 -37.7971 47.8019
      vertex -128.111 -34.7147 47.8019
    endloop
  endfacet
  facet normal 0 0 1
    outer loop
      vertex -128.111 -34.7147 47.8019
      vertex -128.102 -37.7971 47.8019
      vertex -127.79 -34.7785 47.8019
    endloop
  endfacet
  facet normal 0 0 1
    outer loop
      vertex -126.543 -35.1716 47.8019
      vertex -127.418 -37.9177 47.8019
      vertex -126.243 -35.3034 47.8019
    endloop
  endfacet
  facet normal 0 0 1
    outer loop
      vertex -127.418 -37.9177 47.8019
      vertex -127.337 -37.9493 47.8019
      vertex -126.243 -35.3034 47.8019
    endloop
  endfacet
  facet normal 0 0 1
    outer loop
      vertex -126.243 -35.3034 47.8019
      vertex -127.337 -37.9493 47.8019
      vertex -125.95 -35.4481 47.8019
    endloop
  endfacet
  facet normal 0 0 1
    outer loop
      vertex -127.158 -34.9479 47.8019
      vertex -127.669 -37.8445 47.8019
      vertex -126.848 -35.053 47.8019
    endloop
  endfacet
  facet normal 0 0 1
    outer loop
      vertex -127.669 -37.8445 47.8019
      vertex -127.584 -37.8653 47.8019
      vertex -126.848 -35.053 47.8019
    endloop
  endfacet
  facet normal 0 0 1
    outer loop
      vertex -126.848 -35.053 47.8019
      vertex -127.584 -37.8653 47.8019
      vertex -126.543 -35.1716 47.8019
    endloop
  endfacet
  facet normal 0 0 1
    outer loop
      vertex -127.584 -37.8653 47.8019
      vertex -127.501 -37.8897 47.8019
      vertex -126.543 -35.1716 47.8019
    endloop
  endfacet
  facet normal 0 0 1
    outer loop
      vertex -126.543 -35.1716 47.8019
      vertex -127.501 -37.8897 47.8019
      vertex -127.418 -37.9177 47.8019
    endloop
  endfacet
  facet normal 0 0 1
    outer loop
      vertex -125.383 -35.7753 47.8019
      vertex -126.955 -38.1588 47.8019
      vertex -125.111 -35.9571 47.8019
    endloop
  endfacet
  facet normal 0 0 1
    outer loop
      vertex -126.955 -38.1588 47.8019
      vertex -126.885 -38.2104 47.8019
      vertex -125.111 -35.9571 47.8019
    endloop
  endfacet
  facet normal 0 0 1
    outer loop
      vertex -125.111 -35.9571 47.8019
      vertex -126.885 -38.2104 47.8019
      vertex -124.847 -36.1506 47.8019
    endloop
  endfacet
  facet normal 0 0 1
    outer loop
      vertex -126.885 -38.2104 47.8019
      vertex -126.816 -38.265 47.8019
      vertex -124.847 -36.1506 47.8019
    endloop
  endfacet
  facet normal 0 0 1
    outer loop
      vertex -124.847 -36.1506 47.8019
      vertex -126.816 -38.265 47.8019
      vertex -126.751 -38.3225 47.8019
    endloop
  endfacet
  facet normal 0 0 1
    outer loop
      vertex -127.418 -41.6765 47.8019
      vertex -127.501 -41.7045 47.8019
      vertex -121.913 -42.1007 47.8019
    endloop
  endfacet
  facet normal 0 0 1
    outer loop
      vertex -127.501 -41.7045 47.8019
      vertex -127.584 -41.729 47.8019
      vertex -121.913 -42.1007 47.8019
    endloop
  endfacet
  facet normal 0 0 1
    outer loop
      vertex -121.913 -42.1007 47.8019
      vertex -127.584 -41.729 47.8019
      vertex -131.913 -44.6007 47.8019
    endloop
  endfacet
  facet normal 0 0 1
    outer loop
      vertex -127.584 -41.729 47.8019
      vertex -127.669 -41.7497 47.8019
      vertex -131.913 -44.6007 47.8019
    endloop
  endfacet
  facet normal 0 0 1
    outer loop
      vertex -131.913 -44.6007 47.8019
      vertex -127.669 -41.7497 47.8019
      vertex -127.755 -41.7667 47.8019
    endloop
  endfacet
  facet normal 0 0 1
    outer loop
      vertex -127.755 -41.7667 47.8019
      vertex -127.841 -41.78 47.8019
      vertex -131.913 -44.6007 47.8019
    endloop
  endfacet
  facet normal 0 0 1
    outer loop
      vertex -127.841 -41.78 47.8019
      vertex -127.928 -41.7895 47.8019
      vertex -131.913 -44.6007 47.8019
    endloop
  endfacet
  facet normal 0 0 1
    outer loop
      vertex -131.913 -44.6007 47.8019
      vertex -127.928 -41.7895 47.8019
      vertex -128.015 -41.7952 47.8019
    endloop
  endfacet
  facet normal 0 0 1
    outer loop
      vertex -128.276 -41.7895 47.8019
      vertex -128.363 -41.78 47.8019
      vertex -131.913 -44.6007 47.8019
    endloop
  endfacet
  facet normal 0 0 1
    outer loop
      vertex -128.363 -41.78 47.8019
      vertex -128.449 -41.7667 47.8019
      vertex -131.913 -44.6007 47.8019
    endloop
  endfacet
  facet normal 0 0 1
    outer loop
      vertex -131.913 -44.6007 47.8019
      vertex -128.449 -41.7667 47.8019
      vertex -128.535 -41.7497 47.8019
    endloop
  endfacet
  facet normal 0 0 1
    outer loop
      vertex -128.703 -37.8897 47.8019
      vertex -128.62 -37.8653 47.8019
      vertex -129.413 -34.6007 47.8019
    endloop
  endfacet
  facet normal 0 0 1
    outer loop
      vertex -128.62 -37.8653 47.8019
      vertex -128.535 -37.8445 47.8019
      vertex -129.413 -34.6007 47.8019
    endloop
  endfacet
  facet normal 0 0 1
    outer loop
      vertex -129.413 -34.6007 47.8019
      vertex -128.535 -37.8445 47.8019
      vertex -129.086 -34.6079 47.8019
    endloop
  endfacet
  facet normal 0 0 1
    outer loop
      vertex -128.535 -37.8445 47.8019
      vertex -128.449 -37.8275 47.8019
      vertex -129.086 -34.6079 47.8019
    endloop
  endfacet
  facet normal 0 0 1
    outer loop
      vertex -129.086 -34.6079 47.8019
      vertex -128.449 -37.8275 47.8019
      vertex -128.759 -34.6293 47.8019
    endloop
  endfacet
  facet normal 0 0 1
    outer loop
      vertex -128.449 -37.8275 47.8019
      vertex -128.363 -37.8142 47.8019
      vertex -128.759 -34.6293 47.8019
    endloop
  endfacet
  facet normal 0 0 1
    outer loop
      vertex -128.759 -34.6293 47.8019
      vertex -128.363 -37.8142 47.8019
      vertex -128.434 -34.6649 47.8019
    endloop
  endfacet
  facet normal 0 0 1
    outer loop
      vertex -128.363 -37.8142 47.8019
      vertex -128.276 -37.8047 47.8019
      vertex -128.434 -34.6649 47.8019
    endloop
  endfacet
  facet normal 0 0 1
    outer loop
      vertex -128.434 -34.6649 47.8019
      vertex -128.276 -37.8047 47.8019
      vertex -128.189 -37.799 47.8019
    endloop
  endfacet
  facet normal 0 0 1
    outer loop
      vertex -127.337 -37.9493 47.8019
      vertex -127.257 -37.9845 47.8019
      vertex -125.95 -35.4481 47.8019
    endloop
  endfacet
  facet normal 0 0 1
    outer loop
      vertex -127.257 -37.9845 47.8019
      vertex -127.179 -38.0231 47.8019
      vertex -125.95 -35.4481 47.8019
    endloop
  endfacet
  facet normal 0 0 1
    outer loop
      vertex -125.95 -35.4481 47.8019
      vertex -127.179 -38.0231 47.8019
      vertex -125.663 -35.6055 47.8019
    endloop
  endfacet
  facet normal 0 0 1
    outer loop
      vertex -127.179 -38.0231 47.8019
      vertex -127.102 -38.065 47.8019
      vertex -125.663 -35.6055 47.8019
    endloop
  endfacet
  facet normal 0 0 1
    outer loop
      vertex -125.663 -35.6055 47.8019
      vertex -127.102 -38.065 47.8019
      vertex -125.383 -35.7753 47.8019
    endloop
  endfacet
  facet normal 0 0 1
    outer loop
      vertex -127.102 -38.065 47.8019
      vertex -127.027 -38.1103 47.8019
      vertex -125.383 -35.7753 47.8019
    endloop
  endfacet
  facet normal 0 0 1
    outer loop
      vertex -125.383 -35.7753 47.8019
      vertex -127.027 -38.1103 47.8019
      vertex -126.955 -38.1588 47.8019
    endloop
  endfacet
  facet normal 0 0 1
    outer loop
      vertex -128.015 -41.7952 47.8019
      vertex -128.102 -41.7971 47.8019
      vertex -131.913 -44.6007 47.8019
    endloop
  endfacet
  facet normal 0 0 1
    outer loop
      vertex -128.102 -41.7971 47.8019
      vertex -128.189 -41.7952 47.8019
      vertex -131.913 -44.6007 47.8019
    endloop
  endfacet
  facet normal 0 0 1
    outer loop
      vertex -131.913 -44.6007 47.8019
      vertex -128.189 -41.7952 47.8019
      vertex -128.276 -41.7895 47.8019
    endloop
  endfacet
  facet normal 0 0 1
    outer loop
      vertex -128.102 -37.7971 47.8019
      vertex -128.015 -37.799 47.8019
      vertex -127.79 -34.7785 47.8019
    endloop
  endfacet
  facet normal 0 0 1
    outer loop
      vertex -128.015 -37.799 47.8019
      vertex -127.928 -37.8047 47.8019
      vertex -127.79 -34.7785 47.8019
    endloop
  endfacet
  facet normal 0 0 1
    outer loop
      vertex -127.79 -34.7785 47.8019
      vertex -127.928 -37.8047 47.8019
      vertex -127.472 -34.8563 47.8019
    endloop
  endfacet
  facet normal 0 0 1
    outer loop
      vertex -127.928 -37.8047 47.8019
      vertex -127.841 -37.8142 47.8019
      vertex -127.472 -34.8563 47.8019
    endloop
  endfacet
  facet normal 0 0 1
    outer loop
      vertex -127.472 -34.8563 47.8019
      vertex -127.841 -37.8142 47.8019
      vertex -127.158 -34.9479 47.8019
    endloop
  endfacet
  facet normal 0 0 1
    outer loop
      vertex -127.841 -37.8142 47.8019
      vertex -127.755 -37.8275 47.8019
      vertex -127.158 -34.9479 47.8019
    endloop
  endfacet
  facet normal 0 0 1
    outer loop
      vertex -127.158 -34.9479 47.8019
      vertex -127.755 -37.8275 47.8019
      vertex -127.669 -37.8445 47.8019
    endloop
  endfacet
  facet normal 0 0 1
    outer loop
      vertex -44.4129 -34.6007 47.8019
      vertex -41.9129 -44.6007 47.8019
      vertex -41.9129 -16.9489 47.8019
    endloop
  endfacet
  facet normal 0 0 1
    outer loop
      vertex -44.3768 5.55197 47.8019
      vertex -44.3938 5.46639 47.8019
      vertex -41.9129 10.3993 47.8019
    endloop
  endfacet
  facet normal 0 0 1
    outer loop
      vertex -44.3938 5.46639 47.8019
      vertex -44.4129 0.399268 47.8019
      vertex -41.9129 10.3993 47.8019
    endloop
  endfacet
  facet normal 0 0 1
    outer loop
      vertex -41.9129 10.3993 47.8019
      vertex -44.4129 0.399268 47.8019
      vertex -41.9129 -16.9489 47.8019
    endloop
  endfacet
  facet normal 0 0 1
    outer loop
      vertex -44.4129 0.399268 47.8019
      vertex -44.4129 -16.9489 47.8019
      vertex -41.9129 -16.9489 47.8019
    endloop
  endfacet
  facet normal 0 0 1
    outer loop
      vertex -41.9129 -16.9489 47.8019
      vertex -44.4129 -16.9489 47.8019
      vertex -44.4129 -34.6007 47.8019
    endloop
  endfacet
  facet normal 0 0 1
    outer loop
      vertex -47.7606 -38.3829 47.8019
      vertex -47.6976 -38.3225 47.8019
      vertex -44.4129 -34.6007 47.8019
    endloop
  endfacet
  facet normal 0 0 1
    outer loop
      vertex -44.4129 -34.6007 47.8019
      vertex -47.4935 -38.1588 47.8019
      vertex -47.421 -38.1103 47.8019
    endloop
  endfacet
  facet normal 0 0 1
    outer loop
      vertex -47.6976 -38.3225 47.8019
      vertex -47.632 -38.265 47.8019
      vertex -44.4129 -34.6007 47.8019
    endloop
  endfacet
  facet normal 0 0 1
    outer loop
      vertex -47.632 -38.265 47.8019
      vertex -47.5639 -38.2104 47.8019
      vertex -44.4129 -34.6007 47.8019
    endloop
  endfacet
  facet normal 0 0 1
    outer loop
      vertex -44.4129 -34.6007 47.8019
      vertex -47.5639 -38.2104 47.8019
      vertex -47.4935 -38.1588 47.8019
    endloop
  endfacet
  facet normal 0 0 1
    outer loop
      vertex -47.421 -38.1103 47.8019
      vertex -47.3464 -38.065 47.8019
      vertex -44.4129 -34.6007 47.8019
    endloop
  endfacet
  facet normal 0 0 1
    outer loop
      vertex -47.3464 -38.065 47.8019
      vertex -47.2699 -38.0231 47.8019
      vertex -44.4129 -34.6007 47.8019
    endloop
  endfacet
  facet normal 0 0 1
    outer loop
      vertex -44.4129 -34.6007 47.8019
      vertex -47.2699 -38.0231 47.8019
      vertex -47.1916 -37.9845 47.8019
    endloop
  endfacet
  facet normal 0 0 1
    outer loop
      vertex -41.9129 -44.6007 47.8019
      vertex -44.3938 -40.23 47.8019
      vertex -44.4145 -40.3147 47.8019
    endloop
  endfacet
  facet normal 0 0 1
    outer loop
      vertex -44.4145 -40.3147 47.8019
      vertex -44.439 -40.3985 47.8019
      vertex -41.9129 -44.6007 47.8019
    endloop
  endfacet
  facet normal 0 0 1
    outer loop
      vertex -44.439 -40.3985 47.8019
      vertex -44.467 -40.4811 47.8019
      vertex -41.9129 -44.6007 47.8019
    endloop
  endfacet
  facet normal 0 0 1
    outer loop
      vertex -41.9129 -44.6007 47.8019
      vertex -44.467 -40.4811 47.8019
      vertex -44.4986 -40.5625 47.8019
    endloop
  endfacet
  facet normal 0 0 1
    outer loop
      vertex -46.864 -41.729 47.8019
      vertex -46.9478 -41.7045 47.8019
      vertex -51.9129 -42.1007 47.8019
    endloop
  endfacet
  facet normal 0 0 1
    outer loop
      vertex -47.632 -41.3292 47.8019
      vertex -47.6976 -41.2717 47.8019
      vertex -51.9129 -42.1007 47.8019
    endloop
  endfacet
  facet normal 0 0 1
    outer loop
      vertex -47.6976 -41.2717 47.8019
      vertex -47.7606 -41.2113 47.8019
      vertex -51.9129 -42.1007 47.8019
    endloop
  endfacet
  facet normal 0 0 1
    outer loop
      vertex -51.9129 -42.1007 47.8019
      vertex -47.7606 -41.2113 47.8019
      vertex -47.8209 -41.1483 47.8019
    endloop
  endfacet
  facet normal 0 0 1
    outer loop
      vertex -47.1916 -37.9845 47.8019
      vertex -47.1118 -37.9493 47.8019
      vertex -44.4129 -34.6007 47.8019
    endloop
  endfacet
  facet normal 0 0 1
    outer loop
      vertex -47.1118 -37.9493 47.8019
      vertex -47.0304 -37.9177 47.8019
      vertex -44.4129 -34.6007 47.8019
    endloop
  endfacet
  facet normal 0 0 1
    outer loop
      vertex -44.4129 -34.6007 47.8019
      vertex -47.0304 -37.9177 47.8019
      vertex -46.9478 -37.8897 47.8019
    endloop
  endfacet
  facet normal 0 0 1
    outer loop
      vertex -46.9478 -37.8897 47.8019
      vertex -46.864 -37.8653 47.8019
      vertex -44.4129 -34.6007 47.8019
    endloop
  endfacet
  facet normal 0 0 1
    outer loop
      vertex -46.864 -37.8653 47.8019
      vertex -46.7793 -37.8445 47.8019
      vertex -44.4129 -34.6007 47.8019
    endloop
  endfacet
  facet normal 0 0 1
    outer loop
      vertex -44.4129 -34.6007 47.8019
      vertex -46.7793 -37.8445 47.8019
      vertex -46.6937 -37.8275 47.8019
    endloop
  endfacet
  facet normal 0 0 1
    outer loop
      vertex -45.5012 -37.9845 47.8019
      vertex -45.4229 -38.0231 47.8019
      vertex -44.4129 -34.6007 47.8019
    endloop
  endfacet
  facet normal 0 0 1
    outer loop
      vertex -45.4229 -38.0231 47.8019
      vertex -45.3464 -38.065 47.8019
      vertex -44.4129 -34.6007 47.8019
    endloop
  endfacet
  facet normal 0 0 1
    outer loop
      vertex -44.3483 -39.7099 47.8019
      vertex -41.9129 -44.6007 47.8019
      vertex -44.354 -39.6228 47.8019
    endloop
  endfacet
  facet normal 0 0 1
    outer loop
      vertex -41.9129 -44.6007 47.8019
      vertex -44.3635 -39.536 47.8019
      vertex -44.354 -39.6228 47.8019
    endloop
  endfacet
  facet normal 0 0 1
    outer loop
      vertex -44.3483 -39.7099 47.8019
      vertex -44.3464 -39.7971 47.8019
      vertex -41.9129 -44.6007 47.8019
    endloop
  endfacet
  facet normal 0 0 1
    outer loop
      vertex -44.3464 -39.7971 47.8019
      vertex -44.3483 -39.8843 47.8019
      vertex -41.9129 -44.6007 47.8019
    endloop
  endfacet
  facet normal 0 0 1
    outer loop
      vertex -41.9129 -44.6007 47.8019
      vertex -44.3483 -39.8843 47.8019
      vertex -44.354 -39.9714 47.8019
    endloop
  endfacet
  facet normal 0 0 1
    outer loop
      vertex -41.9129 -44.6007 47.8019
      vertex -45.6623 -41.6765 47.8019
      vertex -45.745 -41.7045 47.8019
    endloop
  endfacet
  facet normal 0 0 1
    outer loop
      vertex -46.864 -41.729 47.8019
      vertex -51.9129 -42.1007 47.8019
      vertex -46.7793 -41.7497 47.8019
    endloop
  endfacet
  facet normal 0 0 1
    outer loop
      vertex -46.9478 -41.7045 47.8019
      vertex -47.0304 -41.6765 47.8019
      vertex -51.9129 -42.1007 47.8019
    endloop
  endfacet
  facet normal 0 0 1
    outer loop
      vertex -47.0304 -41.6765 47.8019
      vertex -47.1118 -41.6449 47.8019
      vertex -51.9129 -42.1007 47.8019
    endloop
  endfacet
  facet normal 0 0 1
    outer loop
      vertex -51.9129 -42.1007 47.8019
      vertex -47.1118 -41.6449 47.8019
      vertex -47.1916 -41.6097 47.8019
    endloop
  endfacet
  facet normal 0 0 1
    outer loop
      vertex -47.1916 -41.6097 47.8019
      vertex -47.2699 -41.5711 47.8019
      vertex -51.9129 -42.1007 47.8019
    endloop
  endfacet
  facet normal 0 0 1
    outer loop
      vertex -47.2699 -41.5711 47.8019
      vertex -47.3464 -41.5292 47.8019
      vertex -51.9129 -42.1007 47.8019
    endloop
  endfacet
  facet normal 0 0 1
    outer loop
      vertex -51.9129 -42.1007 47.8019
      vertex -47.3464 -41.5292 47.8019
      vertex -47.421 -41.4839 47.8019
    endloop
  endfacet
  facet normal 0 0 1
    outer loop
      vertex -47.421 -41.4839 47.8019
      vertex -47.4935 -41.4354 47.8019
      vertex -51.9129 -42.1007 47.8019
    endloop
  endfacet
  facet normal 0 0 1
    outer loop
      vertex -47.4935 -41.4354 47.8019
      vertex -47.5639 -41.3838 47.8019
      vertex -51.9129 -42.1007 47.8019
    endloop
  endfacet
  facet normal 0 0 1
    outer loop
      vertex -51.9129 -42.1007 47.8019
      vertex -47.5639 -41.3838 47.8019
      vertex -47.632 -41.3292 47.8019
    endloop
  endfacet
  facet normal 0 0 1
    outer loop
      vertex -47.8209 -41.1483 47.8019
      vertex -47.8785 -41.0827 47.8019
      vertex -51.9129 -42.1007 47.8019
    endloop
  endfacet
  facet normal 0 0 1
    outer loop
      vertex -47.8785 -41.0827 47.8019
      vertex -47.9331 -41.0146 47.8019
      vertex -51.9129 -42.1007 47.8019
    endloop
  endfacet
  facet normal 0 0 1
    outer loop
      vertex -51.9129 -42.1007 47.8019
      vertex -47.9331 -41.0146 47.8019
      vertex -47.9847 -40.9443 47.8019
    endloop
  endfacet
  facet normal 0 0 1
    outer loop
      vertex -45.745 -37.8897 47.8019
      vertex -44.4129 -34.6007 47.8019
      vertex -45.8287 -37.8653 47.8019
    endloop
  endfacet
  facet normal 0 0 1
    outer loop
      vertex -44.4129 -34.6007 47.8019
      vertex -45.9135 -37.8445 47.8019
      vertex -45.8287 -37.8653 47.8019
    endloop
  endfacet
  facet normal 0 0 1
    outer loop
      vertex -45.745 -37.8897 47.8019
      vertex -45.6623 -37.9177 47.8019
      vertex -44.4129 -34.6007 47.8019
    endloop
  endfacet
  facet normal 0 0 1
    outer loop
      vertex -45.6623 -37.9177 47.8019
      vertex -45.581 -37.9493 47.8019
      vertex -44.4129 -34.6007 47.8019
    endloop
  endfacet
  facet normal 0 0 1
    outer loop
      vertex -44.4129 -34.6007 47.8019
      vertex -45.581 -37.9493 47.8019
      vertex -45.5012 -37.9845 47.8019
    endloop
  endfacet
  facet normal 0 0 1
    outer loop
      vertex -44.354 -39.9714 47.8019
      vertex -44.3635 -40.0582 47.8019
      vertex -41.9129 -44.6007 47.8019
    endloop
  endfacet
  facet normal 0 0 1
    outer loop
      vertex -44.3635 -40.0582 47.8019
      vertex -44.3768 -40.1444 47.8019
      vertex -41.9129 -44.6007 47.8019
    endloop
  endfacet
  facet normal 0 0 1
    outer loop
      vertex -41.9129 -44.6007 47.8019
      vertex -44.3768 -40.1444 47.8019
      vertex -44.3938 -40.23 47.8019
    endloop
  endfacet
  facet normal 0 0 1
    outer loop
      vertex -44.4986 -40.5625 47.8019
      vertex -44.5338 -40.6423 47.8019
      vertex -41.9129 -44.6007 47.8019
    endloop
  endfacet
  facet normal 0 0 1
    outer loop
      vertex -44.5338 -40.6423 47.8019
      vertex -44.5724 -40.7206 47.8019
      vertex -41.9129 -44.6007 47.8019
    endloop
  endfacet
  facet normal 0 0 1
    outer loop
      vertex -41.9129 -44.6007 47.8019
      vertex -44.5724 -40.7206 47.8019
      vertex -44.6143 -40.7971 47.8019
    endloop
  endfacet
  facet normal 0 0 1
    outer loop
      vertex -45.745 -41.7045 47.8019
      vertex -45.8287 -41.729 47.8019
      vertex -41.9129 -44.6007 47.8019
    endloop
  endfacet
  facet normal 0 0 1
    outer loop
      vertex -45.8287 -41.729 47.8019
      vertex -45.9135 -41.7497 47.8019
      vertex -41.9129 -44.6007 47.8019
    endloop
  endfacet
  facet normal 0 0 1
    outer loop
      vertex -41.9129 -44.6007 47.8019
      vertex -45.9135 -41.7497 47.8019
      vertex -45.9991 -41.7667 47.8019
    endloop
  endfacet
  facet normal 0 0 1
    outer loop
      vertex -87.1038 -42.1007 47.8019
      vertex -87.1038 -44.6007 47.8019
      vertex -51.9129 -42.1007 47.8019
    endloop
  endfacet
  facet normal 0 0 1
    outer loop
      vertex -87.1038 -44.6007 47.8019
      vertex -41.9129 -44.6007 47.8019
      vertex -51.9129 -42.1007 47.8019
    endloop
  endfacet
  facet normal 0 0 1
    outer loop
      vertex -51.9129 -42.1007 47.8019
      vertex -41.9129 -44.6007 47.8019
      vertex -46.7793 -41.7497 47.8019
    endloop
  endfacet
  facet normal 0 0 1
    outer loop
      vertex -46.6937 -37.8275 47.8019
      vertex -46.6074 -37.8142 47.8019
      vertex -44.4129 -34.6007 47.8019
    endloop
  endfacet
  facet normal 0 0 1
    outer loop
      vertex -46.6074 -37.8142 47.8019
      vertex -46.5207 -37.8047 47.8019
      vertex -44.4129 -34.6007 47.8019
    endloop
  endfacet
  facet normal 0 0 1
    outer loop
      vertex -44.4129 -34.6007 47.8019
      vertex -46.5207 -37.8047 47.8019
      vertex -46.4336 -37.799 47.8019
    endloop
  endfacet
  facet normal 0 0 1
    outer loop
      vertex -46.4336 -37.799 47.8019
      vertex -46.3464 -37.7971 47.8019
      vertex -44.4129 -34.6007 47.8019
    endloop
  endfacet
  facet normal 0 0 1
    outer loop
      vertex -46.3464 -37.7971 47.8019
      vertex -46.2591 -37.799 47.8019
      vertex -44.4129 -34.6007 47.8019
    endloop
  endfacet
  facet normal 0 0 1
    outer loop
      vertex -44.4129 -34.6007 47.8019
      vertex -46.2591 -37.799 47.8019
      vertex -46.1721 -37.8047 47.8019
    endloop
  endfacet
  facet normal 0 0 1
    outer loop
      vertex -45.3464 -38.065 47.8019
      vertex -45.2718 -38.1103 47.8019
      vertex -44.4129 -34.6007 47.8019
    endloop
  endfacet
  facet normal 0 0 1
    outer loop
      vertex -45.2718 -38.1103 47.8019
      vertex -45.1992 -38.1588 47.8019
      vertex -44.4129 -34.6007 47.8019
    endloop
  endfacet
  facet normal 0 0 1
    outer loop
      vertex -44.4129 -34.6007 47.8019
      vertex -45.1992 -38.1588 47.8019
      vertex -45.1289 -38.2104 47.8019
    endloop
  endfacet
  facet normal 0 0 1
    outer loop
      vertex -45.1289 -38.2104 47.8019
      vertex -45.0608 -38.265 47.8019
      vertex -44.4129 -34.6007 47.8019
    endloop
  endfacet
  facet normal 0 0 1
    outer loop
      vertex -45.0608 -38.265 47.8019
      vertex -44.9952 -38.3225 47.8019
      vertex -44.4129 -34.6007 47.8019
    endloop
  endfacet
  facet normal 0 0 1
    outer loop
      vertex -44.4129 -34.6007 47.8019
      vertex -44.9952 -38.3225 47.8019
      vertex -44.9322 -38.3829 47.8019
    endloop
  endfacet
  facet normal 0 0 1
    outer loop
      vertex -44.439 -39.1957 47.8019
      vertex -44.4129 -34.6007 47.8019
      vertex -44.467 -39.1131 47.8019
    endloop
  endfacet
  facet normal 0 0 1
    outer loop
      vertex -44.4129 -34.6007 47.8019
      vertex -44.4986 -39.0317 47.8019
      vertex -44.467 -39.1131 47.8019
    endloop
  endfacet
  facet normal 0 0 1
    outer loop
      vertex -44.439 -39.1957 47.8019
      vertex -44.4145 -39.2795 47.8019
      vertex -44.4129 -34.6007 47.8019
    endloop
  endfacet
  facet normal 0 0 1
    outer loop
      vertex -44.4145 -39.2795 47.8019
      vertex -44.3938 -39.3642 47.8019
      vertex -44.4129 -34.6007 47.8019
    endloop
  endfacet
  facet normal 0 0 1
    outer loop
      vertex -44.4129 -34.6007 47.8019
      vertex -44.3938 -39.3642 47.8019
      vertex -41.9129 -44.6007 47.8019
    endloop
  endfacet
  facet normal 0 0 1
    outer loop
      vertex -44.3938 -39.3642 47.8019
      vertex -44.3768 -39.4498 47.8019
      vertex -41.9129 -44.6007 47.8019
    endloop
  endfacet
  facet normal 0 0 1
    outer loop
      vertex -41.9129 -44.6007 47.8019
      vertex -44.3768 -39.4498 47.8019
      vertex -44.3635 -39.536 47.8019
    endloop
  endfacet
  facet normal 0 0 1
    outer loop
      vertex -44.6143 -40.7971 47.8019
      vertex -44.6596 -40.8717 47.8019
      vertex -41.9129 -44.6007 47.8019
    endloop
  endfacet
  facet normal 0 0 1
    outer loop
      vertex -44.6596 -40.8717 47.8019
      vertex -44.7081 -40.9443 47.8019
      vertex -41.9129 -44.6007 47.8019
    endloop
  endfacet
  facet normal 0 0 1
    outer loop
      vertex -41.9129 -44.6007 47.8019
      vertex -44.7081 -40.9443 47.8019
      vertex -44.7597 -41.0146 47.8019
    endloop
  endfacet
  facet normal 0 0 1
    outer loop
      vertex -44.7597 -41.0146 47.8019
      vertex -44.8143 -41.0827 47.8019
      vertex -41.9129 -44.6007 47.8019
    endloop
  endfacet
  facet normal 0 0 1
    outer loop
      vertex -44.8143 -41.0827 47.8019
      vertex -44.8718 -41.1483 47.8019
      vertex -41.9129 -44.6007 47.8019
    endloop
  endfacet
  facet normal 0 0 1
    outer loop
      vertex -41.9129 -44.6007 47.8019
      vertex -44.8718 -41.1483 47.8019
      vertex -44.9322 -41.2113 47.8019
    endloop
  endfacet
  facet normal 0 0 1
    outer loop
      vertex -45.9991 -41.7667 47.8019
      vertex -46.0853 -41.78 47.8019
      vertex -41.9129 -44.6007 47.8019
    endloop
  endfacet
  facet normal 0 0 1
    outer loop
      vertex -46.0853 -41.78 47.8019
      vertex -46.1721 -41.7895 47.8019
      vertex -41.9129 -44.6007 47.8019
    endloop
  endfacet
  facet normal 0 0 1
    outer loop
      vertex -41.9129 -44.6007 47.8019
      vertex -46.1721 -41.7895 47.8019
      vertex -46.2591 -41.7952 47.8019
    endloop
  endfacet
  facet normal 0 0 1
    outer loop
      vertex -46.2591 -41.7952 47.8019
      vertex -46.3464 -41.7971 47.8019
      vertex -41.9129 -44.6007 47.8019
    endloop
  endfacet
  facet normal 0 0 1
    outer loop
      vertex -46.3464 -41.7971 47.8019
      vertex -46.4336 -41.7952 47.8019
      vertex -41.9129 -44.6007 47.8019
    endloop
  endfacet
  facet normal 0 0 1
    outer loop
      vertex -41.9129 -44.6007 47.8019
      vertex -46.4336 -41.7952 47.8019
      vertex -46.5207 -41.7895 47.8019
    endloop
  endfacet
  facet normal 0 0 1
    outer loop
      vertex -46.1721 -37.8047 47.8019
      vertex -46.0853 -37.8142 47.8019
      vertex -44.4129 -34.6007 47.8019
    endloop
  endfacet
  facet normal 0 0 1
    outer loop
      vertex -46.0853 -37.8142 47.8019
      vertex -45.9991 -37.8275 47.8019
      vertex -44.4129 -34.6007 47.8019
    endloop
  endfacet
  facet normal 0 0 1
    outer loop
      vertex -44.4129 -34.6007 47.8019
      vertex -45.9991 -37.8275 47.8019
      vertex -45.9135 -37.8445 47.8019
    endloop
  endfacet
  facet normal 0 0 1
    outer loop
      vertex -44.9322 -38.3829 47.8019
      vertex -44.8718 -38.4459 47.8019
      vertex -44.4129 -34.6007 47.8019
    endloop
  endfacet
  facet normal 0 0 1
    outer loop
      vertex -44.8718 -38.4459 47.8019
      vertex -44.8143 -38.5115 47.8019
      vertex -44.4129 -34.6007 47.8019
    endloop
  endfacet
  facet normal 0 0 1
    outer loop
      vertex -44.4129 -34.6007 47.8019
      vertex -44.8143 -38.5115 47.8019
      vertex -44.7597 -38.5796 47.8019
    endloop
  endfacet
  facet normal 0 0 1
    outer loop
      vertex -44.7597 -38.5796 47.8019
      vertex -44.7081 -38.65 47.8019
      vertex -44.4129 -34.6007 47.8019
    endloop
  endfacet
  facet normal 0 0 1
    outer loop
      vertex -44.7081 -38.65 47.8019
      vertex -44.6596 -38.7225 47.8019
      vertex -44.4129 -34.6007 47.8019
    endloop
  endfacet
  facet normal 0 0 1
    outer loop
      vertex -44.4129 -34.6007 47.8019
      vertex -44.6596 -38.7225 47.8019
      vertex -44.6143 -38.7971 47.8019
    endloop
  endfacet
  facet normal 0 0 1
    outer loop
      vertex -41.9129 -44.6007 47.8019
      vertex -45.3464 -41.5292 47.8019
      vertex -45.4229 -41.5711 47.8019
    endloop
  endfacet
  facet normal 0 0 1
    outer loop
      vertex -46.5207 -41.7895 47.8019
      vertex -46.6074 -41.78 47.8019
      vertex -41.9129 -44.6007 47.8019
    endloop
  endfacet
  facet normal 0 0 1
    outer loop
      vertex -46.6074 -41.78 47.8019
      vertex -46.6937 -41.7667 47.8019
      vertex -41.9129 -44.6007 47.8019
    endloop
  endfacet
  facet normal 0 0 1
    outer loop
      vertex -41.9129 -44.6007 47.8019
      vertex -46.6937 -41.7667 47.8019
      vertex -46.7793 -41.7497 47.8019
    endloop
  endfacet
  facet normal 0 0 1
    outer loop
      vertex -47.9847 -40.9443 47.8019
      vertex -48.0332 -40.8717 47.8019
      vertex -51.9129 -42.1007 47.8019
    endloop
  endfacet
  facet normal 0 0 1
    outer loop
      vertex -48.0332 -40.8717 47.8019
      vertex -48.0784 -40.7971 47.8019
      vertex -51.9129 -42.1007 47.8019
    endloop
  endfacet
  facet normal 0 0 1
    outer loop
      vertex -51.9129 -42.1007 47.8019
      vertex -48.0784 -40.7971 47.8019
      vertex -48.1204 -40.7206 47.8019
    endloop
  endfacet
  facet normal 0 0 1
    outer loop
      vertex -48.1204 -40.7206 47.8019
      vertex -48.159 -40.6423 47.8019
      vertex -51.9129 -42.1007 47.8019
    endloop
  endfacet
  facet normal 0 0 1
    outer loop
      vertex -48.159 -40.6423 47.8019
      vertex -48.1941 -40.5625 47.8019
      vertex -51.9129 -42.1007 47.8019
    endloop
  endfacet
  facet normal 0 0 1
    outer loop
      vertex -51.9129 -42.1007 47.8019
      vertex -48.1941 -40.5625 47.8019
      vertex -51.9058 -41.7736 47.8019
    endloop
  endfacet
  facet normal 0 0 1
    outer loop
      vertex -48.1941 -40.5625 47.8019
      vertex -48.2258 -40.4811 47.8019
      vertex -51.9058 -41.7736 47.8019
    endloop
  endfacet
  facet normal 0 0 1
    outer loop
      vertex -51.9058 -41.7736 47.8019
      vertex -48.2258 -40.4811 47.8019
      vertex -51.8844 -41.4471 47.8019
    endloop
  endfacet
  facet normal 0 0 1
    outer loop
      vertex -48.2258 -40.4811 47.8019
      vertex -48.2538 -40.3985 47.8019
      vertex -51.8844 -41.4471 47.8019
    endloop
  endfacet
  facet normal 0 0 1
    outer loop
      vertex -51.8844 -41.4471 47.8019
      vertex -48.2538 -40.3985 47.8019
      vertex -51.8488 -41.1218 47.8019
    endloop
  endfacet
  facet normal 0 0 1
    outer loop
      vertex -44.6143 -38.7971 47.8019
      vertex -44.5724 -38.8736 47.8019
      vertex -44.4129 -34.6007 47.8019
    endloop
  endfacet
  facet normal 0 0 1
    outer loop
      vertex -44.5724 -38.8736 47.8019
      vertex -44.5338 -38.9519 47.8019
      vertex -44.4129 -34.6007 47.8019
    endloop
  endfacet
  facet normal 0 0 1
    outer loop
      vertex -44.4129 -34.6007 47.8019
      vertex -44.5338 -38.9519 47.8019
      vertex -44.4986 -39.0317 47.8019
    endloop
  endfacet
  facet normal 0 0 1
    outer loop
      vertex -44.9322 -41.2113 47.8019
      vertex -44.9952 -41.2717 47.8019
      vertex -41.9129 -44.6007 47.8019
    endloop
  endfacet
  facet normal 0 0 1
    outer loop
      vertex -44.9952 -41.2717 47.8019
      vertex -45.0608 -41.3292 47.8019
      vertex -41.9129 -44.6007 47.8019
    endloop
  endfacet
  facet normal 0 0 1
    outer loop
      vertex -41.9129 -44.6007 47.8019
      vertex -45.0608 -41.3292 47.8019
      vertex -45.1289 -41.3838 47.8019
    endloop
  endfacet
  facet normal 0 0 1
    outer loop
      vertex -45.1289 -41.3838 47.8019
      vertex -45.1992 -41.4354 47.8019
      vertex -41.9129 -44.6007 47.8019
    endloop
  endfacet
  facet normal 0 0 1
    outer loop
      vertex -45.1992 -41.4354 47.8019
      vertex -45.2718 -41.4839 47.8019
      vertex -41.9129 -44.6007 47.8019
    endloop
  endfacet
  facet normal 0 0 1
    outer loop
      vertex -41.9129 -44.6007 47.8019
      vertex -45.2718 -41.4839 47.8019
      vertex -45.3464 -41.5292 47.8019
    endloop
  endfacet
  facet normal 0 0 1
    outer loop
      vertex -45.4229 -41.5711 47.8019
      vertex -45.5012 -41.6097 47.8019
      vertex -41.9129 -44.6007 47.8019
    endloop
  endfacet
  facet normal 0 0 1
    outer loop
      vertex -45.5012 -41.6097 47.8019
      vertex -45.581 -41.6449 47.8019
      vertex -41.9129 -44.6007 47.8019
    endloop
  endfacet
  facet normal 0 0 1
    outer loop
      vertex -41.9129 -44.6007 47.8019
      vertex -45.581 -41.6449 47.8019
      vertex -45.6623 -41.6765 47.8019
    endloop
  endfacet
  facet normal 0 0 1
    outer loop
      vertex -51.6574 -40.1596 47.8019
      vertex -48.3445 -39.8843 47.8019
      vertex -51.5658 -39.8454 47.8019
    endloop
  endfacet
  facet normal 0 0 1
    outer loop
      vertex -48.3445 -39.8843 47.8019
      vertex -48.3464 -39.7971 47.8019
      vertex -51.5658 -39.8454 47.8019
    endloop
  endfacet
  facet normal 0 0 1
    outer loop
      vertex -51.5658 -39.8454 47.8019
      vertex -48.3464 -39.7971 47.8019
      vertex -51.4606 -39.5356 47.8019
    endloop
  endfacet
  facet normal 0 0 1
    outer loop
      vertex -48.3464 -39.7971 47.8019
      vertex -48.3445 -39.7099 47.8019
      vertex -51.4606 -39.5356 47.8019
    endloop
  endfacet
  facet normal 0 0 1
    outer loop
      vertex -51.4606 -39.5356 47.8019
      vertex -48.3445 -39.7099 47.8019
      vertex -51.342 -39.2306 47.8019
    endloop
  endfacet
  facet normal 0 0 1
    outer loop
      vertex -51.0655 -38.6376 47.8019
      vertex -48.2782 -39.2795 47.8019
      vertex -50.9081 -38.3507 47.8019
    endloop
  endfacet
  facet normal 0 0 1
    outer loop
      vertex -48.2782 -39.2795 47.8019
      vertex -48.2538 -39.1957 47.8019
      vertex -50.9081 -38.3507 47.8019
    endloop
  endfacet
  facet normal 0 0 1
    outer loop
      vertex -50.9081 -38.3507 47.8019
      vertex -48.2538 -39.1957 47.8019
      vertex -50.7384 -38.071 47.8019
    endloop
  endfacet
  facet normal 0 0 1
    outer loop
      vertex -48.2538 -39.1957 47.8019
      vertex -48.2258 -39.1131 47.8019
      vertex -50.7384 -38.071 47.8019
    endloop
  endfacet
  facet normal 0 0 1
    outer loop
      vertex -48.2258 -39.1131 47.8019
      vertex -48.1941 -39.0317 47.8019
      vertex -50.7384 -38.071 47.8019
    endloop
  endfacet
  facet normal 0 0 1
    outer loop
      vertex -50.7384 -38.071 47.8019
      vertex -48.1941 -39.0317 47.8019
      vertex -50.5566 -37.7989 47.8019
    endloop
  endfacet
  facet normal 0 0 1
    outer loop
      vertex -48.1941 -39.0317 47.8019
      vertex -48.159 -38.9519 47.8019
      vertex -50.5566 -37.7989 47.8019
    endloop
  endfacet
  facet normal 0 0 1
    outer loop
      vertex -50.5566 -37.7989 47.8019
      vertex -48.159 -38.9519 47.8019
      vertex -50.3631 -37.535 47.8019
    endloop
  endfacet
  facet normal 0 0 1
    outer loop
      vertex -47.7606 -38.3829 47.8019
      vertex -44.4129 -34.6007 47.8019
      vertex -47.8209 -38.4459 47.8019
    endloop
  endfacet
  facet normal 0 0 1
    outer loop
      vertex -44.4129 -34.6007 47.8019
      vertex -44.7401 -34.6079 47.8019
      vertex -47.8209 -38.4459 47.8019
    endloop
  endfacet
  facet normal 0 0 1
    outer loop
      vertex -47.8209 -38.4459 47.8019
      vertex -44.7401 -34.6079 47.8019
      vertex -45.0666 -34.6293 47.8019
    endloop
  endfacet
  facet normal 0 0 1
    outer loop
      vertex -45.0666 -34.6293 47.8019
      vertex -45.3919 -34.6649 47.8019
      vertex -47.8209 -38.4459 47.8019
    endloop
  endfacet
  facet normal 0 0 1
    outer loop
      vertex -45.3919 -34.6649 47.8019
      vertex -45.7153 -34.7147 47.8019
      vertex -47.8209 -38.4459 47.8019
    endloop
  endfacet
  facet normal 0 0 1
    outer loop
      vertex -47.8209 -38.4459 47.8019
      vertex -45.7153 -34.7147 47.8019
      vertex -46.0362 -34.7785 47.8019
    endloop
  endfacet
  facet normal 0 0 1
    outer loop
      vertex -48.2538 -40.3985 47.8019
      vertex -48.2782 -40.3147 47.8019
      vertex -51.8488 -41.1218 47.8019
    endloop
  endfacet
  facet normal 0 0 1
    outer loop
      vertex -48.2782 -40.3147 47.8019
      vertex -48.299 -40.23 47.8019
      vertex -51.8488 -41.1218 47.8019
    endloop
  endfacet
  facet normal 0 0 1
    outer loop
      vertex -51.8488 -41.1218 47.8019
      vertex -48.299 -40.23 47.8019
      vertex -51.799 -40.7984 47.8019
    endloop
  endfacet
  facet normal 0 0 1
    outer loop
      vertex -48.299 -40.23 47.8019
      vertex -48.316 -40.1444 47.8019
      vertex -51.799 -40.7984 47.8019
    endloop
  endfacet
  facet normal 0 0 1
    outer loop
      vertex -51.799 -40.7984 47.8019
      vertex -48.316 -40.1444 47.8019
      vertex -51.7351 -40.4774 47.8019
    endloop
  endfacet
  facet normal 0 0 1
    outer loop
      vertex -48.316 -40.1444 47.8019
      vertex -48.3293 -40.0582 47.8019
      vertex -51.7351 -40.4774 47.8019
    endloop
  endfacet
  facet normal 0 0 1
    outer loop
      vertex -51.7351 -40.4774 47.8019
      vertex -48.3293 -40.0582 47.8019
      vertex -51.6574 -40.1596 47.8019
    endloop
  endfacet
  facet normal 0 0 1
    outer loop
      vertex -48.3293 -40.0582 47.8019
      vertex -48.3388 -39.9714 47.8019
      vertex -51.6574 -40.1596 47.8019
    endloop
  endfacet
  facet normal 0 0 1
    outer loop
      vertex -51.6574 -40.1596 47.8019
      vertex -48.3388 -39.9714 47.8019
      vertex -48.3445 -39.8843 47.8019
    endloop
  endfacet
  facet normal 0 0 1
    outer loop
      vertex -48.159 -38.9519 47.8019
      vertex -48.1204 -38.8736 47.8019
      vertex -50.3631 -37.535 47.8019
    endloop
  endfacet
  facet normal 0 0 1
    outer loop
      vertex -48.1204 -38.8736 47.8019
      vertex -48.0784 -38.7971 47.8019
      vertex -50.3631 -37.535 47.8019
    endloop
  endfacet
  facet normal 0 0 1
    outer loop
      vertex -50.3631 -37.535 47.8019
      vertex -48.0784 -38.7971 47.8019
      vertex -50.1583 -37.2798 47.8019
    endloop
  endfacet
  facet normal 0 0 1
    outer loop
      vertex -48.3445 -39.7099 47.8019
      vertex -48.3388 -39.6228 47.8019
      vertex -51.342 -39.2306 47.8019
    endloop
  endfacet
  facet normal 0 0 1
    outer loop
      vertex -48.3388 -39.6228 47.8019
      vertex -48.3293 -39.536 47.8019
      vertex -51.342 -39.2306 47.8019
    endloop
  endfacet
  facet normal 0 0 1
    outer loop
      vertex -51.342 -39.2306 47.8019
      vertex -48.3293 -39.536 47.8019
      vertex -51.2102 -38.9311 47.8019
    endloop
  endfacet
  facet normal 0 0 1
    outer loop
      vertex -48.3293 -39.536 47.8019
      vertex -48.316 -39.4498 47.8019
      vertex -51.2102 -38.9311 47.8019
    endloop
  endfacet
  facet normal 0 0 1
    outer loop
      vertex -51.2102 -38.9311 47.8019
      vertex -48.316 -39.4498 47.8019
      vertex -51.0655 -38.6376 47.8019
    endloop
  endfacet
  facet normal 0 0 1
    outer loop
      vertex -48.316 -39.4498 47.8019
      vertex -48.299 -39.3642 47.8019
      vertex -51.0655 -38.6376 47.8019
    endloop
  endfacet
  facet normal 0 0 1
    outer loop
      vertex -51.0655 -38.6376 47.8019
      vertex -48.299 -39.3642 47.8019
      vertex -48.2782 -39.2795 47.8019
    endloop
  endfacet
  facet normal 0 0 1
    outer loop
      vertex -48.0784 -38.7971 47.8019
      vertex -48.0332 -38.7225 47.8019
      vertex -50.1583 -37.2798 47.8019
    endloop
  endfacet
  facet normal 0 0 1
    outer loop
      vertex -48.0332 -38.7225 47.8019
      vertex -47.9847 -38.65 47.8019
      vertex -50.1583 -37.2798 47.8019
    endloop
  endfacet
  facet normal 0 0 1
    outer loop
      vertex -50.1583 -37.2798 47.8019
      vertex -47.9847 -38.65 47.8019
      vertex -49.9425 -37.0338 47.8019
    endloop
  endfacet
  facet normal 0 0 1
    outer loop
      vertex -47.9847 -38.65 47.8019
      vertex -47.9331 -38.5796 47.8019
      vertex -49.9425 -37.0338 47.8019
    endloop
  endfacet
  facet normal 0 0 1
    outer loop
      vertex -49.9425 -37.0338 47.8019
      vertex -47.9331 -38.5796 47.8019
      vertex -49.7162 -36.7974 47.8019
    endloop
  endfacet
  facet normal 0 0 1
    outer loop
      vertex -47.9331 -38.5796 47.8019
      vertex -47.8785 -38.5115 47.8019
      vertex -49.7162 -36.7974 47.8019
    endloop
  endfacet
  facet normal 0 0 1
    outer loop
      vertex -49.7162 -36.7974 47.8019
      vertex -47.8785 -38.5115 47.8019
      vertex -47.8209 -38.4459 47.8019
    endloop
  endfacet
  facet normal 0 0 1
    outer loop
      vertex -47.8209 -38.4459 47.8019
      vertex -48.7147 -35.9571 47.8019
      vertex -48.9786 -36.1506 47.8019
    endloop
  endfacet
  facet normal 0 0 1
    outer loop
      vertex -46.0362 -34.7785 47.8019
      vertex -46.3541 -34.8563 47.8019
      vertex -47.8209 -38.4459 47.8019
    endloop
  endfacet
  facet normal 0 0 1
    outer loop
      vertex -46.3541 -34.8563 47.8019
      vertex -46.6682 -34.9479 47.8019
      vertex -47.8209 -38.4459 47.8019
    endloop
  endfacet
  facet normal 0 0 1
    outer loop
      vertex -47.8209 -38.4459 47.8019
      vertex -46.6682 -34.9479 47.8019
      vertex -46.9781 -35.053 47.8019
    endloop
  endfacet
  facet normal 0 0 1
    outer loop
      vertex -46.9781 -35.053 47.8019
      vertex -47.283 -35.1716 47.8019
      vertex -47.8209 -38.4459 47.8019
    endloop
  endfacet
  facet normal 0 0 1
    outer loop
      vertex -47.283 -35.1716 47.8019
      vertex -47.5826 -35.3034 47.8019
      vertex -47.8209 -38.4459 47.8019
    endloop
  endfacet
  facet normal 0 0 1
    outer loop
      vertex -47.8209 -38.4459 47.8019
      vertex -47.5826 -35.3034 47.8019
      vertex -47.876 -35.4481 47.8019
    endloop
  endfacet
  facet normal 0 0 1
    outer loop
      vertex -48.9786 -36.1506 47.8019
      vertex -49.2338 -36.3554 47.8019
      vertex -47.8209 -38.4459 47.8019
    endloop
  endfacet
  facet normal 0 0 1
    outer loop
      vertex -49.2338 -36.3554 47.8019
      vertex -49.4798 -36.5712 47.8019
      vertex -47.8209 -38.4459 47.8019
    endloop
  endfacet
  facet normal 0 0 1
    outer loop
      vertex -47.8209 -38.4459 47.8019
      vertex -49.4798 -36.5712 47.8019
      vertex -49.7162 -36.7974 47.8019
    endloop
  endfacet
  facet normal 0 0 1
    outer loop
      vertex -47.876 -35.4481 47.8019
      vertex -48.1629 -35.6055 47.8019
      vertex -47.8209 -38.4459 47.8019
    endloop
  endfacet
  facet normal 0 0 1
    outer loop
      vertex -48.1629 -35.6055 47.8019
      vertex -48.4427 -35.7753 47.8019
      vertex -47.8209 -38.4459 47.8019
    endloop
  endfacet
  facet normal 0 0 1
    outer loop
      vertex -47.8209 -38.4459 47.8019
      vertex -48.4427 -35.7753 47.8019
      vertex -48.7147 -35.9571 47.8019
    endloop
  endfacet
  facet normal 1 0 0
    outer loop
      vertex -67.3886 -38.3002 10.3019
      vertex -67.3886 -38.3002 7.80192
      vertex -67.3886 1.69983 10.3019
    endloop
  endfacet
  facet normal 1 0 0
    outer loop
      vertex -67.3886 -38.3002 7.80192
      vertex -67.3886 1.69983 7.80192
      vertex -67.3886 1.69983 10.3019
    endloop
  endfacet
  facet normal 0 0 1
    outer loop
      vertex -126.11 -39.9714 39.8019
      vertex -126.104 -39.8843 39.8019
      vertex -128.102 -39.7971 39.8019
    endloop
  endfacet
  facet normal 0 0 1
    outer loop
      vertex -126.104 -39.8843 39.8019
      vertex -126.102 -39.7971 39.8019
      vertex -128.102 -39.7971 39.8019
    endloop
  endfacet
  facet normal 0 0 1
    outer loop
      vertex -128.102 -39.7971 39.8019
      vertex -126.102 -39.7971 39.8019
      vertex -126.104 -39.7099 39.8019
    endloop
  endfacet
  facet normal 0 0 1
    outer loop
      vertex -126.149 -40.23 39.8019
      vertex -126.132 -40.1444 39.8019
      vertex -128.102 -39.7971 39.8019
    endloop
  endfacet
  facet normal 0 0 1
    outer loop
      vertex -126.132 -40.1444 39.8019
      vertex -126.119 -40.0582 39.8019
      vertex -128.102 -39.7971 39.8019
    endloop
  endfacet
  facet normal 0 0 1
    outer loop
      vertex -128.102 -39.7971 39.8019
      vertex -126.119 -40.0582 39.8019
      vertex -126.11 -39.9714 39.8019
    endloop
  endfacet
  facet normal 0 0 1
    outer loop
      vertex -126.223 -40.4811 39.8019
      vertex -126.195 -40.3985 39.8019
      vertex -128.102 -39.7971 39.8019
    endloop
  endfacet
  facet normal 0 0 1
    outer loop
      vertex -126.195 -40.3985 39.8019
      vertex -126.17 -40.3147 39.8019
      vertex -128.102 -39.7971 39.8019
    endloop
  endfacet
  facet normal 0 0 1
    outer loop
      vertex -128.102 -39.7971 39.8019
      vertex -126.17 -40.3147 39.8019
      vertex -126.149 -40.23 39.8019
    endloop
  endfacet
  facet normal 0 0 1
    outer loop
      vertex -126.328 -40.7206 39.8019
      vertex -126.289 -40.6423 39.8019
      vertex -128.102 -39.7971 39.8019
    endloop
  endfacet
  facet normal 0 0 1
    outer loop
      vertex -126.289 -40.6423 39.8019
      vertex -126.254 -40.5625 39.8019
      vertex -128.102 -39.7971 39.8019
    endloop
  endfacet
  facet normal 0 0 1
    outer loop
      vertex -128.102 -39.7971 39.8019
      vertex -126.254 -40.5625 39.8019
      vertex -126.223 -40.4811 39.8019
    endloop
  endfacet
  facet normal 0 0 1
    outer loop
      vertex -126.464 -40.9443 39.8019
      vertex -126.415 -40.8717 39.8019
      vertex -128.102 -39.7971 39.8019
    endloop
  endfacet
  facet normal 0 0 1
    outer loop
      vertex -126.415 -40.8717 39.8019
      vertex -126.37 -40.7971 39.8019
      vertex -128.102 -39.7971 39.8019
    endloop
  endfacet
  facet normal 0 0 1
    outer loop
      vertex -128.102 -39.7971 39.8019
      vertex -126.37 -40.7971 39.8019
      vertex -126.328 -40.7206 39.8019
    endloop
  endfacet
  facet normal 0 0 1
    outer loop
      vertex -126.627 -41.1483 39.8019
      vertex -126.57 -41.0827 39.8019
      vertex -128.102 -39.7971 39.8019
    endloop
  endfacet
  facet normal 0 0 1
    outer loop
      vertex -126.57 -41.0827 39.8019
      vertex -126.515 -41.0146 39.8019
      vertex -128.102 -39.7971 39.8019
    endloop
  endfacet
  facet normal 0 0 1
    outer loop
      vertex -128.102 -39.7971 39.8019
      vertex -126.515 -41.0146 39.8019
      vertex -126.464 -40.9443 39.8019
    endloop
  endfacet
  facet normal 0 0 1
    outer loop
      vertex -126.816 -41.3292 39.8019
      vertex -126.751 -41.2717 39.8019
      vertex -128.102 -39.7971 39.8019
    endloop
  endfacet
  facet normal 0 0 1
    outer loop
      vertex -126.751 -41.2717 39.8019
      vertex -126.688 -41.2113 39.8019
      vertex -128.102 -39.7971 39.8019
    endloop
  endfacet
  facet normal 0 0 1
    outer loop
      vertex -128.102 -39.7971 39.8019
      vertex -126.688 -41.2113 39.8019
      vertex -126.627 -41.1483 39.8019
    endloop
  endfacet
  facet normal 0 0 1
    outer loop
      vertex -127.027 -41.4839 39.8019
      vertex -126.955 -41.4354 39.8019
      vertex -128.102 -39.7971 39.8019
    endloop
  endfacet
  facet normal 0 0 1
    outer loop
      vertex -126.955 -41.4354 39.8019
      vertex -126.885 -41.3838 39.8019
      vertex -128.102 -39.7971 39.8019
    endloop
  endfacet
  facet normal 0 0 1
    outer loop
      vertex -128.102 -39.7971 39.8019
      vertex -126.885 -41.3838 39.8019
      vertex -126.816 -41.3292 39.8019
    endloop
  endfacet
  facet normal 0 0 1
    outer loop
      vertex -127.257 -41.6097 39.8019
      vertex -127.179 -41.5711 39.8019
      vertex -128.102 -39.7971 39.8019
    endloop
  endfacet
  facet normal 0 0 1
    outer loop
      vertex -127.179 -41.5711 39.8019
      vertex -127.102 -41.5292 39.8019
      vertex -128.102 -39.7971 39.8019
    endloop
  endfacet
  facet normal 0 0 1
    outer loop
      vertex -128.102 -39.7971 39.8019
      vertex -127.102 -41.5292 39.8019
      vertex -127.027 -41.4839 39.8019
    endloop
  endfacet
  facet normal 0 0 1
    outer loop
      vertex -127.501 -41.7045 39.8019
      vertex -127.418 -41.6765 39.8019
      vertex -128.102 -39.7971 39.8019
    endloop
  endfacet
  facet normal 0 0 1
    outer loop
      vertex -127.418 -41.6765 39.8019
      vertex -127.337 -41.6449 39.8019
      vertex -128.102 -39.7971 39.8019
    endloop
  endfacet
  facet normal 0 0 1
    outer loop
      vertex -128.102 -39.7971 39.8019
      vertex -127.337 -41.6449 39.8019
      vertex -127.257 -41.6097 39.8019
    endloop
  endfacet
  facet normal 0 0 1
    outer loop
      vertex -127.755 -41.7667 39.8019
      vertex -127.669 -41.7497 39.8019
      vertex -128.102 -39.7971 39.8019
    endloop
  endfacet
  facet normal 0 0 1
    outer loop
      vertex -127.669 -41.7497 39.8019
      vertex -127.584 -41.729 39.8019
      vertex -128.102 -39.7971 39.8019
    endloop
  endfacet
  facet normal 0 0 1
    outer loop
      vertex -128.102 -39.7971 39.8019
      vertex -127.584 -41.729 39.8019
      vertex -127.501 -41.7045 39.8019
    endloop
  endfacet
  facet normal 0 0 1
    outer loop
      vertex -128.015 -41.7952 39.8019
      vertex -127.928 -41.7895 39.8019
      vertex -128.102 -39.7971 39.8019
    endloop
  endfacet
  facet normal 0 0 1
    outer loop
      vertex -127.928 -41.7895 39.8019
      vertex -127.841 -41.78 39.8019
      vertex -128.102 -39.7971 39.8019
    endloop
  endfacet
  facet normal 0 0 1
    outer loop
      vertex -128.102 -39.7971 39.8019
      vertex -127.841 -41.78 39.8019
      vertex -127.755 -41.7667 39.8019
    endloop
  endfacet
  facet normal 0 0 1
    outer loop
      vertex -128.276 -41.7895 39.8019
      vertex -128.189 -41.7952 39.8019
      vertex -128.102 -39.7971 39.8019
    endloop
  endfacet
  facet normal 0 0 1
    outer loop
      vertex -128.189 -41.7952 39.8019
      vertex -128.102 -41.7971 39.8019
      vertex -128.102 -39.7971 39.8019
    endloop
  endfacet
  facet normal 0 0 1
    outer loop
      vertex -128.102 -39.7971 39.8019
      vertex -128.102 -41.7971 39.8019
      vertex -128.015 -41.7952 39.8019
    endloop
  endfacet
  facet normal 0 0 1
    outer loop
      vertex -128.535 -41.7497 39.8019
      vertex -128.449 -41.7667 39.8019
      vertex -128.102 -39.7971 39.8019
    endloop
  endfacet
  facet normal 0 0 1
    outer loop
      vertex -128.449 -41.7667 39.8019
      vertex -128.363 -41.78 39.8019
      vertex -128.102 -39.7971 39.8019
    endloop
  endfacet
  facet normal 0 0 1
    outer loop
      vertex -128.102 -39.7971 39.8019
      vertex -128.363 -41.78 39.8019
      vertex -128.276 -41.7895 39.8019
    endloop
  endfacet
  facet normal 0 0 1
    outer loop
      vertex -128.786 -41.6765 39.8019
      vertex -128.703 -41.7045 39.8019
      vertex -128.102 -39.7971 39.8019
    endloop
  endfacet
  facet normal 0 0 1
    outer loop
      vertex -128.703 -41.7045 39.8019
      vertex -128.62 -41.729 39.8019
      vertex -128.102 -39.7971 39.8019
    endloop
  endfacet
  facet normal 0 0 1
    outer loop
      vertex -128.102 -39.7971 39.8019
      vertex -128.62 -41.729 39.8019
      vertex -128.535 -41.7497 39.8019
    endloop
  endfacet
  facet normal 0 0 1
    outer loop
      vertex -129.026 -41.5711 39.8019
      vertex -128.947 -41.6097 39.8019
      vertex -128.102 -39.7971 39.8019
    endloop
  endfacet
  facet normal 0 0 1
    outer loop
      vertex -128.947 -41.6097 39.8019
      vertex -128.867 -41.6449 39.8019
      vertex -128.102 -39.7971 39.8019
    endloop
  endfacet
  facet normal 0 0 1
    outer loop
      vertex -128.102 -39.7971 39.8019
      vertex -128.867 -41.6449 39.8019
      vertex -128.786 -41.6765 39.8019
    endloop
  endfacet
  facet normal 0 0 1
    outer loop
      vertex -129.249 -41.4354 39.8019
      vertex -129.177 -41.4839 39.8019
      vertex -128.102 -39.7971 39.8019
    endloop
  endfacet
  facet normal 0 0 1
    outer loop
      vertex -129.177 -41.4839 39.8019
      vertex -129.102 -41.5292 39.8019
      vertex -128.102 -39.7971 39.8019
    endloop
  endfacet
  facet normal 0 0 1
    outer loop
      vertex -128.102 -39.7971 39.8019
      vertex -129.102 -41.5292 39.8019
      vertex -129.026 -41.5711 39.8019
    endloop
  endfacet
  facet normal 0 0 1
    outer loop
      vertex -129.453 -41.2717 39.8019
      vertex -129.388 -41.3292 39.8019
      vertex -128.102 -39.7971 39.8019
    endloop
  endfacet
  facet normal 0 0 1
    outer loop
      vertex -129.388 -41.3292 39.8019
      vertex -129.32 -41.3838 39.8019
      vertex -128.102 -39.7971 39.8019
    endloop
  endfacet
  facet normal 0 0 1
    outer loop
      vertex -128.102 -39.7971 39.8019
      vertex -129.32 -41.3838 39.8019
      vertex -129.249 -41.4354 39.8019
    endloop
  endfacet
  facet normal 0 0 1
    outer loop
      vertex -129.634 -41.0827 39.8019
      vertex -129.577 -41.1483 39.8019
      vertex -128.102 -39.7971 39.8019
    endloop
  endfacet
  facet normal 0 0 1
    outer loop
      vertex -129.577 -41.1483 39.8019
      vertex -129.516 -41.2113 39.8019
      vertex -128.102 -39.7971 39.8019
    endloop
  endfacet
  facet normal 0 0 1
    outer loop
      vertex -128.102 -39.7971 39.8019
      vertex -129.516 -41.2113 39.8019
      vertex -129.453 -41.2717 39.8019
    endloop
  endfacet
  facet normal 0 0 1
    outer loop
      vertex -129.789 -40.8717 39.8019
      vertex -129.74 -40.9443 39.8019
      vertex -128.102 -39.7971 39.8019
    endloop
  endfacet
  facet normal 0 0 1
    outer loop
      vertex -129.74 -40.9443 39.8019
      vertex -129.689 -41.0146 39.8019
      vertex -128.102 -39.7971 39.8019
    endloop
  endfacet
  facet normal 0 0 1
    outer loop
      vertex -128.102 -39.7971 39.8019
      vertex -129.689 -41.0146 39.8019
      vertex -129.634 -41.0827 39.8019
    endloop
  endfacet
  facet normal 0 0 1
    outer loop
      vertex -129.915 -40.6423 39.8019
      vertex -129.876 -40.7206 39.8019
      vertex -128.102 -39.7971 39.8019
    endloop
  endfacet
  facet normal 0 0 1
    outer loop
      vertex -129.876 -40.7206 39.8019
      vertex -129.834 -40.7971 39.8019
      vertex -128.102 -39.7971 39.8019
    endloop
  endfacet
  facet normal 0 0 1
    outer loop
      vertex -128.102 -39.7971 39.8019
      vertex -129.834 -40.7971 39.8019
      vertex -129.789 -40.8717 39.8019
    endloop
  endfacet
  facet normal 0 0 1
    outer loop
      vertex -130.009 -40.3985 39.8019
      vertex -129.981 -40.4811 39.8019
      vertex -128.102 -39.7971 39.8019
    endloop
  endfacet
  facet normal 0 0 1
    outer loop
      vertex -129.981 -40.4811 39.8019
      vertex -129.95 -40.5625 39.8019
      vertex -128.102 -39.7971 39.8019
    endloop
  endfacet
  facet normal 0 0 1
    outer loop
      vertex -128.102 -39.7971 39.8019
      vertex -129.95 -40.5625 39.8019
      vertex -129.915 -40.6423 39.8019
    endloop
  endfacet
  facet normal 0 0 1
    outer loop
      vertex -130.072 -40.1444 39.8019
      vertex -130.055 -40.23 39.8019
      vertex -128.102 -39.7971 39.8019
    endloop
  endfacet
  facet normal 0 0 1
    outer loop
      vertex -130.055 -40.23 39.8019
      vertex -130.034 -40.3147 39.8019
      vertex -128.102 -39.7971 39.8019
    endloop
  endfacet
  facet normal 0 0 1
    outer loop
      vertex -128.102 -39.7971 39.8019
      vertex -130.034 -40.3147 39.8019
      vertex -130.009 -40.3985 39.8019
    endloop
  endfacet
  facet normal 0 0 1
    outer loop
      vertex -130.1 -39.8843 39.8019
      vertex -130.094 -39.9714 39.8019
      vertex -128.102 -39.7971 39.8019
    endloop
  endfacet
  facet normal 0 0 1
    outer loop
      vertex -130.094 -39.9714 39.8019
      vertex -130.085 -40.0582 39.8019
      vertex -128.102 -39.7971 39.8019
    endloop
  endfacet
  facet normal 0 0 1
    outer loop
      vertex -128.102 -39.7971 39.8019
      vertex -130.085 -40.0582 39.8019
      vertex -130.072 -40.1444 39.8019
    endloop
  endfacet
  facet normal 0 0 1
    outer loop
      vertex -130.094 -39.6228 39.8019
      vertex -130.1 -39.7099 39.8019
      vertex -128.102 -39.7971 39.8019
    endloop
  endfacet
  facet normal 0 0 1
    outer loop
      vertex -130.1 -39.7099 39.8019
      vertex -130.102 -39.7971 39.8019
      vertex -128.102 -39.7971 39.8019
    endloop
  endfacet
  facet normal 0 0 1
    outer loop
      vertex -128.102 -39.7971 39.8019
      vertex -130.102 -39.7971 39.8019
      vertex -130.1 -39.8843 39.8019
    endloop
  endfacet
  facet normal 0 0 1
    outer loop
      vertex -130.055 -39.3642 39.8019
      vertex -130.072 -39.4498 39.8019
      vertex -128.102 -39.7971 39.8019
    endloop
  endfacet
  facet normal 0 0 1
    outer loop
      vertex -130.072 -39.4498 39.8019
      vertex -130.085 -39.536 39.8019
      vertex -128.102 -39.7971 39.8019
    endloop
  endfacet
  facet normal 0 0 1
    outer loop
      vertex -128.102 -39.7971 39.8019
      vertex -130.085 -39.536 39.8019
      vertex -130.094 -39.6228 39.8019
    endloop
  endfacet
  facet normal 0 0 1
    outer loop
      vertex -129.981 -39.1131 39.8019
      vertex -130.009 -39.1957 39.8019
      vertex -128.102 -39.7971 39.8019
    endloop
  endfacet
  facet normal 0 0 1
    outer loop
      vertex -130.009 -39.1957 39.8019
      vertex -130.034 -39.2795 39.8019
      vertex -128.102 -39.7971 39.8019
    endloop
  endfacet
  facet normal 0 0 1
    outer loop
      vertex -128.102 -39.7971 39.8019
      vertex -130.034 -39.2795 39.8019
      vertex -130.055 -39.3642 39.8019
    endloop
  endfacet
  facet normal 0 0 1
    outer loop
      vertex -129.876 -38.8736 39.8019
      vertex -129.915 -38.9519 39.8019
      vertex -128.102 -39.7971 39.8019
    endloop
  endfacet
  facet normal 0 0 1
    outer loop
      vertex -129.915 -38.9519 39.8019
      vertex -129.95 -39.0317 39.8019
      vertex -128.102 -39.7971 39.8019
    endloop
  endfacet
  facet normal 0 0 1
    outer loop
      vertex -128.102 -39.7971 39.8019
      vertex -129.95 -39.0317 39.8019
      vertex -129.981 -39.1131 39.8019
    endloop
  endfacet
  facet normal 0 0 1
    outer loop
      vertex -129.74 -38.65 39.8019
      vertex -129.789 -38.7225 39.8019
      vertex -128.102 -39.7971 39.8019
    endloop
  endfacet
  facet normal 0 0 1
    outer loop
      vertex -129.789 -38.7225 39.8019
      vertex -129.834 -38.7971 39.8019
      vertex -128.102 -39.7971 39.8019
    endloop
  endfacet
  facet normal 0 0 1
    outer loop
      vertex -128.102 -39.7971 39.8019
      vertex -129.834 -38.7971 39.8019
      vertex -129.876 -38.8736 39.8019
    endloop
  endfacet
  facet normal 0 0 1
    outer loop
      vertex -129.577 -38.4459 39.8019
      vertex -129.634 -38.5115 39.8019
      vertex -128.102 -39.7971 39.8019
    endloop
  endfacet
  facet normal 0 0 1
    outer loop
      vertex -129.634 -38.5115 39.8019
      vertex -129.689 -38.5796 39.8019
      vertex -128.102 -39.7971 39.8019
    endloop
  endfacet
  facet normal 0 0 1
    outer loop
      vertex -128.102 -39.7971 39.8019
      vertex -129.689 -38.5796 39.8019
      vertex -129.74 -38.65 39.8019
    endloop
  endfacet
  facet normal 0 0 1
    outer loop
      vertex -129.388 -38.265 39.8019
      vertex -129.453 -38.3225 39.8019
      vertex -128.102 -39.7971 39.8019
    endloop
  endfacet
  facet normal 0 0 1
    outer loop
      vertex -129.453 -38.3225 39.8019
      vertex -129.516 -38.3829 39.8019
      vertex -128.102 -39.7971 39.8019
    endloop
  endfacet
  facet normal 0 0 1
    outer loop
      vertex -128.102 -39.7971 39.8019
      vertex -129.516 -38.3829 39.8019
      vertex -129.577 -38.4459 39.8019
    endloop
  endfacet
  facet normal 0 0 1
    outer loop
      vertex -129.177 -38.1103 39.8019
      vertex -129.249 -38.1588 39.8019
      vertex -128.102 -39.7971 39.8019
    endloop
  endfacet
  facet normal 0 0 1
    outer loop
      vertex -129.249 -38.1588 39.8019
      vertex -129.32 -38.2104 39.8019
      vertex -128.102 -39.7971 39.8019
    endloop
  endfacet
  facet normal 0 0 1
    outer loop
      vertex -128.102 -39.7971 39.8019
      vertex -129.32 -38.2104 39.8019
      vertex -129.388 -38.265 39.8019
    endloop
  endfacet
  facet normal 0 0 1
    outer loop
      vertex -128.947 -37.9845 39.8019
      vertex -129.026 -38.0231 39.8019
      vertex -128.102 -39.7971 39.8019
    endloop
  endfacet
  facet normal 0 0 1
    outer loop
      vertex -129.026 -38.0231 39.8019
      vertex -129.102 -38.065 39.8019
      vertex -128.102 -39.7971 39.8019
    endloop
  endfacet
  facet normal 0 0 1
    outer loop
      vertex -128.102 -39.7971 39.8019
      vertex -129.102 -38.065 39.8019
      vertex -129.177 -38.1103 39.8019
    endloop
  endfacet
  facet normal 0 0 1
    outer loop
      vertex -128.703 -37.8897 39.8019
      vertex -128.786 -37.9177 39.8019
      vertex -128.102 -39.7971 39.8019
    endloop
  endfacet
  facet normal 0 0 1
    outer loop
      vertex -128.786 -37.9177 39.8019
      vertex -128.867 -37.9493 39.8019
      vertex -128.102 -39.7971 39.8019
    endloop
  endfacet
  facet normal 0 0 1
    outer loop
      vertex -128.102 -39.7971 39.8019
      vertex -128.867 -37.9493 39.8019
      vertex -128.947 -37.9845 39.8019
    endloop
  endfacet
  facet normal 0 0 1
    outer loop
      vertex -128.449 -37.8275 39.8019
      vertex -128.535 -37.8445 39.8019
      vertex -128.102 -39.7971 39.8019
    endloop
  endfacet
  facet normal 0 0 1
    outer loop
      vertex -128.535 -37.8445 39.8019
      vertex -128.62 -37.8653 39.8019
      vertex -128.102 -39.7971 39.8019
    endloop
  endfacet
  facet normal 0 0 1
    outer loop
      vertex -128.102 -39.7971 39.8019
      vertex -128.62 -37.8653 39.8019
      vertex -128.703 -37.8897 39.8019
    endloop
  endfacet
  facet normal 0 0 1
    outer loop
      vertex -128.189 -37.799 39.8019
      vertex -128.276 -37.8047 39.8019
      vertex -128.102 -39.7971 39.8019
    endloop
  endfacet
  facet normal 0 0 1
    outer loop
      vertex -128.276 -37.8047 39.8019
      vertex -128.363 -37.8142 39.8019
      vertex -128.102 -39.7971 39.8019
    endloop
  endfacet
  facet normal 0 0 1
    outer loop
      vertex -128.102 -39.7971 39.8019
      vertex -128.363 -37.8142 39.8019
      vertex -128.449 -37.8275 39.8019
    endloop
  endfacet
  facet normal 0 0 1
    outer loop
      vertex -127.928 -37.8047 39.8019
      vertex -128.015 -37.799 39.8019
      vertex -128.102 -39.7971 39.8019
    endloop
  endfacet
  facet normal 0 0 1
    outer loop
      vertex -128.015 -37.799 39.8019
      vertex -128.102 -37.7971 39.8019
      vertex -128.102 -39.7971 39.8019
    endloop
  endfacet
  facet normal 0 0 1
    outer loop
      vertex -128.102 -39.7971 39.8019
      vertex -128.102 -37.7971 39.8019
      vertex -128.189 -37.799 39.8019
    endloop
  endfacet
  facet normal 0 0 1
    outer loop
      vertex -127.669 -37.8445 39.8019
      vertex -127.755 -37.8275 39.8019
      vertex -128.102 -39.7971 39.8019
    endloop
  endfacet
  facet normal 0 0 1
    outer loop
      vertex -127.755 -37.8275 39.8019
      vertex -127.841 -37.8142 39.8019
      vertex -128.102 -39.7971 39.8019
    endloop
  endfacet
  facet normal 0 0 1
    outer loop
      vertex -128.102 -39.7971 39.8019
      vertex -127.841 -37.8142 39.8019
      vertex -127.928 -37.8047 39.8019
    endloop
  endfacet
  facet normal 0 0 1
    outer loop
      vertex -127.418 -37.9177 39.8019
      vertex -127.501 -37.8897 39.8019
      vertex -128.102 -39.7971 39.8019
    endloop
  endfacet
  facet normal 0 0 1
    outer loop
      vertex -127.501 -37.8897 39.8019
      vertex -127.584 -37.8653 39.8019
      vertex -128.102 -39.7971 39.8019
    endloop
  endfacet
  facet normal 0 0 1
    outer loop
      vertex -128.102 -39.7971 39.8019
      vertex -127.584 -37.8653 39.8019
      vertex -127.669 -37.8445 39.8019
    endloop
  endfacet
  facet normal 0 0 1
    outer loop
      vertex -127.179 -38.0231 39.8019
      vertex -127.257 -37.9845 39.8019
      vertex -128.102 -39.7971 39.8019
    endloop
  endfacet
  facet normal 0 0 1
    outer loop
      vertex -127.257 -37.9845 39.8019
      vertex -127.337 -37.9493 39.8019
      vertex -128.102 -39.7971 39.8019
    endloop
  endfacet
  facet normal 0 0 1
    outer loop
      vertex -128.102 -39.7971 39.8019
      vertex -127.337 -37.9493 39.8019
      vertex -127.418 -37.9177 39.8019
    endloop
  endfacet
  facet normal 0 0 1
    outer loop
      vertex -126.955 -38.1588 39.8019
      vertex -127.027 -38.1103 39.8019
      vertex -128.102 -39.7971 39.8019
    endloop
  endfacet
  facet normal 0 0 1
    outer loop
      vertex -127.027 -38.1103 39.8019
      vertex -127.102 -38.065 39.8019
      vertex -128.102 -39.7971 39.8019
    endloop
  endfacet
  facet normal 0 0 1
    outer loop
      vertex -128.102 -39.7971 39.8019
      vertex -127.102 -38.065 39.8019
      vertex -127.179 -38.0231 39.8019
    endloop
  endfacet
  facet normal 0 0 1
    outer loop
      vertex -126.751 -38.3225 39.8019
      vertex -126.816 -38.265 39.8019
      vertex -128.102 -39.7971 39.8019
    endloop
  endfacet
  facet normal 0 0 1
    outer loop
      vertex -126.816 -38.265 39.8019
      vertex -126.885 -38.2104 39.8019
      vertex -128.102 -39.7971 39.8019
    endloop
  endfacet
  facet normal 0 0 1
    outer loop
      vertex -128.102 -39.7971 39.8019
      vertex -126.885 -38.2104 39.8019
      vertex -126.955 -38.1588 39.8019
    endloop
  endfacet
  facet normal 0 0 1
    outer loop
      vertex -126.57 -38.5115 39.8019
      vertex -126.627 -38.4459 39.8019
      vertex -128.102 -39.7971 39.8019
    endloop
  endfacet
  facet normal 0 0 1
    outer loop
      vertex -126.627 -38.4459 39.8019
      vertex -126.688 -38.3829 39.8019
      vertex -128.102 -39.7971 39.8019
    endloop
  endfacet
  facet normal 0 0 1
    outer loop
      vertex -128.102 -39.7971 39.8019
      vertex -126.688 -38.3829 39.8019
      vertex -126.751 -38.3225 39.8019
    endloop
  endfacet
  facet normal 0 0 1
    outer loop
      vertex -126.415 -38.7225 39.8019
      vertex -126.464 -38.65 39.8019
      vertex -128.102 -39.7971 39.8019
    endloop
  endfacet
  facet normal 0 0 1
    outer loop
      vertex -126.464 -38.65 39.8019
      vertex -126.515 -38.5796 39.8019
      vertex -128.102 -39.7971 39.8019
    endloop
  endfacet
  facet normal 0 0 1
    outer loop
      vertex -128.102 -39.7971 39.8019
      vertex -126.515 -38.5796 39.8019
      vertex -126.57 -38.5115 39.8019
    endloop
  endfacet
  facet normal 0 0 1
    outer loop
      vertex -126.289 -38.9519 39.8019
      vertex -126.328 -38.8736 39.8019
      vertex -128.102 -39.7971 39.8019
    endloop
  endfacet
  facet normal 0 0 1
    outer loop
      vertex -126.328 -38.8736 39.8019
      vertex -126.37 -38.7971 39.8019
      vertex -128.102 -39.7971 39.8019
    endloop
  endfacet
  facet normal 0 0 1
    outer loop
      vertex -128.102 -39.7971 39.8019
      vertex -126.37 -38.7971 39.8019
      vertex -126.415 -38.7225 39.8019
    endloop
  endfacet
  facet normal 0 0 1
    outer loop
      vertex -126.195 -39.1957 39.8019
      vertex -126.223 -39.1131 39.8019
      vertex -128.102 -39.7971 39.8019
    endloop
  endfacet
  facet normal 0 0 1
    outer loop
      vertex -126.223 -39.1131 39.8019
      vertex -126.254 -39.0317 39.8019
      vertex -128.102 -39.7971 39.8019
    endloop
  endfacet
  facet normal 0 0 1
    outer loop
      vertex -128.102 -39.7971 39.8019
      vertex -126.254 -39.0317 39.8019
      vertex -126.289 -38.9519 39.8019
    endloop
  endfacet
  facet normal 0 0 1
    outer loop
      vertex -126.132 -39.4498 39.8019
      vertex -126.149 -39.3642 39.8019
      vertex -128.102 -39.7971 39.8019
    endloop
  endfacet
  facet normal 0 0 1
    outer loop
      vertex -126.149 -39.3642 39.8019
      vertex -126.17 -39.2795 39.8019
      vertex -128.102 -39.7971 39.8019
    endloop
  endfacet
  facet normal 0 0 1
    outer loop
      vertex -128.102 -39.7971 39.8019
      vertex -126.17 -39.2795 39.8019
      vertex -126.195 -39.1957 39.8019
    endloop
  endfacet
  facet normal 0 0 1
    outer loop
      vertex -126.104 -39.7099 39.8019
      vertex -126.11 -39.6228 39.8019
      vertex -128.102 -39.7971 39.8019
    endloop
  endfacet
  facet normal 0 0 1
    outer loop
      vertex -126.11 -39.6228 39.8019
      vertex -126.119 -39.536 39.8019
      vertex -128.102 -39.7971 39.8019
    endloop
  endfacet
  facet normal 0 0 1
    outer loop
      vertex -128.102 -39.7971 39.8019
      vertex -126.119 -39.536 39.8019
      vertex -126.132 -39.4498 39.8019
    endloop
  endfacet
  facet normal 0 1 0
    outer loop
      vertex -52.3886 -38.3002 10.3019
      vertex -52.3886 -38.3002 7.80192
      vertex -67.3886 -38.3002 10.3019
    endloop
  endfacet
  facet normal 0 1 0
    outer loop
      vertex -52.3886 -38.3002 7.80192
      vertex -67.3886 -38.3002 7.80192
      vertex -67.3886 -38.3002 10.3019
    endloop
  endfacet
  facet normal 0 0 1
    outer loop
      vertex -125.869 5.72496 39.8019
      vertex -125.863 5.81203 39.8019
      vertex -127.861 5.89927 39.8019
    endloop
  endfacet
  facet normal 0 0 1
    outer loop
      vertex -125.863 5.81203 39.8019
      vertex -125.861 5.89927 39.8019
      vertex -127.861 5.89927 39.8019
    endloop
  endfacet
  facet normal 0 0 1
    outer loop
      vertex -127.861 5.89927 39.8019
      vertex -125.861 5.89927 39.8019
      vertex -125.863 5.98651 39.8019
    endloop
  endfacet
  facet normal 0 0 1
    outer loop
      vertex -125.909 5.46639 39.8019
      vertex -125.892 5.55197 39.8019
      vertex -127.861 5.89927 39.8019
    endloop
  endfacet
  facet normal 0 0 1
    outer loop
      vertex -125.892 5.55197 39.8019
      vertex -125.878 5.63822 39.8019
      vertex -127.861 5.89927 39.8019
    endloop
  endfacet
  facet normal 0 0 1
    outer loop
      vertex -127.861 5.89927 39.8019
      vertex -125.878 5.63822 39.8019
      vertex -125.869 5.72496 39.8019
    endloop
  endfacet
  facet normal 0 0 1
    outer loop
      vertex -125.982 5.21523 39.8019
      vertex -125.954 5.29786 39.8019
      vertex -127.861 5.89927 39.8019
    endloop
  endfacet
  facet normal 0 0 1
    outer loop
      vertex -125.954 5.29786 39.8019
      vertex -125.929 5.38163 39.8019
      vertex -127.861 5.89927 39.8019
    endloop
  endfacet
  facet normal 0 0 1
    outer loop
      vertex -127.861 5.89927 39.8019
      vertex -125.929 5.38163 39.8019
      vertex -125.909 5.46639 39.8019
    endloop
  endfacet
  facet normal 0 0 1
    outer loop
      vertex -126.087 4.97577 39.8019
      vertex -126.049 5.05403 39.8019
      vertex -127.861 5.89927 39.8019
    endloop
  endfacet
  facet normal 0 0 1
    outer loop
      vertex -126.049 5.05403 39.8019
      vertex -126.013 5.1339 39.8019
      vertex -127.861 5.89927 39.8019
    endloop
  endfacet
  facet normal 0 0 1
    outer loop
      vertex -127.861 5.89927 39.8019
      vertex -126.013 5.1339 39.8019
      vertex -125.982 5.21523 39.8019
    endloop
  endfacet
  facet normal 0 0 1
    outer loop
      vertex -126.223 4.75212 39.8019
      vertex -126.174 4.82467 39.8019
      vertex -127.861 5.89927 39.8019
    endloop
  endfacet
  facet normal 0 0 1
    outer loop
      vertex -126.174 4.82467 39.8019
      vertex -126.129 4.89927 39.8019
      vertex -127.861 5.89927 39.8019
    endloop
  endfacet
  facet normal 0 0 1
    outer loop
      vertex -127.861 5.89927 39.8019
      vertex -126.129 4.89927 39.8019
      vertex -126.087 4.97577 39.8019
    endloop
  endfacet
  facet normal 0 0 1
    outer loop
      vertex -126.387 4.54809 39.8019
      vertex -126.329 4.61369 39.8019
      vertex -127.861 5.89927 39.8019
    endloop
  endfacet
  facet normal 0 0 1
    outer loop
      vertex -126.329 4.61369 39.8019
      vertex -126.274 4.68175 39.8019
      vertex -127.861 5.89927 39.8019
    endloop
  endfacet
  facet normal 0 0 1
    outer loop
      vertex -127.861 5.89927 39.8019
      vertex -126.274 4.68175 39.8019
      vertex -126.223 4.75212 39.8019
    endloop
  endfacet
  facet normal 0 0 1
    outer loop
      vertex -126.576 4.36718 39.8019
      vertex -126.51 4.42471 39.8019
      vertex -127.861 5.89927 39.8019
    endloop
  endfacet
  facet normal 0 0 1
    outer loop
      vertex -126.51 4.42471 39.8019
      vertex -126.447 4.48505 39.8019
      vertex -127.861 5.89927 39.8019
    endloop
  endfacet
  facet normal 0 0 1
    outer loop
      vertex -127.861 5.89927 39.8019
      vertex -126.447 4.48505 39.8019
      vertex -126.387 4.54809 39.8019
    endloop
  endfacet
  facet normal 0 0 1
    outer loop
      vertex -126.787 4.21249 39.8019
      vertex -126.714 4.26096 39.8019
      vertex -127.861 5.89927 39.8019
    endloop
  endfacet
  facet normal 0 0 1
    outer loop
      vertex -126.714 4.26096 39.8019
      vertex -126.644 4.31256 39.8019
      vertex -127.861 5.89927 39.8019
    endloop
  endfacet
  facet normal 0 0 1
    outer loop
      vertex -127.861 5.89927 39.8019
      vertex -126.644 4.31256 39.8019
      vertex -126.576 4.36718 39.8019
    endloop
  endfacet
  facet normal 0 0 1
    outer loop
      vertex -127.016 4.08665 39.8019
      vertex -126.938 4.12525 39.8019
      vertex -127.861 5.89927 39.8019
    endloop
  endfacet
  facet normal 0 0 1
    outer loop
      vertex -126.938 4.12525 39.8019
      vertex -126.861 4.16722 39.8019
      vertex -127.861 5.89927 39.8019
    endloop
  endfacet
  facet normal 0 0 1
    outer loop
      vertex -127.861 5.89927 39.8019
      vertex -126.861 4.16722 39.8019
      vertex -126.787 4.21249 39.8019
    endloop
  endfacet
  facet normal 0 0 1
    outer loop
      vertex -127.26 3.99183 39.8019
      vertex -127.177 4.01988 39.8019
      vertex -127.861 5.89927 39.8019
    endloop
  endfacet
  facet normal 0 0 1
    outer loop
      vertex -127.177 4.01988 39.8019
      vertex -127.096 4.05151 39.8019
      vertex -127.861 5.89927 39.8019
    endloop
  endfacet
  facet normal 0 0 1
    outer loop
      vertex -127.861 5.89927 39.8019
      vertex -127.096 4.05151 39.8019
      vertex -127.016 4.08665 39.8019
    endloop
  endfacet
  facet normal 0 0 1
    outer loop
      vertex -127.514 3.92965 39.8019
      vertex -127.428 3.94668 39.8019
      vertex -127.861 5.89927 39.8019
    endloop
  endfacet
  facet normal 0 0 1
    outer loop
      vertex -127.428 3.94668 39.8019
      vertex -127.344 3.96742 39.8019
      vertex -127.861 5.89927 39.8019
    endloop
  endfacet
  facet normal 0 0 1
    outer loop
      vertex -127.861 5.89927 39.8019
      vertex -127.344 3.96742 39.8019
      vertex -127.26 3.99183 39.8019
    endloop
  endfacet
  facet normal 0 0 1
    outer loop
      vertex -127.774 3.90117 39.8019
      vertex -127.687 3.90688 39.8019
      vertex -127.861 5.89927 39.8019
    endloop
  endfacet
  facet normal 0 0 1
    outer loop
      vertex -127.687 3.90688 39.8019
      vertex -127.6 3.91638 39.8019
      vertex -127.861 5.89927 39.8019
    endloop
  endfacet
  facet normal 0 0 1
    outer loop
      vertex -127.861 5.89927 39.8019
      vertex -127.6 3.91638 39.8019
      vertex -127.514 3.92965 39.8019
    endloop
  endfacet
  facet normal 0 0 1
    outer loop
      vertex -128.035 3.90688 39.8019
      vertex -127.948 3.90117 39.8019
      vertex -127.861 5.89927 39.8019
    endloop
  endfacet
  facet normal 0 0 1
    outer loop
      vertex -127.948 3.90117 39.8019
      vertex -127.861 3.89927 39.8019
      vertex -127.861 5.89927 39.8019
    endloop
  endfacet
  facet normal 0 0 1
    outer loop
      vertex -127.861 5.89927 39.8019
      vertex -127.861 3.89927 39.8019
      vertex -127.774 3.90117 39.8019
    endloop
  endfacet
  facet normal 0 0 1
    outer loop
      vertex -128.294 3.94668 39.8019
      vertex -128.208 3.92965 39.8019
      vertex -127.861 5.89927 39.8019
    endloop
  endfacet
  facet normal 0 0 1
    outer loop
      vertex -128.208 3.92965 39.8019
      vertex -128.122 3.91638 39.8019
      vertex -127.861 5.89927 39.8019
    endloop
  endfacet
  facet normal 0 0 1
    outer loop
      vertex -127.861 5.89927 39.8019
      vertex -128.122 3.91638 39.8019
      vertex -128.035 3.90688 39.8019
    endloop
  endfacet
  facet normal 0 0 1
    outer loop
      vertex -128.545 4.01988 39.8019
      vertex -128.463 3.99183 39.8019
      vertex -127.861 5.89927 39.8019
    endloop
  endfacet
  facet normal 0 0 1
    outer loop
      vertex -128.463 3.99183 39.8019
      vertex -128.379 3.96742 39.8019
      vertex -127.861 5.89927 39.8019
    endloop
  endfacet
  facet normal 0 0 1
    outer loop
      vertex -127.861 5.89927 39.8019
      vertex -128.379 3.96742 39.8019
      vertex -128.294 3.94668 39.8019
    endloop
  endfacet
  facet normal 0 0 1
    outer loop
      vertex -128.785 4.12525 39.8019
      vertex -128.706 4.08665 39.8019
      vertex -127.861 5.89927 39.8019
    endloop
  endfacet
  facet normal 0 0 1
    outer loop
      vertex -128.706 4.08665 39.8019
      vertex -128.627 4.05151 39.8019
      vertex -127.861 5.89927 39.8019
    endloop
  endfacet
  facet normal 0 0 1
    outer loop
      vertex -127.861 5.89927 39.8019
      vertex -128.627 4.05151 39.8019
      vertex -128.545 4.01988 39.8019
    endloop
  endfacet
  facet normal 0 0 1
    outer loop
      vertex -129.008 4.26096 39.8019
      vertex -128.936 4.21249 39.8019
      vertex -127.861 5.89927 39.8019
    endloop
  endfacet
  facet normal 0 0 1
    outer loop
      vertex -128.936 4.21249 39.8019
      vertex -128.861 4.16722 39.8019
      vertex -127.861 5.89927 39.8019
    endloop
  endfacet
  facet normal 0 0 1
    outer loop
      vertex -127.861 5.89927 39.8019
      vertex -128.861 4.16722 39.8019
      vertex -128.785 4.12525 39.8019
    endloop
  endfacet
  facet normal 0 0 1
    outer loop
      vertex -129.212 4.42471 39.8019
      vertex -129.147 4.36718 39.8019
      vertex -127.861 5.89927 39.8019
    endloop
  endfacet
  facet normal 0 0 1
    outer loop
      vertex -129.147 4.36718 39.8019
      vertex -129.079 4.31256 39.8019
      vertex -127.861 5.89927 39.8019
    endloop
  endfacet
  facet normal 0 0 1
    outer loop
      vertex -127.861 5.89927 39.8019
      vertex -129.079 4.31256 39.8019
      vertex -129.008 4.26096 39.8019
    endloop
  endfacet
  facet normal 0 0 1
    outer loop
      vertex -129.393 4.61369 39.8019
      vertex -129.336 4.54809 39.8019
      vertex -127.861 5.89927 39.8019
    endloop
  endfacet
  facet normal 0 0 1
    outer loop
      vertex -129.336 4.54809 39.8019
      vertex -129.275 4.48505 39.8019
      vertex -127.861 5.89927 39.8019
    endloop
  endfacet
  facet normal 0 0 1
    outer loop
      vertex -127.861 5.89927 39.8019
      vertex -129.275 4.48505 39.8019
      vertex -129.212 4.42471 39.8019
    endloop
  endfacet
  facet normal 0 0 1
    outer loop
      vertex -129.548 4.82467 39.8019
      vertex -129.499 4.75212 39.8019
      vertex -127.861 5.89927 39.8019
    endloop
  endfacet
  facet normal 0 0 1
    outer loop
      vertex -129.499 4.75212 39.8019
      vertex -129.448 4.68175 39.8019
      vertex -127.861 5.89927 39.8019
    endloop
  endfacet
  facet normal 0 0 1
    outer loop
      vertex -127.861 5.89927 39.8019
      vertex -129.448 4.68175 39.8019
      vertex -129.393 4.61369 39.8019
    endloop
  endfacet
  facet normal 0 0 1
    outer loop
      vertex -129.674 5.05403 39.8019
      vertex -129.635 4.97577 39.8019
      vertex -127.861 5.89927 39.8019
    endloop
  endfacet
  facet normal 0 0 1
    outer loop
      vertex -129.635 4.97577 39.8019
      vertex -129.593 4.89927 39.8019
      vertex -127.861 5.89927 39.8019
    endloop
  endfacet
  facet normal 0 0 1
    outer loop
      vertex -127.861 5.89927 39.8019
      vertex -129.593 4.89927 39.8019
      vertex -129.548 4.82467 39.8019
    endloop
  endfacet
  facet normal 0 0 1
    outer loop
      vertex -129.769 5.29786 39.8019
      vertex -129.741 5.21523 39.8019
      vertex -127.861 5.89927 39.8019
    endloop
  endfacet
  facet normal 0 0 1
    outer loop
      vertex -129.741 5.21523 39.8019
      vertex -129.709 5.1339 39.8019
      vertex -127.861 5.89927 39.8019
    endloop
  endfacet
  facet normal 0 0 1
    outer loop
      vertex -127.861 5.89927 39.8019
      vertex -129.709 5.1339 39.8019
      vertex -129.674 5.05403 39.8019
    endloop
  endfacet
  facet normal 0 0 1
    outer loop
      vertex -129.831 5.55197 39.8019
      vertex -129.814 5.46639 39.8019
      vertex -127.861 5.89927 39.8019
    endloop
  endfacet
  facet normal 0 0 1
    outer loop
      vertex -129.814 5.46639 39.8019
      vertex -129.793 5.38163 39.8019
      vertex -127.861 5.89927 39.8019
    endloop
  endfacet
  facet normal 0 0 1
    outer loop
      vertex -127.861 5.89927 39.8019
      vertex -129.793 5.38163 39.8019
      vertex -129.769 5.29786 39.8019
    endloop
  endfacet
  facet normal 0 0 1
    outer loop
      vertex -129.859 5.81203 39.8019
      vertex -129.854 5.72496 39.8019
      vertex -127.861 5.89927 39.8019
    endloop
  endfacet
  facet normal 0 0 1
    outer loop
      vertex -129.854 5.72496 39.8019
      vertex -129.844 5.63822 39.8019
      vertex -127.861 5.89927 39.8019
    endloop
  endfacet
  facet normal 0 0 1
    outer loop
      vertex -127.861 5.89927 39.8019
      vertex -129.844 5.63822 39.8019
      vertex -129.831 5.55197 39.8019
    endloop
  endfacet
  facet normal 0 0 1
    outer loop
      vertex -129.854 6.07358 39.8019
      vertex -129.859 5.98651 39.8019
      vertex -127.861 5.89927 39.8019
    endloop
  endfacet
  facet normal 0 0 1
    outer loop
      vertex -129.859 5.98651 39.8019
      vertex -129.861 5.89927 39.8019
      vertex -127.861 5.89927 39.8019
    endloop
  endfacet
  facet normal 0 0 1
    outer loop
      vertex -127.861 5.89927 39.8019
      vertex -129.861 5.89927 39.8019
      vertex -129.859 5.81203 39.8019
    endloop
  endfacet
  facet normal 0 0 1
    outer loop
      vertex -129.814 6.33215 39.8019
      vertex -129.831 6.24656 39.8019
      vertex -127.861 5.89927 39.8019
    endloop
  endfacet
  facet normal 0 0 1
    outer loop
      vertex -129.831 6.24656 39.8019
      vertex -129.844 6.16032 39.8019
      vertex -127.861 5.89927 39.8019
    endloop
  endfacet
  facet normal 0 0 1
    outer loop
      vertex -127.861 5.89927 39.8019
      vertex -129.844 6.16032 39.8019
      vertex -129.854 6.07358 39.8019
    endloop
  endfacet
  facet normal 0 0 1
    outer loop
      vertex -129.741 6.58331 39.8019
      vertex -129.769 6.50068 39.8019
      vertex -127.861 5.89927 39.8019
    endloop
  endfacet
  facet normal 0 0 1
    outer loop
      vertex -129.769 6.50068 39.8019
      vertex -129.793 6.41691 39.8019
      vertex -127.861 5.89927 39.8019
    endloop
  endfacet
  facet normal 0 0 1
    outer loop
      vertex -127.861 5.89927 39.8019
      vertex -129.793 6.41691 39.8019
      vertex -129.814 6.33215 39.8019
    endloop
  endfacet
  facet normal 0 0 1
    outer loop
      vertex -129.635 6.82277 39.8019
      vertex -129.674 6.7445 39.8019
      vertex -127.861 5.89927 39.8019
    endloop
  endfacet
  facet normal 0 0 1
    outer loop
      vertex -129.674 6.7445 39.8019
      vertex -129.709 6.66464 39.8019
      vertex -127.861 5.89927 39.8019
    endloop
  endfacet
  facet normal 0 0 1
    outer loop
      vertex -127.861 5.89927 39.8019
      vertex -129.709 6.66464 39.8019
      vertex -129.741 6.58331 39.8019
    endloop
  endfacet
  facet normal 0 0 1
    outer loop
      vertex -129.499 7.04642 39.8019
      vertex -129.548 6.97387 39.8019
      vertex -127.861 5.89927 39.8019
    endloop
  endfacet
  facet normal 0 0 1
    outer loop
      vertex -129.548 6.97387 39.8019
      vertex -129.593 6.89927 39.8019
      vertex -127.861 5.89927 39.8019
    endloop
  endfacet
  facet normal 0 0 1
    outer loop
      vertex -127.861 5.89927 39.8019
      vertex -129.593 6.89927 39.8019
      vertex -129.635 6.82277 39.8019
    endloop
  endfacet
  facet normal 0 0 1
    outer loop
      vertex -129.336 7.25045 39.8019
      vertex -129.393 7.18484 39.8019
      vertex -127.861 5.89927 39.8019
    endloop
  endfacet
  facet normal 0 0 1
    outer loop
      vertex -129.393 7.18484 39.8019
      vertex -129.448 7.11679 39.8019
      vertex -127.861 5.89927 39.8019
    endloop
  endfacet
  facet normal 0 0 1
    outer loop
      vertex -127.861 5.89927 39.8019
      vertex -129.448 7.11679 39.8019
      vertex -129.499 7.04642 39.8019
    endloop
  endfacet
  facet normal 0 0 1
    outer loop
      vertex -129.147 7.43136 39.8019
      vertex -129.212 7.37382 39.8019
      vertex -127.861 5.89927 39.8019
    endloop
  endfacet
  facet normal 0 0 1
    outer loop
      vertex -129.212 7.37382 39.8019
      vertex -129.275 7.31348 39.8019
      vertex -127.861 5.89927 39.8019
    endloop
  endfacet
  facet normal 0 0 1
    outer loop
      vertex -127.861 5.89927 39.8019
      vertex -129.275 7.31348 39.8019
      vertex -129.336 7.25045 39.8019
    endloop
  endfacet
  facet normal 0 0 1
    outer loop
      vertex -128.936 7.58605 39.8019
      vertex -129.008 7.53757 39.8019
      vertex -127.861 5.89927 39.8019
    endloop
  endfacet
  facet normal 0 0 1
    outer loop
      vertex -129.008 7.53757 39.8019
      vertex -129.079 7.48598 39.8019
      vertex -127.861 5.89927 39.8019
    endloop
  endfacet
  facet normal 0 0 1
    outer loop
      vertex -127.861 5.89927 39.8019
      vertex -129.079 7.48598 39.8019
      vertex -129.147 7.43136 39.8019
    endloop
  endfacet
  facet normal 0 0 1
    outer loop
      vertex -128.706 7.71188 39.8019
      vertex -128.785 7.67329 39.8019
      vertex -127.861 5.89927 39.8019
    endloop
  endfacet
  facet normal 0 0 1
    outer loop
      vertex -128.785 7.67329 39.8019
      vertex -128.861 7.63132 39.8019
      vertex -127.861 5.89927 39.8019
    endloop
  endfacet
  facet normal 0 0 1
    outer loop
      vertex -127.861 5.89927 39.8019
      vertex -128.861 7.63132 39.8019
      vertex -128.936 7.58605 39.8019
    endloop
  endfacet
  facet normal 0 0 1
    outer loop
      vertex -128.463 7.8067 39.8019
      vertex -128.545 7.77865 39.8019
      vertex -127.861 5.89927 39.8019
    endloop
  endfacet
  facet normal 0 0 1
    outer loop
      vertex -128.545 7.77865 39.8019
      vertex -128.627 7.74703 39.8019
      vertex -127.861 5.89927 39.8019
    endloop
  endfacet
  facet normal 0 0 1
    outer loop
      vertex -127.861 5.89927 39.8019
      vertex -128.627 7.74703 39.8019
      vertex -128.706 7.71188 39.8019
    endloop
  endfacet
  facet normal 0 0 1
    outer loop
      vertex -128.208 7.86888 39.8019
      vertex -128.294 7.85186 39.8019
      vertex -127.861 5.89927 39.8019
    endloop
  endfacet
  facet normal 0 0 1
    outer loop
      vertex -128.294 7.85186 39.8019
      vertex -128.379 7.83112 39.8019
      vertex -127.861 5.89927 39.8019
    endloop
  endfacet
  facet normal 0 0 1
    outer loop
      vertex -127.861 5.89927 39.8019
      vertex -128.379 7.83112 39.8019
      vertex -128.463 7.8067 39.8019
    endloop
  endfacet
  facet normal 0 0 1
    outer loop
      vertex -127.948 7.89736 39.8019
      vertex -128.035 7.89166 39.8019
      vertex -127.861 5.89927 39.8019
    endloop
  endfacet
  facet normal 0 0 1
    outer loop
      vertex -128.035 7.89166 39.8019
      vertex -128.122 7.88216 39.8019
      vertex -127.861 5.89927 39.8019
    endloop
  endfacet
  facet normal 0 0 1
    outer loop
      vertex -127.861 5.89927 39.8019
      vertex -128.122 7.88216 39.8019
      vertex -128.208 7.86888 39.8019
    endloop
  endfacet
  facet normal 0 0 1
    outer loop
      vertex -127.687 7.89166 39.8019
      vertex -127.774 7.89736 39.8019
      vertex -127.861 5.89927 39.8019
    endloop
  endfacet
  facet normal 0 0 1
    outer loop
      vertex -127.774 7.89736 39.8019
      vertex -127.861 7.89927 39.8019
      vertex -127.861 5.89927 39.8019
    endloop
  endfacet
  facet normal 0 0 1
    outer loop
      vertex -127.861 5.89927 39.8019
      vertex -127.861 7.89927 39.8019
      vertex -127.948 7.89736 39.8019
    endloop
  endfacet
  facet normal 0 0 1
    outer loop
      vertex -127.428 7.85186 39.8019
      vertex -127.514 7.86888 39.8019
      vertex -127.861 5.89927 39.8019
    endloop
  endfacet
  facet normal 0 0 1
    outer loop
      vertex -127.514 7.86888 39.8019
      vertex -127.6 7.88216 39.8019
      vertex -127.861 5.89927 39.8019
    endloop
  endfacet
  facet normal 0 0 1
    outer loop
      vertex -127.861 5.89927 39.8019
      vertex -127.6 7.88216 39.8019
      vertex -127.687 7.89166 39.8019
    endloop
  endfacet
  facet normal 0 0 1
    outer loop
      vertex -127.177 7.77865 39.8019
      vertex -127.26 7.8067 39.8019
      vertex -127.861 5.89927 39.8019
    endloop
  endfacet
  facet normal 0 0 1
    outer loop
      vertex -127.26 7.8067 39.8019
      vertex -127.344 7.83112 39.8019
      vertex -127.861 5.89927 39.8019
    endloop
  endfacet
  facet normal 0 0 1
    outer loop
      vertex -127.861 5.89927 39.8019
      vertex -127.344 7.83112 39.8019
      vertex -127.428 7.85186 39.8019
    endloop
  endfacet
  facet normal 0 0 1
    outer loop
      vertex -126.938 7.67329 39.8019
      vertex -127.016 7.71188 39.8019
      vertex -127.861 5.89927 39.8019
    endloop
  endfacet
  facet normal 0 0 1
    outer loop
      vertex -127.016 7.71188 39.8019
      vertex -127.096 7.74703 39.8019
      vertex -127.861 5.89927 39.8019
    endloop
  endfacet
  facet normal 0 0 1
    outer loop
      vertex -127.861 5.89927 39.8019
      vertex -127.096 7.74703 39.8019
      vertex -127.177 7.77865 39.8019
    endloop
  endfacet
  facet normal 0 0 1
    outer loop
      vertex -126.714 7.53757 39.8019
      vertex -126.787 7.58605 39.8019
      vertex -127.861 5.89927 39.8019
    endloop
  endfacet
  facet normal 0 0 1
    outer loop
      vertex -126.787 7.58605 39.8019
      vertex -126.861 7.63132 39.8019
      vertex -127.861 5.89927 39.8019
    endloop
  endfacet
  facet normal 0 0 1
    outer loop
      vertex -127.861 5.89927 39.8019
      vertex -126.861 7.63132 39.8019
      vertex -126.938 7.67329 39.8019
    endloop
  endfacet
  facet normal 0 0 1
    outer loop
      vertex -126.51 7.37382 39.8019
      vertex -126.576 7.43136 39.8019
      vertex -127.861 5.89927 39.8019
    endloop
  endfacet
  facet normal 0 0 1
    outer loop
      vertex -126.576 7.43136 39.8019
      vertex -126.644 7.48598 39.8019
      vertex -127.861 5.89927 39.8019
    endloop
  endfacet
  facet normal 0 0 1
    outer loop
      vertex -127.861 5.89927 39.8019
      vertex -126.644 7.48598 39.8019
      vertex -126.714 7.53757 39.8019
    endloop
  endfacet
  facet normal 0 0 1
    outer loop
      vertex -126.329 7.18484 39.8019
      vertex -126.387 7.25045 39.8019
      vertex -127.861 5.89927 39.8019
    endloop
  endfacet
  facet normal 0 0 1
    outer loop
      vertex -126.387 7.25045 39.8019
      vertex -126.447 7.31348 39.8019
      vertex -127.861 5.89927 39.8019
    endloop
  endfacet
  facet normal 0 0 1
    outer loop
      vertex -127.861 5.89927 39.8019
      vertex -126.447 7.31348 39.8019
      vertex -126.51 7.37382 39.8019
    endloop
  endfacet
  facet normal 0 0 1
    outer loop
      vertex -126.174 6.97387 39.8019
      vertex -126.223 7.04642 39.8019
      vertex -127.861 5.89927 39.8019
    endloop
  endfacet
  facet normal 0 0 1
    outer loop
      vertex -126.223 7.04642 39.8019
      vertex -126.274 7.11679 39.8019
      vertex -127.861 5.89927 39.8019
    endloop
  endfacet
  facet normal 0 0 1
    outer loop
      vertex -127.861 5.89927 39.8019
      vertex -126.274 7.11679 39.8019
      vertex -126.329 7.18484 39.8019
    endloop
  endfacet
  facet normal 0 0 1
    outer loop
      vertex -126.049 6.7445 39.8019
      vertex -126.087 6.82277 39.8019
      vertex -127.861 5.89927 39.8019
    endloop
  endfacet
  facet normal 0 0 1
    outer loop
      vertex -126.087 6.82277 39.8019
      vertex -126.129 6.89927 39.8019
      vertex -127.861 5.89927 39.8019
    endloop
  endfacet
  facet normal 0 0 1
    outer loop
      vertex -127.861 5.89927 39.8019
      vertex -126.129 6.89927 39.8019
      vertex -126.174 6.97387 39.8019
    endloop
  endfacet
  facet normal 0 0 1
    outer loop
      vertex -125.954 6.50068 39.8019
      vertex -125.982 6.58331 39.8019
      vertex -127.861 5.89927 39.8019
    endloop
  endfacet
  facet normal 0 0 1
    outer loop
      vertex -125.982 6.58331 39.8019
      vertex -126.013 6.66464 39.8019
      vertex -127.861 5.89927 39.8019
    endloop
  endfacet
  facet normal 0 0 1
    outer loop
      vertex -127.861 5.89927 39.8019
      vertex -126.013 6.66464 39.8019
      vertex -126.049 6.7445 39.8019
    endloop
  endfacet
  facet normal 0 0 1
    outer loop
      vertex -125.892 6.24656 39.8019
      vertex -125.909 6.33215 39.8019
      vertex -127.861 5.89927 39.8019
    endloop
  endfacet
  facet normal 0 0 1
    outer loop
      vertex -125.909 6.33215 39.8019
      vertex -125.929 6.41691 39.8019
      vertex -127.861 5.89927 39.8019
    endloop
  endfacet
  facet normal 0 0 1
    outer loop
      vertex -127.861 5.89927 39.8019
      vertex -125.929 6.41691 39.8019
      vertex -125.954 6.50068 39.8019
    endloop
  endfacet
  facet normal 0 0 1
    outer loop
      vertex -125.863 5.98651 39.8019
      vertex -125.869 6.07358 39.8019
      vertex -127.861 5.89927 39.8019
    endloop
  endfacet
  facet normal 0 0 1
    outer loop
      vertex -125.869 6.07358 39.8019
      vertex -125.878 6.16032 39.8019
      vertex -127.861 5.89927 39.8019
    endloop
  endfacet
  facet normal 0 0 1
    outer loop
      vertex -127.861 5.89927 39.8019
      vertex -125.878 6.16032 39.8019
      vertex -125.892 6.24656 39.8019
    endloop
  endfacet
  facet normal 0 -1 0
    outer loop
      vertex -67.3886 1.69983 7.80192
      vertex -52.3886 1.69983 7.80192
      vertex -67.3886 1.69983 10.3019
    endloop
  endfacet
  facet normal 0 -1 0
    outer loop
      vertex -52.3886 1.69983 7.80192
      vertex -52.3886 1.69983 10.3019
      vertex -67.3886 1.69983 10.3019
    endloop
  endfacet
  facet normal 0 0 -1
    outer loop
      vertex -67.3886 1.69983 7.80192
      vertex -131.913 10.3993 7.80192
      vertex -41.9129 10.3993 7.80192
    endloop
  endfacet
  facet normal 0 0 -1
    outer loop
      vertex -131.913 10.3993 7.80192
      vertex -67.3886 1.69983 7.80192
      vertex -131.913 -44.6007 7.80192
    endloop
  endfacet
  facet normal 0 0 -1
    outer loop
      vertex -67.3886 1.69983 7.80192
      vertex -67.3886 -38.3002 7.80192
      vertex -131.913 -44.6007 7.80192
    endloop
  endfacet
  facet normal 0 0 -1
    outer loop
      vertex -131.913 -44.6007 7.80192
      vertex -67.3886 -38.3002 7.80192
      vertex -41.9129 -44.6007 7.80192
    endloop
  endfacet
  facet normal 0 0 -1
    outer loop
      vertex -67.3886 -38.3002 7.80192
      vertex -52.3886 -38.3002 7.80192
      vertex -41.9129 -44.6007 7.80192
    endloop
  endfacet
  facet normal 0 0 -1
    outer loop
      vertex -41.9129 -44.6007 7.80192
      vertex -52.3886 -38.3002 7.80192
      vertex -41.9129 10.3993 7.80192
    endloop
  endfacet
  facet normal 0 0 -1
    outer loop
      vertex -52.3886 -38.3002 7.80192
      vertex -52.3886 1.69983 7.80192
      vertex -41.9129 10.3993 7.80192
    endloop
  endfacet
  facet normal 0 0 -1
    outer loop
      vertex -41.9129 10.3993 7.80192
      vertex -52.3886 1.69983 7.80192
      vertex -67.3886 1.69983 7.80192
    endloop
  endfacet
  facet normal -0.999761 -0.0218583 0
    outer loop
      vertex -162.01 -17.4619 39.6385
      vertex -162.01 -17.4619 42.6385
      vertex -162.011 -17.3965 39.6385
    endloop
  endfacet
  facet normal -0.999761 -0.0218583 0
    outer loop
      vertex -162.01 -17.4619 42.6385
      vertex -162.011 -17.3965 42.6385
      vertex -162.011 -17.3965 39.6385
    endloop
  endfacet
  facet normal -0.997863 -0.0653478 0
    outer loop
      vertex -162.011 -17.3965 39.6385
      vertex -162.011 -17.3965 42.6385
      vertex -162.016 -17.3312 39.6385
    endloop
  endfacet
  facet normal -0.997863 -0.0653478 0
    outer loop
      vertex -162.011 -17.3965 42.6385
      vertex -162.016 -17.3312 42.6385
      vertex -162.016 -17.3312 39.6385
    endloop
  endfacet
  facet normal -0.994035 -0.109063 0
    outer loop
      vertex -162.016 -17.3312 39.6385
      vertex -162.016 -17.3312 42.6385
      vertex -162.023 -17.2662 39.6385
    endloop
  endfacet
  facet normal -0.994035 -0.109063 0
    outer loop
      vertex -162.016 -17.3312 42.6385
      vertex -162.023 -17.2662 42.6385
      vertex -162.023 -17.2662 39.6385
    endloop
  endfacet
  facet normal -0.988366 -0.152096 0
    outer loop
      vertex -162.023 -17.2662 39.6385
      vertex -162.023 -17.2662 42.6385
      vertex -162.033 -17.2015 39.6385
    endloop
  endfacet
  facet normal -0.988366 -0.152096 0
    outer loop
      vertex -162.023 -17.2662 42.6385
      vertex -162.033 -17.2015 42.6385
      vertex -162.033 -17.2015 39.6385
    endloop
  endfacet
  facet normal -0.980777 -0.195131 0
    outer loop
      vertex -162.033 -17.2015 39.6385
      vertex -162.033 -17.2015 42.6385
      vertex -162.045 -17.1373 39.6385
    endloop
  endfacet
  facet normal -0.980777 -0.195131 0
    outer loop
      vertex -162.033 -17.2015 42.6385
      vertex -162.045 -17.1373 42.6385
      vertex -162.045 -17.1373 39.6385
    endloop
  endfacet
  facet normal -0.971389 -0.237496 0
    outer loop
      vertex -162.045 -17.1373 39.6385
      vertex -162.045 -17.1373 42.6385
      vertex -162.061 -17.0737 39.6385
    endloop
  endfacet
  facet normal -0.971389 -0.237496 0
    outer loop
      vertex -162.045 -17.1373 42.6385
      vertex -162.061 -17.0737 42.6385
      vertex -162.061 -17.0737 39.6385
    endloop
  endfacet
  facet normal -0.96005 -0.27983 0
    outer loop
      vertex -162.061 -17.0737 39.6385
      vertex -162.061 -17.0737 42.6385
      vertex -162.079 -17.0109 39.6385
    endloop
  endfacet
  facet normal -0.96005 -0.27983 0
    outer loop
      vertex -162.061 -17.0737 42.6385
      vertex -162.079 -17.0109 42.6385
      vertex -162.079 -17.0109 39.6385
    endloop
  endfacet
  facet normal -0.946913 -0.321491 0
    outer loop
      vertex -162.079 -17.0109 39.6385
      vertex -162.079 -17.0109 42.6385
      vertex -162.1 -16.9489 39.6385
    endloop
  endfacet
  facet normal -0.946913 -0.321491 0
    outer loop
      vertex -162.079 -17.0109 42.6385
      vertex -162.1 -16.9489 42.6385
      vertex -162.1 -16.9489 39.6385
    endloop
  endfacet
  facet normal -0.931991 -0.362482 0
    outer loop
      vertex -162.1 -16.9489 39.6385
      vertex -162.1 -16.9489 42.6385
      vertex -162.124 -16.8879 39.6385
    endloop
  endfacet
  facet normal -0.931991 -0.362482 0
    outer loop
      vertex -162.1 -16.9489 42.6385
      vertex -162.124 -16.8879 42.6385
      vertex -162.124 -16.8879 39.6385
    endloop
  endfacet
  facet normal -0.915298 -0.402777 0
    outer loop
      vertex -162.124 -16.8879 39.6385
      vertex -162.124 -16.8879 42.6385
      vertex -162.15 -16.828 39.6385
    endloop
  endfacet
  facet normal -0.915298 -0.402777 0
    outer loop
      vertex -162.124 -16.8879 42.6385
      vertex -162.15 -16.828 42.6385
      vertex -162.15 -16.828 39.6385
    endloop
  endfacet
  facet normal -0.896918 -0.442197 0
    outer loop
      vertex -162.15 -16.828 39.6385
      vertex -162.15 -16.828 42.6385
      vertex -162.179 -16.7693 39.6385
    endloop
  endfacet
  facet normal -0.896918 -0.442197 0
    outer loop
      vertex -162.15 -16.828 42.6385
      vertex -162.179 -16.7693 42.6385
      vertex -162.179 -16.7693 39.6385
    endloop
  endfacet
  facet normal -0.876675 -0.481084 0
    outer loop
      vertex -162.179 -16.7693 39.6385
      vertex -162.179 -16.7693 42.6385
      vertex -162.211 -16.712 39.6385
    endloop
  endfacet
  facet normal -0.876675 -0.481084 0
    outer loop
      vertex -162.179 -16.7693 42.6385
      vertex -162.211 -16.712 42.6385
      vertex -162.211 -16.712 39.6385
    endloop
  endfacet
  facet normal -0.854948 -0.518713 0
    outer loop
      vertex -162.211 -16.712 39.6385
      vertex -162.211 -16.712 42.6385
      vertex -162.245 -16.656 39.6385
    endloop
  endfacet
  facet normal -0.854948 -0.518713 0
    outer loop
      vertex -162.211 -16.712 42.6385
      vertex -162.245 -16.656 42.6385
      vertex -162.245 -16.656 39.6385
    endloop
  endfacet
  facet normal -0.831472 -0.555567 0
    outer loop
      vertex -162.245 -16.656 39.6385
      vertex -162.245 -16.656 42.6385
      vertex -162.281 -16.6016 39.6385
    endloop
  endfacet
  facet normal -0.831472 -0.555567 0
    outer loop
      vertex -162.245 -16.656 42.6385
      vertex -162.281 -16.6016 42.6385
      vertex -162.281 -16.6016 39.6385
    endloop
  endfacet
  facet normal -0.806446 -0.591308 0
    outer loop
      vertex -162.281 -16.6016 39.6385
      vertex -162.281 -16.6016 42.6385
      vertex -162.32 -16.5488 39.6385
    endloop
  endfacet
  facet normal -0.806446 -0.591308 0
    outer loop
      vertex -162.281 -16.6016 42.6385
      vertex -162.32 -16.5488 42.6385
      vertex -162.32 -16.5488 39.6385
    endloop
  endfacet
  facet normal -0.77989 -0.625916 0
    outer loop
      vertex -162.32 -16.5488 39.6385
      vertex -162.32 -16.5488 42.6385
      vertex -162.361 -16.4978 39.6385
    endloop
  endfacet
  facet normal -0.77989 -0.625916 0
    outer loop
      vertex -162.32 -16.5488 42.6385
      vertex -162.361 -16.4978 42.6385
      vertex -162.361 -16.4978 39.6385
    endloop
  endfacet
  facet normal -0.751815 -0.659375 0
    outer loop
      vertex -162.361 -16.4978 39.6385
      vertex -162.361 -16.4978 42.6385
      vertex -162.404 -16.4486 39.6385
    endloop
  endfacet
  facet normal -0.751815 -0.659375 0
    outer loop
      vertex -162.361 -16.4978 42.6385
      vertex -162.404 -16.4486 42.6385
      vertex -162.404 -16.4486 39.6385
    endloop
  endfacet
  facet normal -0.722365 -0.691512 0
    outer loop
      vertex -162.404 -16.4486 39.6385
      vertex -162.404 -16.4486 42.6385
      vertex -162.449 -16.4013 39.6385
    endloop
  endfacet
  facet normal -0.722365 -0.691512 0
    outer loop
      vertex -162.404 -16.4486 42.6385
      vertex -162.449 -16.4013 42.6385
      vertex -162.449 -16.4013 39.6385
    endloop
  endfacet
  facet normal -0.69147 -0.722405 0
    outer loop
      vertex -162.449 -16.4013 39.6385
      vertex -162.449 -16.4013 42.6385
      vertex -162.496 -16.356 39.6385
    endloop
  endfacet
  facet normal -0.69147 -0.722405 0
    outer loop
      vertex -162.449 -16.4013 42.6385
      vertex -162.496 -16.356 42.6385
      vertex -162.496 -16.356 39.6385
    endloop
  endfacet
  facet normal -0.659342 -0.751843 0
    outer loop
      vertex -162.496 -16.356 39.6385
      vertex -162.496 -16.356 42.6385
      vertex -162.546 -16.3129 39.6385
    endloop
  endfacet
  facet normal -0.659342 -0.751843 0
    outer loop
      vertex -162.496 -16.356 42.6385
      vertex -162.546 -16.3129 42.6385
      vertex -162.546 -16.3129 39.6385
    endloop
  endfacet
  facet normal -0.625944 -0.779868 0
    outer loop
      vertex -162.546 -16.3129 39.6385
      vertex -162.546 -16.3129 42.6385
      vertex -162.597 -16.2719 39.6385
    endloop
  endfacet
  facet normal -0.625944 -0.779868 0
    outer loop
      vertex -162.546 -16.3129 42.6385
      vertex -162.597 -16.2719 42.6385
      vertex -162.597 -16.2719 39.6385
    endloop
  endfacet
  facet normal -0.591295 -0.806456 0
    outer loop
      vertex -162.597 -16.2719 39.6385
      vertex -162.597 -16.2719 42.6385
      vertex -162.649 -16.2332 39.6385
    endloop
  endfacet
  facet normal -0.591295 -0.806456 0
    outer loop
      vertex -162.597 -16.2719 42.6385
      vertex -162.649 -16.2332 42.6385
      vertex -162.649 -16.2332 39.6385
    endloop
  endfacet
  facet normal -0.555646 -0.831419 0
    outer loop
      vertex -162.649 -16.2332 39.6385
      vertex -162.649 -16.2332 42.6385
      vertex -162.704 -16.1969 39.6385
    endloop
  endfacet
  facet normal -0.555646 -0.831419 0
    outer loop
      vertex -162.649 -16.2332 42.6385
      vertex -162.704 -16.1969 42.6385
      vertex -162.704 -16.1969 39.6385
    endloop
  endfacet
  facet normal -0.518737 -0.854934 0
    outer loop
      vertex -162.704 -16.1969 39.6385
      vertex -162.704 -16.1969 42.6385
      vertex -162.76 -16.1629 39.6385
    endloop
  endfacet
  facet normal -0.518737 -0.854934 0
    outer loop
      vertex -162.704 -16.1969 42.6385
      vertex -162.76 -16.1629 42.6385
      vertex -162.76 -16.1629 39.6385
    endloop
  endfacet
  facet normal -0.480948 -0.876749 0
    outer loop
      vertex -162.76 -16.1629 39.6385
      vertex -162.76 -16.1629 42.6385
      vertex -162.817 -16.1314 39.6385
    endloop
  endfacet
  facet normal -0.480948 -0.876749 0
    outer loop
      vertex -162.76 -16.1629 42.6385
      vertex -162.817 -16.1314 42.6385
      vertex -162.817 -16.1314 39.6385
    endloop
  endfacet
  facet normal -0.442289 -0.896873 0
    outer loop
      vertex -162.817 -16.1314 39.6385
      vertex -162.817 -16.1314 42.6385
      vertex -162.876 -16.1025 39.6385
    endloop
  endfacet
  facet normal -0.442289 -0.896873 0
    outer loop
      vertex -162.817 -16.1314 42.6385
      vertex -162.876 -16.1025 42.6385
      vertex -162.876 -16.1025 39.6385
    endloop
  endfacet
  facet normal -0.402753 -0.915309 0
    outer loop
      vertex -162.876 -16.1025 39.6385
      vertex -162.876 -16.1025 42.6385
      vertex -162.936 -16.0761 39.6385
    endloop
  endfacet
  facet normal -0.402753 -0.915309 0
    outer loop
      vertex -162.876 -16.1025 42.6385
      vertex -162.936 -16.0761 42.6385
      vertex -162.936 -16.0761 39.6385
    endloop
  endfacet
  facet normal -0.362452 -0.932003 0
    outer loop
      vertex -162.936 -16.0761 39.6385
      vertex -162.936 -16.0761 42.6385
      vertex -162.997 -16.0524 39.6385
    endloop
  endfacet
  facet normal -0.362452 -0.932003 0
    outer loop
      vertex -162.936 -16.0761 42.6385
      vertex -162.997 -16.0524 42.6385
      vertex -162.997 -16.0524 39.6385
    endloop
  endfacet
  facet normal -0.321431 -0.946933 0
    outer loop
      vertex -162.997 -16.0524 39.6385
      vertex -162.997 -16.0524 42.6385
      vertex -163.059 -16.0314 39.6385
    endloop
  endfacet
  facet normal -0.321431 -0.946933 0
    outer loop
      vertex -162.997 -16.0524 42.6385
      vertex -163.059 -16.0314 42.6385
      vertex -163.059 -16.0314 39.6385
    endloop
  endfacet
  facet normal -0.27986 -0.960041 0
    outer loop
      vertex -163.059 -16.0314 39.6385
      vertex -163.059 -16.0314 42.6385
      vertex -163.122 -16.0131 39.6385
    endloop
  endfacet
  facet normal -0.27986 -0.960041 0
    outer loop
      vertex -163.059 -16.0314 42.6385
      vertex -163.122 -16.0131 42.6385
      vertex -163.122 -16.0131 39.6385
    endloop
  endfacet
  facet normal -0.237684 -0.971343 0
    outer loop
      vertex -163.122 -16.0131 39.6385
      vertex -163.122 -16.0131 42.6385
      vertex -163.185 -15.9975 39.6385
    endloop
  endfacet
  facet normal -0.237684 -0.971343 0
    outer loop
      vertex -163.122 -16.0131 42.6385
      vertex -163.185 -15.9975 42.6385
      vertex -163.185 -15.9975 39.6385
    endloop
  endfacet
  facet normal -0.195082 -0.980787 0
    outer loop
      vertex -163.185 -15.9975 39.6385
      vertex -163.185 -15.9975 42.6385
      vertex -163.249 -15.9847 39.6385
    endloop
  endfacet
  facet normal -0.195082 -0.980787 0
    outer loop
      vertex -163.185 -15.9975 42.6385
      vertex -163.249 -15.9847 42.6385
      vertex -163.249 -15.9847 39.6385
    endloop
  endfacet
  facet normal -0.152119 -0.988362 0
    outer loop
      vertex -163.249 -15.9847 39.6385
      vertex -163.249 -15.9847 42.6385
      vertex -163.314 -15.9748 39.6385
    endloop
  endfacet
  facet normal -0.152119 -0.988362 0
    outer loop
      vertex -163.249 -15.9847 42.6385
      vertex -163.314 -15.9748 42.6385
      vertex -163.314 -15.9748 39.6385
    endloop
  endfacet
  facet normal -0.108885 -0.994054 0
    outer loop
      vertex -163.314 -15.9748 39.6385
      vertex -163.314 -15.9748 42.6385
      vertex -163.379 -15.9677 39.6385
    endloop
  endfacet
  facet normal -0.108885 -0.994054 0
    outer loop
      vertex -163.314 -15.9748 42.6385
      vertex -163.379 -15.9677 42.6385
      vertex -163.379 -15.9677 39.6385
    endloop
  endfacet
  facet normal -0.065397 -0.997859 0
    outer loop
      vertex -163.379 -15.9677 39.6385
      vertex -163.379 -15.9677 42.6385
      vertex -163.444 -15.9634 39.6385
    endloop
  endfacet
  facet normal -0.065397 -0.997859 0
    outer loop
      vertex -163.379 -15.9677 42.6385
      vertex -163.444 -15.9634 42.6385
      vertex -163.444 -15.9634 39.6385
    endloop
  endfacet
  facet normal -0.0218008 -0.999762 0
    outer loop
      vertex -163.444 -15.9634 39.6385
      vertex -163.444 -15.9634 42.6385
      vertex -163.51 -15.962 39.6385
    endloop
  endfacet
  facet normal -0.0218008 -0.999762 0
    outer loop
      vertex -163.444 -15.9634 42.6385
      vertex -163.51 -15.962 42.6385
      vertex -163.51 -15.962 39.6385
    endloop
  endfacet
  facet normal 0.0218008 -0.999762 0
    outer loop
      vertex -163.51 -15.962 39.6385
      vertex -163.51 -15.962 42.6385
      vertex -163.575 -15.9634 39.6385
    endloop
  endfacet
  facet normal 0.0218008 -0.999762 0
    outer loop
      vertex -163.51 -15.962 42.6385
      vertex -163.575 -15.9634 42.6385
      vertex -163.575 -15.9634 39.6385
    endloop
  endfacet
  facet normal 0.0654119 -0.997858 0
    outer loop
      vertex -163.575 -15.9634 39.6385
      vertex -163.575 -15.9634 42.6385
      vertex -163.641 -15.9677 39.6385
    endloop
  endfacet
  facet normal 0.0654119 -0.997858 0
    outer loop
      vertex -163.575 -15.9634 42.6385
      vertex -163.641 -15.9677 42.6385
      vertex -163.641 -15.9677 39.6385
    endloop
  endfacet
  facet normal 0.10886 -0.994057 0
    outer loop
      vertex -163.641 -15.9677 39.6385
      vertex -163.641 -15.9677 42.6385
      vertex -163.706 -15.9748 39.6385
    endloop
  endfacet
  facet normal 0.10886 -0.994057 0
    outer loop
      vertex -163.641 -15.9677 42.6385
      vertex -163.706 -15.9748 42.6385
      vertex -163.706 -15.9748 39.6385
    endloop
  endfacet
  facet normal 0.152119 -0.988362 0
    outer loop
      vertex -163.706 -15.9748 39.6385
      vertex -163.706 -15.9748 42.6385
      vertex -163.77 -15.9847 39.6385
    endloop
  endfacet
  facet normal 0.152119 -0.988362 0
    outer loop
      vertex -163.706 -15.9748 42.6385
      vertex -163.77 -15.9847 42.6385
      vertex -163.77 -15.9847 39.6385
    endloop
  endfacet
  facet normal 0.195125 -0.980778 0
    outer loop
      vertex -163.77 -15.9847 39.6385
      vertex -163.77 -15.9847 42.6385
      vertex -163.834 -15.9975 39.6385
    endloop
  endfacet
  facet normal 0.195125 -0.980778 0
    outer loop
      vertex -163.77 -15.9847 42.6385
      vertex -163.834 -15.9975 42.6385
      vertex -163.834 -15.9975 39.6385
    endloop
  endfacet
  facet normal 0.237684 -0.971343 0
    outer loop
      vertex -163.834 -15.9975 39.6385
      vertex -163.834 -15.9975 42.6385
      vertex -163.898 -16.0131 39.6385
    endloop
  endfacet
  facet normal 0.237684 -0.971343 0
    outer loop
      vertex -163.834 -15.9975 42.6385
      vertex -163.898 -16.0131 42.6385
      vertex -163.898 -16.0131 39.6385
    endloop
  endfacet
  facet normal 0.279799 -0.960059 0
    outer loop
      vertex -163.898 -16.0131 39.6385
      vertex -163.898 -16.0131 42.6385
      vertex -163.961 -16.0314 39.6385
    endloop
  endfacet
  facet normal 0.279799 -0.960059 0
    outer loop
      vertex -163.898 -16.0131 42.6385
      vertex -163.961 -16.0314 42.6385
      vertex -163.961 -16.0314 39.6385
    endloop
  endfacet
  facet normal 0.321431 -0.946933 0
    outer loop
      vertex -163.961 -16.0314 39.6385
      vertex -163.961 -16.0314 42.6385
      vertex -164.023 -16.0524 39.6385
    endloop
  endfacet
  facet normal 0.321431 -0.946933 0
    outer loop
      vertex -163.961 -16.0314 42.6385
      vertex -164.023 -16.0524 42.6385
      vertex -164.023 -16.0524 39.6385
    endloop
  endfacet
  facet normal 0.362452 -0.932003 0
    outer loop
      vertex -164.023 -16.0524 39.6385
      vertex -164.023 -16.0524 42.6385
      vertex -164.084 -16.0761 39.6385
    endloop
  endfacet
  facet normal 0.362452 -0.932003 0
    outer loop
      vertex -164.023 -16.0524 42.6385
      vertex -164.084 -16.0761 42.6385
      vertex -164.084 -16.0761 39.6385
    endloop
  endfacet
  facet normal 0.402753 -0.915309 0
    outer loop
      vertex -164.084 -16.0761 39.6385
      vertex -164.084 -16.0761 42.6385
      vertex -164.144 -16.1025 39.6385
    endloop
  endfacet
  facet normal 0.402753 -0.915309 0
    outer loop
      vertex -164.084 -16.0761 42.6385
      vertex -164.144 -16.1025 42.6385
      vertex -164.144 -16.1025 39.6385
    endloop
  endfacet
  facet normal 0.442289 -0.896873 0
    outer loop
      vertex -164.144 -16.1025 39.6385
      vertex -164.144 -16.1025 42.6385
      vertex -164.202 -16.1314 39.6385
    endloop
  endfacet
  facet normal 0.442289 -0.896873 0
    outer loop
      vertex -164.144 -16.1025 42.6385
      vertex -164.202 -16.1314 42.6385
      vertex -164.202 -16.1314 39.6385
    endloop
  endfacet
  facet normal 0.481044 -0.876696 0
    outer loop
      vertex -164.202 -16.1314 39.6385
      vertex -164.202 -16.1314 42.6385
      vertex -164.26 -16.1629 39.6385
    endloop
  endfacet
  facet normal 0.481044 -0.876696 0
    outer loop
      vertex -164.202 -16.1314 42.6385
      vertex -164.26 -16.1629 42.6385
      vertex -164.26 -16.1629 39.6385
    endloop
  endfacet
  facet normal 0.518737 -0.854934 0
    outer loop
      vertex -164.26 -16.1629 39.6385
      vertex -164.26 -16.1629 42.6385
      vertex -164.316 -16.1969 39.6385
    endloop
  endfacet
  facet normal 0.518737 -0.854934 0
    outer loop
      vertex -164.26 -16.1629 42.6385
      vertex -164.316 -16.1969 42.6385
      vertex -164.316 -16.1969 39.6385
    endloop
  endfacet
  facet normal 0.555541 -0.831489 0
    outer loop
      vertex -164.316 -16.1969 39.6385
      vertex -164.316 -16.1969 42.6385
      vertex -164.37 -16.2332 39.6385
    endloop
  endfacet
  facet normal 0.555541 -0.831489 0
    outer loop
      vertex -164.316 -16.1969 42.6385
      vertex -164.37 -16.2332 42.6385
      vertex -164.37 -16.2332 39.6385
    endloop
  endfacet
  facet normal 0.591295 -0.806456 0
    outer loop
      vertex -164.37 -16.2332 39.6385
      vertex -164.37 -16.2332 42.6385
      vertex -164.423 -16.2719 39.6385
    endloop
  endfacet
  facet normal 0.591295 -0.806456 0
    outer loop
      vertex -164.37 -16.2332 42.6385
      vertex -164.423 -16.2719 42.6385
      vertex -164.423 -16.2719 39.6385
    endloop
  endfacet
  facet normal 0.625944 -0.779868 0
    outer loop
      vertex -164.423 -16.2719 39.6385
      vertex -164.423 -16.2719 42.6385
      vertex -164.474 -16.3129 39.6385
    endloop
  endfacet
  facet normal 0.625944 -0.779868 0
    outer loop
      vertex -164.423 -16.2719 42.6385
      vertex -164.474 -16.3129 42.6385
      vertex -164.474 -16.3129 39.6385
    endloop
  endfacet
  facet normal 0.659342 -0.751843 0
    outer loop
      vertex -164.474 -16.3129 39.6385
      vertex -164.474 -16.3129 42.6385
      vertex -164.523 -16.356 39.6385
    endloop
  endfacet
  facet normal 0.659342 -0.751843 0
    outer loop
      vertex -164.474 -16.3129 42.6385
      vertex -164.523 -16.356 42.6385
      vertex -164.523 -16.356 39.6385
    endloop
  endfacet
  facet normal 0.691584 -0.722296 0
    outer loop
      vertex -164.523 -16.356 39.6385
      vertex -164.523 -16.356 42.6385
      vertex -164.57 -16.4013 39.6385
    endloop
  endfacet
  facet normal 0.691584 -0.722296 0
    outer loop
      vertex -164.523 -16.356 42.6385
      vertex -164.57 -16.4013 42.6385
      vertex -164.57 -16.4013 39.6385
    endloop
  endfacet
  facet normal 0.722365 -0.691512 0
    outer loop
      vertex -164.57 -16.4013 39.6385
      vertex -164.57 -16.4013 42.6385
      vertex -164.616 -16.4486 39.6385
    endloop
  endfacet
  facet normal 0.722365 -0.691512 0
    outer loop
      vertex -164.57 -16.4013 42.6385
      vertex -164.616 -16.4486 42.6385
      vertex -164.616 -16.4486 39.6385
    endloop
  endfacet
  facet normal 0.751815 -0.659375 0
    outer loop
      vertex -164.616 -16.4486 39.6385
      vertex -164.616 -16.4486 42.6385
      vertex -164.659 -16.4978 39.6385
    endloop
  endfacet
  facet normal 0.751815 -0.659375 0
    outer loop
      vertex -164.616 -16.4486 42.6385
      vertex -164.659 -16.4978 42.6385
      vertex -164.659 -16.4978 39.6385
    endloop
  endfacet
  facet normal 0.77989 -0.625916 0
    outer loop
      vertex -164.659 -16.4978 39.6385
      vertex -164.659 -16.4978 42.6385
      vertex -164.7 -16.5488 39.6385
    endloop
  endfacet
  facet normal 0.77989 -0.625916 0
    outer loop
      vertex -164.659 -16.4978 42.6385
      vertex -164.7 -16.5488 42.6385
      vertex -164.7 -16.5488 39.6385
    endloop
  endfacet
  facet normal 0.806446 -0.591308 0
    outer loop
      vertex -164.7 -16.5488 39.6385
      vertex -164.7 -16.5488 42.6385
      vertex -164.739 -16.6016 39.6385
    endloop
  endfacet
  facet normal 0.806446 -0.591308 0
    outer loop
      vertex -164.7 -16.5488 42.6385
      vertex -164.739 -16.6016 42.6385
      vertex -164.739 -16.6016 39.6385
    endloop
  endfacet
  facet normal 0.831472 -0.555567 0
    outer loop
      vertex -164.739 -16.6016 39.6385
      vertex -164.739 -16.6016 42.6385
      vertex -164.775 -16.656 39.6385
    endloop
  endfacet
  facet normal 0.831472 -0.555567 0
    outer loop
      vertex -164.739 -16.6016 42.6385
      vertex -164.775 -16.656 42.6385
      vertex -164.775 -16.656 39.6385
    endloop
  endfacet
  facet normal 0.854847 -0.518879 0
    outer loop
      vertex -164.775 -16.656 39.6385
      vertex -164.775 -16.656 42.6385
      vertex -164.809 -16.712 39.6385
    endloop
  endfacet
  facet normal 0.854847 -0.518879 0
    outer loop
      vertex -164.775 -16.656 42.6385
      vertex -164.809 -16.712 42.6385
      vertex -164.809 -16.712 39.6385
    endloop
  endfacet
  facet normal 0.876771 -0.480909 0
    outer loop
      vertex -164.809 -16.712 39.6385
      vertex -164.809 -16.712 42.6385
      vertex -164.84 -16.7693 39.6385
    endloop
  endfacet
  facet normal 0.876771 -0.480909 0
    outer loop
      vertex -164.809 -16.712 42.6385
      vertex -164.84 -16.7693 42.6385
      vertex -164.84 -16.7693 39.6385
    endloop
  endfacet
  facet normal 0.896828 -0.44238 0
    outer loop
      vertex -164.84 -16.7693 39.6385
      vertex -164.84 -16.7693 42.6385
      vertex -164.869 -16.828 39.6385
    endloop
  endfacet
  facet normal 0.896828 -0.44238 0
    outer loop
      vertex -164.84 -16.7693 42.6385
      vertex -164.869 -16.828 42.6385
      vertex -164.869 -16.828 39.6385
    endloop
  endfacet
  facet normal 0.915382 -0.402586 0
    outer loop
      vertex -164.869 -16.828 39.6385
      vertex -164.869 -16.828 42.6385
      vertex -164.896 -16.8879 39.6385
    endloop
  endfacet
  facet normal 0.915382 -0.402586 0
    outer loop
      vertex -164.869 -16.828 42.6385
      vertex -164.896 -16.8879 42.6385
      vertex -164.896 -16.8879 39.6385
    endloop
  endfacet
  facet normal 0.931991 -0.362482 0
    outer loop
      vertex -164.896 -16.8879 39.6385
      vertex -164.896 -16.8879 42.6385
      vertex -164.919 -16.9489 39.6385
    endloop
  endfacet
  facet normal 0.931991 -0.362482 0
    outer loop
      vertex -164.896 -16.8879 42.6385
      vertex -164.919 -16.9489 42.6385
      vertex -164.919 -16.9489 39.6385
    endloop
  endfacet
  facet normal 0.946913 -0.321491 0
    outer loop
      vertex -164.919 -16.9489 39.6385
      vertex -164.919 -16.9489 42.6385
      vertex -164.94 -17.0109 39.6385
    endloop
  endfacet
  facet normal 0.946913 -0.321491 0
    outer loop
      vertex -164.919 -16.9489 42.6385
      vertex -164.94 -17.0109 42.6385
      vertex -164.94 -17.0109 39.6385
    endloop
  endfacet
  facet normal 0.96005 -0.27983 0
    outer loop
      vertex -164.94 -17.0109 39.6385
      vertex -164.94 -17.0109 42.6385
      vertex -164.959 -17.0737 39.6385
    endloop
  endfacet
  facet normal 0.96005 -0.27983 0
    outer loop
      vertex -164.94 -17.0109 42.6385
      vertex -164.959 -17.0737 42.6385
      vertex -164.959 -17.0737 39.6385
    endloop
  endfacet
  facet normal 0.971336 -0.237711 0
    outer loop
      vertex -164.959 -17.0737 39.6385
      vertex -164.959 -17.0737 42.6385
      vertex -164.974 -17.1373 39.6385
    endloop
  endfacet
  facet normal 0.971336 -0.237711 0
    outer loop
      vertex -164.959 -17.0737 42.6385
      vertex -164.974 -17.1373 42.6385
      vertex -164.974 -17.1373 39.6385
    endloop
  endfacet
  facet normal 0.980777 -0.195131 0
    outer loop
      vertex -164.974 -17.1373 39.6385
      vertex -164.974 -17.1373 42.6385
      vertex -164.987 -17.2015 39.6385
    endloop
  endfacet
  facet normal 0.980777 -0.195131 0
    outer loop
      vertex -164.974 -17.1373 42.6385
      vertex -164.987 -17.2015 42.6385
      vertex -164.987 -17.2015 39.6385
    endloop
  endfacet
  facet normal 0.988366 -0.152096 0
    outer loop
      vertex -164.987 -17.2015 39.6385
      vertex -164.987 -17.2015 42.6385
      vertex -164.997 -17.2662 39.6385
    endloop
  endfacet
  facet normal 0.988366 -0.152096 0
    outer loop
      vertex -164.987 -17.2015 42.6385
      vertex -164.997 -17.2662 42.6385
      vertex -164.997 -17.2662 39.6385
    endloop
  endfacet
  facet normal 0.994059 -0.108838 0
    outer loop
      vertex -164.997 -17.2662 39.6385
      vertex -164.997 -17.2662 42.6385
      vertex -165.004 -17.3312 39.6385
    endloop
  endfacet
  facet normal 0.994059 -0.108838 0
    outer loop
      vertex -164.997 -17.2662 42.6385
      vertex -165.004 -17.3312 42.6385
      vertex -165.004 -17.3312 39.6385
    endloop
  endfacet
  facet normal 0.997863 -0.0653478 0
    outer loop
      vertex -165.004 -17.3312 39.6385
      vertex -165.004 -17.3312 42.6385
      vertex -165.008 -17.3965 39.6385
    endloop
  endfacet
  facet normal 0.997863 -0.0653478 0
    outer loop
      vertex -165.004 -17.3312 42.6385
      vertex -165.008 -17.3965 42.6385
      vertex -165.008 -17.3965 39.6385
    endloop
  endfacet
  facet normal 0.999761 -0.0218583 0
    outer loop
      vertex -165.008 -17.3965 39.6385
      vertex -165.008 -17.3965 42.6385
      vertex -165.01 -17.4619 39.6385
    endloop
  endfacet
  facet normal 0.999761 -0.0218583 0
    outer loop
      vertex -165.008 -17.3965 42.6385
      vertex -165.01 -17.4619 42.6385
      vertex -165.01 -17.4619 39.6385
    endloop
  endfacet
  facet normal 0.999761 0.0218583 0
    outer loop
      vertex -165.01 -17.4619 39.6385
      vertex -165.01 -17.4619 42.6385
      vertex -165.008 -17.5274 39.6385
    endloop
  endfacet
  facet normal 0.999761 0.0218583 0
    outer loop
      vertex -165.01 -17.4619 42.6385
      vertex -165.008 -17.5274 42.6385
      vertex -165.008 -17.5274 39.6385
    endloop
  endfacet
  facet normal 0.997863 0.0653478 0
    outer loop
      vertex -165.008 -17.5274 39.6385
      vertex -165.008 -17.5274 42.6385
      vertex -165.004 -17.5927 39.6385
    endloop
  endfacet
  facet normal 0.997863 0.0653478 0
    outer loop
      vertex -165.008 -17.5274 42.6385
      vertex -165.004 -17.5927 42.6385
      vertex -165.004 -17.5927 39.6385
    endloop
  endfacet
  facet normal 0.99406 0.108835 0
    outer loop
      vertex -165.004 -17.5927 39.6385
      vertex -165.004 -17.5927 42.6385
      vertex -164.997 -17.6577 39.6385
    endloop
  endfacet
  facet normal 0.99406 0.108835 0
    outer loop
      vertex -165.004 -17.5927 42.6385
      vertex -164.997 -17.6577 42.6385
      vertex -164.997 -17.6577 39.6385
    endloop
  endfacet
  facet normal 0.988365 0.1521 0
    outer loop
      vertex -164.997 -17.6577 39.6385
      vertex -164.997 -17.6577 42.6385
      vertex -164.987 -17.7224 39.6385
    endloop
  endfacet
  facet normal 0.988365 0.1521 0
    outer loop
      vertex -164.997 -17.6577 42.6385
      vertex -164.987 -17.7224 42.6385
      vertex -164.987 -17.7224 39.6385
    endloop
  endfacet
  facet normal 0.980778 0.195125 0
    outer loop
      vertex -164.987 -17.7224 39.6385
      vertex -164.987 -17.7224 42.6385
      vertex -164.974 -17.7866 39.6385
    endloop
  endfacet
  facet normal 0.980778 0.195125 0
    outer loop
      vertex -164.987 -17.7224 42.6385
      vertex -164.974 -17.7866 42.6385
      vertex -164.974 -17.7866 39.6385
    endloop
  endfacet
  facet normal 0.971336 0.237711 0
    outer loop
      vertex -164.974 -17.7866 39.6385
      vertex -164.974 -17.7866 42.6385
      vertex -164.959 -17.8502 39.6385
    endloop
  endfacet
  facet normal 0.971336 0.237711 0
    outer loop
      vertex -164.974 -17.7866 42.6385
      vertex -164.959 -17.8502 42.6385
      vertex -164.959 -17.8502 39.6385
    endloop
  endfacet
  facet normal 0.96005 0.27983 0
    outer loop
      vertex -164.959 -17.8502 39.6385
      vertex -164.959 -17.8502 42.6385
      vertex -164.94 -17.913 39.6385
    endloop
  endfacet
  facet normal 0.96005 0.27983 0
    outer loop
      vertex -164.959 -17.8502 42.6385
      vertex -164.94 -17.913 42.6385
      vertex -164.94 -17.913 39.6385
    endloop
  endfacet
  facet normal 0.94691 0.3215 0
    outer loop
      vertex -164.94 -17.913 39.6385
      vertex -164.94 -17.913 42.6385
      vertex -164.919 -17.975 39.6385
    endloop
  endfacet
  facet normal 0.94691 0.3215 0
    outer loop
      vertex -164.94 -17.913 42.6385
      vertex -164.919 -17.975 42.6385
      vertex -164.919 -17.975 39.6385
    endloop
  endfacet
  facet normal 0.931995 0.362472 0
    outer loop
      vertex -164.919 -17.975 39.6385
      vertex -164.919 -17.975 42.6385
      vertex -164.896 -18.036 39.6385
    endloop
  endfacet
  facet normal 0.931995 0.362472 0
    outer loop
      vertex -164.919 -17.975 42.6385
      vertex -164.896 -18.036 42.6385
      vertex -164.896 -18.036 39.6385
    endloop
  endfacet
  facet normal 0.915382 0.402586 0
    outer loop
      vertex -164.896 -18.036 39.6385
      vertex -164.896 -18.036 42.6385
      vertex -164.869 -18.0959 39.6385
    endloop
  endfacet
  facet normal 0.915382 0.402586 0
    outer loop
      vertex -164.896 -18.036 42.6385
      vertex -164.869 -18.0959 42.6385
      vertex -164.869 -18.0959 39.6385
    endloop
  endfacet
  facet normal 0.896822 0.442392 0
    outer loop
      vertex -164.869 -18.0959 39.6385
      vertex -164.869 -18.0959 42.6385
      vertex -164.84 -18.1546 39.6385
    endloop
  endfacet
  facet normal 0.896822 0.442392 0
    outer loop
      vertex -164.869 -18.0959 42.6385
      vertex -164.84 -18.1546 42.6385
      vertex -164.84 -18.1546 39.6385
    endloop
  endfacet
  facet normal 0.876777 0.480897 0
    outer loop
      vertex -164.84 -18.1546 39.6385
      vertex -164.84 -18.1546 42.6385
      vertex -164.809 -18.212 39.6385
    endloop
  endfacet
  facet normal 0.876777 0.480897 0
    outer loop
      vertex -164.84 -18.1546 42.6385
      vertex -164.809 -18.212 42.6385
      vertex -164.809 -18.212 39.6385
    endloop
  endfacet
  facet normal 0.854847 0.518879 0
    outer loop
      vertex -164.809 -18.212 39.6385
      vertex -164.809 -18.212 42.6385
      vertex -164.775 -18.2679 39.6385
    endloop
  endfacet
  facet normal 0.854847 0.518879 0
    outer loop
      vertex -164.809 -18.212 42.6385
      vertex -164.775 -18.2679 42.6385
      vertex -164.775 -18.2679 39.6385
    endloop
  endfacet
  facet normal 0.831472 0.555567 0
    outer loop
      vertex -164.775 -18.2679 39.6385
      vertex -164.775 -18.2679 42.6385
      vertex -164.739 -18.3223 39.6385
    endloop
  endfacet
  facet normal 0.831472 0.555567 0
    outer loop
      vertex -164.775 -18.2679 42.6385
      vertex -164.739 -18.3223 42.6385
      vertex -164.739 -18.3223 39.6385
    endloop
  endfacet
  facet normal 0.806446 0.591308 0
    outer loop
      vertex -164.739 -18.3223 39.6385
      vertex -164.739 -18.3223 42.6385
      vertex -164.7 -18.3751 39.6385
    endloop
  endfacet
  facet normal 0.806446 0.591308 0
    outer loop
      vertex -164.739 -18.3223 42.6385
      vertex -164.7 -18.3751 42.6385
      vertex -164.7 -18.3751 39.6385
    endloop
  endfacet
  facet normal 0.779879 0.62593 0
    outer loop
      vertex -164.7 -18.3751 39.6385
      vertex -164.7 -18.3751 42.6385
      vertex -164.659 -18.4261 39.6385
    endloop
  endfacet
  facet normal 0.779879 0.62593 0
    outer loop
      vertex -164.7 -18.3751 42.6385
      vertex -164.659 -18.4261 42.6385
      vertex -164.659 -18.4261 39.6385
    endloop
  endfacet
  facet normal 0.751815 0.659375 0
    outer loop
      vertex -164.659 -18.4261 39.6385
      vertex -164.659 -18.4261 42.6385
      vertex -164.616 -18.4753 39.6385
    endloop
  endfacet
  facet normal 0.751815 0.659375 0
    outer loop
      vertex -164.659 -18.4261 42.6385
      vertex -164.616 -18.4753 42.6385
      vertex -164.616 -18.4753 39.6385
    endloop
  endfacet
  facet normal 0.722378 0.691498 0
    outer loop
      vertex -164.616 -18.4753 39.6385
      vertex -164.616 -18.4753 42.6385
      vertex -164.57 -18.5226 39.6385
    endloop
  endfacet
  facet normal 0.722378 0.691498 0
    outer loop
      vertex -164.616 -18.4753 42.6385
      vertex -164.57 -18.5226 42.6385
      vertex -164.57 -18.5226 39.6385
    endloop
  endfacet
  facet normal 0.691569 0.72231 0
    outer loop
      vertex -164.57 -18.5226 39.6385
      vertex -164.57 -18.5226 42.6385
      vertex -164.523 -18.5679 39.6385
    endloop
  endfacet
  facet normal 0.691569 0.72231 0
    outer loop
      vertex -164.57 -18.5226 42.6385
      vertex -164.523 -18.5679 42.6385
      vertex -164.523 -18.5679 39.6385
    endloop
  endfacet
  facet normal 0.659359 0.751829 0
    outer loop
      vertex -164.523 -18.5679 39.6385
      vertex -164.523 -18.5679 42.6385
      vertex -164.474 -18.611 39.6385
    endloop
  endfacet
  facet normal 0.659359 0.751829 0
    outer loop
      vertex -164.523 -18.5679 42.6385
      vertex -164.474 -18.611 42.6385
      vertex -164.474 -18.611 39.6385
    endloop
  endfacet
  facet normal 0.625944 0.779868 0
    outer loop
      vertex -164.474 -18.611 39.6385
      vertex -164.474 -18.611 42.6385
      vertex -164.423 -18.652 39.6385
    endloop
  endfacet
  facet normal 0.625944 0.779868 0
    outer loop
      vertex -164.474 -18.611 42.6385
      vertex -164.423 -18.652 42.6385
      vertex -164.423 -18.652 39.6385
    endloop
  endfacet
  facet normal 0.591295 0.806456 0
    outer loop
      vertex -164.423 -18.652 39.6385
      vertex -164.423 -18.652 42.6385
      vertex -164.37 -18.6907 39.6385
    endloop
  endfacet
  facet normal 0.591295 0.806456 0
    outer loop
      vertex -164.423 -18.652 42.6385
      vertex -164.37 -18.6907 42.6385
      vertex -164.37 -18.6907 39.6385
    endloop
  endfacet
  facet normal 0.555541 0.831489 0
    outer loop
      vertex -164.37 -18.6907 39.6385
      vertex -164.37 -18.6907 42.6385
      vertex -164.316 -18.727 39.6385
    endloop
  endfacet
  facet normal 0.555541 0.831489 0
    outer loop
      vertex -164.37 -18.6907 42.6385
      vertex -164.316 -18.727 42.6385
      vertex -164.316 -18.727 39.6385
    endloop
  endfacet
  facet normal 0.518737 0.854934 0
    outer loop
      vertex -164.316 -18.727 39.6385
      vertex -164.316 -18.727 42.6385
      vertex -164.26 -18.761 39.6385
    endloop
  endfacet
  facet normal 0.518737 0.854934 0
    outer loop
      vertex -164.316 -18.727 42.6385
      vertex -164.26 -18.761 42.6385
      vertex -164.26 -18.761 39.6385
    endloop
  endfacet
  facet normal 0.481044 0.876696 0
    outer loop
      vertex -164.26 -18.761 39.6385
      vertex -164.26 -18.761 42.6385
      vertex -164.202 -18.7925 39.6385
    endloop
  endfacet
  facet normal 0.481044 0.876696 0
    outer loop
      vertex -164.26 -18.761 42.6385
      vertex -164.202 -18.7925 42.6385
      vertex -164.202 -18.7925 39.6385
    endloop
  endfacet
  facet normal 0.442289 0.896873 0
    outer loop
      vertex -164.202 -18.7925 39.6385
      vertex -164.202 -18.7925 42.6385
      vertex -164.144 -18.8214 39.6385
    endloop
  endfacet
  facet normal 0.442289 0.896873 0
    outer loop
      vertex -164.202 -18.7925 42.6385
      vertex -164.144 -18.8214 42.6385
      vertex -164.144 -18.8214 39.6385
    endloop
  endfacet
  facet normal 0.402729 0.915319 0
    outer loop
      vertex -164.144 -18.8214 39.6385
      vertex -164.144 -18.8214 42.6385
      vertex -164.084 -18.8478 39.6385
    endloop
  endfacet
  facet normal 0.402729 0.915319 0
    outer loop
      vertex -164.144 -18.8214 42.6385
      vertex -164.084 -18.8478 42.6385
      vertex -164.084 -18.8478 39.6385
    endloop
  endfacet
  facet normal 0.362476 0.931993 0
    outer loop
      vertex -164.084 -18.8478 39.6385
      vertex -164.084 -18.8478 42.6385
      vertex -164.023 -18.8715 39.6385
    endloop
  endfacet
  facet normal 0.362476 0.931993 0
    outer loop
      vertex -164.084 -18.8478 42.6385
      vertex -164.023 -18.8715 42.6385
      vertex -164.023 -18.8715 39.6385
    endloop
  endfacet
  facet normal 0.321431 0.946933 0
    outer loop
      vertex -164.023 -18.8715 39.6385
      vertex -164.023 -18.8715 42.6385
      vertex -163.961 -18.8925 39.6385
    endloop
  endfacet
  facet normal 0.321431 0.946933 0
    outer loop
      vertex -164.023 -18.8715 42.6385
      vertex -163.961 -18.8925 42.6385
      vertex -163.961 -18.8925 39.6385
    endloop
  endfacet
  facet normal 0.279799 0.960059 0
    outer loop
      vertex -163.961 -18.8925 39.6385
      vertex -163.961 -18.8925 42.6385
      vertex -163.898 -18.9108 39.6385
    endloop
  endfacet
  facet normal 0.279799 0.960059 0
    outer loop
      vertex -163.961 -18.8925 42.6385
      vertex -163.898 -18.9108 42.6385
      vertex -163.898 -18.9108 39.6385
    endloop
  endfacet
  facet normal 0.237684 0.971343 0
    outer loop
      vertex -163.898 -18.9108 39.6385
      vertex -163.898 -18.9108 42.6385
      vertex -163.834 -18.9264 39.6385
    endloop
  endfacet
  facet normal 0.237684 0.971343 0
    outer loop
      vertex -163.898 -18.9108 42.6385
      vertex -163.834 -18.9264 42.6385
      vertex -163.834 -18.9264 39.6385
    endloop
  endfacet
  facet normal 0.195098 0.980784 0
    outer loop
      vertex -163.834 -18.9264 39.6385
      vertex -163.834 -18.9264 42.6385
      vertex -163.77 -18.9392 39.6385
    endloop
  endfacet
  facet normal 0.195098 0.980784 0
    outer loop
      vertex -163.834 -18.9264 42.6385
      vertex -163.77 -18.9392 42.6385
      vertex -163.77 -18.9392 39.6385
    endloop
  endfacet
  facet normal 0.152119 0.988362 0
    outer loop
      vertex -163.77 -18.9392 39.6385
      vertex -163.77 -18.9392 42.6385
      vertex -163.706 -18.9491 39.6385
    endloop
  endfacet
  facet normal 0.152119 0.988362 0
    outer loop
      vertex -163.77 -18.9392 42.6385
      vertex -163.706 -18.9491 42.6385
      vertex -163.706 -18.9491 39.6385
    endloop
  endfacet
  facet normal 0.10886 0.994057 0
    outer loop
      vertex -163.706 -18.9491 39.6385
      vertex -163.706 -18.9491 42.6385
      vertex -163.641 -18.9562 39.6385
    endloop
  endfacet
  facet normal 0.10886 0.994057 0
    outer loop
      vertex -163.706 -18.9491 42.6385
      vertex -163.641 -18.9562 42.6385
      vertex -163.641 -18.9562 39.6385
    endloop
  endfacet
  facet normal 0.0654119 0.997858 0
    outer loop
      vertex -163.641 -18.9562 39.6385
      vertex -163.641 -18.9562 42.6385
      vertex -163.575 -18.9605 39.6385
    endloop
  endfacet
  facet normal 0.0654119 0.997858 0
    outer loop
      vertex -163.641 -18.9562 42.6385
      vertex -163.575 -18.9605 42.6385
      vertex -163.575 -18.9605 39.6385
    endloop
  endfacet
  facet normal 0.0218292 0.999762 0
    outer loop
      vertex -163.575 -18.9605 39.6385
      vertex -163.575 -18.9605 42.6385
      vertex -163.51 -18.962 39.6385
    endloop
  endfacet
  facet normal 0.0218292 0.999762 0
    outer loop
      vertex -163.575 -18.9605 42.6385
      vertex -163.51 -18.962 42.6385
      vertex -163.51 -18.962 39.6385
    endloop
  endfacet
  facet normal -0.0218292 0.999762 0
    outer loop
      vertex -163.51 -18.962 39.6385
      vertex -163.51 -18.962 42.6385
      vertex -163.444 -18.9605 39.6385
    endloop
  endfacet
  facet normal -0.0218292 0.999762 0
    outer loop
      vertex -163.51 -18.962 42.6385
      vertex -163.444 -18.9605 42.6385
      vertex -163.444 -18.9605 39.6385
    endloop
  endfacet
  facet normal -0.065397 0.997859 0
    outer loop
      vertex -163.444 -18.9605 39.6385
      vertex -163.444 -18.9605 42.6385
      vertex -163.379 -18.9562 39.6385
    endloop
  endfacet
  facet normal -0.065397 0.997859 0
    outer loop
      vertex -163.444 -18.9605 42.6385
      vertex -163.379 -18.9562 42.6385
      vertex -163.379 -18.9562 39.6385
    endloop
  endfacet
  facet normal -0.108885 0.994054 0
    outer loop
      vertex -163.379 -18.9562 39.6385
      vertex -163.379 -18.9562 42.6385
      vertex -163.314 -18.9491 39.6385
    endloop
  endfacet
  facet normal -0.108885 0.994054 0
    outer loop
      vertex -163.379 -18.9562 42.6385
      vertex -163.314 -18.9491 42.6385
      vertex -163.314 -18.9491 39.6385
    endloop
  endfacet
  facet normal -0.152119 0.988362 0
    outer loop
      vertex -163.314 -18.9491 39.6385
      vertex -163.314 -18.9491 42.6385
      vertex -163.249 -18.9392 39.6385
    endloop
  endfacet
  facet normal -0.152119 0.988362 0
    outer loop
      vertex -163.314 -18.9491 42.6385
      vertex -163.249 -18.9392 42.6385
      vertex -163.249 -18.9392 39.6385
    endloop
  endfacet
  facet normal -0.195054 0.980792 0
    outer loop
      vertex -163.249 -18.9392 39.6385
      vertex -163.249 -18.9392 42.6385
      vertex -163.185 -18.9264 39.6385
    endloop
  endfacet
  facet normal -0.195054 0.980792 0
    outer loop
      vertex -163.249 -18.9392 42.6385
      vertex -163.185 -18.9264 42.6385
      vertex -163.185 -18.9264 39.6385
    endloop
  endfacet
  facet normal -0.237684 0.971343 0
    outer loop
      vertex -163.185 -18.9264 39.6385
      vertex -163.185 -18.9264 42.6385
      vertex -163.122 -18.9108 39.6385
    endloop
  endfacet
  facet normal -0.237684 0.971343 0
    outer loop
      vertex -163.185 -18.9264 42.6385
      vertex -163.122 -18.9108 42.6385
      vertex -163.122 -18.9108 39.6385
    endloop
  endfacet
  facet normal -0.27986 0.960041 0
    outer loop
      vertex -163.122 -18.9108 39.6385
      vertex -163.122 -18.9108 42.6385
      vertex -163.059 -18.8925 39.6385
    endloop
  endfacet
  facet normal -0.27986 0.960041 0
    outer loop
      vertex -163.122 -18.9108 42.6385
      vertex -163.059 -18.8925 42.6385
      vertex -163.059 -18.8925 39.6385
    endloop
  endfacet
  facet normal -0.321431 0.946933 0
    outer loop
      vertex -163.059 -18.8925 39.6385
      vertex -163.059 -18.8925 42.6385
      vertex -162.997 -18.8715 39.6385
    endloop
  endfacet
  facet normal -0.321431 0.946933 0
    outer loop
      vertex -163.059 -18.8925 42.6385
      vertex -162.997 -18.8715 42.6385
      vertex -162.997 -18.8715 39.6385
    endloop
  endfacet
  facet normal -0.362476 0.931993 0
    outer loop
      vertex -162.997 -18.8715 39.6385
      vertex -162.997 -18.8715 42.6385
      vertex -162.936 -18.8478 39.6385
    endloop
  endfacet
  facet normal -0.362476 0.931993 0
    outer loop
      vertex -162.997 -18.8715 42.6385
      vertex -162.936 -18.8478 42.6385
      vertex -162.936 -18.8478 39.6385
    endloop
  endfacet
  facet normal -0.402729 0.915319 0
    outer loop
      vertex -162.936 -18.8478 39.6385
      vertex -162.936 -18.8478 42.6385
      vertex -162.876 -18.8214 39.6385
    endloop
  endfacet
  facet normal -0.402729 0.915319 0
    outer loop
      vertex -162.936 -18.8478 42.6385
      vertex -162.876 -18.8214 42.6385
      vertex -162.876 -18.8214 39.6385
    endloop
  endfacet
  facet normal -0.442289 0.896873 0
    outer loop
      vertex -162.876 -18.8214 39.6385
      vertex -162.876 -18.8214 42.6385
      vertex -162.817 -18.7925 39.6385
    endloop
  endfacet
  facet normal -0.442289 0.896873 0
    outer loop
      vertex -162.876 -18.8214 42.6385
      vertex -162.817 -18.7925 42.6385
      vertex -162.817 -18.7925 39.6385
    endloop
  endfacet
  facet normal -0.480948 0.876749 0
    outer loop
      vertex -162.817 -18.7925 39.6385
      vertex -162.817 -18.7925 42.6385
      vertex -162.76 -18.761 39.6385
    endloop
  endfacet
  facet normal -0.480948 0.876749 0
    outer loop
      vertex -162.817 -18.7925 42.6385
      vertex -162.76 -18.761 42.6385
      vertex -162.76 -18.761 39.6385
    endloop
  endfacet
  facet normal -0.518737 0.854934 0
    outer loop
      vertex -162.76 -18.761 39.6385
      vertex -162.76 -18.761 42.6385
      vertex -162.704 -18.727 39.6385
    endloop
  endfacet
  facet normal -0.518737 0.854934 0
    outer loop
      vertex -162.76 -18.761 42.6385
      vertex -162.704 -18.727 42.6385
      vertex -162.704 -18.727 39.6385
    endloop
  endfacet
  facet normal -0.555646 0.831419 0
    outer loop
      vertex -162.704 -18.727 39.6385
      vertex -162.704 -18.727 42.6385
      vertex -162.649 -18.6907 39.6385
    endloop
  endfacet
  facet normal -0.555646 0.831419 0
    outer loop
      vertex -162.704 -18.727 42.6385
      vertex -162.649 -18.6907 42.6385
      vertex -162.649 -18.6907 39.6385
    endloop
  endfacet
  facet normal -0.591295 0.806456 0
    outer loop
      vertex -162.649 -18.6907 39.6385
      vertex -162.649 -18.6907 42.6385
      vertex -162.597 -18.652 39.6385
    endloop
  endfacet
  facet normal -0.591295 0.806456 0
    outer loop
      vertex -162.649 -18.6907 42.6385
      vertex -162.597 -18.652 42.6385
      vertex -162.597 -18.652 39.6385
    endloop
  endfacet
  facet normal -0.625944 0.779868 0
    outer loop
      vertex -162.597 -18.652 39.6385
      vertex -162.597 -18.652 42.6385
      vertex -162.546 -18.611 39.6385
    endloop
  endfacet
  facet normal -0.625944 0.779868 0
    outer loop
      vertex -162.597 -18.652 42.6385
      vertex -162.546 -18.611 42.6385
      vertex -162.546 -18.611 39.6385
    endloop
  endfacet
  facet normal -0.659359 0.751829 0
    outer loop
      vertex -162.546 -18.611 39.6385
      vertex -162.546 -18.611 42.6385
      vertex -162.496 -18.5679 39.6385
    endloop
  endfacet
  facet normal -0.659359 0.751829 0
    outer loop
      vertex -162.546 -18.611 42.6385
      vertex -162.496 -18.5679 42.6385
      vertex -162.496 -18.5679 39.6385
    endloop
  endfacet
  facet normal -0.691455 0.722419 0
    outer loop
      vertex -162.496 -18.5679 39.6385
      vertex -162.496 -18.5679 42.6385
      vertex -162.449 -18.5226 39.6385
    endloop
  endfacet
  facet normal -0.691455 0.722419 0
    outer loop
      vertex -162.496 -18.5679 42.6385
      vertex -162.449 -18.5226 42.6385
      vertex -162.449 -18.5226 39.6385
    endloop
  endfacet
  facet normal -0.722378 0.691498 0
    outer loop
      vertex -162.449 -18.5226 39.6385
      vertex -162.449 -18.5226 42.6385
      vertex -162.404 -18.4753 39.6385
    endloop
  endfacet
  facet normal -0.722378 0.691498 0
    outer loop
      vertex -162.449 -18.5226 42.6385
      vertex -162.404 -18.4753 42.6385
      vertex -162.404 -18.4753 39.6385
    endloop
  endfacet
  facet normal -0.751815 0.659375 0
    outer loop
      vertex -162.404 -18.4753 39.6385
      vertex -162.404 -18.4753 42.6385
      vertex -162.361 -18.4261 39.6385
    endloop
  endfacet
  facet normal -0.751815 0.659375 0
    outer loop
      vertex -162.404 -18.4753 42.6385
      vertex -162.361 -18.4261 42.6385
      vertex -162.361 -18.4261 39.6385
    endloop
  endfacet
  facet normal -0.779879 0.62593 0
    outer loop
      vertex -162.361 -18.4261 39.6385
      vertex -162.361 -18.4261 42.6385
      vertex -162.32 -18.3751 39.6385
    endloop
  endfacet
  facet normal -0.779879 0.62593 0
    outer loop
      vertex -162.361 -18.4261 42.6385
      vertex -162.32 -18.3751 42.6385
      vertex -162.32 -18.3751 39.6385
    endloop
  endfacet
  facet normal -0.806446 0.591308 0
    outer loop
      vertex -162.32 -18.3751 39.6385
      vertex -162.32 -18.3751 42.6385
      vertex -162.281 -18.3223 39.6385
    endloop
  endfacet
  facet normal -0.806446 0.591308 0
    outer loop
      vertex -162.32 -18.3751 42.6385
      vertex -162.281 -18.3223 42.6385
      vertex -162.281 -18.3223 39.6385
    endloop
  endfacet
  facet normal -0.831472 0.555567 0
    outer loop
      vertex -162.281 -18.3223 39.6385
      vertex -162.281 -18.3223 42.6385
      vertex -162.245 -18.2679 39.6385
    endloop
  endfacet
  facet normal -0.831472 0.555567 0
    outer loop
      vertex -162.281 -18.3223 42.6385
      vertex -162.245 -18.2679 42.6385
      vertex -162.245 -18.2679 39.6385
    endloop
  endfacet
  facet normal -0.854948 0.518713 0
    outer loop
      vertex -162.245 -18.2679 39.6385
      vertex -162.245 -18.2679 42.6385
      vertex -162.211 -18.212 39.6385
    endloop
  endfacet
  facet normal -0.854948 0.518713 0
    outer loop
      vertex -162.245 -18.2679 42.6385
      vertex -162.211 -18.212 42.6385
      vertex -162.211 -18.212 39.6385
    endloop
  endfacet
  facet normal -0.876681 0.481072 0
    outer loop
      vertex -162.211 -18.212 39.6385
      vertex -162.211 -18.212 42.6385
      vertex -162.179 -18.1546 39.6385
    endloop
  endfacet
  facet normal -0.876681 0.481072 0
    outer loop
      vertex -162.211 -18.212 42.6385
      vertex -162.179 -18.1546 42.6385
      vertex -162.179 -18.1546 39.6385
    endloop
  endfacet
  facet normal -0.896912 0.442208 0
    outer loop
      vertex -162.179 -18.1546 39.6385
      vertex -162.179 -18.1546 42.6385
      vertex -162.15 -18.0959 39.6385
    endloop
  endfacet
  facet normal -0.896912 0.442208 0
    outer loop
      vertex -162.179 -18.1546 42.6385
      vertex -162.15 -18.0959 42.6385
      vertex -162.15 -18.0959 39.6385
    endloop
  endfacet
  facet normal -0.915298 0.402777 0
    outer loop
      vertex -162.15 -18.0959 39.6385
      vertex -162.15 -18.0959 42.6385
      vertex -162.124 -18.036 39.6385
    endloop
  endfacet
  facet normal -0.915298 0.402777 0
    outer loop
      vertex -162.15 -18.0959 42.6385
      vertex -162.124 -18.036 42.6385
      vertex -162.124 -18.036 39.6385
    endloop
  endfacet
  facet normal -0.931995 0.362472 0
    outer loop
      vertex -162.124 -18.036 39.6385
      vertex -162.124 -18.036 42.6385
      vertex -162.1 -17.975 39.6385
    endloop
  endfacet
  facet normal -0.931995 0.362472 0
    outer loop
      vertex -162.124 -18.036 42.6385
      vertex -162.1 -17.975 42.6385
      vertex -162.1 -17.975 39.6385
    endloop
  endfacet
  facet normal -0.94691 0.3215 0
    outer loop
      vertex -162.1 -17.975 39.6385
      vertex -162.1 -17.975 42.6385
      vertex -162.079 -17.913 39.6385
    endloop
  endfacet
  facet normal -0.94691 0.3215 0
    outer loop
      vertex -162.1 -17.975 42.6385
      vertex -162.079 -17.913 42.6385
      vertex -162.079 -17.913 39.6385
    endloop
  endfacet
  facet normal -0.96005 0.27983 0
    outer loop
      vertex -162.079 -17.913 39.6385
      vertex -162.079 -17.913 42.6385
      vertex -162.061 -17.8502 39.6385
    endloop
  endfacet
  facet normal -0.96005 0.27983 0
    outer loop
      vertex -162.079 -17.913 42.6385
      vertex -162.061 -17.8502 42.6385
      vertex -162.061 -17.8502 39.6385
    endloop
  endfacet
  facet normal -0.971389 0.237496 0
    outer loop
      vertex -162.061 -17.8502 39.6385
      vertex -162.061 -17.8502 42.6385
      vertex -162.045 -17.7866 39.6385
    endloop
  endfacet
  facet normal -0.971389 0.237496 0
    outer loop
      vertex -162.061 -17.8502 42.6385
      vertex -162.045 -17.7866 42.6385
      vertex -162.045 -17.7866 39.6385
    endloop
  endfacet
  facet normal -0.980778 0.195125 0
    outer loop
      vertex -162.045 -17.7866 39.6385
      vertex -162.045 -17.7866 42.6385
      vertex -162.033 -17.7224 39.6385
    endloop
  endfacet
  facet normal -0.980778 0.195125 0
    outer loop
      vertex -162.045 -17.7866 42.6385
      vertex -162.033 -17.7224 42.6385
      vertex -162.033 -17.7224 39.6385
    endloop
  endfacet
  facet normal -0.988365 0.1521 0
    outer loop
      vertex -162.033 -17.7224 39.6385
      vertex -162.033 -17.7224 42.6385
      vertex -162.023 -17.6577 39.6385
    endloop
  endfacet
  facet normal -0.988365 0.1521 0
    outer loop
      vertex -162.033 -17.7224 42.6385
      vertex -162.023 -17.6577 42.6385
      vertex -162.023 -17.6577 39.6385
    endloop
  endfacet
  facet normal -0.994035 0.10906 0
    outer loop
      vertex -162.023 -17.6577 39.6385
      vertex -162.023 -17.6577 42.6385
      vertex -162.016 -17.5927 39.6385
    endloop
  endfacet
  facet normal -0.994035 0.10906 0
    outer loop
      vertex -162.023 -17.6577 42.6385
      vertex -162.016 -17.5927 42.6385
      vertex -162.016 -17.5927 39.6385
    endloop
  endfacet
  facet normal -0.997863 0.0653478 0
    outer loop
      vertex -162.016 -17.5927 39.6385
      vertex -162.016 -17.5927 42.6385
      vertex -162.011 -17.5274 39.6385
    endloop
  endfacet
  facet normal -0.997863 0.0653478 0
    outer loop
      vertex -162.016 -17.5927 42.6385
      vertex -162.011 -17.5274 42.6385
      vertex -162.011 -17.5274 39.6385
    endloop
  endfacet
  facet normal -0.999761 0.0218583 0
    outer loop
      vertex -162.011 -17.5274 39.6385
      vertex -162.011 -17.5274 42.6385
      vertex -162.01 -17.4619 39.6385
    endloop
  endfacet
  facet normal -0.999761 0.0218583 0
    outer loop
      vertex -162.011 -17.5274 42.6385
      vertex -162.01 -17.4619 42.6385
      vertex -162.01 -17.4619 39.6385
    endloop
  endfacet
  facet normal 0 -1 0
    outer loop
      vertex -51.9129 7.89927 10.3019
      vertex -51.9129 7.89927 47.8019
      vertex -121.913 7.89927 10.3019
    endloop
  endfacet
  facet normal 0 -1 0
    outer loop
      vertex -51.9129 7.89927 47.8019
      vertex -87.1038 7.89927 47.8019
      vertex -121.913 7.89927 10.3019
    endloop
  endfacet
  facet normal 0 -1 0
    outer loop
      vertex -121.913 7.89927 10.3019
      vertex -87.1038 7.89927 47.8019
      vertex -121.913 7.89927 47.8019
    endloop
  endfacet
  facet normal 0 1 0
    outer loop
      vertex -41.9129 10.3993 47.8019
      vertex -41.9129 10.3993 7.80192
      vertex -87.1038 10.3993 47.8019
    endloop
  endfacet
  facet normal 0 1 0
    outer loop
      vertex -41.9129 10.3993 7.80192
      vertex -131.913 10.3993 7.80192
      vertex -87.1038 10.3993 47.8019
    endloop
  endfacet
  facet normal 0 1 0
    outer loop
      vertex -87.1038 10.3993 47.8019
      vertex -131.913 10.3993 7.80192
      vertex -131.913 10.3993 47.8019
    endloop
  endfacet
  facet normal 0.0212248 -0.999775 0
    outer loop
      vertex -129.413 0.399268 47.8019
      vertex -129.413 0.399268 10.3019
      vertex -129.095 0.406026 10.3019
    endloop
  endfacet
  facet normal 0.0212248 -0.999775 0
    outer loop
      vertex -129.413 0.399268 47.8019
      vertex -129.095 0.406026 10.3019
      vertex -129.095 0.406026 47.8019
    endloop
  endfacet
  facet normal 0.0636404 -0.997973 0
    outer loop
      vertex -129.095 0.406026 10.3019
      vertex -128.777 0.426287 10.3019
      vertex -129.095 0.406026 47.8019
    endloop
  endfacet
  facet normal 0.0636404 -0.997973 0
    outer loop
      vertex -129.095 0.406026 47.8019
      vertex -128.777 0.426287 10.3019
      vertex -128.777 0.426287 47.8019
    endloop
  endfacet
  facet normal 0.105935 -0.994373 0
    outer loop
      vertex -128.777 0.426287 10.3019
      vertex -128.46 0.460015 10.3019
      vertex -128.777 0.426287 47.8019
    endloop
  endfacet
  facet normal 0.105935 -0.994373 0
    outer loop
      vertex -128.777 0.426287 47.8019
      vertex -128.46 0.460015 10.3019
      vertex -128.46 0.460015 47.8019
    endloop
  endfacet
  facet normal 0.148041 -0.988981 0
    outer loop
      vertex -128.46 0.460015 10.3019
      vertex -128.145 0.507149 10.3019
      vertex -128.46 0.460015 47.8019
    endloop
  endfacet
  facet normal 0.148041 -0.988981 0
    outer loop
      vertex -128.46 0.460015 47.8019
      vertex -128.145 0.507149 10.3019
      vertex -128.145 0.507149 47.8019
    endloop
  endfacet
  facet normal 0.189878 -0.981808 0
    outer loop
      vertex -128.145 0.507149 10.3019
      vertex -127.833 0.567604 10.3019
      vertex -128.145 0.507149 47.8019
    endloop
  endfacet
  facet normal 0.189878 -0.981808 0
    outer loop
      vertex -128.145 0.507149 47.8019
      vertex -127.833 0.567604 10.3019
      vertex -127.833 0.567604 47.8019
    endloop
  endfacet
  facet normal 0.231384 -0.972862 0
    outer loop
      vertex -127.833 0.567604 10.3019
      vertex -127.523 0.641271 10.3019
      vertex -127.833 0.567604 47.8019
    endloop
  endfacet
  facet normal 0.231384 -0.972862 0
    outer loop
      vertex -127.833 0.567604 47.8019
      vertex -127.523 0.641271 10.3019
      vertex -127.523 0.641271 47.8019
    endloop
  endfacet
  facet normal 0.27246 -0.962167 0
    outer loop
      vertex -127.523 0.641271 10.3019
      vertex -127.217 0.728018 10.3019
      vertex -127.523 0.641271 47.8019
    endloop
  endfacet
  facet normal 0.27246 -0.962167 0
    outer loop
      vertex -127.523 0.641271 47.8019
      vertex -127.217 0.728018 10.3019
      vertex -127.217 0.728018 47.8019
    endloop
  endfacet
  facet normal 0.313055 -0.949735 0
    outer loop
      vertex -127.217 0.728018 10.3019
      vertex -126.914 0.827688 10.3019
      vertex -127.217 0.728018 47.8019
    endloop
  endfacet
  facet normal 0.313055 -0.949735 0
    outer loop
      vertex -127.217 0.728018 47.8019
      vertex -126.914 0.827688 10.3019
      vertex -126.914 0.827688 47.8019
    endloop
  endfacet
  facet normal 0.353079 -0.935594 0
    outer loop
      vertex -126.914 0.827688 10.3019
      vertex -126.616 0.940101 10.3019
      vertex -126.914 0.827688 47.8019
    endloop
  endfacet
  facet normal 0.353079 -0.935594 0
    outer loop
      vertex -126.914 0.827688 47.8019
      vertex -126.616 0.940101 10.3019
      vertex -126.616 0.940101 47.8019
    endloop
  endfacet
  facet normal 0.392465 -0.919767 0
    outer loop
      vertex -126.616 0.940101 10.3019
      vertex -126.324 1.06505 10.3019
      vertex -126.616 0.940101 47.8019
    endloop
  endfacet
  facet normal 0.392465 -0.919767 0
    outer loop
      vertex -126.616 0.940101 47.8019
      vertex -126.324 1.06505 10.3019
      vertex -126.324 1.06505 47.8019
    endloop
  endfacet
  facet normal 0.431155 -0.902278 0
    outer loop
      vertex -126.324 1.06505 10.3019
      vertex -126.036 1.20232 10.3019
      vertex -126.324 1.06505 47.8019
    endloop
  endfacet
  facet normal 0.431155 -0.902278 0
    outer loop
      vertex -126.324 1.06505 47.8019
      vertex -126.036 1.20232 10.3019
      vertex -126.036 1.20232 47.8019
    endloop
  endfacet
  facet normal 0.469054 -0.883169 0
    outer loop
      vertex -126.036 1.20232 10.3019
      vertex -125.755 1.35166 10.3019
      vertex -126.036 1.20232 47.8019
    endloop
  endfacet
  facet normal 0.469054 -0.883169 0
    outer loop
      vertex -126.036 1.20232 47.8019
      vertex -125.755 1.35166 10.3019
      vertex -125.755 1.35166 47.8019
    endloop
  endfacet
  facet normal 0.506107 -0.862471 0
    outer loop
      vertex -125.755 1.35166 10.3019
      vertex -125.481 1.5128 10.3019
      vertex -125.755 1.35166 47.8019
    endloop
  endfacet
  facet normal 0.506107 -0.862471 0
    outer loop
      vertex -125.755 1.35166 47.8019
      vertex -125.481 1.5128 10.3019
      vertex -125.481 1.5128 47.8019
    endloop
  endfacet
  facet normal 0.542264 -0.840208 0
    outer loop
      vertex -125.481 1.5128 10.3019
      vertex -125.213 1.68545 10.3019
      vertex -125.481 1.5128 47.8019
    endloop
  endfacet
  facet normal 0.542264 -0.840208 0
    outer loop
      vertex -125.481 1.5128 47.8019
      vertex -125.213 1.68545 10.3019
      vertex -125.213 1.68545 47.8019
    endloop
  endfacet
  facet normal 0.577437 -0.816435 0
    outer loop
      vertex -125.213 1.68545 10.3019
      vertex -124.953 1.86929 10.3019
      vertex -125.213 1.68545 47.8019
    endloop
  endfacet
  facet normal 0.577437 -0.816435 0
    outer loop
      vertex -125.213 1.68545 47.8019
      vertex -124.953 1.86929 10.3019
      vertex -124.953 1.86929 47.8019
    endloop
  endfacet
  facet normal 0.611571 -0.791189 0
    outer loop
      vertex -124.953 1.86929 10.3019
      vertex -124.701 2.064 10.3019
      vertex -124.953 1.86929 47.8019
    endloop
  endfacet
  facet normal 0.611571 -0.791189 0
    outer loop
      vertex -124.953 1.86929 47.8019
      vertex -124.701 2.064 10.3019
      vertex -124.701 2.064 47.8019
    endloop
  endfacet
  facet normal 0.644592 -0.764526 0
    outer loop
      vertex -124.701 2.064 10.3019
      vertex -124.458 2.26923 10.3019
      vertex -124.701 2.064 47.8019
    endloop
  endfacet
  facet normal 0.644592 -0.764526 0
    outer loop
      vertex -124.701 2.064 47.8019
      vertex -124.458 2.26923 10.3019
      vertex -124.458 2.26923 47.8019
    endloop
  endfacet
  facet normal 0.676454 -0.736485 0
    outer loop
      vertex -124.458 2.26923 10.3019
      vertex -124.223 2.4846 10.3019
      vertex -124.458 2.26923 47.8019
    endloop
  endfacet
  facet normal 0.676454 -0.736485 0
    outer loop
      vertex -124.458 2.26923 47.8019
      vertex -124.223 2.4846 10.3019
      vertex -124.223 2.4846 47.8019
    endloop
  endfacet
  facet normal 0.707111 -0.707103 0
    outer loop
      vertex -124.223 2.4846 10.3019
      vertex -123.998 2.70973 10.3019
      vertex -124.223 2.4846 47.8019
    endloop
  endfacet
  facet normal 0.707111 -0.707103 0
    outer loop
      vertex -124.223 2.4846 47.8019
      vertex -123.998 2.70973 10.3019
      vertex -123.998 2.70973 47.8019
    endloop
  endfacet
  facet normal 0.736476 -0.676463 0
    outer loop
      vertex -123.998 2.70973 10.3019
      vertex -123.783 2.94421 10.3019
      vertex -123.998 2.70973 47.8019
    endloop
  endfacet
  facet normal 0.736476 -0.676463 0
    outer loop
      vertex -123.998 2.70973 47.8019
      vertex -123.783 2.94421 10.3019
      vertex -123.783 2.94421 47.8019
    endloop
  endfacet
  facet normal 0.764526 -0.644593 0
    outer loop
      vertex -123.783 2.94421 10.3019
      vertex -123.578 3.18762 10.3019
      vertex -123.783 2.94421 47.8019
    endloop
  endfacet
  facet normal 0.764526 -0.644593 0
    outer loop
      vertex -123.783 2.94421 47.8019
      vertex -123.578 3.18762 10.3019
      vertex -123.578 3.18762 47.8019
    endloop
  endfacet
  facet normal 0.791201 -0.611556 0
    outer loop
      vertex -123.578 3.18762 10.3019
      vertex -123.383 3.43952 10.3019
      vertex -123.578 3.18762 47.8019
    endloop
  endfacet
  facet normal 0.791201 -0.611556 0
    outer loop
      vertex -123.578 3.18762 47.8019
      vertex -123.383 3.43952 10.3019
      vertex -123.383 3.43952 47.8019
    endloop
  endfacet
  facet normal 0.816439 -0.577432 0
    outer loop
      vertex -123.383 3.43952 10.3019
      vertex -123.199 3.69946 10.3019
      vertex -123.383 3.43952 47.8019
    endloop
  endfacet
  facet normal 0.816439 -0.577432 0
    outer loop
      vertex -123.383 3.43952 47.8019
      vertex -123.199 3.69946 10.3019
      vertex -123.199 3.69946 47.8019
    endloop
  endfacet
  facet normal 0.8402 -0.542277 0
    outer loop
      vertex -123.199 3.69946 10.3019
      vertex -123.026 3.96696 10.3019
      vertex -123.199 3.69946 47.8019
    endloop
  endfacet
  facet normal 0.8402 -0.542277 0
    outer loop
      vertex -123.199 3.69946 47.8019
      vertex -123.026 3.96696 10.3019
      vertex -123.026 3.96696 47.8019
    endloop
  endfacet
  facet normal 0.862471 -0.506107 0
    outer loop
      vertex -123.026 3.96696 10.3019
      vertex -122.865 4.24156 10.3019
      vertex -123.026 3.96696 47.8019
    endloop
  endfacet
  facet normal 0.862471 -0.506107 0
    outer loop
      vertex -123.026 3.96696 47.8019
      vertex -122.865 4.24156 10.3019
      vertex -122.865 4.24156 47.8019
    endloop
  endfacet
  facet normal 0.883167 -0.469058 0
    outer loop
      vertex -122.865 4.24156 10.3019
      vertex -122.716 4.52274 10.3019
      vertex -122.865 4.24156 47.8019
    endloop
  endfacet
  facet normal 0.883167 -0.469058 0
    outer loop
      vertex -122.865 4.24156 47.8019
      vertex -122.716 4.52274 10.3019
      vertex -122.716 4.52274 47.8019
    endloop
  endfacet
  facet normal 0.902281 -0.431149 0
    outer loop
      vertex -122.716 4.52274 10.3019
      vertex -122.579 4.81001 10.3019
      vertex -122.716 4.52274 47.8019
    endloop
  endfacet
  facet normal 0.902281 -0.431149 0
    outer loop
      vertex -122.716 4.52274 47.8019
      vertex -122.579 4.81001 10.3019
      vertex -122.579 4.81001 47.8019
    endloop
  endfacet
  facet normal 0.919766 -0.392466 0
    outer loop
      vertex -122.579 4.81001 10.3019
      vertex -122.454 5.10284 10.3019
      vertex -122.579 4.81001 47.8019
    endloop
  endfacet
  facet normal 0.919766 -0.392466 0
    outer loop
      vertex -122.579 4.81001 47.8019
      vertex -122.454 5.10284 10.3019
      vertex -122.454 5.10284 47.8019
    endloop
  endfacet
  facet normal 0.935593 -0.353081 0
    outer loop
      vertex -122.454 5.10284 10.3019
      vertex -122.341 5.40072 10.3019
      vertex -122.454 5.10284 47.8019
    endloop
  endfacet
  facet normal 0.935593 -0.353081 0
    outer loop
      vertex -122.454 5.10284 47.8019
      vertex -122.341 5.40072 10.3019
      vertex -122.341 5.40072 47.8019
    endloop
  endfacet
  facet normal 0.949739 -0.313043 0
    outer loop
      vertex -122.341 5.40072 10.3019
      vertex -122.242 5.7031 10.3019
      vertex -122.341 5.40072 47.8019
    endloop
  endfacet
  facet normal 0.949739 -0.313043 0
    outer loop
      vertex -122.341 5.40072 47.8019
      vertex -122.242 5.7031 10.3019
      vertex -122.242 5.7031 47.8019
    endloop
  endfacet
  facet normal 0.962166 -0.272463 0
    outer loop
      vertex -122.242 5.7031 10.3019
      vertex -122.155 6.00943 10.3019
      vertex -122.242 5.7031 47.8019
    endloop
  endfacet
  facet normal 0.962166 -0.272463 0
    outer loop
      vertex -122.242 5.7031 47.8019
      vertex -122.155 6.00943 10.3019
      vertex -122.155 6.00943 47.8019
    endloop
  endfacet
  facet normal 0.97286 -0.231393 0
    outer loop
      vertex -122.155 6.00943 10.3019
      vertex -122.081 6.31917 10.3019
      vertex -122.155 6.00943 47.8019
    endloop
  endfacet
  facet normal 0.97286 -0.231393 0
    outer loop
      vertex -122.155 6.00943 47.8019
      vertex -122.081 6.31917 10.3019
      vertex -122.081 6.31917 47.8019
    endloop
  endfacet
  facet normal 0.981807 -0.18988 0
    outer loop
      vertex -122.081 6.31917 10.3019
      vertex -122.021 6.63176 10.3019
      vertex -122.081 6.31917 47.8019
    endloop
  endfacet
  facet normal 0.981807 -0.18988 0
    outer loop
      vertex -122.081 6.31917 47.8019
      vertex -122.021 6.63176 10.3019
      vertex -122.021 6.63176 47.8019
    endloop
  endfacet
  facet normal 0.988982 -0.148038 0
    outer loop
      vertex -122.021 6.63176 10.3019
      vertex -121.974 6.94663 10.3019
      vertex -122.021 6.63176 47.8019
    endloop
  endfacet
  facet normal 0.988982 -0.148038 0
    outer loop
      vertex -122.021 6.63176 47.8019
      vertex -121.974 6.94663 10.3019
      vertex -121.974 6.94663 47.8019
    endloop
  endfacet
  facet normal 0.994373 -0.105938 0
    outer loop
      vertex -121.974 6.94663 10.3019
      vertex -121.94 7.26322 10.3019
      vertex -121.974 6.94663 47.8019
    endloop
  endfacet
  facet normal 0.994373 -0.105938 0
    outer loop
      vertex -121.974 6.94663 47.8019
      vertex -121.94 7.26322 10.3019
      vertex -121.94 7.26322 47.8019
    endloop
  endfacet
  facet normal 0.997974 -0.0636287 0
    outer loop
      vertex -121.94 7.26322 10.3019
      vertex -121.92 7.58096 10.3019
      vertex -121.94 7.26322 47.8019
    endloop
  endfacet
  facet normal 0.997974 -0.0636287 0
    outer loop
      vertex -121.94 7.26322 47.8019
      vertex -121.92 7.58096 10.3019
      vertex -121.92 7.58096 47.8019
    endloop
  endfacet
  facet normal 0.999775 -0.0212251 0
    outer loop
      vertex -121.92 7.58096 10.3019
      vertex -121.913 7.89927 10.3019
      vertex -121.92 7.58096 47.8019
    endloop
  endfacet
  facet normal 0.999775 -0.0212251 0
    outer loop
      vertex -121.92 7.58096 47.8019
      vertex -121.913 7.89927 10.3019
      vertex -121.913 7.89927 47.8019
    endloop
  endfacet
endsolid Mesh
