solid Mesh
  facet normal 0 1 0
    outer loop
      vertex -67.3886 -38.3002 7.80192
      vertex -52.3886 -38.3002 7.80192
      vertex -67.3886 -38.3002 5.30192
    endloop
  endfacet
  facet normal 0 1 0
    outer loop
      vertex -52.3886 -38.3002 7.80192
      vertex -52.3886 -38.3002 5.30192
      vertex -67.3886 -38.3002 5.30192
    endloop
  endfacet
  facet normal 1 0 0
    outer loop
      vertex -67.3886 1.69983 7.80192
      vertex -67.3886 -38.3002 7.80192
      vertex -67.3886 1.69983 5.30192
    endloop
  endfacet
  facet normal 1 0 0
    outer loop
      vertex -67.3886 -38.3002 7.80192
      vertex -67.3886 -38.3002 5.30192
      vertex -67.3886 1.69983 5.30192
    endloop
  endfacet
  facet normal 0 -1 0
    outer loop
      vertex -67.3886 1.69983 7.80192
      vertex -67.3886 1.69983 5.30192
      vertex -52.3886 1.69983 7.80192
    endloop
  endfacet
  facet normal 0 -1 0
    outer loop
      vertex -67.3886 1.69983 5.30192
      vertex -52.3886 1.69983 5.30192
      vertex -52.3886 1.69983 7.80192
    endloop
  endfacet
  facet normal 0 0 -1
    outer loop
      vertex -129.372 4.7644 0.201924
      vertex -129.378 4.85147 0.201924
      vertex -127.379 4.93871 0.201924
    endloop
  endfacet
  facet normal 0 0 -1
    outer loop
      vertex -129.378 4.85147 0.201924
      vertex -129.379 4.93871 0.201924
      vertex -127.379 4.93871 0.201924
    endloop
  endfacet
  facet normal 0 0 -1
    outer loop
      vertex -127.379 4.93871 0.201924
      vertex -129.379 4.93871 0.201924
      vertex -129.378 5.02595 0.201924
    endloop
  endfacet
  facet normal 0 0 -1
    outer loop
      vertex -129.332 4.50583 0.201924
      vertex -129.349 4.59141 0.201924
      vertex -127.379 4.93871 0.201924
    endloop
  endfacet
  facet normal 0 0 -1
    outer loop
      vertex -129.349 4.59141 0.201924
      vertex -129.362 4.67766 0.201924
      vertex -127.379 4.93871 0.201924
    endloop
  endfacet
  facet normal 0 0 -1
    outer loop
      vertex -127.379 4.93871 0.201924
      vertex -129.362 4.67766 0.201924
      vertex -129.372 4.7644 0.201924
    endloop
  endfacet
  facet normal 0 0 -1
    outer loop
      vertex -129.259 4.25467 0.201924
      vertex -129.287 4.3373 0.201924
      vertex -127.379 4.93871 0.201924
    endloop
  endfacet
  facet normal 0 0 -1
    outer loop
      vertex -129.287 4.3373 0.201924
      vertex -129.311 4.42107 0.201924
      vertex -127.379 4.93871 0.201924
    endloop
  endfacet
  facet normal 0 0 -1
    outer loop
      vertex -127.379 4.93871 0.201924
      vertex -129.311 4.42107 0.201924
      vertex -129.332 4.50583 0.201924
    endloop
  endfacet
  facet normal 0 0 -1
    outer loop
      vertex -129.153 4.01521 0.201924
      vertex -129.192 4.09347 0.201924
      vertex -127.379 4.93871 0.201924
    endloop
  endfacet
  facet normal 0 0 -1
    outer loop
      vertex -129.192 4.09347 0.201924
      vertex -129.227 4.17334 0.201924
      vertex -127.379 4.93871 0.201924
    endloop
  endfacet
  facet normal 0 0 -1
    outer loop
      vertex -127.379 4.93871 0.201924
      vertex -129.227 4.17334 0.201924
      vertex -129.259 4.25467 0.201924
    endloop
  endfacet
  facet normal 0 0 -1
    outer loop
      vertex -129.018 3.79156 0.201924
      vertex -129.066 3.86411 0.201924
      vertex -127.379 4.93871 0.201924
    endloop
  endfacet
  facet normal 0 0 -1
    outer loop
      vertex -129.066 3.86411 0.201924
      vertex -129.111 3.93871 0.201924
      vertex -127.379 4.93871 0.201924
    endloop
  endfacet
  facet normal 0 0 -1
    outer loop
      vertex -127.379 4.93871 0.201924
      vertex -129.111 3.93871 0.201924
      vertex -129.153 4.01521 0.201924
    endloop
  endfacet
  facet normal 0 0 -1
    outer loop
      vertex -128.854 3.58753 0.201924
      vertex -128.912 3.65313 0.201924
      vertex -127.379 4.93871 0.201924
    endloop
  endfacet
  facet normal 0 0 -1
    outer loop
      vertex -128.912 3.65313 0.201924
      vertex -128.966 3.72119 0.201924
      vertex -127.379 4.93871 0.201924
    endloop
  endfacet
  facet normal 0 0 -1
    outer loop
      vertex -127.379 4.93871 0.201924
      vertex -128.966 3.72119 0.201924
      vertex -129.018 3.79156 0.201924
    endloop
  endfacet
  facet normal 0 0 -1
    outer loop
      vertex -128.665 3.40662 0.201924
      vertex -128.731 3.46416 0.201924
      vertex -127.379 4.93871 0.201924
    endloop
  endfacet
  facet normal 0 0 -1
    outer loop
      vertex -128.731 3.46416 0.201924
      vertex -128.794 3.5245 0.201924
      vertex -127.379 4.93871 0.201924
    endloop
  endfacet
  facet normal 0 0 -1
    outer loop
      vertex -127.379 4.93871 0.201924
      vertex -128.794 3.5245 0.201924
      vertex -128.854 3.58753 0.201924
    endloop
  endfacet
  facet normal 0 0 -1
    outer loop
      vertex -128.454 3.25193 0.201924
      vertex -128.527 3.30041 0.201924
      vertex -127.379 4.93871 0.201924
    endloop
  endfacet
  facet normal 0 0 -1
    outer loop
      vertex -128.527 3.30041 0.201924
      vertex -128.597 3.352 0.201924
      vertex -127.379 4.93871 0.201924
    endloop
  endfacet
  facet normal 0 0 -1
    outer loop
      vertex -127.379 4.93871 0.201924
      vertex -128.597 3.352 0.201924
      vertex -128.665 3.40662 0.201924
    endloop
  endfacet
  facet normal 0 0 -1
    outer loop
      vertex -128.225 3.12609 0.201924
      vertex -128.303 3.16469 0.201924
      vertex -127.379 4.93871 0.201924
    endloop
  endfacet
  facet normal 0 0 -1
    outer loop
      vertex -128.303 3.16469 0.201924
      vertex -128.379 3.20666 0.201924
      vertex -127.379 4.93871 0.201924
    endloop
  endfacet
  facet normal 0 0 -1
    outer loop
      vertex -127.379 4.93871 0.201924
      vertex -128.379 3.20666 0.201924
      vertex -128.454 3.25193 0.201924
    endloop
  endfacet
  facet normal 0 0 -1
    outer loop
      vertex -127.981 3.03128 0.201924
      vertex -128.063 3.05932 0.201924
      vertex -127.379 4.93871 0.201924
    endloop
  endfacet
  facet normal 0 0 -1
    outer loop
      vertex -128.063 3.05932 0.201924
      vertex -128.145 3.09095 0.201924
      vertex -127.379 4.93871 0.201924
    endloop
  endfacet
  facet normal 0 0 -1
    outer loop
      vertex -127.379 4.93871 0.201924
      vertex -128.145 3.09095 0.201924
      vertex -128.225 3.12609 0.201924
    endloop
  endfacet
  facet normal 0 0 -1
    outer loop
      vertex -127.727 2.96909 0.201924
      vertex -127.812 2.98612 0.201924
      vertex -127.379 4.93871 0.201924
    endloop
  endfacet
  facet normal 0 0 -1
    outer loop
      vertex -127.812 2.98612 0.201924
      vertex -127.897 3.00686 0.201924
      vertex -127.379 4.93871 0.201924
    endloop
  endfacet
  facet normal 0 0 -1
    outer loop
      vertex -127.379 4.93871 0.201924
      vertex -127.897 3.00686 0.201924
      vertex -127.981 3.03128 0.201924
    endloop
  endfacet
  facet normal 0 0 -1
    outer loop
      vertex -127.467 2.94061 0.201924
      vertex -127.554 2.94632 0.201924
      vertex -127.379 4.93871 0.201924
    endloop
  endfacet
  facet normal 0 0 -1
    outer loop
      vertex -127.554 2.94632 0.201924
      vertex -127.64 2.95582 0.201924
      vertex -127.379 4.93871 0.201924
    endloop
  endfacet
  facet normal 0 0 -1
    outer loop
      vertex -127.379 4.93871 0.201924
      vertex -127.64 2.95582 0.201924
      vertex -127.727 2.96909 0.201924
    endloop
  endfacet
  facet normal 0 0 -1
    outer loop
      vertex -127.205 2.94632 0.201924
      vertex -127.292 2.94061 0.201924
      vertex -127.379 4.93871 0.201924
    endloop
  endfacet
  facet normal 0 0 -1
    outer loop
      vertex -127.292 2.94061 0.201924
      vertex -127.379 2.93871 0.201924
      vertex -127.379 4.93871 0.201924
    endloop
  endfacet
  facet normal 0 0 -1
    outer loop
      vertex -127.379 4.93871 0.201924
      vertex -127.379 2.93871 0.201924
      vertex -127.467 2.94061 0.201924
    endloop
  endfacet
  facet normal 0 0 -1
    outer loop
      vertex -126.947 2.98612 0.201924
      vertex -127.032 2.96909 0.201924
      vertex -127.379 4.93871 0.201924
    endloop
  endfacet
  facet normal 0 0 -1
    outer loop
      vertex -127.032 2.96909 0.201924
      vertex -127.118 2.95582 0.201924
      vertex -127.379 4.93871 0.201924
    endloop
  endfacet
  facet normal 0 0 -1
    outer loop
      vertex -127.379 4.93871 0.201924
      vertex -127.118 2.95582 0.201924
      vertex -127.205 2.94632 0.201924
    endloop
  endfacet
  facet normal 0 0 -1
    outer loop
      vertex -126.695 3.05932 0.201924
      vertex -126.778 3.03128 0.201924
      vertex -127.379 4.93871 0.201924
    endloop
  endfacet
  facet normal 0 0 -1
    outer loop
      vertex -126.778 3.03128 0.201924
      vertex -126.862 3.00686 0.201924
      vertex -127.379 4.93871 0.201924
    endloop
  endfacet
  facet normal 0 0 -1
    outer loop
      vertex -127.379 4.93871 0.201924
      vertex -126.862 3.00686 0.201924
      vertex -126.947 2.98612 0.201924
    endloop
  endfacet
  facet normal 0 0 -1
    outer loop
      vertex -126.456 3.16469 0.201924
      vertex -126.534 3.12609 0.201924
      vertex -127.379 4.93871 0.201924
    endloop
  endfacet
  facet normal 0 0 -1
    outer loop
      vertex -126.534 3.12609 0.201924
      vertex -126.614 3.09095 0.201924
      vertex -127.379 4.93871 0.201924
    endloop
  endfacet
  facet normal 0 0 -1
    outer loop
      vertex -127.379 4.93871 0.201924
      vertex -126.614 3.09095 0.201924
      vertex -126.695 3.05932 0.201924
    endloop
  endfacet
  facet normal 0 0 -1
    outer loop
      vertex -126.232 3.30041 0.201924
      vertex -126.305 3.25193 0.201924
      vertex -127.379 4.93871 0.201924
    endloop
  endfacet
  facet normal 0 0 -1
    outer loop
      vertex -126.305 3.25193 0.201924
      vertex -126.379 3.20666 0.201924
      vertex -127.379 4.93871 0.201924
    endloop
  endfacet
  facet normal 0 0 -1
    outer loop
      vertex -127.379 4.93871 0.201924
      vertex -126.379 3.20666 0.201924
      vertex -126.456 3.16469 0.201924
    endloop
  endfacet
  facet normal 0 0 -1
    outer loop
      vertex -126.028 3.46416 0.201924
      vertex -126.094 3.40662 0.201924
      vertex -127.379 4.93871 0.201924
    endloop
  endfacet
  facet normal 0 0 -1
    outer loop
      vertex -126.094 3.40662 0.201924
      vertex -126.162 3.352 0.201924
      vertex -127.379 4.93871 0.201924
    endloop
  endfacet
  facet normal 0 0 -1
    outer loop
      vertex -127.379 4.93871 0.201924
      vertex -126.162 3.352 0.201924
      vertex -126.232 3.30041 0.201924
    endloop
  endfacet
  facet normal 0 0 -1
    outer loop
      vertex -125.847 3.65313 0.201924
      vertex -125.905 3.58753 0.201924
      vertex -127.379 4.93871 0.201924
    endloop
  endfacet
  facet normal 0 0 -1
    outer loop
      vertex -125.905 3.58753 0.201924
      vertex -125.965 3.5245 0.201924
      vertex -127.379 4.93871 0.201924
    endloop
  endfacet
  facet normal 0 0 -1
    outer loop
      vertex -127.379 4.93871 0.201924
      vertex -125.965 3.5245 0.201924
      vertex -126.028 3.46416 0.201924
    endloop
  endfacet
  facet normal 0 0 -1
    outer loop
      vertex -125.693 3.86411 0.201924
      vertex -125.741 3.79156 0.201924
      vertex -127.379 4.93871 0.201924
    endloop
  endfacet
  facet normal 0 0 -1
    outer loop
      vertex -125.741 3.79156 0.201924
      vertex -125.793 3.72119 0.201924
      vertex -127.379 4.93871 0.201924
    endloop
  endfacet
  facet normal 0 0 -1
    outer loop
      vertex -127.379 4.93871 0.201924
      vertex -125.793 3.72119 0.201924
      vertex -125.847 3.65313 0.201924
    endloop
  endfacet
  facet normal 0 0 -1
    outer loop
      vertex -125.567 4.09347 0.201924
      vertex -125.605 4.01521 0.201924
      vertex -127.379 4.93871 0.201924
    endloop
  endfacet
  facet normal 0 0 -1
    outer loop
      vertex -125.605 4.01521 0.201924
      vertex -125.647 3.93871 0.201924
      vertex -127.379 4.93871 0.201924
    endloop
  endfacet
  facet normal 0 0 -1
    outer loop
      vertex -127.379 4.93871 0.201924
      vertex -125.647 3.93871 0.201924
      vertex -125.693 3.86411 0.201924
    endloop
  endfacet
  facet normal 0 0 -1
    outer loop
      vertex -125.472 4.3373 0.201924
      vertex -125.5 4.25467 0.201924
      vertex -127.379 4.93871 0.201924
    endloop
  endfacet
  facet normal 0 0 -1
    outer loop
      vertex -125.5 4.25467 0.201924
      vertex -125.532 4.17334 0.201924
      vertex -127.379 4.93871 0.201924
    endloop
  endfacet
  facet normal 0 0 -1
    outer loop
      vertex -127.379 4.93871 0.201924
      vertex -125.532 4.17334 0.201924
      vertex -125.567 4.09347 0.201924
    endloop
  endfacet
  facet normal 0 0 -1
    outer loop
      vertex -125.41 4.59141 0.201924
      vertex -125.427 4.50583 0.201924
      vertex -127.379 4.93871 0.201924
    endloop
  endfacet
  facet normal 0 0 -1
    outer loop
      vertex -125.427 4.50583 0.201924
      vertex -125.448 4.42107 0.201924
      vertex -127.379 4.93871 0.201924
    endloop
  endfacet
  facet normal 0 0 -1
    outer loop
      vertex -127.379 4.93871 0.201924
      vertex -125.448 4.42107 0.201924
      vertex -125.472 4.3373 0.201924
    endloop
  endfacet
  facet normal 0 0 -1
    outer loop
      vertex -125.381 4.85147 0.201924
      vertex -125.387 4.7644 0.201924
      vertex -127.379 4.93871 0.201924
    endloop
  endfacet
  facet normal 0 0 -1
    outer loop
      vertex -125.387 4.7644 0.201924
      vertex -125.397 4.67766 0.201924
      vertex -127.379 4.93871 0.201924
    endloop
  endfacet
  facet normal 0 0 -1
    outer loop
      vertex -127.379 4.93871 0.201924
      vertex -125.397 4.67766 0.201924
      vertex -125.41 4.59141 0.201924
    endloop
  endfacet
  facet normal 0 0 -1
    outer loop
      vertex -125.387 5.11302 0.201924
      vertex -125.381 5.02595 0.201924
      vertex -127.379 4.93871 0.201924
    endloop
  endfacet
  facet normal 0 0 -1
    outer loop
      vertex -125.381 5.02595 0.201924
      vertex -125.379 4.93871 0.201924
      vertex -127.379 4.93871 0.201924
    endloop
  endfacet
  facet normal 0 0 -1
    outer loop
      vertex -127.379 4.93871 0.201924
      vertex -125.379 4.93871 0.201924
      vertex -125.381 4.85147 0.201924
    endloop
  endfacet
  facet normal 0 0 -1
    outer loop
      vertex -125.427 5.37159 0.201924
      vertex -125.41 5.28601 0.201924
      vertex -127.379 4.93871 0.201924
    endloop
  endfacet
  facet normal 0 0 -1
    outer loop
      vertex -125.41 5.28601 0.201924
      vertex -125.397 5.19976 0.201924
      vertex -127.379 4.93871 0.201924
    endloop
  endfacet
  facet normal 0 0 -1
    outer loop
      vertex -127.379 4.93871 0.201924
      vertex -125.397 5.19976 0.201924
      vertex -125.387 5.11302 0.201924
    endloop
  endfacet
  facet normal 0 0 -1
    outer loop
      vertex -125.5 5.62275 0.201924
      vertex -125.472 5.54012 0.201924
      vertex -127.379 4.93871 0.201924
    endloop
  endfacet
  facet normal 0 0 -1
    outer loop
      vertex -125.472 5.54012 0.201924
      vertex -125.448 5.45635 0.201924
      vertex -127.379 4.93871 0.201924
    endloop
  endfacet
  facet normal 0 0 -1
    outer loop
      vertex -127.379 4.93871 0.201924
      vertex -125.448 5.45635 0.201924
      vertex -125.427 5.37159 0.201924
    endloop
  endfacet
  facet normal 0 0 -1
    outer loop
      vertex -125.605 5.86221 0.201924
      vertex -125.567 5.78395 0.201924
      vertex -127.379 4.93871 0.201924
    endloop
  endfacet
  facet normal 0 0 -1
    outer loop
      vertex -125.567 5.78395 0.201924
      vertex -125.532 5.70408 0.201924
      vertex -127.379 4.93871 0.201924
    endloop
  endfacet
  facet normal 0 0 -1
    outer loop
      vertex -127.379 4.93871 0.201924
      vertex -125.532 5.70408 0.201924
      vertex -125.5 5.62275 0.201924
    endloop
  endfacet
  facet normal 0 0 -1
    outer loop
      vertex -125.741 6.08586 0.201924
      vertex -125.693 6.01331 0.201924
      vertex -127.379 4.93871 0.201924
    endloop
  endfacet
  facet normal 0 0 -1
    outer loop
      vertex -125.693 6.01331 0.201924
      vertex -125.647 5.93871 0.201924
      vertex -127.379 4.93871 0.201924
    endloop
  endfacet
  facet normal 0 0 -1
    outer loop
      vertex -127.379 4.93871 0.201924
      vertex -125.647 5.93871 0.201924
      vertex -125.605 5.86221 0.201924
    endloop
  endfacet
  facet normal 0 0 -1
    outer loop
      vertex -125.905 6.28989 0.201924
      vertex -125.847 6.22429 0.201924
      vertex -127.379 4.93871 0.201924
    endloop
  endfacet
  facet normal 0 0 -1
    outer loop
      vertex -125.847 6.22429 0.201924
      vertex -125.793 6.15623 0.201924
      vertex -127.379 4.93871 0.201924
    endloop
  endfacet
  facet normal 0 0 -1
    outer loop
      vertex -127.379 4.93871 0.201924
      vertex -125.793 6.15623 0.201924
      vertex -125.741 6.08586 0.201924
    endloop
  endfacet
  facet normal 0 0 -1
    outer loop
      vertex -126.094 6.4708 0.201924
      vertex -126.028 6.41326 0.201924
      vertex -127.379 4.93871 0.201924
    endloop
  endfacet
  facet normal 0 0 -1
    outer loop
      vertex -126.028 6.41326 0.201924
      vertex -125.965 6.35292 0.201924
      vertex -127.379 4.93871 0.201924
    endloop
  endfacet
  facet normal 0 0 -1
    outer loop
      vertex -127.379 4.93871 0.201924
      vertex -125.965 6.35292 0.201924
      vertex -125.905 6.28989 0.201924
    endloop
  endfacet
  facet normal 0 0 -1
    outer loop
      vertex -126.305 6.62549 0.201924
      vertex -126.232 6.57701 0.201924
      vertex -127.379 4.93871 0.201924
    endloop
  endfacet
  facet normal 0 0 -1
    outer loop
      vertex -126.232 6.57701 0.201924
      vertex -126.162 6.52542 0.201924
      vertex -127.379 4.93871 0.201924
    endloop
  endfacet
  facet normal 0 0 -1
    outer loop
      vertex -127.379 4.93871 0.201924
      vertex -126.162 6.52542 0.201924
      vertex -126.094 6.4708 0.201924
    endloop
  endfacet
  facet normal 0 0 -1
    outer loop
      vertex -126.534 6.75133 0.201924
      vertex -126.456 6.71273 0.201924
      vertex -127.379 4.93871 0.201924
    endloop
  endfacet
  facet normal 0 0 -1
    outer loop
      vertex -126.456 6.71273 0.201924
      vertex -126.379 6.67076 0.201924
      vertex -127.379 4.93871 0.201924
    endloop
  endfacet
  facet normal 0 0 -1
    outer loop
      vertex -127.379 4.93871 0.201924
      vertex -126.379 6.67076 0.201924
      vertex -126.305 6.62549 0.201924
    endloop
  endfacet
  facet normal 0 0 -1
    outer loop
      vertex -126.778 6.84614 0.201924
      vertex -126.695 6.8181 0.201924
      vertex -127.379 4.93871 0.201924
    endloop
  endfacet
  facet normal 0 0 -1
    outer loop
      vertex -126.695 6.8181 0.201924
      vertex -126.614 6.78647 0.201924
      vertex -127.379 4.93871 0.201924
    endloop
  endfacet
  facet normal 0 0 -1
    outer loop
      vertex -127.379 4.93871 0.201924
      vertex -126.614 6.78647 0.201924
      vertex -126.534 6.75133 0.201924
    endloop
  endfacet
  facet normal 0 0 -1
    outer loop
      vertex -127.032 6.90833 0.201924
      vertex -126.947 6.8913 0.201924
      vertex -127.379 4.93871 0.201924
    endloop
  endfacet
  facet normal 0 0 -1
    outer loop
      vertex -126.947 6.8913 0.201924
      vertex -126.862 6.87056 0.201924
      vertex -127.379 4.93871 0.201924
    endloop
  endfacet
  facet normal 0 0 -1
    outer loop
      vertex -127.379 4.93871 0.201924
      vertex -126.862 6.87056 0.201924
      vertex -126.778 6.84614 0.201924
    endloop
  endfacet
  facet normal 0 0 -1
    outer loop
      vertex -127.292 6.93681 0.201924
      vertex -127.205 6.9311 0.201924
      vertex -127.379 4.93871 0.201924
    endloop
  endfacet
  facet normal 0 0 -1
    outer loop
      vertex -127.205 6.9311 0.201924
      vertex -127.118 6.9216 0.201924
      vertex -127.379 4.93871 0.201924
    endloop
  endfacet
  facet normal 0 0 -1
    outer loop
      vertex -127.379 4.93871 0.201924
      vertex -127.118 6.9216 0.201924
      vertex -127.032 6.90833 0.201924
    endloop
  endfacet
  facet normal 0 0 -1
    outer loop
      vertex -127.554 6.9311 0.201924
      vertex -127.467 6.93681 0.201924
      vertex -127.379 4.93871 0.201924
    endloop
  endfacet
  facet normal 0 0 -1
    outer loop
      vertex -127.467 6.93681 0.201924
      vertex -127.379 6.93871 0.201924
      vertex -127.379 4.93871 0.201924
    endloop
  endfacet
  facet normal 0 0 -1
    outer loop
      vertex -127.379 4.93871 0.201924
      vertex -127.379 6.93871 0.201924
      vertex -127.292 6.93681 0.201924
    endloop
  endfacet
  facet normal 0 0 -1
    outer loop
      vertex -127.812 6.8913 0.201924
      vertex -127.727 6.90833 0.201924
      vertex -127.379 4.93871 0.201924
    endloop
  endfacet
  facet normal 0 0 -1
    outer loop
      vertex -127.727 6.90833 0.201924
      vertex -127.64 6.9216 0.201924
      vertex -127.379 4.93871 0.201924
    endloop
  endfacet
  facet normal 0 0 -1
    outer loop
      vertex -127.379 4.93871 0.201924
      vertex -127.64 6.9216 0.201924
      vertex -127.554 6.9311 0.201924
    endloop
  endfacet
  facet normal 0 0 -1
    outer loop
      vertex -128.063 6.8181 0.201924
      vertex -127.981 6.84614 0.201924
      vertex -127.379 4.93871 0.201924
    endloop
  endfacet
  facet normal 0 0 -1
    outer loop
      vertex -127.981 6.84614 0.201924
      vertex -127.897 6.87056 0.201924
      vertex -127.379 4.93871 0.201924
    endloop
  endfacet
  facet normal 0 0 -1
    outer loop
      vertex -127.379 4.93871 0.201924
      vertex -127.897 6.87056 0.201924
      vertex -127.812 6.8913 0.201924
    endloop
  endfacet
  facet normal 0 0 -1
    outer loop
      vertex -128.303 6.71273 0.201924
      vertex -128.225 6.75133 0.201924
      vertex -127.379 4.93871 0.201924
    endloop
  endfacet
  facet normal 0 0 -1
    outer loop
      vertex -128.225 6.75133 0.201924
      vertex -128.145 6.78647 0.201924
      vertex -127.379 4.93871 0.201924
    endloop
  endfacet
  facet normal 0 0 -1
    outer loop
      vertex -127.379 4.93871 0.201924
      vertex -128.145 6.78647 0.201924
      vertex -128.063 6.8181 0.201924
    endloop
  endfacet
  facet normal 0 0 -1
    outer loop
      vertex -128.527 6.57701 0.201924
      vertex -128.454 6.62549 0.201924
      vertex -127.379 4.93871 0.201924
    endloop
  endfacet
  facet normal 0 0 -1
    outer loop
      vertex -128.454 6.62549 0.201924
      vertex -128.379 6.67076 0.201924
      vertex -127.379 4.93871 0.201924
    endloop
  endfacet
  facet normal 0 0 -1
    outer loop
      vertex -127.379 4.93871 0.201924
      vertex -128.379 6.67076 0.201924
      vertex -128.303 6.71273 0.201924
    endloop
  endfacet
  facet normal 0 0 -1
    outer loop
      vertex -128.731 6.41326 0.201924
      vertex -128.665 6.4708 0.201924
      vertex -127.379 4.93871 0.201924
    endloop
  endfacet
  facet normal 0 0 -1
    outer loop
      vertex -128.665 6.4708 0.201924
      vertex -128.597 6.52542 0.201924
      vertex -127.379 4.93871 0.201924
    endloop
  endfacet
  facet normal 0 0 -1
    outer loop
      vertex -127.379 4.93871 0.201924
      vertex -128.597 6.52542 0.201924
      vertex -128.527 6.57701 0.201924
    endloop
  endfacet
  facet normal 0 0 -1
    outer loop
      vertex -128.912 6.22429 0.201924
      vertex -128.854 6.28989 0.201924
      vertex -127.379 4.93871 0.201924
    endloop
  endfacet
  facet normal 0 0 -1
    outer loop
      vertex -128.854 6.28989 0.201924
      vertex -128.794 6.35292 0.201924
      vertex -127.379 4.93871 0.201924
    endloop
  endfacet
  facet normal 0 0 -1
    outer loop
      vertex -127.379 4.93871 0.201924
      vertex -128.794 6.35292 0.201924
      vertex -128.731 6.41326 0.201924
    endloop
  endfacet
  facet normal 0 0 -1
    outer loop
      vertex -129.066 6.01331 0.201924
      vertex -129.018 6.08586 0.201924
      vertex -127.379 4.93871 0.201924
    endloop
  endfacet
  facet normal 0 0 -1
    outer loop
      vertex -129.018 6.08586 0.201924
      vertex -128.966 6.15623 0.201924
      vertex -127.379 4.93871 0.201924
    endloop
  endfacet
  facet normal 0 0 -1
    outer loop
      vertex -127.379 4.93871 0.201924
      vertex -128.966 6.15623 0.201924
      vertex -128.912 6.22429 0.201924
    endloop
  endfacet
  facet normal 0 0 -1
    outer loop
      vertex -129.192 5.78395 0.201924
      vertex -129.153 5.86221 0.201924
      vertex -127.379 4.93871 0.201924
    endloop
  endfacet
  facet normal 0 0 -1
    outer loop
      vertex -129.153 5.86221 0.201924
      vertex -129.111 5.93871 0.201924
      vertex -127.379 4.93871 0.201924
    endloop
  endfacet
  facet normal 0 0 -1
    outer loop
      vertex -127.379 4.93871 0.201924
      vertex -129.111 5.93871 0.201924
      vertex -129.066 6.01331 0.201924
    endloop
  endfacet
  facet normal 0 0 -1
    outer loop
      vertex -129.287 5.54012 0.201924
      vertex -129.259 5.62275 0.201924
      vertex -127.379 4.93871 0.201924
    endloop
  endfacet
  facet normal 0 0 -1
    outer loop
      vertex -129.259 5.62275 0.201924
      vertex -129.227 5.70408 0.201924
      vertex -127.379 4.93871 0.201924
    endloop
  endfacet
  facet normal 0 0 -1
    outer loop
      vertex -127.379 4.93871 0.201924
      vertex -129.227 5.70408 0.201924
      vertex -129.192 5.78395 0.201924
    endloop
  endfacet
  facet normal 0 0 -1
    outer loop
      vertex -129.349 5.28601 0.201924
      vertex -129.332 5.37159 0.201924
      vertex -127.379 4.93871 0.201924
    endloop
  endfacet
  facet normal 0 0 -1
    outer loop
      vertex -129.332 5.37159 0.201924
      vertex -129.311 5.45635 0.201924
      vertex -127.379 4.93871 0.201924
    endloop
  endfacet
  facet normal 0 0 -1
    outer loop
      vertex -127.379 4.93871 0.201924
      vertex -129.311 5.45635 0.201924
      vertex -129.287 5.54012 0.201924
    endloop
  endfacet
  facet normal 0 0 -1
    outer loop
      vertex -129.378 5.02595 0.201924
      vertex -129.372 5.11302 0.201924
      vertex -127.379 4.93871 0.201924
    endloop
  endfacet
  facet normal 0 0 -1
    outer loop
      vertex -129.372 5.11302 0.201924
      vertex -129.362 5.19976 0.201924
      vertex -127.379 4.93871 0.201924
    endloop
  endfacet
  facet normal 0 0 -1
    outer loop
      vertex -127.379 4.93871 0.201924
      vertex -129.362 5.19976 0.201924
      vertex -129.349 5.28601 0.201924
    endloop
  endfacet
  facet normal 0.999761 -0.0218583 0
    outer loop
      vertex -129.379 4.93871 0.201924
      vertex -129.379 4.93871 -12.1981
      vertex -129.378 5.02595 0.201924
    endloop
  endfacet
  facet normal 0.999761 -0.0218583 0
    outer loop
      vertex -129.379 4.93871 -12.1981
      vertex -129.378 5.02595 -12.1981
      vertex -129.378 5.02595 0.201924
    endloop
  endfacet
  facet normal 0.997859 -0.0654043 0
    outer loop
      vertex -129.378 5.02595 0.201924
      vertex -129.378 5.02595 -12.1981
      vertex -129.372 5.11302 0.201924
    endloop
  endfacet
  facet normal 0.997859 -0.0654043 0
    outer loop
      vertex -129.378 5.02595 -12.1981
      vertex -129.372 5.11302 -12.1981
      vertex -129.372 5.11302 0.201924
    endloop
  endfacet
  facet normal 0.994047 -0.108949 0
    outer loop
      vertex -129.372 5.11302 0.201924
      vertex -129.372 5.11302 -12.1981
      vertex -129.362 5.19976 0.201924
    endloop
  endfacet
  facet normal 0.994047 -0.108949 0
    outer loop
      vertex -129.372 5.11302 -12.1981
      vertex -129.362 5.19976 -12.1981
      vertex -129.362 5.19976 0.201924
    endloop
  endfacet
  facet normal 0.988382 -0.151987 0
    outer loop
      vertex -129.362 5.19976 0.201924
      vertex -129.362 5.19976 -12.1981
      vertex -129.349 5.28601 0.201924
    endloop
  endfacet
  facet normal 0.988382 -0.151987 0
    outer loop
      vertex -129.362 5.19976 -12.1981
      vertex -129.349 5.28601 -12.1981
      vertex -129.349 5.28601 0.201924
    endloop
  endfacet
  facet normal 0.980767 -0.195184 0
    outer loop
      vertex -129.349 5.28601 0.201924
      vertex -129.349 5.28601 -12.1981
      vertex -129.332 5.37159 0.201924
    endloop
  endfacet
  facet normal 0.980767 -0.195184 0
    outer loop
      vertex -129.349 5.28601 -12.1981
      vertex -129.332 5.37159 -12.1981
      vertex -129.332 5.37159 0.201924
    endloop
  endfacet
  facet normal 0.971337 -0.237708 0
    outer loop
      vertex -129.332 5.37159 0.201924
      vertex -129.332 5.37159 -12.1981
      vertex -129.311 5.45635 0.201924
    endloop
  endfacet
  facet normal 0.971337 -0.237708 0
    outer loop
      vertex -129.332 5.37159 -12.1981
      vertex -129.311 5.45635 -12.1981
      vertex -129.311 5.45635 0.201924
    endloop
  endfacet
  facet normal 0.96008 -0.279726 0
    outer loop
      vertex -129.311 5.45635 0.201924
      vertex -129.311 5.45635 -12.1981
      vertex -129.287 5.54012 0.201924
    endloop
  endfacet
  facet normal 0.96008 -0.279726 0
    outer loop
      vertex -129.311 5.45635 -12.1981
      vertex -129.287 5.54012 -12.1981
      vertex -129.287 5.54012 0.201924
    endloop
  endfacet
  facet normal 0.946894 -0.321546 0
    outer loop
      vertex -129.287 5.54012 0.201924
      vertex -129.287 5.54012 -12.1981
      vertex -129.259 5.62275 0.201924
    endloop
  endfacet
  facet normal 0.946894 -0.321546 0
    outer loop
      vertex -129.287 5.54012 -12.1981
      vertex -129.259 5.62275 -12.1981
      vertex -129.259 5.62275 0.201924
    endloop
  endfacet
  facet normal 0.932031 -0.362378 0
    outer loop
      vertex -129.259 5.62275 0.201924
      vertex -129.259 5.62275 -12.1981
      vertex -129.227 5.70408 0.201924
    endloop
  endfacet
  facet normal 0.932031 -0.362378 0
    outer loop
      vertex -129.259 5.62275 -12.1981
      vertex -129.227 5.70408 -12.1981
      vertex -129.227 5.70408 0.201924
    endloop
  endfacet
  facet normal 0.915339 -0.402683 0
    outer loop
      vertex -129.227 5.70408 0.201924
      vertex -129.227 5.70408 -12.1981
      vertex -129.192 5.78395 0.201924
    endloop
  endfacet
  facet normal 0.915339 -0.402683 0
    outer loop
      vertex -129.227 5.70408 -12.1981
      vertex -129.192 5.78395 -12.1981
      vertex -129.192 5.78395 0.201924
    endloop
  endfacet
  facet normal 0.896872 -0.442291 0
    outer loop
      vertex -129.192 5.78395 0.201924
      vertex -129.192 5.78395 -12.1981
      vertex -129.153 5.86221 0.201924
    endloop
  endfacet
  facet normal 0.896872 -0.442291 0
    outer loop
      vertex -129.192 5.78395 -12.1981
      vertex -129.153 5.86221 -12.1981
      vertex -129.153 5.86221 0.201924
    endloop
  endfacet
  facet normal 0.8767 -0.481038 0
    outer loop
      vertex -129.153 5.86221 0.201924
      vertex -129.153 5.86221 -12.1981
      vertex -129.111 5.93871 0.201924
    endloop
  endfacet
  facet normal 0.8767 -0.481038 0
    outer loop
      vertex -129.153 5.86221 -12.1981
      vertex -129.111 5.93871 -12.1981
      vertex -129.111 5.93871 0.201924
    endloop
  endfacet
  facet normal 0.854902 -0.51879 0
    outer loop
      vertex -129.111 5.93871 0.201924
      vertex -129.111 5.93871 -12.1981
      vertex -129.066 6.01331 0.201924
    endloop
  endfacet
  facet normal 0.854902 -0.51879 0
    outer loop
      vertex -129.111 5.93871 -12.1981
      vertex -129.066 6.01331 -12.1981
      vertex -129.066 6.01331 0.201924
    endloop
  endfacet
  facet normal 0.831498 -0.555528 0
    outer loop
      vertex -129.066 6.01331 0.201924
      vertex -129.066 6.01331 -12.1981
      vertex -129.018 6.08586 0.201924
    endloop
  endfacet
  facet normal 0.831498 -0.555528 0
    outer loop
      vertex -129.066 6.01331 -12.1981
      vertex -129.018 6.08586 -12.1981
      vertex -129.018 6.08586 0.201924
    endloop
  endfacet
  facet normal 0.806415 -0.59135 0
    outer loop
      vertex -129.018 6.08586 0.201924
      vertex -129.018 6.08586 -12.1981
      vertex -128.966 6.15623 0.201924
    endloop
  endfacet
  facet normal 0.806415 -0.59135 0
    outer loop
      vertex -129.018 6.08586 -12.1981
      vertex -128.966 6.15623 -12.1981
      vertex -128.966 6.15623 0.201924
    endloop
  endfacet
  facet normal 0.779914 -0.625887 0
    outer loop
      vertex -128.966 6.15623 0.201924
      vertex -128.966 6.15623 -12.1981
      vertex -128.912 6.22429 0.201924
    endloop
  endfacet
  facet normal 0.779914 -0.625887 0
    outer loop
      vertex -128.966 6.15623 -12.1981
      vertex -128.912 6.22429 -12.1981
      vertex -128.912 6.22429 0.201924
    endloop
  endfacet
  facet normal 0.751844 -0.659341 0
    outer loop
      vertex -128.912 6.22429 0.201924
      vertex -128.912 6.22429 -12.1981
      vertex -128.854 6.28989 0.201924
    endloop
  endfacet
  facet normal 0.751844 -0.659341 0
    outer loop
      vertex -128.912 6.22429 -12.1981
      vertex -128.854 6.28989 -12.1981
      vertex -128.854 6.28989 0.201924
    endloop
  endfacet
  facet normal 0.722313 -0.691566 0
    outer loop
      vertex -128.854 6.28989 0.201924
      vertex -128.854 6.28989 -12.1981
      vertex -128.794 6.35292 0.201924
    endloop
  endfacet
  facet normal 0.722313 -0.691566 0
    outer loop
      vertex -128.854 6.28989 -12.1981
      vertex -128.794 6.35292 -12.1981
      vertex -128.794 6.35292 0.201924
    endloop
  endfacet
  facet normal 0.691521 -0.722356 0
    outer loop
      vertex -128.794 6.35292 0.201924
      vertex -128.794 6.35292 -12.1981
      vertex -128.731 6.41326 0.201924
    endloop
  endfacet
  facet normal 0.691521 -0.722356 0
    outer loop
      vertex -128.794 6.35292 -12.1981
      vertex -128.731 6.41326 -12.1981
      vertex -128.731 6.41326 0.201924
    endloop
  endfacet
  facet normal 0.65932 -0.751862 0
    outer loop
      vertex -128.731 6.41326 0.201924
      vertex -128.731 6.41326 -12.1981
      vertex -128.665 6.4708 0.201924
    endloop
  endfacet
  facet normal 0.65932 -0.751862 0
    outer loop
      vertex -128.731 6.41326 -12.1981
      vertex -128.665 6.4708 -12.1981
      vertex -128.665 6.4708 0.201924
    endloop
  endfacet
  facet normal 0.626 -0.779823 0
    outer loop
      vertex -128.665 6.4708 0.201924
      vertex -128.665 6.4708 -12.1981
      vertex -128.597 6.52542 0.201924
    endloop
  endfacet
  facet normal 0.626 -0.779823 0
    outer loop
      vertex -128.665 6.4708 -12.1981
      vertex -128.597 6.52542 -12.1981
      vertex -128.597 6.52542 0.201924
    endloop
  endfacet
  facet normal 0.591263 -0.806479 0
    outer loop
      vertex -128.597 6.52542 0.201924
      vertex -128.597 6.52542 -12.1981
      vertex -128.527 6.57701 0.201924
    endloop
  endfacet
  facet normal 0.591263 -0.806479 0
    outer loop
      vertex -128.597 6.52542 -12.1981
      vertex -128.527 6.57701 -12.1981
      vertex -128.527 6.57701 0.201924
    endloop
  endfacet
  facet normal 0.555572 -0.831469 0
    outer loop
      vertex -128.527 6.57701 0.201924
      vertex -128.527 6.57701 -12.1981
      vertex -128.454 6.62549 0.201924
    endloop
  endfacet
  facet normal 0.555572 -0.831469 0
    outer loop
      vertex -128.527 6.57701 -12.1981
      vertex -128.454 6.62549 -12.1981
      vertex -128.454 6.62549 0.201924
    endloop
  endfacet
  facet normal 0.518793 -0.8549 0
    outer loop
      vertex -128.454 6.62549 0.201924
      vertex -128.454 6.62549 -12.1981
      vertex -128.379 6.67076 0.201924
    endloop
  endfacet
  facet normal 0.518793 -0.8549 0
    outer loop
      vertex -128.454 6.62549 -12.1981
      vertex -128.379 6.67076 -12.1981
      vertex -128.379 6.67076 0.201924
    endloop
  endfacet
  facet normal 0.480991 -0.876726 0
    outer loop
      vertex -128.379 6.67076 0.201924
      vertex -128.379 6.67076 -12.1981
      vertex -128.303 6.71273 0.201924
    endloop
  endfacet
  facet normal 0.480991 -0.876726 0
    outer loop
      vertex -128.379 6.67076 -12.1981
      vertex -128.303 6.71273 -12.1981
      vertex -128.303 6.71273 0.201924
    endloop
  endfacet
  facet normal 0.442284 -0.896875 0
    outer loop
      vertex -128.303 6.71273 0.201924
      vertex -128.303 6.71273 -12.1981
      vertex -128.225 6.75133 0.201924
    endloop
  endfacet
  facet normal 0.442284 -0.896875 0
    outer loop
      vertex -128.303 6.71273 -12.1981
      vertex -128.225 6.75133 -12.1981
      vertex -128.225 6.75133 0.201924
    endloop
  endfacet
  facet normal 0.402744 -0.915313 0
    outer loop
      vertex -128.225 6.75133 0.201924
      vertex -128.225 6.75133 -12.1981
      vertex -128.145 6.78647 0.201924
    endloop
  endfacet
  facet normal 0.402744 -0.915313 0
    outer loop
      vertex -128.225 6.75133 -12.1981
      vertex -128.145 6.78647 -12.1981
      vertex -128.145 6.78647 0.201924
    endloop
  endfacet
  facet normal 0.362424 -0.932013 0
    outer loop
      vertex -128.145 6.78647 0.201924
      vertex -128.145 6.78647 -12.1981
      vertex -128.063 6.8181 0.201924
    endloop
  endfacet
  facet normal 0.362424 -0.932013 0
    outer loop
      vertex -128.145 6.78647 -12.1981
      vertex -128.063 6.8181 -12.1981
      vertex -128.063 6.8181 0.201924
    endloop
  endfacet
  facet normal 0.321445 -0.946928 0
    outer loop
      vertex -128.063 6.8181 0.201924
      vertex -128.063 6.8181 -12.1981
      vertex -127.981 6.84614 0.201924
    endloop
  endfacet
  facet normal 0.321445 -0.946928 0
    outer loop
      vertex -128.063 6.8181 -12.1981
      vertex -127.981 6.84614 -12.1981
      vertex -127.981 6.84614 0.201924
    endloop
  endfacet
  facet normal 0.279828 -0.96005 0
    outer loop
      vertex -127.981 6.84614 0.201924
      vertex -127.981 6.84614 -12.1981
      vertex -127.897 6.87056 0.201924
    endloop
  endfacet
  facet normal 0.279828 -0.96005 0
    outer loop
      vertex -127.981 6.84614 -12.1981
      vertex -127.897 6.87056 -12.1981
      vertex -127.897 6.87056 0.201924
    endloop
  endfacet
  facet normal 0.237686 -0.971342 0
    outer loop
      vertex -127.897 6.87056 0.201924
      vertex -127.897 6.87056 -12.1981
      vertex -127.812 6.8913 0.201924
    endloop
  endfacet
  facet normal 0.237686 -0.971342 0
    outer loop
      vertex -127.897 6.87056 -12.1981
      vertex -127.812 6.8913 -12.1981
      vertex -127.812 6.8913 0.201924
    endloop
  endfacet
  facet normal 0.195104 -0.980783 0
    outer loop
      vertex -127.812 6.8913 0.201924
      vertex -127.812 6.8913 -12.1981
      vertex -127.727 6.90833 0.201924
    endloop
  endfacet
  facet normal 0.195104 -0.980783 0
    outer loop
      vertex -127.812 6.8913 -12.1981
      vertex -127.727 6.90833 -12.1981
      vertex -127.727 6.90833 0.201924
    endloop
  endfacet
  facet normal 0.152116 -0.988363 0
    outer loop
      vertex -127.727 6.90833 0.201924
      vertex -127.727 6.90833 -12.1981
      vertex -127.64 6.9216 0.201924
    endloop
  endfacet
  facet normal 0.152116 -0.988363 0
    outer loop
      vertex -127.727 6.90833 -12.1981
      vertex -127.64 6.9216 -12.1981
      vertex -127.64 6.9216 0.201924
    endloop
  endfacet
  facet normal 0.108872 -0.994056 0
    outer loop
      vertex -127.64 6.9216 0.201924
      vertex -127.64 6.9216 -12.1981
      vertex -127.554 6.9311 0.201924
    endloop
  endfacet
  facet normal 0.108872 -0.994056 0
    outer loop
      vertex -127.64 6.9216 -12.1981
      vertex -127.554 6.9311 -12.1981
      vertex -127.554 6.9311 0.201924
    endloop
  endfacet
  facet normal 0.0653917 -0.99786 0
    outer loop
      vertex -127.554 6.9311 0.201924
      vertex -127.554 6.9311 -12.1981
      vertex -127.467 6.93681 0.201924
    endloop
  endfacet
  facet normal 0.0653917 -0.99786 0
    outer loop
      vertex -127.554 6.9311 -12.1981
      vertex -127.467 6.93681 -12.1981
      vertex -127.467 6.93681 0.201924
    endloop
  endfacet
  facet normal 0.0218175 -0.999762 0
    outer loop
      vertex -127.467 6.93681 0.201924
      vertex -127.467 6.93681 -12.1981
      vertex -127.379 6.93871 0.201924
    endloop
  endfacet
  facet normal 0.0218175 -0.999762 0
    outer loop
      vertex -127.467 6.93681 -12.1981
      vertex -127.379 6.93871 -12.1981
      vertex -127.379 6.93871 0.201924
    endloop
  endfacet
  facet normal -0.0218175 -0.999762 0
    outer loop
      vertex -127.379 6.93871 0.201924
      vertex -127.379 6.93871 -12.1981
      vertex -127.292 6.93681 0.201924
    endloop
  endfacet
  facet normal -0.0218175 -0.999762 0
    outer loop
      vertex -127.379 6.93871 -12.1981
      vertex -127.292 6.93681 -12.1981
      vertex -127.292 6.93681 0.201924
    endloop
  endfacet
  facet normal -0.0653917 -0.99786 0
    outer loop
      vertex -127.292 6.93681 0.201924
      vertex -127.292 6.93681 -12.1981
      vertex -127.205 6.9311 0.201924
    endloop
  endfacet
  facet normal -0.0653917 -0.99786 0
    outer loop
      vertex -127.292 6.93681 -12.1981
      vertex -127.205 6.9311 -12.1981
      vertex -127.205 6.9311 0.201924
    endloop
  endfacet
  facet normal -0.108872 -0.994056 0
    outer loop
      vertex -127.205 6.9311 0.201924
      vertex -127.205 6.9311 -12.1981
      vertex -127.118 6.9216 0.201924
    endloop
  endfacet
  facet normal -0.108872 -0.994056 0
    outer loop
      vertex -127.205 6.9311 -12.1981
      vertex -127.118 6.9216 -12.1981
      vertex -127.118 6.9216 0.201924
    endloop
  endfacet
  facet normal -0.152116 -0.988363 0
    outer loop
      vertex -127.118 6.9216 0.201924
      vertex -127.118 6.9216 -12.1981
      vertex -127.032 6.90833 0.201924
    endloop
  endfacet
  facet normal -0.152116 -0.988363 0
    outer loop
      vertex -127.118 6.9216 -12.1981
      vertex -127.032 6.90833 -12.1981
      vertex -127.032 6.90833 0.201924
    endloop
  endfacet
  facet normal -0.195104 -0.980783 0
    outer loop
      vertex -127.032 6.90833 0.201924
      vertex -127.032 6.90833 -12.1981
      vertex -126.947 6.8913 0.201924
    endloop
  endfacet
  facet normal -0.195104 -0.980783 0
    outer loop
      vertex -127.032 6.90833 -12.1981
      vertex -126.947 6.8913 -12.1981
      vertex -126.947 6.8913 0.201924
    endloop
  endfacet
  facet normal -0.237686 -0.971342 0
    outer loop
      vertex -126.947 6.8913 0.201924
      vertex -126.947 6.8913 -12.1981
      vertex -126.862 6.87056 0.201924
    endloop
  endfacet
  facet normal -0.237686 -0.971342 0
    outer loop
      vertex -126.947 6.8913 -12.1981
      vertex -126.862 6.87056 -12.1981
      vertex -126.862 6.87056 0.201924
    endloop
  endfacet
  facet normal -0.279828 -0.96005 0
    outer loop
      vertex -126.862 6.87056 0.201924
      vertex -126.862 6.87056 -12.1981
      vertex -126.778 6.84614 0.201924
    endloop
  endfacet
  facet normal -0.279828 -0.96005 0
    outer loop
      vertex -126.862 6.87056 -12.1981
      vertex -126.778 6.84614 -12.1981
      vertex -126.778 6.84614 0.201924
    endloop
  endfacet
  facet normal -0.321445 -0.946928 0
    outer loop
      vertex -126.778 6.84614 0.201924
      vertex -126.778 6.84614 -12.1981
      vertex -126.695 6.8181 0.201924
    endloop
  endfacet
  facet normal -0.321445 -0.946928 0
    outer loop
      vertex -126.778 6.84614 -12.1981
      vertex -126.695 6.8181 -12.1981
      vertex -126.695 6.8181 0.201924
    endloop
  endfacet
  facet normal -0.362424 -0.932013 0
    outer loop
      vertex -126.695 6.8181 0.201924
      vertex -126.695 6.8181 -12.1981
      vertex -126.614 6.78647 0.201924
    endloop
  endfacet
  facet normal -0.362424 -0.932013 0
    outer loop
      vertex -126.695 6.8181 -12.1981
      vertex -126.614 6.78647 -12.1981
      vertex -126.614 6.78647 0.201924
    endloop
  endfacet
  facet normal -0.402744 -0.915313 0
    outer loop
      vertex -126.614 6.78647 0.201924
      vertex -126.614 6.78647 -12.1981
      vertex -126.534 6.75133 0.201924
    endloop
  endfacet
  facet normal -0.402744 -0.915313 0
    outer loop
      vertex -126.614 6.78647 -12.1981
      vertex -126.534 6.75133 -12.1981
      vertex -126.534 6.75133 0.201924
    endloop
  endfacet
  facet normal -0.442284 -0.896875 0
    outer loop
      vertex -126.534 6.75133 0.201924
      vertex -126.534 6.75133 -12.1981
      vertex -126.456 6.71273 0.201924
    endloop
  endfacet
  facet normal -0.442284 -0.896875 0
    outer loop
      vertex -126.534 6.75133 -12.1981
      vertex -126.456 6.71273 -12.1981
      vertex -126.456 6.71273 0.201924
    endloop
  endfacet
  facet normal -0.480991 -0.876726 0
    outer loop
      vertex -126.456 6.71273 0.201924
      vertex -126.456 6.71273 -12.1981
      vertex -126.379 6.67076 0.201924
    endloop
  endfacet
  facet normal -0.480991 -0.876726 0
    outer loop
      vertex -126.456 6.71273 -12.1981
      vertex -126.379 6.67076 -12.1981
      vertex -126.379 6.67076 0.201924
    endloop
  endfacet
  facet normal -0.518793 -0.8549 0
    outer loop
      vertex -126.379 6.67076 0.201924
      vertex -126.379 6.67076 -12.1981
      vertex -126.305 6.62549 0.201924
    endloop
  endfacet
  facet normal -0.518793 -0.8549 0
    outer loop
      vertex -126.379 6.67076 -12.1981
      vertex -126.305 6.62549 -12.1981
      vertex -126.305 6.62549 0.201924
    endloop
  endfacet
  facet normal -0.555572 -0.831469 0
    outer loop
      vertex -126.305 6.62549 0.201924
      vertex -126.305 6.62549 -12.1981
      vertex -126.232 6.57701 0.201924
    endloop
  endfacet
  facet normal -0.555572 -0.831469 0
    outer loop
      vertex -126.305 6.62549 -12.1981
      vertex -126.232 6.57701 -12.1981
      vertex -126.232 6.57701 0.201924
    endloop
  endfacet
  facet normal -0.591263 -0.806479 0
    outer loop
      vertex -126.232 6.57701 0.201924
      vertex -126.232 6.57701 -12.1981
      vertex -126.162 6.52542 0.201924
    endloop
  endfacet
  facet normal -0.591263 -0.806479 0
    outer loop
      vertex -126.232 6.57701 -12.1981
      vertex -126.162 6.52542 -12.1981
      vertex -126.162 6.52542 0.201924
    endloop
  endfacet
  facet normal -0.626 -0.779823 0
    outer loop
      vertex -126.162 6.52542 0.201924
      vertex -126.162 6.52542 -12.1981
      vertex -126.094 6.4708 0.201924
    endloop
  endfacet
  facet normal -0.626 -0.779823 0
    outer loop
      vertex -126.162 6.52542 -12.1981
      vertex -126.094 6.4708 -12.1981
      vertex -126.094 6.4708 0.201924
    endloop
  endfacet
  facet normal -0.65932 -0.751862 0
    outer loop
      vertex -126.094 6.4708 0.201924
      vertex -126.094 6.4708 -12.1981
      vertex -126.028 6.41326 0.201924
    endloop
  endfacet
  facet normal -0.65932 -0.751862 0
    outer loop
      vertex -126.094 6.4708 -12.1981
      vertex -126.028 6.41326 -12.1981
      vertex -126.028 6.41326 0.201924
    endloop
  endfacet
  facet normal -0.691521 -0.722356 0
    outer loop
      vertex -126.028 6.41326 0.201924
      vertex -126.028 6.41326 -12.1981
      vertex -125.965 6.35292 0.201924
    endloop
  endfacet
  facet normal -0.691521 -0.722356 0
    outer loop
      vertex -126.028 6.41326 -12.1981
      vertex -125.965 6.35292 -12.1981
      vertex -125.965 6.35292 0.201924
    endloop
  endfacet
  facet normal -0.722313 -0.691566 0
    outer loop
      vertex -125.965 6.35292 0.201924
      vertex -125.965 6.35292 -12.1981
      vertex -125.905 6.28989 0.201924
    endloop
  endfacet
  facet normal -0.722313 -0.691566 0
    outer loop
      vertex -125.965 6.35292 -12.1981
      vertex -125.905 6.28989 -12.1981
      vertex -125.905 6.28989 0.201924
    endloop
  endfacet
  facet normal -0.751844 -0.659341 0
    outer loop
      vertex -125.905 6.28989 0.201924
      vertex -125.905 6.28989 -12.1981
      vertex -125.847 6.22429 0.201924
    endloop
  endfacet
  facet normal -0.751844 -0.659341 0
    outer loop
      vertex -125.905 6.28989 -12.1981
      vertex -125.847 6.22429 -12.1981
      vertex -125.847 6.22429 0.201924
    endloop
  endfacet
  facet normal -0.779914 -0.625887 0
    outer loop
      vertex -125.847 6.22429 0.201924
      vertex -125.847 6.22429 -12.1981
      vertex -125.793 6.15623 0.201924
    endloop
  endfacet
  facet normal -0.779914 -0.625887 0
    outer loop
      vertex -125.847 6.22429 -12.1981
      vertex -125.793 6.15623 -12.1981
      vertex -125.793 6.15623 0.201924
    endloop
  endfacet
  facet normal -0.806415 -0.59135 0
    outer loop
      vertex -125.793 6.15623 0.201924
      vertex -125.793 6.15623 -12.1981
      vertex -125.741 6.08586 0.201924
    endloop
  endfacet
  facet normal -0.806415 -0.59135 0
    outer loop
      vertex -125.793 6.15623 -12.1981
      vertex -125.741 6.08586 -12.1981
      vertex -125.741 6.08586 0.201924
    endloop
  endfacet
  facet normal -0.831498 -0.555528 0
    outer loop
      vertex -125.741 6.08586 0.201924
      vertex -125.741 6.08586 -12.1981
      vertex -125.693 6.01331 0.201924
    endloop
  endfacet
  facet normal -0.831498 -0.555528 0
    outer loop
      vertex -125.741 6.08586 -12.1981
      vertex -125.693 6.01331 -12.1981
      vertex -125.693 6.01331 0.201924
    endloop
  endfacet
  facet normal -0.854902 -0.51879 0
    outer loop
      vertex -125.693 6.01331 0.201924
      vertex -125.693 6.01331 -12.1981
      vertex -125.647 5.93871 0.201924
    endloop
  endfacet
  facet normal -0.854902 -0.51879 0
    outer loop
      vertex -125.693 6.01331 -12.1981
      vertex -125.647 5.93871 -12.1981
      vertex -125.647 5.93871 0.201924
    endloop
  endfacet
  facet normal -0.8767 -0.481038 0
    outer loop
      vertex -125.647 5.93871 0.201924
      vertex -125.647 5.93871 -12.1981
      vertex -125.605 5.86221 0.201924
    endloop
  endfacet
  facet normal -0.8767 -0.481038 0
    outer loop
      vertex -125.647 5.93871 -12.1981
      vertex -125.605 5.86221 -12.1981
      vertex -125.605 5.86221 0.201924
    endloop
  endfacet
  facet normal -0.896872 -0.442291 0
    outer loop
      vertex -125.605 5.86221 0.201924
      vertex -125.605 5.86221 -12.1981
      vertex -125.567 5.78395 0.201924
    endloop
  endfacet
  facet normal -0.896872 -0.442291 0
    outer loop
      vertex -125.605 5.86221 -12.1981
      vertex -125.567 5.78395 -12.1981
      vertex -125.567 5.78395 0.201924
    endloop
  endfacet
  facet normal -0.915339 -0.402683 0
    outer loop
      vertex -125.567 5.78395 0.201924
      vertex -125.567 5.78395 -12.1981
      vertex -125.532 5.70408 0.201924
    endloop
  endfacet
  facet normal -0.915339 -0.402683 0
    outer loop
      vertex -125.567 5.78395 -12.1981
      vertex -125.532 5.70408 -12.1981
      vertex -125.532 5.70408 0.201924
    endloop
  endfacet
  facet normal -0.932031 -0.362378 0
    outer loop
      vertex -125.532 5.70408 0.201924
      vertex -125.532 5.70408 -12.1981
      vertex -125.5 5.62275 0.201924
    endloop
  endfacet
  facet normal -0.932031 -0.362378 0
    outer loop
      vertex -125.532 5.70408 -12.1981
      vertex -125.5 5.62275 -12.1981
      vertex -125.5 5.62275 0.201924
    endloop
  endfacet
  facet normal -0.946894 -0.321546 0
    outer loop
      vertex -125.5 5.62275 0.201924
      vertex -125.5 5.62275 -12.1981
      vertex -125.472 5.54012 0.201924
    endloop
  endfacet
  facet normal -0.946894 -0.321546 0
    outer loop
      vertex -125.5 5.62275 -12.1981
      vertex -125.472 5.54012 -12.1981
      vertex -125.472 5.54012 0.201924
    endloop
  endfacet
  facet normal -0.96008 -0.279726 0
    outer loop
      vertex -125.472 5.54012 0.201924
      vertex -125.472 5.54012 -12.1981
      vertex -125.448 5.45635 0.201924
    endloop
  endfacet
  facet normal -0.96008 -0.279726 0
    outer loop
      vertex -125.472 5.54012 -12.1981
      vertex -125.448 5.45635 -12.1981
      vertex -125.448 5.45635 0.201924
    endloop
  endfacet
  facet normal -0.971337 -0.237708 0
    outer loop
      vertex -125.448 5.45635 0.201924
      vertex -125.448 5.45635 -12.1981
      vertex -125.427 5.37159 0.201924
    endloop
  endfacet
  facet normal -0.971337 -0.237708 0
    outer loop
      vertex -125.448 5.45635 -12.1981
      vertex -125.427 5.37159 -12.1981
      vertex -125.427 5.37159 0.201924
    endloop
  endfacet
  facet normal -0.980767 -0.195184 0
    outer loop
      vertex -125.427 5.37159 0.201924
      vertex -125.427 5.37159 -12.1981
      vertex -125.41 5.28601 0.201924
    endloop
  endfacet
  facet normal -0.980767 -0.195184 0
    outer loop
      vertex -125.427 5.37159 -12.1981
      vertex -125.41 5.28601 -12.1981
      vertex -125.41 5.28601 0.201924
    endloop
  endfacet
  facet normal -0.988382 -0.151987 0
    outer loop
      vertex -125.41 5.28601 0.201924
      vertex -125.41 5.28601 -12.1981
      vertex -125.397 5.19976 0.201924
    endloop
  endfacet
  facet normal -0.988382 -0.151987 0
    outer loop
      vertex -125.41 5.28601 -12.1981
      vertex -125.397 5.19976 -12.1981
      vertex -125.397 5.19976 0.201924
    endloop
  endfacet
  facet normal -0.994047 -0.108949 0
    outer loop
      vertex -125.397 5.19976 0.201924
      vertex -125.397 5.19976 -12.1981
      vertex -125.387 5.11302 0.201924
    endloop
  endfacet
  facet normal -0.994047 -0.108949 0
    outer loop
      vertex -125.397 5.19976 -12.1981
      vertex -125.387 5.11302 -12.1981
      vertex -125.387 5.11302 0.201924
    endloop
  endfacet
  facet normal -0.997859 -0.0654043 0
    outer loop
      vertex -125.387 5.11302 0.201924
      vertex -125.387 5.11302 -12.1981
      vertex -125.381 5.02595 0.201924
    endloop
  endfacet
  facet normal -0.997859 -0.0654043 0
    outer loop
      vertex -125.387 5.11302 -12.1981
      vertex -125.381 5.02595 -12.1981
      vertex -125.381 5.02595 0.201924
    endloop
  endfacet
  facet normal -0.999761 -0.0218583 0
    outer loop
      vertex -125.381 5.02595 0.201924
      vertex -125.381 5.02595 -12.1981
      vertex -125.379 4.93871 0.201924
    endloop
  endfacet
  facet normal -0.999761 -0.0218583 0
    outer loop
      vertex -125.381 5.02595 -12.1981
      vertex -125.379 4.93871 -12.1981
      vertex -125.379 4.93871 0.201924
    endloop
  endfacet
  facet normal -0.999761 0.0218583 0
    outer loop
      vertex -125.379 4.93871 0.201924
      vertex -125.379 4.93871 -12.1981
      vertex -125.381 4.85147 0.201924
    endloop
  endfacet
  facet normal -0.999761 0.0218583 0
    outer loop
      vertex -125.379 4.93871 -12.1981
      vertex -125.381 4.85147 -12.1981
      vertex -125.381 4.85147 0.201924
    endloop
  endfacet
  facet normal -0.997859 0.0654043 0
    outer loop
      vertex -125.381 4.85147 0.201924
      vertex -125.381 4.85147 -12.1981
      vertex -125.387 4.7644 0.201924
    endloop
  endfacet
  facet normal -0.997859 0.0654043 0
    outer loop
      vertex -125.381 4.85147 -12.1981
      vertex -125.387 4.7644 -12.1981
      vertex -125.387 4.7644 0.201924
    endloop
  endfacet
  facet normal -0.994047 0.108949 0
    outer loop
      vertex -125.387 4.7644 0.201924
      vertex -125.387 4.7644 -12.1981
      vertex -125.397 4.67766 0.201924
    endloop
  endfacet
  facet normal -0.994047 0.108949 0
    outer loop
      vertex -125.387 4.7644 -12.1981
      vertex -125.397 4.67766 -12.1981
      vertex -125.397 4.67766 0.201924
    endloop
  endfacet
  facet normal -0.988382 0.151987 0
    outer loop
      vertex -125.397 4.67766 0.201924
      vertex -125.397 4.67766 -12.1981
      vertex -125.41 4.59141 0.201924
    endloop
  endfacet
  facet normal -0.988382 0.151987 0
    outer loop
      vertex -125.397 4.67766 -12.1981
      vertex -125.41 4.59141 -12.1981
      vertex -125.41 4.59141 0.201924
    endloop
  endfacet
  facet normal -0.980767 0.195184 0
    outer loop
      vertex -125.41 4.59141 0.201924
      vertex -125.41 4.59141 -12.1981
      vertex -125.427 4.50583 0.201924
    endloop
  endfacet
  facet normal -0.980767 0.195184 0
    outer loop
      vertex -125.41 4.59141 -12.1981
      vertex -125.427 4.50583 -12.1981
      vertex -125.427 4.50583 0.201924
    endloop
  endfacet
  facet normal -0.971337 0.237708 0
    outer loop
      vertex -125.427 4.50583 0.201924
      vertex -125.427 4.50583 -12.1981
      vertex -125.448 4.42107 0.201924
    endloop
  endfacet
  facet normal -0.971337 0.237708 0
    outer loop
      vertex -125.427 4.50583 -12.1981
      vertex -125.448 4.42107 -12.1981
      vertex -125.448 4.42107 0.201924
    endloop
  endfacet
  facet normal -0.96008 0.279726 0
    outer loop
      vertex -125.448 4.42107 0.201924
      vertex -125.448 4.42107 -12.1981
      vertex -125.472 4.3373 0.201924
    endloop
  endfacet
  facet normal -0.96008 0.279726 0
    outer loop
      vertex -125.448 4.42107 -12.1981
      vertex -125.472 4.3373 -12.1981
      vertex -125.472 4.3373 0.201924
    endloop
  endfacet
  facet normal -0.946894 0.321546 0
    outer loop
      vertex -125.472 4.3373 0.201924
      vertex -125.472 4.3373 -12.1981
      vertex -125.5 4.25467 0.201924
    endloop
  endfacet
  facet normal -0.946894 0.321546 0
    outer loop
      vertex -125.472 4.3373 -12.1981
      vertex -125.5 4.25467 -12.1981
      vertex -125.5 4.25467 0.201924
    endloop
  endfacet
  facet normal -0.932031 0.362378 0
    outer loop
      vertex -125.5 4.25467 0.201924
      vertex -125.5 4.25467 -12.1981
      vertex -125.532 4.17334 0.201924
    endloop
  endfacet
  facet normal -0.932031 0.362378 0
    outer loop
      vertex -125.5 4.25467 -12.1981
      vertex -125.532 4.17334 -12.1981
      vertex -125.532 4.17334 0.201924
    endloop
  endfacet
  facet normal -0.915339 0.402683 0
    outer loop
      vertex -125.532 4.17334 0.201924
      vertex -125.532 4.17334 -12.1981
      vertex -125.567 4.09347 0.201924
    endloop
  endfacet
  facet normal -0.915339 0.402683 0
    outer loop
      vertex -125.532 4.17334 -12.1981
      vertex -125.567 4.09347 -12.1981
      vertex -125.567 4.09347 0.201924
    endloop
  endfacet
  facet normal -0.896872 0.442291 0
    outer loop
      vertex -125.567 4.09347 0.201924
      vertex -125.567 4.09347 -12.1981
      vertex -125.605 4.01521 0.201924
    endloop
  endfacet
  facet normal -0.896872 0.442291 0
    outer loop
      vertex -125.567 4.09347 -12.1981
      vertex -125.605 4.01521 -12.1981
      vertex -125.605 4.01521 0.201924
    endloop
  endfacet
  facet normal -0.8767 0.481038 0
    outer loop
      vertex -125.605 4.01521 0.201924
      vertex -125.605 4.01521 -12.1981
      vertex -125.647 3.93871 0.201924
    endloop
  endfacet
  facet normal -0.8767 0.481038 0
    outer loop
      vertex -125.605 4.01521 -12.1981
      vertex -125.647 3.93871 -12.1981
      vertex -125.647 3.93871 0.201924
    endloop
  endfacet
  facet normal -0.854902 0.51879 0
    outer loop
      vertex -125.647 3.93871 0.201924
      vertex -125.647 3.93871 -12.1981
      vertex -125.693 3.86411 0.201924
    endloop
  endfacet
  facet normal -0.854902 0.51879 0
    outer loop
      vertex -125.647 3.93871 -12.1981
      vertex -125.693 3.86411 -12.1981
      vertex -125.693 3.86411 0.201924
    endloop
  endfacet
  facet normal -0.831498 0.555528 0
    outer loop
      vertex -125.693 3.86411 0.201924
      vertex -125.693 3.86411 -12.1981
      vertex -125.741 3.79156 0.201924
    endloop
  endfacet
  facet normal -0.831498 0.555528 0
    outer loop
      vertex -125.693 3.86411 -12.1981
      vertex -125.741 3.79156 -12.1981
      vertex -125.741 3.79156 0.201924
    endloop
  endfacet
  facet normal -0.806416 0.591349 0
    outer loop
      vertex -125.741 3.79156 0.201924
      vertex -125.741 3.79156 -12.1981
      vertex -125.793 3.72119 0.201924
    endloop
  endfacet
  facet normal -0.806416 0.591349 0
    outer loop
      vertex -125.741 3.79156 -12.1981
      vertex -125.793 3.72119 -12.1981
      vertex -125.793 3.72119 0.201924
    endloop
  endfacet
  facet normal -0.779913 0.625888 0
    outer loop
      vertex -125.793 3.72119 0.201924
      vertex -125.793 3.72119 -12.1981
      vertex -125.847 3.65313 0.201924
    endloop
  endfacet
  facet normal -0.779913 0.625888 0
    outer loop
      vertex -125.793 3.72119 -12.1981
      vertex -125.847 3.65313 -12.1981
      vertex -125.847 3.65313 0.201924
    endloop
  endfacet
  facet normal -0.751844 0.659341 0
    outer loop
      vertex -125.847 3.65313 0.201924
      vertex -125.847 3.65313 -12.1981
      vertex -125.905 3.58753 0.201924
    endloop
  endfacet
  facet normal -0.751844 0.659341 0
    outer loop
      vertex -125.847 3.65313 -12.1981
      vertex -125.905 3.58753 -12.1981
      vertex -125.905 3.58753 0.201924
    endloop
  endfacet
  facet normal -0.722314 0.691565 0
    outer loop
      vertex -125.905 3.58753 0.201924
      vertex -125.905 3.58753 -12.1981
      vertex -125.965 3.5245 0.201924
    endloop
  endfacet
  facet normal -0.722314 0.691565 0
    outer loop
      vertex -125.905 3.58753 -12.1981
      vertex -125.965 3.5245 -12.1981
      vertex -125.965 3.5245 0.201924
    endloop
  endfacet
  facet normal -0.69152 0.722357 0
    outer loop
      vertex -125.965 3.5245 0.201924
      vertex -125.965 3.5245 -12.1981
      vertex -126.028 3.46416 0.201924
    endloop
  endfacet
  facet normal -0.69152 0.722357 0
    outer loop
      vertex -125.965 3.5245 -12.1981
      vertex -126.028 3.46416 -12.1981
      vertex -126.028 3.46416 0.201924
    endloop
  endfacet
  facet normal -0.65932 0.751862 0
    outer loop
      vertex -126.028 3.46416 0.201924
      vertex -126.028 3.46416 -12.1981
      vertex -126.094 3.40662 0.201924
    endloop
  endfacet
  facet normal -0.65932 0.751862 0
    outer loop
      vertex -126.028 3.46416 -12.1981
      vertex -126.094 3.40662 -12.1981
      vertex -126.094 3.40662 0.201924
    endloop
  endfacet
  facet normal -0.625999 0.779824 0
    outer loop
      vertex -126.094 3.40662 0.201924
      vertex -126.094 3.40662 -12.1981
      vertex -126.162 3.352 0.201924
    endloop
  endfacet
  facet normal -0.625999 0.779824 0
    outer loop
      vertex -126.094 3.40662 -12.1981
      vertex -126.162 3.352 -12.1981
      vertex -126.162 3.352 0.201924
    endloop
  endfacet
  facet normal -0.591265 0.806478 0
    outer loop
      vertex -126.162 3.352 0.201924
      vertex -126.162 3.352 -12.1981
      vertex -126.232 3.30041 0.201924
    endloop
  endfacet
  facet normal -0.591265 0.806478 0
    outer loop
      vertex -126.162 3.352 -12.1981
      vertex -126.232 3.30041 -12.1981
      vertex -126.232 3.30041 0.201924
    endloop
  endfacet
  facet normal -0.55557 0.83147 0
    outer loop
      vertex -126.232 3.30041 0.201924
      vertex -126.232 3.30041 -12.1981
      vertex -126.305 3.25193 0.201924
    endloop
  endfacet
  facet normal -0.55557 0.83147 0
    outer loop
      vertex -126.232 3.30041 -12.1981
      vertex -126.305 3.25193 -12.1981
      vertex -126.305 3.25193 0.201924
    endloop
  endfacet
  facet normal -0.518795 0.854899 0
    outer loop
      vertex -126.305 3.25193 0.201924
      vertex -126.305 3.25193 -12.1981
      vertex -126.379 3.20666 0.201924
    endloop
  endfacet
  facet normal -0.518795 0.854899 0
    outer loop
      vertex -126.305 3.25193 -12.1981
      vertex -126.379 3.20666 -12.1981
      vertex -126.379 3.20666 0.201924
    endloop
  endfacet
  facet normal -0.480989 0.876727 0
    outer loop
      vertex -126.379 3.20666 0.201924
      vertex -126.379 3.20666 -12.1981
      vertex -126.456 3.16469 0.201924
    endloop
  endfacet
  facet normal -0.480989 0.876727 0
    outer loop
      vertex -126.379 3.20666 -12.1981
      vertex -126.456 3.16469 -12.1981
      vertex -126.456 3.16469 0.201924
    endloop
  endfacet
  facet normal -0.442289 0.896873 0
    outer loop
      vertex -126.456 3.16469 0.201924
      vertex -126.456 3.16469 -12.1981
      vertex -126.534 3.12609 0.201924
    endloop
  endfacet
  facet normal -0.442289 0.896873 0
    outer loop
      vertex -126.456 3.16469 -12.1981
      vertex -126.534 3.12609 -12.1981
      vertex -126.534 3.12609 0.201924
    endloop
  endfacet
  facet normal -0.402744 0.915313 0
    outer loop
      vertex -126.534 3.12609 0.201924
      vertex -126.534 3.12609 -12.1981
      vertex -126.614 3.09095 0.201924
    endloop
  endfacet
  facet normal -0.402744 0.915313 0
    outer loop
      vertex -126.534 3.12609 -12.1981
      vertex -126.614 3.09095 -12.1981
      vertex -126.614 3.09095 0.201924
    endloop
  endfacet
  facet normal -0.362422 0.932014 0
    outer loop
      vertex -126.614 3.09095 0.201924
      vertex -126.614 3.09095 -12.1981
      vertex -126.695 3.05932 0.201924
    endloop
  endfacet
  facet normal -0.362422 0.932014 0
    outer loop
      vertex -126.614 3.09095 -12.1981
      vertex -126.695 3.05932 -12.1981
      vertex -126.695 3.05932 0.201924
    endloop
  endfacet
  facet normal -0.321445 0.946928 0
    outer loop
      vertex -126.695 3.05932 0.201924
      vertex -126.695 3.05932 -12.1981
      vertex -126.778 3.03128 0.201924
    endloop
  endfacet
  facet normal -0.321445 0.946928 0
    outer loop
      vertex -126.695 3.05932 -12.1981
      vertex -126.778 3.03128 -12.1981
      vertex -126.778 3.03128 0.201924
    endloop
  endfacet
  facet normal -0.279828 0.96005 0
    outer loop
      vertex -126.778 3.03128 0.201924
      vertex -126.778 3.03128 -12.1981
      vertex -126.862 3.00686 0.201924
    endloop
  endfacet
  facet normal -0.279828 0.96005 0
    outer loop
      vertex -126.778 3.03128 -12.1981
      vertex -126.862 3.00686 -12.1981
      vertex -126.862 3.00686 0.201924
    endloop
  endfacet
  facet normal -0.237688 0.971341 0
    outer loop
      vertex -126.862 3.00686 0.201924
      vertex -126.862 3.00686 -12.1981
      vertex -126.947 2.98612 0.201924
    endloop
  endfacet
  facet normal -0.237688 0.971341 0
    outer loop
      vertex -126.862 3.00686 -12.1981
      vertex -126.947 2.98612 -12.1981
      vertex -126.947 2.98612 0.201924
    endloop
  endfacet
  facet normal -0.195102 0.980783 0
    outer loop
      vertex -126.947 2.98612 0.201924
      vertex -126.947 2.98612 -12.1981
      vertex -127.032 2.96909 0.201924
    endloop
  endfacet
  facet normal -0.195102 0.980783 0
    outer loop
      vertex -126.947 2.98612 -12.1981
      vertex -127.032 2.96909 -12.1981
      vertex -127.032 2.96909 0.201924
    endloop
  endfacet
  facet normal -0.152118 0.988362 0
    outer loop
      vertex -127.032 2.96909 0.201924
      vertex -127.032 2.96909 -12.1981
      vertex -127.118 2.95582 0.201924
    endloop
  endfacet
  facet normal -0.152118 0.988362 0
    outer loop
      vertex -127.032 2.96909 -12.1981
      vertex -127.118 2.95582 -12.1981
      vertex -127.118 2.95582 0.201924
    endloop
  endfacet
  facet normal -0.108866 0.994056 0
    outer loop
      vertex -127.118 2.95582 0.201924
      vertex -127.118 2.95582 -12.1981
      vertex -127.205 2.94632 0.201924
    endloop
  endfacet
  facet normal -0.108866 0.994056 0
    outer loop
      vertex -127.118 2.95582 -12.1981
      vertex -127.205 2.94632 -12.1981
      vertex -127.205 2.94632 0.201924
    endloop
  endfacet
  facet normal -0.065397 0.997859 0
    outer loop
      vertex -127.205 2.94632 0.201924
      vertex -127.205 2.94632 -12.1981
      vertex -127.292 2.94061 0.201924
    endloop
  endfacet
  facet normal -0.065397 0.997859 0
    outer loop
      vertex -127.205 2.94632 -12.1981
      vertex -127.292 2.94061 -12.1981
      vertex -127.292 2.94061 0.201924
    endloop
  endfacet
  facet normal -0.0218175 0.999762 0
    outer loop
      vertex -127.292 2.94061 0.201924
      vertex -127.292 2.94061 -12.1981
      vertex -127.379 2.93871 0.201924
    endloop
  endfacet
  facet normal -0.0218175 0.999762 0
    outer loop
      vertex -127.292 2.94061 -12.1981
      vertex -127.379 2.93871 -12.1981
      vertex -127.379 2.93871 0.201924
    endloop
  endfacet
  facet normal 0.0218175 0.999762 0
    outer loop
      vertex -127.379 2.93871 0.201924
      vertex -127.379 2.93871 -12.1981
      vertex -127.467 2.94061 0.201924
    endloop
  endfacet
  facet normal 0.0218175 0.999762 0
    outer loop
      vertex -127.379 2.93871 -12.1981
      vertex -127.467 2.94061 -12.1981
      vertex -127.467 2.94061 0.201924
    endloop
  endfacet
  facet normal 0.065397 0.997859 0
    outer loop
      vertex -127.467 2.94061 0.201924
      vertex -127.467 2.94061 -12.1981
      vertex -127.554 2.94632 0.201924
    endloop
  endfacet
  facet normal 0.065397 0.997859 0
    outer loop
      vertex -127.467 2.94061 -12.1981
      vertex -127.554 2.94632 -12.1981
      vertex -127.554 2.94632 0.201924
    endloop
  endfacet
  facet normal 0.108866 0.994056 0
    outer loop
      vertex -127.554 2.94632 0.201924
      vertex -127.554 2.94632 -12.1981
      vertex -127.64 2.95582 0.201924
    endloop
  endfacet
  facet normal 0.108866 0.994056 0
    outer loop
      vertex -127.554 2.94632 -12.1981
      vertex -127.64 2.95582 -12.1981
      vertex -127.64 2.95582 0.201924
    endloop
  endfacet
  facet normal 0.152118 0.988362 0
    outer loop
      vertex -127.64 2.95582 0.201924
      vertex -127.64 2.95582 -12.1981
      vertex -127.727 2.96909 0.201924
    endloop
  endfacet
  facet normal 0.152118 0.988362 0
    outer loop
      vertex -127.64 2.95582 -12.1981
      vertex -127.727 2.96909 -12.1981
      vertex -127.727 2.96909 0.201924
    endloop
  endfacet
  facet normal 0.195102 0.980783 0
    outer loop
      vertex -127.727 2.96909 0.201924
      vertex -127.727 2.96909 -12.1981
      vertex -127.812 2.98612 0.201924
    endloop
  endfacet
  facet normal 0.195102 0.980783 0
    outer loop
      vertex -127.727 2.96909 -12.1981
      vertex -127.812 2.98612 -12.1981
      vertex -127.812 2.98612 0.201924
    endloop
  endfacet
  facet normal 0.237688 0.971341 0
    outer loop
      vertex -127.812 2.98612 0.201924
      vertex -127.812 2.98612 -12.1981
      vertex -127.897 3.00686 0.201924
    endloop
  endfacet
  facet normal 0.237688 0.971341 0
    outer loop
      vertex -127.812 2.98612 -12.1981
      vertex -127.897 3.00686 -12.1981
      vertex -127.897 3.00686 0.201924
    endloop
  endfacet
  facet normal 0.279828 0.96005 0
    outer loop
      vertex -127.897 3.00686 0.201924
      vertex -127.897 3.00686 -12.1981
      vertex -127.981 3.03128 0.201924
    endloop
  endfacet
  facet normal 0.279828 0.96005 0
    outer loop
      vertex -127.897 3.00686 -12.1981
      vertex -127.981 3.03128 -12.1981
      vertex -127.981 3.03128 0.201924
    endloop
  endfacet
  facet normal 0.321445 0.946928 0
    outer loop
      vertex -127.981 3.03128 0.201924
      vertex -127.981 3.03128 -12.1981
      vertex -128.063 3.05932 0.201924
    endloop
  endfacet
  facet normal 0.321445 0.946928 0
    outer loop
      vertex -127.981 3.03128 -12.1981
      vertex -128.063 3.05932 -12.1981
      vertex -128.063 3.05932 0.201924
    endloop
  endfacet
  facet normal 0.362422 0.932014 0
    outer loop
      vertex -128.063 3.05932 0.201924
      vertex -128.063 3.05932 -12.1981
      vertex -128.145 3.09095 0.201924
    endloop
  endfacet
  facet normal 0.362422 0.932014 0
    outer loop
      vertex -128.063 3.05932 -12.1981
      vertex -128.145 3.09095 -12.1981
      vertex -128.145 3.09095 0.201924
    endloop
  endfacet
  facet normal 0.402744 0.915313 0
    outer loop
      vertex -128.145 3.09095 0.201924
      vertex -128.145 3.09095 -12.1981
      vertex -128.225 3.12609 0.201924
    endloop
  endfacet
  facet normal 0.402744 0.915313 0
    outer loop
      vertex -128.145 3.09095 -12.1981
      vertex -128.225 3.12609 -12.1981
      vertex -128.225 3.12609 0.201924
    endloop
  endfacet
  facet normal 0.442289 0.896873 0
    outer loop
      vertex -128.225 3.12609 0.201924
      vertex -128.225 3.12609 -12.1981
      vertex -128.303 3.16469 0.201924
    endloop
  endfacet
  facet normal 0.442289 0.896873 0
    outer loop
      vertex -128.225 3.12609 -12.1981
      vertex -128.303 3.16469 -12.1981
      vertex -128.303 3.16469 0.201924
    endloop
  endfacet
  facet normal 0.480989 0.876727 0
    outer loop
      vertex -128.303 3.16469 0.201924
      vertex -128.303 3.16469 -12.1981
      vertex -128.379 3.20666 0.201924
    endloop
  endfacet
  facet normal 0.480989 0.876727 0
    outer loop
      vertex -128.303 3.16469 -12.1981
      vertex -128.379 3.20666 -12.1981
      vertex -128.379 3.20666 0.201924
    endloop
  endfacet
  facet normal 0.518795 0.854899 0
    outer loop
      vertex -128.379 3.20666 0.201924
      vertex -128.379 3.20666 -12.1981
      vertex -128.454 3.25193 0.201924
    endloop
  endfacet
  facet normal 0.518795 0.854899 0
    outer loop
      vertex -128.379 3.20666 -12.1981
      vertex -128.454 3.25193 -12.1981
      vertex -128.454 3.25193 0.201924
    endloop
  endfacet
  facet normal 0.55557 0.83147 0
    outer loop
      vertex -128.454 3.25193 0.201924
      vertex -128.454 3.25193 -12.1981
      vertex -128.527 3.30041 0.201924
    endloop
  endfacet
  facet normal 0.55557 0.83147 0
    outer loop
      vertex -128.454 3.25193 -12.1981
      vertex -128.527 3.30041 -12.1981
      vertex -128.527 3.30041 0.201924
    endloop
  endfacet
  facet normal 0.591265 0.806478 0
    outer loop
      vertex -128.527 3.30041 0.201924
      vertex -128.527 3.30041 -12.1981
      vertex -128.597 3.352 0.201924
    endloop
  endfacet
  facet normal 0.591265 0.806478 0
    outer loop
      vertex -128.527 3.30041 -12.1981
      vertex -128.597 3.352 -12.1981
      vertex -128.597 3.352 0.201924
    endloop
  endfacet
  facet normal 0.625999 0.779824 0
    outer loop
      vertex -128.597 3.352 0.201924
      vertex -128.597 3.352 -12.1981
      vertex -128.665 3.40662 0.201924
    endloop
  endfacet
  facet normal 0.625999 0.779824 0
    outer loop
      vertex -128.597 3.352 -12.1981
      vertex -128.665 3.40662 -12.1981
      vertex -128.665 3.40662 0.201924
    endloop
  endfacet
  facet normal 0.65932 0.751862 0
    outer loop
      vertex -128.665 3.40662 0.201924
      vertex -128.665 3.40662 -12.1981
      vertex -128.731 3.46416 0.201924
    endloop
  endfacet
  facet normal 0.65932 0.751862 0
    outer loop
      vertex -128.665 3.40662 -12.1981
      vertex -128.731 3.46416 -12.1981
      vertex -128.731 3.46416 0.201924
    endloop
  endfacet
  facet normal 0.69152 0.722357 0
    outer loop
      vertex -128.731 3.46416 0.201924
      vertex -128.731 3.46416 -12.1981
      vertex -128.794 3.5245 0.201924
    endloop
  endfacet
  facet normal 0.69152 0.722357 0
    outer loop
      vertex -128.731 3.46416 -12.1981
      vertex -128.794 3.5245 -12.1981
      vertex -128.794 3.5245 0.201924
    endloop
  endfacet
  facet normal 0.722314 0.691565 0
    outer loop
      vertex -128.794 3.5245 0.201924
      vertex -128.794 3.5245 -12.1981
      vertex -128.854 3.58753 0.201924
    endloop
  endfacet
  facet normal 0.722314 0.691565 0
    outer loop
      vertex -128.794 3.5245 -12.1981
      vertex -128.854 3.58753 -12.1981
      vertex -128.854 3.58753 0.201924
    endloop
  endfacet
  facet normal 0.751844 0.659341 0
    outer loop
      vertex -128.854 3.58753 0.201924
      vertex -128.854 3.58753 -12.1981
      vertex -128.912 3.65313 0.201924
    endloop
  endfacet
  facet normal 0.751844 0.659341 0
    outer loop
      vertex -128.854 3.58753 -12.1981
      vertex -128.912 3.65313 -12.1981
      vertex -128.912 3.65313 0.201924
    endloop
  endfacet
  facet normal 0.779913 0.625888 0
    outer loop
      vertex -128.912 3.65313 0.201924
      vertex -128.912 3.65313 -12.1981
      vertex -128.966 3.72119 0.201924
    endloop
  endfacet
  facet normal 0.779913 0.625888 0
    outer loop
      vertex -128.912 3.65313 -12.1981
      vertex -128.966 3.72119 -12.1981
      vertex -128.966 3.72119 0.201924
    endloop
  endfacet
  facet normal 0.806416 0.591349 0
    outer loop
      vertex -128.966 3.72119 0.201924
      vertex -128.966 3.72119 -12.1981
      vertex -129.018 3.79156 0.201924
    endloop
  endfacet
  facet normal 0.806416 0.591349 0
    outer loop
      vertex -128.966 3.72119 -12.1981
      vertex -129.018 3.79156 -12.1981
      vertex -129.018 3.79156 0.201924
    endloop
  endfacet
  facet normal 0.831498 0.555528 0
    outer loop
      vertex -129.018 3.79156 0.201924
      vertex -129.018 3.79156 -12.1981
      vertex -129.066 3.86411 0.201924
    endloop
  endfacet
  facet normal 0.831498 0.555528 0
    outer loop
      vertex -129.018 3.79156 -12.1981
      vertex -129.066 3.86411 -12.1981
      vertex -129.066 3.86411 0.201924
    endloop
  endfacet
  facet normal 0.854902 0.51879 0
    outer loop
      vertex -129.066 3.86411 0.201924
      vertex -129.066 3.86411 -12.1981
      vertex -129.111 3.93871 0.201924
    endloop
  endfacet
  facet normal 0.854902 0.51879 0
    outer loop
      vertex -129.066 3.86411 -12.1981
      vertex -129.111 3.93871 -12.1981
      vertex -129.111 3.93871 0.201924
    endloop
  endfacet
  facet normal 0.8767 0.481038 0
    outer loop
      vertex -129.111 3.93871 0.201924
      vertex -129.111 3.93871 -12.1981
      vertex -129.153 4.01521 0.201924
    endloop
  endfacet
  facet normal 0.8767 0.481038 0
    outer loop
      vertex -129.111 3.93871 -12.1981
      vertex -129.153 4.01521 -12.1981
      vertex -129.153 4.01521 0.201924
    endloop
  endfacet
  facet normal 0.896872 0.442291 0
    outer loop
      vertex -129.153 4.01521 0.201924
      vertex -129.153 4.01521 -12.1981
      vertex -129.192 4.09347 0.201924
    endloop
  endfacet
  facet normal 0.896872 0.442291 0
    outer loop
      vertex -129.153 4.01521 -12.1981
      vertex -129.192 4.09347 -12.1981
      vertex -129.192 4.09347 0.201924
    endloop
  endfacet
  facet normal 0.915339 0.402683 0
    outer loop
      vertex -129.192 4.09347 0.201924
      vertex -129.192 4.09347 -12.1981
      vertex -129.227 4.17334 0.201924
    endloop
  endfacet
  facet normal 0.915339 0.402683 0
    outer loop
      vertex -129.192 4.09347 -12.1981
      vertex -129.227 4.17334 -12.1981
      vertex -129.227 4.17334 0.201924
    endloop
  endfacet
  facet normal 0.932031 0.362378 0
    outer loop
      vertex -129.227 4.17334 0.201924
      vertex -129.227 4.17334 -12.1981
      vertex -129.259 4.25467 0.201924
    endloop
  endfacet
  facet normal 0.932031 0.362378 0
    outer loop
      vertex -129.227 4.17334 -12.1981
      vertex -129.259 4.25467 -12.1981
      vertex -129.259 4.25467 0.201924
    endloop
  endfacet
  facet normal 0.946894 0.321546 0
    outer loop
      vertex -129.259 4.25467 0.201924
      vertex -129.259 4.25467 -12.1981
      vertex -129.287 4.3373 0.201924
    endloop
  endfacet
  facet normal 0.946894 0.321546 0
    outer loop
      vertex -129.259 4.25467 -12.1981
      vertex -129.287 4.3373 -12.1981
      vertex -129.287 4.3373 0.201924
    endloop
  endfacet
  facet normal 0.96008 0.279726 0
    outer loop
      vertex -129.287 4.3373 0.201924
      vertex -129.287 4.3373 -12.1981
      vertex -129.311 4.42107 0.201924
    endloop
  endfacet
  facet normal 0.96008 0.279726 0
    outer loop
      vertex -129.287 4.3373 -12.1981
      vertex -129.311 4.42107 -12.1981
      vertex -129.311 4.42107 0.201924
    endloop
  endfacet
  facet normal 0.971337 0.237708 0
    outer loop
      vertex -129.311 4.42107 0.201924
      vertex -129.311 4.42107 -12.1981
      vertex -129.332 4.50583 0.201924
    endloop
  endfacet
  facet normal 0.971337 0.237708 0
    outer loop
      vertex -129.311 4.42107 -12.1981
      vertex -129.332 4.50583 -12.1981
      vertex -129.332 4.50583 0.201924
    endloop
  endfacet
  facet normal 0.980767 0.195184 0
    outer loop
      vertex -129.332 4.50583 0.201924
      vertex -129.332 4.50583 -12.1981
      vertex -129.349 4.59141 0.201924
    endloop
  endfacet
  facet normal 0.980767 0.195184 0
    outer loop
      vertex -129.332 4.50583 -12.1981
      vertex -129.349 4.59141 -12.1981
      vertex -129.349 4.59141 0.201924
    endloop
  endfacet
  facet normal 0.988382 0.151987 0
    outer loop
      vertex -129.349 4.59141 0.201924
      vertex -129.349 4.59141 -12.1981
      vertex -129.362 4.67766 0.201924
    endloop
  endfacet
  facet normal 0.988382 0.151987 0
    outer loop
      vertex -129.349 4.59141 -12.1981
      vertex -129.362 4.67766 -12.1981
      vertex -129.362 4.67766 0.201924
    endloop
  endfacet
  facet normal 0.994047 0.108949 0
    outer loop
      vertex -129.362 4.67766 0.201924
      vertex -129.362 4.67766 -12.1981
      vertex -129.372 4.7644 0.201924
    endloop
  endfacet
  facet normal 0.994047 0.108949 0
    outer loop
      vertex -129.362 4.67766 -12.1981
      vertex -129.372 4.7644 -12.1981
      vertex -129.372 4.7644 0.201924
    endloop
  endfacet
  facet normal 0.997859 0.0654043 0
    outer loop
      vertex -129.372 4.7644 0.201924
      vertex -129.372 4.7644 -12.1981
      vertex -129.378 4.85147 0.201924
    endloop
  endfacet
  facet normal 0.997859 0.0654043 0
    outer loop
      vertex -129.372 4.7644 -12.1981
      vertex -129.378 4.85147 -12.1981
      vertex -129.378 4.85147 0.201924
    endloop
  endfacet
  facet normal 0.999761 0.0218583 0
    outer loop
      vertex -129.378 4.85147 0.201924
      vertex -129.378 4.85147 -12.1981
      vertex -129.379 4.93871 0.201924
    endloop
  endfacet
  facet normal 0.999761 0.0218583 0
    outer loop
      vertex -129.378 4.85147 -12.1981
      vertex -129.379 4.93871 -12.1981
      vertex -129.379 4.93871 0.201924
    endloop
  endfacet
  facet normal -0.0218149 -0.999762 0
    outer loop
      vertex -24.4129 0.399268 -12.1981
      vertex -24.4129 0.399268 5.30192
      vertex -24.7401 0.406407 5.30192
    endloop
  endfacet
  facet normal -0.0218149 -0.999762 0
    outer loop
      vertex -24.4129 0.399268 -12.1981
      vertex -24.7401 0.406407 5.30192
      vertex -24.7401 0.406407 -12.1981
    endloop
  endfacet
  facet normal -0.0654033 -0.997859 0
    outer loop
      vertex -24.7401 0.406407 5.30192
      vertex -25.0666 0.427808 5.30192
      vertex -24.7401 0.406407 -12.1981
    endloop
  endfacet
  facet normal -0.0654033 -0.997859 0
    outer loop
      vertex -24.7401 0.406407 -12.1981
      vertex -25.0666 0.427808 5.30192
      vertex -25.0666 0.427808 -12.1981
    endloop
  endfacet
  facet normal -0.108867 -0.994056 0
    outer loop
      vertex -25.0666 0.427808 5.30192
      vertex -25.3919 0.463432 5.30192
      vertex -25.0666 0.427808 -12.1981
    endloop
  endfacet
  facet normal -0.108867 -0.994056 0
    outer loop
      vertex -25.0666 0.427808 -12.1981
      vertex -25.3919 0.463432 5.30192
      vertex -25.3919 0.463432 -12.1981
    endloop
  endfacet
  facet normal -0.152123 -0.988362 0
    outer loop
      vertex -25.3919 0.463432 5.30192
      vertex -25.7153 0.51321 5.30192
      vertex -25.3919 0.463432 -12.1981
    endloop
  endfacet
  facet normal -0.152123 -0.988362 0
    outer loop
      vertex -25.3919 0.463432 -12.1981
      vertex -25.7153 0.51321 5.30192
      vertex -25.7153 0.51321 -12.1981
    endloop
  endfacet
  facet normal -0.19509 -0.980785 0
    outer loop
      vertex -25.7153 0.51321 5.30192
      vertex -26.0362 0.577048 5.30192
      vertex -25.7153 0.51321 -12.1981
    endloop
  endfacet
  facet normal -0.19509 -0.980785 0
    outer loop
      vertex -25.7153 0.51321 -12.1981
      vertex -26.0362 0.577048 5.30192
      vertex -26.0362 0.577048 -12.1981
    endloop
  endfacet
  facet normal -0.237686 -0.971342 0
    outer loop
      vertex -26.0362 0.577048 5.30192
      vertex -26.3541 0.654825 5.30192
      vertex -26.0362 0.577048 -12.1981
    endloop
  endfacet
  facet normal -0.237686 -0.971342 0
    outer loop
      vertex -26.0362 0.577048 -12.1981
      vertex -26.3541 0.654825 5.30192
      vertex -26.3541 0.654825 -12.1981
    endloop
  endfacet
  facet normal -0.27983 -0.96005 0
    outer loop
      vertex -26.3541 0.654825 5.30192
      vertex -26.6682 0.746391 5.30192
      vertex -26.3541 0.654825 -12.1981
    endloop
  endfacet
  facet normal -0.27983 -0.96005 0
    outer loop
      vertex -26.3541 0.654825 -12.1981
      vertex -26.6682 0.746391 5.30192
      vertex -26.6682 0.746391 -12.1981
    endloop
  endfacet
  facet normal -0.321439 -0.94693 0
    outer loop
      vertex -26.6682 0.746391 5.30192
      vertex -26.9781 0.851574 5.30192
      vertex -26.6682 0.746391 -12.1981
    endloop
  endfacet
  facet normal -0.321439 -0.94693 0
    outer loop
      vertex -26.6682 0.746391 -12.1981
      vertex -26.9781 0.851574 5.30192
      vertex -26.9781 0.851574 -12.1981
    endloop
  endfacet
  facet normal -0.362438 -0.932008 0
    outer loop
      vertex -26.9781 0.851574 5.30192
      vertex -27.283 0.970172 5.30192
      vertex -26.9781 0.851574 -12.1981
    endloop
  endfacet
  facet normal -0.362438 -0.932008 0
    outer loop
      vertex -26.9781 0.851574 -12.1981
      vertex -27.283 0.970172 5.30192
      vertex -27.283 0.970172 -12.1981
    endloop
  endfacet
  facet normal -0.402746 -0.915312 0
    outer loop
      vertex -27.283 0.970172 5.30192
      vertex -27.5826 1.10196 5.30192
      vertex -27.283 0.970172 -12.1981
    endloop
  endfacet
  facet normal -0.402746 -0.915312 0
    outer loop
      vertex -27.283 0.970172 -12.1981
      vertex -27.5826 1.10196 5.30192
      vertex -27.5826 1.10196 -12.1981
    endloop
  endfacet
  facet normal -0.44229 -0.896872 0
    outer loop
      vertex -27.5826 1.10196 5.30192
      vertex -27.876 1.24669 5.30192
      vertex -27.5826 1.10196 -12.1981
    endloop
  endfacet
  facet normal -0.44229 -0.896872 0
    outer loop
      vertex -27.5826 1.10196 -12.1981
      vertex -27.876 1.24669 5.30192
      vertex -27.876 1.24669 -12.1981
    endloop
  endfacet
  facet normal -0.480987 -0.876728 0
    outer loop
      vertex -27.876 1.24669 5.30192
      vertex -28.1629 1.40408 5.30192
      vertex -27.876 1.24669 -12.1981
    endloop
  endfacet
  facet normal -0.480987 -0.876728 0
    outer loop
      vertex -27.876 1.24669 -12.1981
      vertex -28.1629 1.40408 5.30192
      vertex -28.1629 1.40408 -12.1981
    endloop
  endfacet
  facet normal -0.518773 -0.854912 0
    outer loop
      vertex -28.1629 1.40408 5.30192
      vertex -28.4427 1.57383 5.30192
      vertex -28.1629 1.40408 -12.1981
    endloop
  endfacet
  facet normal -0.518773 -0.854912 0
    outer loop
      vertex -28.1629 1.40408 -12.1981
      vertex -28.4427 1.57383 5.30192
      vertex -28.4427 1.57383 -12.1981
    endloop
  endfacet
  facet normal -0.55557 -0.83147 0
    outer loop
      vertex -28.4427 1.57383 5.30192
      vertex -28.7147 1.75563 5.30192
      vertex -28.4427 1.57383 -12.1981
    endloop
  endfacet
  facet normal -0.55557 -0.83147 0
    outer loop
      vertex -28.4427 1.57383 -12.1981
      vertex -28.7147 1.75563 5.30192
      vertex -28.7147 1.75563 -12.1981
    endloop
  endfacet
  facet normal -0.591311 -0.806444 0
    outer loop
      vertex -28.7147 1.75563 5.30192
      vertex -28.9786 1.94912 5.30192
      vertex -28.7147 1.75563 -12.1981
    endloop
  endfacet
  facet normal -0.591311 -0.806444 0
    outer loop
      vertex -28.7147 1.75563 -12.1981
      vertex -28.9786 1.94912 5.30192
      vertex -28.9786 1.94912 -12.1981
    endloop
  endfacet
  facet normal -0.625922 -0.779886 0
    outer loop
      vertex -28.9786 1.94912 5.30192
      vertex -29.2338 2.15394 5.30192
      vertex -28.9786 1.94912 -12.1981
    endloop
  endfacet
  facet normal -0.625922 -0.779886 0
    outer loop
      vertex -28.9786 1.94912 -12.1981
      vertex -29.2338 2.15394 5.30192
      vertex -29.2338 2.15394 -12.1981
    endloop
  endfacet
  facet normal -0.659348 -0.751838 0
    outer loop
      vertex -29.2338 2.15394 5.30192
      vertex -29.4798 2.36969 5.30192
      vertex -29.2338 2.15394 -12.1981
    endloop
  endfacet
  facet normal -0.659348 -0.751838 0
    outer loop
      vertex -29.2338 2.15394 -12.1981
      vertex -29.4798 2.36969 5.30192
      vertex -29.4798 2.36969 -12.1981
    endloop
  endfacet
  facet normal -0.691512 -0.722365 0
    outer loop
      vertex -29.4798 2.36969 5.30192
      vertex -29.7162 2.59597 5.30192
      vertex -29.4798 2.36969 -12.1981
    endloop
  endfacet
  facet normal -0.691512 -0.722365 0
    outer loop
      vertex -29.4798 2.36969 -12.1981
      vertex -29.7162 2.59597 5.30192
      vertex -29.7162 2.59597 -12.1981
    endloop
  endfacet
  facet normal -0.722363 -0.691514 0
    outer loop
      vertex -29.7162 2.59597 5.30192
      vertex -29.9425 2.83234 5.30192
      vertex -29.7162 2.59597 -12.1981
    endloop
  endfacet
  facet normal -0.722363 -0.691514 0
    outer loop
      vertex -29.7162 2.59597 -12.1981
      vertex -29.9425 2.83234 5.30192
      vertex -29.9425 2.83234 -12.1981
    endloop
  endfacet
  facet normal -0.751842 -0.659344 0
    outer loop
      vertex -29.9425 2.83234 5.30192
      vertex -30.1582 3.07836 5.30192
      vertex -29.9425 2.83234 -12.1981
    endloop
  endfacet
  facet normal -0.751842 -0.659344 0
    outer loop
      vertex -29.9425 2.83234 -12.1981
      vertex -30.1582 3.07836 5.30192
      vertex -30.1582 3.07836 -12.1981
    endloop
  endfacet
  facet normal -0.779885 -0.625923 0
    outer loop
      vertex -30.1582 3.07836 5.30192
      vertex -30.3631 3.33356 5.30192
      vertex -30.1582 3.07836 -12.1981
    endloop
  endfacet
  facet normal -0.779885 -0.625923 0
    outer loop
      vertex -30.1582 3.07836 -12.1981
      vertex -30.3631 3.33356 5.30192
      vertex -30.3631 3.33356 -12.1981
    endloop
  endfacet
  facet normal -0.806442 -0.591313 0
    outer loop
      vertex -30.3631 3.33356 5.30192
      vertex -30.5566 3.59745 5.30192
      vertex -30.3631 3.33356 -12.1981
    endloop
  endfacet
  facet normal -0.806442 -0.591313 0
    outer loop
      vertex -30.3631 3.33356 -12.1981
      vertex -30.5566 3.59745 5.30192
      vertex -30.5566 3.59745 -12.1981
    endloop
  endfacet
  facet normal -0.831472 -0.555567 0
    outer loop
      vertex -30.5566 3.59745 5.30192
      vertex -30.7384 3.86952 5.30192
      vertex -30.5566 3.59745 -12.1981
    endloop
  endfacet
  facet normal -0.831472 -0.555567 0
    outer loop
      vertex -30.5566 3.59745 -12.1981
      vertex -30.7384 3.86952 5.30192
      vertex -30.7384 3.86952 -12.1981
    endloop
  endfacet
  facet normal -0.85491 -0.518776 0
    outer loop
      vertex -30.7384 3.86952 5.30192
      vertex -30.9081 4.14927 5.30192
      vertex -30.7384 3.86952 -12.1981
    endloop
  endfacet
  facet normal -0.85491 -0.518776 0
    outer loop
      vertex -30.7384 3.86952 -12.1981
      vertex -30.9081 4.14927 5.30192
      vertex -30.9081 4.14927 -12.1981
    endloop
  endfacet
  facet normal -0.876728 -0.480986 0
    outer loop
      vertex -30.9081 4.14927 5.30192
      vertex -31.0655 4.43615 5.30192
      vertex -30.9081 4.14927 -12.1981
    endloop
  endfacet
  facet normal -0.876728 -0.480986 0
    outer loop
      vertex -30.9081 4.14927 -12.1981
      vertex -31.0655 4.43615 5.30192
      vertex -31.0655 4.43615 -12.1981
    endloop
  endfacet
  facet normal -0.896872 -0.44229 0
    outer loop
      vertex -31.0655 4.43615 5.30192
      vertex -31.2102 4.72963 5.30192
      vertex -31.0655 4.43615 -12.1981
    endloop
  endfacet
  facet normal -0.896872 -0.44229 0
    outer loop
      vertex -31.0655 4.43615 -12.1981
      vertex -31.2102 4.72963 5.30192
      vertex -31.2102 4.72963 -12.1981
    endloop
  endfacet
  facet normal -0.91531 -0.40275 0
    outer loop
      vertex -31.2102 4.72963 5.30192
      vertex -31.342 5.02914 5.30192
      vertex -31.2102 4.72963 -12.1981
    endloop
  endfacet
  facet normal -0.91531 -0.40275 0
    outer loop
      vertex -31.2102 4.72963 -12.1981
      vertex -31.342 5.02914 5.30192
      vertex -31.342 5.02914 -12.1981
    endloop
  endfacet
  facet normal -0.932008 -0.362439 0
    outer loop
      vertex -31.342 5.02914 5.30192
      vertex -31.4606 5.33412 5.30192
      vertex -31.342 5.02914 -12.1981
    endloop
  endfacet
  facet normal -0.932008 -0.362439 0
    outer loop
      vertex -31.342 5.02914 -12.1981
      vertex -31.4606 5.33412 5.30192
      vertex -31.4606 5.33412 -12.1981
    endloop
  endfacet
  facet normal -0.946933 -0.321432 0
    outer loop
      vertex -31.4606 5.33412 5.30192
      vertex -31.5658 5.64397 5.30192
      vertex -31.4606 5.33412 -12.1981
    endloop
  endfacet
  facet normal -0.946933 -0.321432 0
    outer loop
      vertex -31.4606 5.33412 -12.1981
      vertex -31.5658 5.64397 5.30192
      vertex -31.5658 5.64397 -12.1981
    endloop
  endfacet
  facet normal -0.960049 -0.279832 0
    outer loop
      vertex -31.5658 5.64397 5.30192
      vertex -31.6574 5.95813 5.30192
      vertex -31.5658 5.64397 -12.1981
    endloop
  endfacet
  facet normal -0.960049 -0.279832 0
    outer loop
      vertex -31.5658 5.64397 -12.1981
      vertex -31.6574 5.95813 5.30192
      vertex -31.6574 5.95813 -12.1981
    endloop
  endfacet
  facet normal -0.971342 -0.237686 0
    outer loop
      vertex -31.6574 5.95813 5.30192
      vertex -31.7351 6.27597 5.30192
      vertex -31.6574 5.95813 -12.1981
    endloop
  endfacet
  facet normal -0.971342 -0.237686 0
    outer loop
      vertex -31.6574 5.95813 -12.1981
      vertex -31.7351 6.27597 5.30192
      vertex -31.7351 6.27597 -12.1981
    endloop
  endfacet
  facet normal -0.980786 -0.195086 0
    outer loop
      vertex -31.7351 6.27597 5.30192
      vertex -31.799 6.59691 5.30192
      vertex -31.7351 6.27597 -12.1981
    endloop
  endfacet
  facet normal -0.980786 -0.195086 0
    outer loop
      vertex -31.7351 6.27597 -12.1981
      vertex -31.799 6.59691 5.30192
      vertex -31.799 6.59691 -12.1981
    endloop
  endfacet
  facet normal -0.98836 -0.152132 0
    outer loop
      vertex -31.799 6.59691 5.30192
      vertex -31.8488 6.92032 5.30192
      vertex -31.799 6.59691 -12.1981
    endloop
  endfacet
  facet normal -0.98836 -0.152132 0
    outer loop
      vertex -31.799 6.59691 -12.1981
      vertex -31.8488 6.92032 5.30192
      vertex -31.8488 6.92032 -12.1981
    endloop
  endfacet
  facet normal -0.994057 -0.108859 0
    outer loop
      vertex -31.8488 6.92032 5.30192
      vertex -31.8844 7.2456 5.30192
      vertex -31.8488 6.92032 -12.1981
    endloop
  endfacet
  facet normal -0.994057 -0.108859 0
    outer loop
      vertex -31.8488 6.92032 -12.1981
      vertex -31.8844 7.2456 5.30192
      vertex -31.8844 7.2456 -12.1981
    endloop
  endfacet
  facet normal -0.997859 -0.0654043 0
    outer loop
      vertex -31.8844 7.2456 5.30192
      vertex -31.9058 7.57212 5.30192
      vertex -31.8844 7.2456 -12.1981
    endloop
  endfacet
  facet normal -0.997859 -0.0654043 0
    outer loop
      vertex -31.8844 7.2456 -12.1981
      vertex -31.9058 7.57212 5.30192
      vertex -31.9058 7.57212 -12.1981
    endloop
  endfacet
  facet normal -0.999762 -0.0218128 0
    outer loop
      vertex -31.9058 7.57212 5.30192
      vertex -31.9129 7.89927 5.30192
      vertex -31.9058 7.57212 -12.1981
    endloop
  endfacet
  facet normal -0.999762 -0.0218128 0
    outer loop
      vertex -31.9058 7.57212 -12.1981
      vertex -31.9129 7.89927 5.30192
      vertex -31.9129 7.89927 -12.1981
    endloop
  endfacet
  facet normal -0.999762 0.0218129 0
    outer loop
      vertex -31.9129 -62.1007 -12.1981
      vertex -31.9129 -62.1007 5.30192
      vertex -31.9058 -61.7736 5.30192
    endloop
  endfacet
  facet normal -0.999762 0.0218129 0
    outer loop
      vertex -31.9129 -62.1007 -12.1981
      vertex -31.9058 -61.7736 5.30192
      vertex -31.9058 -61.7736 -12.1981
    endloop
  endfacet
  facet normal -0.997859 0.0654037 0
    outer loop
      vertex -31.9058 -61.7736 5.30192
      vertex -31.8844 -61.4471 5.30192
      vertex -31.9058 -61.7736 -12.1981
    endloop
  endfacet
  facet normal -0.997859 0.0654037 0
    outer loop
      vertex -31.9058 -61.7736 -12.1981
      vertex -31.8844 -61.4471 5.30192
      vertex -31.8844 -61.4471 -12.1981
    endloop
  endfacet
  facet normal -0.994057 0.108859 0
    outer loop
      vertex -31.8844 -61.4471 5.30192
      vertex -31.8488 -61.1218 5.30192
      vertex -31.8844 -61.4471 -12.1981
    endloop
  endfacet
  facet normal -0.994057 0.108859 0
    outer loop
      vertex -31.8844 -61.4471 -12.1981
      vertex -31.8488 -61.1218 5.30192
      vertex -31.8488 -61.1218 -12.1981
    endloop
  endfacet
  facet normal -0.98836 0.152132 0
    outer loop
      vertex -31.8488 -61.1218 5.30192
      vertex -31.799 -60.7984 5.30192
      vertex -31.8488 -61.1218 -12.1981
    endloop
  endfacet
  facet normal -0.98836 0.152132 0
    outer loop
      vertex -31.8488 -61.1218 -12.1981
      vertex -31.799 -60.7984 5.30192
      vertex -31.799 -60.7984 -12.1981
    endloop
  endfacet
  facet normal -0.980786 0.195087 0
    outer loop
      vertex -31.799 -60.7984 5.30192
      vertex -31.7351 -60.4774 5.30192
      vertex -31.799 -60.7984 -12.1981
    endloop
  endfacet
  facet normal -0.980786 0.195087 0
    outer loop
      vertex -31.799 -60.7984 -12.1981
      vertex -31.7351 -60.4774 5.30192
      vertex -31.7351 -60.4774 -12.1981
    endloop
  endfacet
  facet normal -0.971342 0.237687 0
    outer loop
      vertex -31.7351 -60.4774 5.30192
      vertex -31.6574 -60.1596 5.30192
      vertex -31.7351 -60.4774 -12.1981
    endloop
  endfacet
  facet normal -0.971342 0.237687 0
    outer loop
      vertex -31.7351 -60.4774 -12.1981
      vertex -31.6574 -60.1596 5.30192
      vertex -31.6574 -60.1596 -12.1981
    endloop
  endfacet
  facet normal -0.96005 0.27983 0
    outer loop
      vertex -31.6574 -60.1596 5.30192
      vertex -31.5658 -59.8454 5.30192
      vertex -31.6574 -60.1596 -12.1981
    endloop
  endfacet
  facet normal -0.96005 0.27983 0
    outer loop
      vertex -31.6574 -60.1596 -12.1981
      vertex -31.5658 -59.8454 5.30192
      vertex -31.5658 -59.8454 -12.1981
    endloop
  endfacet
  facet normal -0.946932 0.321435 0
    outer loop
      vertex -31.5658 -59.8454 5.30192
      vertex -31.4606 -59.5356 5.30192
      vertex -31.5658 -59.8454 -12.1981
    endloop
  endfacet
  facet normal -0.946932 0.321435 0
    outer loop
      vertex -31.5658 -59.8454 -12.1981
      vertex -31.4606 -59.5356 5.30192
      vertex -31.4606 -59.5356 -12.1981
    endloop
  endfacet
  facet normal -0.932008 0.362439 0
    outer loop
      vertex -31.4606 -59.5356 5.30192
      vertex -31.342 -59.2306 5.30192
      vertex -31.4606 -59.5356 -12.1981
    endloop
  endfacet
  facet normal -0.932008 0.362439 0
    outer loop
      vertex -31.4606 -59.5356 -12.1981
      vertex -31.342 -59.2306 5.30192
      vertex -31.342 -59.2306 -12.1981
    endloop
  endfacet
  facet normal -0.915311 0.402748 0
    outer loop
      vertex -31.342 -59.2306 5.30192
      vertex -31.2102 -58.9311 5.30192
      vertex -31.342 -59.2306 -12.1981
    endloop
  endfacet
  facet normal -0.915311 0.402748 0
    outer loop
      vertex -31.342 -59.2306 -12.1981
      vertex -31.2102 -58.9311 5.30192
      vertex -31.2102 -58.9311 -12.1981
    endloop
  endfacet
  facet normal -0.896873 0.442289 0
    outer loop
      vertex -31.2102 -58.9311 5.30192
      vertex -31.0655 -58.6376 5.30192
      vertex -31.2102 -58.9311 -12.1981
    endloop
  endfacet
  facet normal -0.896873 0.442289 0
    outer loop
      vertex -31.2102 -58.9311 -12.1981
      vertex -31.0655 -58.6376 5.30192
      vertex -31.0655 -58.6376 -12.1981
    endloop
  endfacet
  facet normal -0.876727 0.480988 0
    outer loop
      vertex -31.0655 -58.6376 5.30192
      vertex -30.9081 -58.3507 5.30192
      vertex -31.0655 -58.6376 -12.1981
    endloop
  endfacet
  facet normal -0.876727 0.480988 0
    outer loop
      vertex -31.0655 -58.6376 -12.1981
      vertex -30.9081 -58.3507 5.30192
      vertex -30.9081 -58.3507 -12.1981
    endloop
  endfacet
  facet normal -0.85491 0.518776 0
    outer loop
      vertex -30.9081 -58.3507 5.30192
      vertex -30.7384 -58.071 5.30192
      vertex -30.9081 -58.3507 -12.1981
    endloop
  endfacet
  facet normal -0.85491 0.518776 0
    outer loop
      vertex -30.9081 -58.3507 -12.1981
      vertex -30.7384 -58.071 5.30192
      vertex -30.7384 -58.071 -12.1981
    endloop
  endfacet
  facet normal -0.831472 0.555567 0
    outer loop
      vertex -30.7384 -58.071 5.30192
      vertex -30.5566 -57.7989 5.30192
      vertex -30.7384 -58.071 -12.1981
    endloop
  endfacet
  facet normal -0.831472 0.555567 0
    outer loop
      vertex -30.7384 -58.071 -12.1981
      vertex -30.5566 -57.7989 5.30192
      vertex -30.5566 -57.7989 -12.1981
    endloop
  endfacet
  facet normal -0.80644 0.591316 0
    outer loop
      vertex -30.5566 -57.7989 5.30192
      vertex -30.3631 -57.535 5.30192
      vertex -30.5566 -57.7989 -12.1981
    endloop
  endfacet
  facet normal -0.80644 0.591316 0
    outer loop
      vertex -30.5566 -57.7989 -12.1981
      vertex -30.3631 -57.535 5.30192
      vertex -30.3631 -57.535 -12.1981
    endloop
  endfacet
  facet normal -0.779886 0.625922 0
    outer loop
      vertex -30.3631 -57.535 5.30192
      vertex -30.1582 -57.2798 5.30192
      vertex -30.3631 -57.535 -12.1981
    endloop
  endfacet
  facet normal -0.779886 0.625922 0
    outer loop
      vertex -30.3631 -57.535 -12.1981
      vertex -30.1582 -57.2798 5.30192
      vertex -30.1582 -57.2798 -12.1981
    endloop
  endfacet
  facet normal -0.751845 0.65934 0
    outer loop
      vertex -30.1582 -57.2798 5.30192
      vertex -29.9425 -57.0338 5.30192
      vertex -30.1582 -57.2798 -12.1981
    endloop
  endfacet
  facet normal -0.751845 0.65934 0
    outer loop
      vertex -30.1582 -57.2798 -12.1981
      vertex -29.9425 -57.0338 5.30192
      vertex -29.9425 -57.0338 -12.1981
    endloop
  endfacet
  facet normal -0.722362 0.691515 0
    outer loop
      vertex -29.9425 -57.0338 5.30192
      vertex -29.7162 -56.7974 5.30192
      vertex -29.9425 -57.0338 -12.1981
    endloop
  endfacet
  facet normal -0.722362 0.691515 0
    outer loop
      vertex -29.9425 -57.0338 -12.1981
      vertex -29.7162 -56.7974 5.30192
      vertex -29.7162 -56.7974 -12.1981
    endloop
  endfacet
  facet normal -0.69151 0.722367 0
    outer loop
      vertex -29.7162 -56.7974 5.30192
      vertex -29.4798 -56.5712 5.30192
      vertex -29.7162 -56.7974 -12.1981
    endloop
  endfacet
  facet normal -0.69151 0.722367 0
    outer loop
      vertex -29.7162 -56.7974 -12.1981
      vertex -29.4798 -56.5712 5.30192
      vertex -29.4798 -56.5712 -12.1981
    endloop
  endfacet
  facet normal -0.659349 0.751837 0
    outer loop
      vertex -29.4798 -56.5712 5.30192
      vertex -29.2338 -56.3554 5.30192
      vertex -29.4798 -56.5712 -12.1981
    endloop
  endfacet
  facet normal -0.659349 0.751837 0
    outer loop
      vertex -29.4798 -56.5712 -12.1981
      vertex -29.2338 -56.3554 5.30192
      vertex -29.2338 -56.3554 -12.1981
    endloop
  endfacet
  facet normal -0.625922 0.779886 0
    outer loop
      vertex -29.2338 -56.3554 5.30192
      vertex -28.9786 -56.1506 5.30192
      vertex -29.2338 -56.3554 -12.1981
    endloop
  endfacet
  facet normal -0.625922 0.779886 0
    outer loop
      vertex -29.2338 -56.3554 -12.1981
      vertex -28.9786 -56.1506 5.30192
      vertex -28.9786 -56.1506 -12.1981
    endloop
  endfacet
  facet normal -0.591314 0.806442 0
    outer loop
      vertex -28.9786 -56.1506 5.30192
      vertex -28.7147 -55.9571 5.30192
      vertex -28.9786 -56.1506 -12.1981
    endloop
  endfacet
  facet normal -0.591314 0.806442 0
    outer loop
      vertex -28.9786 -56.1506 -12.1981
      vertex -28.7147 -55.9571 5.30192
      vertex -28.7147 -55.9571 -12.1981
    endloop
  endfacet
  facet normal -0.555567 0.831472 0
    outer loop
      vertex -28.7147 -55.9571 5.30192
      vertex -28.4427 -55.7753 5.30192
      vertex -28.7147 -55.9571 -12.1981
    endloop
  endfacet
  facet normal -0.555567 0.831472 0
    outer loop
      vertex -28.7147 -55.9571 -12.1981
      vertex -28.4427 -55.7753 5.30192
      vertex -28.4427 -55.7753 -12.1981
    endloop
  endfacet
  facet normal -0.518772 0.854913 0
    outer loop
      vertex -28.4427 -55.7753 5.30192
      vertex -28.1629 -55.6055 5.30192
      vertex -28.4427 -55.7753 -12.1981
    endloop
  endfacet
  facet normal -0.518772 0.854913 0
    outer loop
      vertex -28.4427 -55.7753 -12.1981
      vertex -28.1629 -55.6055 5.30192
      vertex -28.1629 -55.6055 -12.1981
    endloop
  endfacet
  facet normal -0.480985 0.876729 0
    outer loop
      vertex -28.1629 -55.6055 5.30192
      vertex -27.876 -55.4482 5.30192
      vertex -28.1629 -55.6055 -12.1981
    endloop
  endfacet
  facet normal -0.480985 0.876729 0
    outer loop
      vertex -28.1629 -55.6055 -12.1981
      vertex -27.876 -55.4482 5.30192
      vertex -27.876 -55.4482 -12.1981
    endloop
  endfacet
  facet normal -0.442291 0.896872 0
    outer loop
      vertex -27.876 -55.4482 5.30192
      vertex -27.5826 -55.3034 5.30192
      vertex -27.876 -55.4482 -12.1981
    endloop
  endfacet
  facet normal -0.442291 0.896872 0
    outer loop
      vertex -27.876 -55.4482 -12.1981
      vertex -27.5826 -55.3034 5.30192
      vertex -27.5826 -55.3034 -12.1981
    endloop
  endfacet
  facet normal -0.40275 0.91531 0
    outer loop
      vertex -27.5826 -55.3034 5.30192
      vertex -27.283 -55.1716 5.30192
      vertex -27.5826 -55.3034 -12.1981
    endloop
  endfacet
  facet normal -0.40275 0.91531 0
    outer loop
      vertex -27.5826 -55.3034 -12.1981
      vertex -27.283 -55.1716 5.30192
      vertex -27.283 -55.1716 -12.1981
    endloop
  endfacet
  facet normal -0.362439 0.932008 0
    outer loop
      vertex -27.283 -55.1716 5.30192
      vertex -26.9781 -55.053 5.30192
      vertex -27.283 -55.1716 -12.1981
    endloop
  endfacet
  facet normal -0.362439 0.932008 0
    outer loop
      vertex -27.283 -55.1716 -12.1981
      vertex -26.9781 -55.053 5.30192
      vertex -26.9781 -55.053 -12.1981
    endloop
  endfacet
  facet normal -0.321442 0.946929 0
    outer loop
      vertex -26.9781 -55.053 5.30192
      vertex -26.6682 -54.9479 5.30192
      vertex -26.9781 -55.053 -12.1981
    endloop
  endfacet
  facet normal -0.321442 0.946929 0
    outer loop
      vertex -26.9781 -55.053 -12.1981
      vertex -26.6682 -54.9479 5.30192
      vertex -26.6682 -54.9479 -12.1981
    endloop
  endfacet
  facet normal -0.279822 0.960052 0
    outer loop
      vertex -26.6682 -54.9479 5.30192
      vertex -26.3541 -54.8563 5.30192
      vertex -26.6682 -54.9479 -12.1981
    endloop
  endfacet
  facet normal -0.279822 0.960052 0
    outer loop
      vertex -26.6682 -54.9479 -12.1981
      vertex -26.3541 -54.8563 5.30192
      vertex -26.3541 -54.8563 -12.1981
    endloop
  endfacet
  facet normal -0.237687 0.971342 0
    outer loop
      vertex -26.3541 -54.8563 5.30192
      vertex -26.0362 -54.7785 5.30192
      vertex -26.3541 -54.8563 -12.1981
    endloop
  endfacet
  facet normal -0.237687 0.971342 0
    outer loop
      vertex -26.3541 -54.8563 -12.1981
      vertex -26.0362 -54.7785 5.30192
      vertex -26.0362 -54.7785 -12.1981
    endloop
  endfacet
  facet normal -0.195097 0.980784 0
    outer loop
      vertex -26.0362 -54.7785 5.30192
      vertex -25.7153 -54.7147 5.30192
      vertex -26.0362 -54.7785 -12.1981
    endloop
  endfacet
  facet normal -0.195097 0.980784 0
    outer loop
      vertex -26.0362 -54.7785 -12.1981
      vertex -25.7153 -54.7147 5.30192
      vertex -25.7153 -54.7147 -12.1981
    endloop
  endfacet
  facet normal -0.15212 0.988362 0
    outer loop
      vertex -25.7153 -54.7147 5.30192
      vertex -25.3919 -54.6649 5.30192
      vertex -25.7153 -54.7147 -12.1981
    endloop
  endfacet
  facet normal -0.15212 0.988362 0
    outer loop
      vertex -25.7153 -54.7147 -12.1981
      vertex -25.3919 -54.6649 5.30192
      vertex -25.3919 -54.6649 -12.1981
    endloop
  endfacet
  facet normal -0.10887 0.994056 0
    outer loop
      vertex -25.3919 -54.6649 5.30192
      vertex -25.0666 -54.6293 5.30192
      vertex -25.3919 -54.6649 -12.1981
    endloop
  endfacet
  facet normal -0.10887 0.994056 0
    outer loop
      vertex -25.3919 -54.6649 -12.1981
      vertex -25.0666 -54.6293 5.30192
      vertex -25.0666 -54.6293 -12.1981
    endloop
  endfacet
  facet normal -0.0654044 0.997859 0
    outer loop
      vertex -25.0666 -54.6293 5.30192
      vertex -24.7401 -54.6079 5.30192
      vertex -25.0666 -54.6293 -12.1981
    endloop
  endfacet
  facet normal -0.0654044 0.997859 0
    outer loop
      vertex -25.0666 -54.6293 -12.1981
      vertex -24.7401 -54.6079 5.30192
      vertex -24.7401 -54.6079 -12.1981
    endloop
  endfacet
  facet normal -0.0218128 0.999762 0
    outer loop
      vertex -24.7401 -54.6079 5.30192
      vertex -24.4129 -54.6007 5.30192
      vertex -24.7401 -54.6079 -12.1981
    endloop
  endfacet
  facet normal -0.0218128 0.999762 0
    outer loop
      vertex -24.7401 -54.6079 -12.1981
      vertex -24.4129 -54.6007 5.30192
      vertex -24.4129 -54.6007 -12.1981
    endloop
  endfacet
  facet normal 0.999762 -0.0218128 0
    outer loop
      vertex -121.913 7.89927 -12.1981
      vertex -121.913 7.89927 5.30192
      vertex -121.92 7.57212 5.30192
    endloop
  endfacet
  facet normal 0.999762 -0.0218128 0
    outer loop
      vertex -121.913 7.89927 -12.1981
      vertex -121.92 7.57212 5.30192
      vertex -121.92 7.57212 -12.1981
    endloop
  endfacet
  facet normal 0.99786 -0.0653929 0
    outer loop
      vertex -121.92 7.57212 5.30192
      vertex -121.941 7.2456 5.30192
      vertex -121.92 7.57212 -12.1981
    endloop
  endfacet
  facet normal 0.99786 -0.0653929 0
    outer loop
      vertex -121.92 7.57212 -12.1981
      vertex -121.941 7.2456 5.30192
      vertex -121.941 7.2456 -12.1981
    endloop
  endfacet
  facet normal 0.994055 -0.108882 0
    outer loop
      vertex -121.941 7.2456 5.30192
      vertex -121.977 6.92032 5.30192
      vertex -121.941 7.2456 -12.1981
    endloop
  endfacet
  facet normal 0.994055 -0.108882 0
    outer loop
      vertex -121.941 7.2456 -12.1981
      vertex -121.977 6.92032 5.30192
      vertex -121.977 6.92032 -12.1981
    endloop
  endfacet
  facet normal 0.988362 -0.15212 0
    outer loop
      vertex -121.977 6.92032 5.30192
      vertex -122.027 6.59691 5.30192
      vertex -121.977 6.92032 -12.1981
    endloop
  endfacet
  facet normal 0.988362 -0.15212 0
    outer loop
      vertex -121.977 6.92032 -12.1981
      vertex -122.027 6.59691 5.30192
      vertex -122.027 6.59691 -12.1981
    endloop
  endfacet
  facet normal 0.980786 -0.195086 0
    outer loop
      vertex -122.027 6.59691 5.30192
      vertex -122.091 6.27597 5.30192
      vertex -122.027 6.59691 -12.1981
    endloop
  endfacet
  facet normal 0.980786 -0.195086 0
    outer loop
      vertex -122.027 6.59691 -12.1981
      vertex -122.091 6.27597 5.30192
      vertex -122.091 6.27597 -12.1981
    endloop
  endfacet
  facet normal 0.971342 -0.237686 0
    outer loop
      vertex -122.091 6.27597 5.30192
      vertex -122.168 5.95813 5.30192
      vertex -122.091 6.27597 -12.1981
    endloop
  endfacet
  facet normal 0.971342 -0.237686 0
    outer loop
      vertex -122.091 6.27597 -12.1981
      vertex -122.168 5.95813 5.30192
      vertex -122.168 5.95813 -12.1981
    endloop
  endfacet
  facet normal 0.960049 -0.279832 0
    outer loop
      vertex -122.168 5.95813 5.30192
      vertex -122.26 5.64397 5.30192
      vertex -122.168 5.95813 -12.1981
    endloop
  endfacet
  facet normal 0.960049 -0.279832 0
    outer loop
      vertex -122.168 5.95813 -12.1981
      vertex -122.26 5.64397 5.30192
      vertex -122.26 5.64397 -12.1981
    endloop
  endfacet
  facet normal 0.946933 -0.321432 0
    outer loop
      vertex -122.26 5.64397 5.30192
      vertex -122.365 5.33412 5.30192
      vertex -122.26 5.64397 -12.1981
    endloop
  endfacet
  facet normal 0.946933 -0.321432 0
    outer loop
      vertex -122.26 5.64397 -12.1981
      vertex -122.365 5.33412 5.30192
      vertex -122.365 5.33412 -12.1981
    endloop
  endfacet
  facet normal 0.932008 -0.362439 0
    outer loop
      vertex -122.365 5.33412 5.30192
      vertex -122.484 5.02914 5.30192
      vertex -122.365 5.33412 -12.1981
    endloop
  endfacet
  facet normal 0.932008 -0.362439 0
    outer loop
      vertex -122.365 5.33412 -12.1981
      vertex -122.484 5.02914 5.30192
      vertex -122.484 5.02914 -12.1981
    endloop
  endfacet
  facet normal 0.915314 -0.402741 0
    outer loop
      vertex -122.484 5.02914 5.30192
      vertex -122.616 4.72963 5.30192
      vertex -122.484 5.02914 -12.1981
    endloop
  endfacet
  facet normal 0.915314 -0.402741 0
    outer loop
      vertex -122.484 5.02914 -12.1981
      vertex -122.616 4.72963 5.30192
      vertex -122.616 4.72963 -12.1981
    endloop
  endfacet
  facet normal 0.896872 -0.44229 0
    outer loop
      vertex -122.616 4.72963 5.30192
      vertex -122.76 4.43615 5.30192
      vertex -122.616 4.72963 -12.1981
    endloop
  endfacet
  facet normal 0.896872 -0.44229 0
    outer loop
      vertex -122.616 4.72963 -12.1981
      vertex -122.76 4.43615 5.30192
      vertex -122.76 4.43615 -12.1981
    endloop
  endfacet
  facet normal 0.876723 -0.480995 0
    outer loop
      vertex -122.76 4.43615 5.30192
      vertex -122.918 4.14927 5.30192
      vertex -122.76 4.43615 -12.1981
    endloop
  endfacet
  facet normal 0.876723 -0.480995 0
    outer loop
      vertex -122.76 4.43615 -12.1981
      vertex -122.918 4.14927 5.30192
      vertex -122.918 4.14927 -12.1981
    endloop
  endfacet
  facet normal 0.854913 -0.518772 0
    outer loop
      vertex -122.918 4.14927 5.30192
      vertex -123.087 3.86952 5.30192
      vertex -122.918 4.14927 -12.1981
    endloop
  endfacet
  facet normal 0.854913 -0.518772 0
    outer loop
      vertex -122.918 4.14927 -12.1981
      vertex -123.087 3.86952 5.30192
      vertex -123.087 3.86952 -12.1981
    endloop
  endfacet
  facet normal 0.831472 -0.555567 0
    outer loop
      vertex -123.087 3.86952 5.30192
      vertex -123.269 3.59745 5.30192
      vertex -123.087 3.86952 -12.1981
    endloop
  endfacet
  facet normal 0.831472 -0.555567 0
    outer loop
      vertex -123.087 3.86952 -12.1981
      vertex -123.269 3.59745 5.30192
      vertex -123.269 3.59745 -12.1981
    endloop
  endfacet
  facet normal 0.806442 -0.591313 0
    outer loop
      vertex -123.269 3.59745 5.30192
      vertex -123.463 3.33356 5.30192
      vertex -123.269 3.59745 -12.1981
    endloop
  endfacet
  facet normal 0.806442 -0.591313 0
    outer loop
      vertex -123.269 3.59745 -12.1981
      vertex -123.463 3.33356 5.30192
      vertex -123.463 3.33356 -12.1981
    endloop
  endfacet
  facet normal 0.779885 -0.625923 0
    outer loop
      vertex -123.463 3.33356 5.30192
      vertex -123.668 3.07836 5.30192
      vertex -123.463 3.33356 -12.1981
    endloop
  endfacet
  facet normal 0.779885 -0.625923 0
    outer loop
      vertex -123.463 3.33356 -12.1981
      vertex -123.668 3.07836 5.30192
      vertex -123.668 3.07836 -12.1981
    endloop
  endfacet
  facet normal 0.751839 -0.659347 0
    outer loop
      vertex -123.668 3.07836 5.30192
      vertex -123.883 2.83234 5.30192
      vertex -123.668 3.07836 -12.1981
    endloop
  endfacet
  facet normal 0.751839 -0.659347 0
    outer loop
      vertex -123.668 3.07836 -12.1981
      vertex -123.883 2.83234 5.30192
      vertex -123.883 2.83234 -12.1981
    endloop
  endfacet
  facet normal 0.72236 -0.691517 0
    outer loop
      vertex -123.883 2.83234 5.30192
      vertex -124.11 2.59597 5.30192
      vertex -123.883 2.83234 -12.1981
    endloop
  endfacet
  facet normal 0.72236 -0.691517 0
    outer loop
      vertex -123.883 2.83234 -12.1981
      vertex -124.11 2.59597 5.30192
      vertex -124.11 2.59597 -12.1981
    endloop
  endfacet
  facet normal 0.69152 -0.722357 0
    outer loop
      vertex -124.11 2.59597 5.30192
      vertex -124.346 2.36969 5.30192
      vertex -124.11 2.59597 -12.1981
    endloop
  endfacet
  facet normal 0.69152 -0.722357 0
    outer loop
      vertex -124.11 2.59597 -12.1981
      vertex -124.346 2.36969 5.30192
      vertex -124.346 2.36969 -12.1981
    endloop
  endfacet
  facet normal 0.659348 -0.751838 0
    outer loop
      vertex -124.346 2.36969 5.30192
      vertex -124.592 2.15394 5.30192
      vertex -124.346 2.36969 -12.1981
    endloop
  endfacet
  facet normal 0.659348 -0.751838 0
    outer loop
      vertex -124.346 2.36969 -12.1981
      vertex -124.592 2.15394 5.30192
      vertex -124.592 2.15394 -12.1981
    endloop
  endfacet
  facet normal 0.625922 -0.779886 0
    outer loop
      vertex -124.592 2.15394 5.30192
      vertex -124.847 1.94912 5.30192
      vertex -124.592 2.15394 -12.1981
    endloop
  endfacet
  facet normal 0.625922 -0.779886 0
    outer loop
      vertex -124.592 2.15394 -12.1981
      vertex -124.847 1.94912 5.30192
      vertex -124.847 1.94912 -12.1981
    endloop
  endfacet
  facet normal 0.591314 -0.806442 0
    outer loop
      vertex -124.847 1.94912 5.30192
      vertex -125.111 1.75563 5.30192
      vertex -124.847 1.94912 -12.1981
    endloop
  endfacet
  facet normal 0.591314 -0.806442 0
    outer loop
      vertex -124.847 1.94912 -12.1981
      vertex -125.111 1.75563 5.30192
      vertex -125.111 1.75563 -12.1981
    endloop
  endfacet
  facet normal 0.555565 -0.831473 0
    outer loop
      vertex -125.111 1.75563 5.30192
      vertex -125.383 1.57383 5.30192
      vertex -125.111 1.75563 -12.1981
    endloop
  endfacet
  facet normal 0.555565 -0.831473 0
    outer loop
      vertex -125.111 1.75563 -12.1981
      vertex -125.383 1.57383 5.30192
      vertex -125.383 1.57383 -12.1981
    endloop
  endfacet
  facet normal 0.518763 -0.854918 0
    outer loop
      vertex -125.383 1.57383 5.30192
      vertex -125.663 1.40408 5.30192
      vertex -125.383 1.57383 -12.1981
    endloop
  endfacet
  facet normal 0.518763 -0.854918 0
    outer loop
      vertex -125.383 1.57383 -12.1981
      vertex -125.663 1.40408 5.30192
      vertex -125.663 1.40408 -12.1981
    endloop
  endfacet
  facet normal 0.480999 -0.876721 0
    outer loop
      vertex -125.663 1.40408 5.30192
      vertex -125.95 1.24669 5.30192
      vertex -125.663 1.40408 -12.1981
    endloop
  endfacet
  facet normal 0.480999 -0.876721 0
    outer loop
      vertex -125.663 1.40408 -12.1981
      vertex -125.95 1.24669 5.30192
      vertex -125.95 1.24669 -12.1981
    endloop
  endfacet
  facet normal 0.442288 -0.896873 0
    outer loop
      vertex -125.95 1.24669 5.30192
      vertex -126.243 1.10196 5.30192
      vertex -125.95 1.24669 -12.1981
    endloop
  endfacet
  facet normal 0.442288 -0.896873 0
    outer loop
      vertex -125.95 1.24669 -12.1981
      vertex -126.243 1.10196 5.30192
      vertex -126.243 1.10196 -12.1981
    endloop
  endfacet
  facet normal 0.402744 -0.915313 0
    outer loop
      vertex -126.243 1.10196 5.30192
      vertex -126.543 0.970172 5.30192
      vertex -126.243 1.10196 -12.1981
    endloop
  endfacet
  facet normal 0.402744 -0.915313 0
    outer loop
      vertex -126.243 1.10196 -12.1981
      vertex -126.543 0.970172 5.30192
      vertex -126.543 0.970172 -12.1981
    endloop
  endfacet
  facet normal 0.362446 -0.932005 0
    outer loop
      vertex -126.543 0.970172 5.30192
      vertex -126.848 0.851574 5.30192
      vertex -126.543 0.970172 -12.1981
    endloop
  endfacet
  facet normal 0.362446 -0.932005 0
    outer loop
      vertex -126.543 0.970172 -12.1981
      vertex -126.848 0.851574 5.30192
      vertex -126.848 0.851574 -12.1981
    endloop
  endfacet
  facet normal 0.321428 -0.946934 0
    outer loop
      vertex -126.848 0.851574 5.30192
      vertex -127.158 0.746391 5.30192
      vertex -126.848 0.851574 -12.1981
    endloop
  endfacet
  facet normal 0.321428 -0.946934 0
    outer loop
      vertex -126.848 0.851574 -12.1981
      vertex -127.158 0.746391 5.30192
      vertex -127.158 0.746391 -12.1981
    endloop
  endfacet
  facet normal 0.279833 -0.960049 0
    outer loop
      vertex -127.158 0.746391 5.30192
      vertex -127.472 0.654825 5.30192
      vertex -127.158 0.746391 -12.1981
    endloop
  endfacet
  facet normal 0.279833 -0.960049 0
    outer loop
      vertex -127.158 0.746391 -12.1981
      vertex -127.472 0.654825 5.30192
      vertex -127.472 0.654825 -12.1981
    endloop
  endfacet
  facet normal 0.237689 -0.971341 0
    outer loop
      vertex -127.472 0.654825 5.30192
      vertex -127.79 0.577048 5.30192
      vertex -127.472 0.654825 -12.1981
    endloop
  endfacet
  facet normal 0.237689 -0.971341 0
    outer loop
      vertex -127.472 0.654825 -12.1981
      vertex -127.79 0.577048 5.30192
      vertex -127.79 0.577048 -12.1981
    endloop
  endfacet
  facet normal 0.195087 -0.980786 0
    outer loop
      vertex -127.79 0.577048 5.30192
      vertex -128.111 0.51321 5.30192
      vertex -127.79 0.577048 -12.1981
    endloop
  endfacet
  facet normal 0.195087 -0.980786 0
    outer loop
      vertex -127.79 0.577048 -12.1981
      vertex -128.111 0.51321 5.30192
      vertex -128.111 0.51321 -12.1981
    endloop
  endfacet
  facet normal 0.152123 -0.988362 0
    outer loop
      vertex -128.111 0.51321 5.30192
      vertex -128.434 0.463432 5.30192
      vertex -128.111 0.51321 -12.1981
    endloop
  endfacet
  facet normal 0.152123 -0.988362 0
    outer loop
      vertex -128.111 0.51321 -12.1981
      vertex -128.434 0.463432 5.30192
      vertex -128.434 0.463432 -12.1981
    endloop
  endfacet
  facet normal 0.108867 -0.994056 0
    outer loop
      vertex -128.434 0.463432 5.30192
      vertex -128.759 0.427808 5.30192
      vertex -128.434 0.463432 -12.1981
    endloop
  endfacet
  facet normal 0.108867 -0.994056 0
    outer loop
      vertex -128.434 0.463432 -12.1981
      vertex -128.759 0.427808 5.30192
      vertex -128.759 0.427808 -12.1981
    endloop
  endfacet
  facet normal 0.0654048 -0.997859 0
    outer loop
      vertex -128.759 0.427808 5.30192
      vertex -129.086 0.406407 5.30192
      vertex -128.759 0.427808 -12.1981
    endloop
  endfacet
  facet normal 0.0654048 -0.997859 0
    outer loop
      vertex -128.759 0.427808 -12.1981
      vertex -129.086 0.406407 5.30192
      vertex -129.086 0.406407 -12.1981
    endloop
  endfacet
  facet normal 0.0218143 -0.999762 0
    outer loop
      vertex -129.086 0.406407 5.30192
      vertex -129.413 0.399268 5.30192
      vertex -129.086 0.406407 -12.1981
    endloop
  endfacet
  facet normal 0.0218143 -0.999762 0
    outer loop
      vertex -129.086 0.406407 -12.1981
      vertex -129.413 0.399268 5.30192
      vertex -129.413 0.399268 -12.1981
    endloop
  endfacet
  facet normal 0 -1 0
    outer loop
      vertex -31.9129 7.89927 5.30192
      vertex -121.913 7.89927 5.30192
      vertex -31.9129 7.89927 -12.1981
    endloop
  endfacet
  facet normal 0 -1 0
    outer loop
      vertex -121.913 7.89927 5.30192
      vertex -121.913 7.89927 -12.1981
      vertex -31.9129 7.89927 -12.1981
    endloop
  endfacet
  facet normal 1 0 0
    outer loop
      vertex -129.413 0.399268 -12.1981
      vertex -129.413 0.399268 5.30192
      vertex -129.413 -54.6007 -12.1981
    endloop
  endfacet
  facet normal 1 0 0
    outer loop
      vertex -129.413 0.399268 5.30192
      vertex -129.413 -54.6007 5.30192
      vertex -129.413 -54.6007 -12.1981
    endloop
  endfacet
  facet normal 0.0218122 0.999762 0
    outer loop
      vertex -129.413 -54.6007 -12.1981
      vertex -129.413 -54.6007 5.30192
      vertex -129.086 -54.6079 5.30192
    endloop
  endfacet
  facet normal 0.0218122 0.999762 0
    outer loop
      vertex -129.413 -54.6007 -12.1981
      vertex -129.086 -54.6079 5.30192
      vertex -129.086 -54.6079 -12.1981
    endloop
  endfacet
  facet normal 0.0654059 0.997859 0
    outer loop
      vertex -129.086 -54.6079 5.30192
      vertex -128.759 -54.6293 5.30192
      vertex -129.086 -54.6079 -12.1981
    endloop
  endfacet
  facet normal 0.0654059 0.997859 0
    outer loop
      vertex -129.086 -54.6079 -12.1981
      vertex -128.759 -54.6293 5.30192
      vertex -128.759 -54.6293 -12.1981
    endloop
  endfacet
  facet normal 0.108871 0.994056 0
    outer loop
      vertex -128.759 -54.6293 5.30192
      vertex -128.434 -54.6649 5.30192
      vertex -128.759 -54.6293 -12.1981
    endloop
  endfacet
  facet normal 0.108871 0.994056 0
    outer loop
      vertex -128.759 -54.6293 -12.1981
      vertex -128.434 -54.6649 5.30192
      vertex -128.434 -54.6649 -12.1981
    endloop
  endfacet
  facet normal 0.15212 0.988362 0
    outer loop
      vertex -128.434 -54.6649 5.30192
      vertex -128.111 -54.7147 5.30192
      vertex -128.434 -54.6649 -12.1981
    endloop
  endfacet
  facet normal 0.15212 0.988362 0
    outer loop
      vertex -128.434 -54.6649 -12.1981
      vertex -128.111 -54.7147 5.30192
      vertex -128.111 -54.7147 -12.1981
    endloop
  endfacet
  facet normal 0.195094 0.980785 0
    outer loop
      vertex -128.111 -54.7147 5.30192
      vertex -127.79 -54.7785 5.30192
      vertex -128.111 -54.7147 -12.1981
    endloop
  endfacet
  facet normal 0.195094 0.980785 0
    outer loop
      vertex -128.111 -54.7147 -12.1981
      vertex -127.79 -54.7785 5.30192
      vertex -127.79 -54.7785 -12.1981
    endloop
  endfacet
  facet normal 0.237689 0.971341 0
    outer loop
      vertex -127.79 -54.7785 5.30192
      vertex -127.472 -54.8563 5.30192
      vertex -127.79 -54.7785 -12.1981
    endloop
  endfacet
  facet normal 0.237689 0.971341 0
    outer loop
      vertex -127.79 -54.7785 -12.1981
      vertex -127.472 -54.8563 5.30192
      vertex -127.472 -54.8563 -12.1981
    endloop
  endfacet
  facet normal 0.279825 0.960051 0
    outer loop
      vertex -127.472 -54.8563 5.30192
      vertex -127.158 -54.9479 5.30192
      vertex -127.472 -54.8563 -12.1981
    endloop
  endfacet
  facet normal 0.279825 0.960051 0
    outer loop
      vertex -127.472 -54.8563 -12.1981
      vertex -127.158 -54.9479 5.30192
      vertex -127.158 -54.9479 -12.1981
    endloop
  endfacet
  facet normal 0.321431 0.946933 0
    outer loop
      vertex -127.158 -54.9479 5.30192
      vertex -126.848 -55.053 5.30192
      vertex -127.158 -54.9479 -12.1981
    endloop
  endfacet
  facet normal 0.321431 0.946933 0
    outer loop
      vertex -127.158 -54.9479 -12.1981
      vertex -126.848 -55.053 5.30192
      vertex -126.848 -55.053 -12.1981
    endloop
  endfacet
  facet normal 0.362446 0.932005 0
    outer loop
      vertex -126.848 -55.053 5.30192
      vertex -126.543 -55.1716 5.30192
      vertex -126.848 -55.053 -12.1981
    endloop
  endfacet
  facet normal 0.362446 0.932005 0
    outer loop
      vertex -126.848 -55.053 -12.1981
      vertex -126.543 -55.1716 5.30192
      vertex -126.543 -55.1716 -12.1981
    endloop
  endfacet
  facet normal 0.402748 0.915311 0
    outer loop
      vertex -126.543 -55.1716 5.30192
      vertex -126.243 -55.3034 5.30192
      vertex -126.543 -55.1716 -12.1981
    endloop
  endfacet
  facet normal 0.402748 0.915311 0
    outer loop
      vertex -126.543 -55.1716 -12.1981
      vertex -126.243 -55.3034 5.30192
      vertex -126.243 -55.3034 -12.1981
    endloop
  endfacet
  facet normal 0.442289 0.896873 0
    outer loop
      vertex -126.243 -55.3034 5.30192
      vertex -125.95 -55.4482 5.30192
      vertex -126.243 -55.3034 -12.1981
    endloop
  endfacet
  facet normal 0.442289 0.896873 0
    outer loop
      vertex -126.243 -55.3034 -12.1981
      vertex -125.95 -55.4482 5.30192
      vertex -125.95 -55.4482 -12.1981
    endloop
  endfacet
  facet normal 0.480997 0.876722 0
    outer loop
      vertex -125.95 -55.4482 5.30192
      vertex -125.663 -55.6055 5.30192
      vertex -125.95 -55.4482 -12.1981
    endloop
  endfacet
  facet normal 0.480997 0.876722 0
    outer loop
      vertex -125.95 -55.4482 -12.1981
      vertex -125.663 -55.6055 5.30192
      vertex -125.663 -55.6055 -12.1981
    endloop
  endfacet
  facet normal 0.518762 0.854919 0
    outer loop
      vertex -125.663 -55.6055 5.30192
      vertex -125.383 -55.7753 5.30192
      vertex -125.663 -55.6055 -12.1981
    endloop
  endfacet
  facet normal 0.518762 0.854919 0
    outer loop
      vertex -125.663 -55.6055 -12.1981
      vertex -125.383 -55.7753 5.30192
      vertex -125.383 -55.7753 -12.1981
    endloop
  endfacet
  facet normal 0.555562 0.831475 0
    outer loop
      vertex -125.383 -55.7753 5.30192
      vertex -125.111 -55.9571 5.30192
      vertex -125.383 -55.7753 -12.1981
    endloop
  endfacet
  facet normal 0.555562 0.831475 0
    outer loop
      vertex -125.383 -55.7753 -12.1981
      vertex -125.111 -55.9571 5.30192
      vertex -125.111 -55.9571 -12.1981
    endloop
  endfacet
  facet normal 0.591316 0.80644 0
    outer loop
      vertex -125.111 -55.9571 5.30192
      vertex -124.847 -56.1506 5.30192
      vertex -125.111 -55.9571 -12.1981
    endloop
  endfacet
  facet normal 0.591316 0.80644 0
    outer loop
      vertex -125.111 -55.9571 -12.1981
      vertex -124.847 -56.1506 5.30192
      vertex -124.847 -56.1506 -12.1981
    endloop
  endfacet
  facet normal 0.625922 0.779886 0
    outer loop
      vertex -124.847 -56.1506 5.30192
      vertex -124.592 -56.3554 5.30192
      vertex -124.847 -56.1506 -12.1981
    endloop
  endfacet
  facet normal 0.625922 0.779886 0
    outer loop
      vertex -124.847 -56.1506 -12.1981
      vertex -124.592 -56.3554 5.30192
      vertex -124.592 -56.3554 -12.1981
    endloop
  endfacet
  facet normal 0.659349 0.751837 0
    outer loop
      vertex -124.592 -56.3554 5.30192
      vertex -124.346 -56.5712 5.30192
      vertex -124.592 -56.3554 -12.1981
    endloop
  endfacet
  facet normal 0.659349 0.751837 0
    outer loop
      vertex -124.592 -56.3554 -12.1981
      vertex -124.346 -56.5712 5.30192
      vertex -124.346 -56.5712 -12.1981
    endloop
  endfacet
  facet normal 0.691518 0.722359 0
    outer loop
      vertex -124.346 -56.5712 5.30192
      vertex -124.11 -56.7974 5.30192
      vertex -124.346 -56.5712 -12.1981
    endloop
  endfacet
  facet normal 0.691518 0.722359 0
    outer loop
      vertex -124.346 -56.5712 -12.1981
      vertex -124.11 -56.7974 5.30192
      vertex -124.11 -56.7974 -12.1981
    endloop
  endfacet
  facet normal 0.722359 0.691518 0
    outer loop
      vertex -124.11 -56.7974 5.30192
      vertex -123.883 -57.0338 5.30192
      vertex -124.11 -56.7974 -12.1981
    endloop
  endfacet
  facet normal 0.722359 0.691518 0
    outer loop
      vertex -124.11 -56.7974 -12.1981
      vertex -123.883 -57.0338 5.30192
      vertex -123.883 -57.0338 -12.1981
    endloop
  endfacet
  facet normal 0.751842 0.659343 0
    outer loop
      vertex -123.883 -57.0338 5.30192
      vertex -123.668 -57.2798 5.30192
      vertex -123.883 -57.0338 -12.1981
    endloop
  endfacet
  facet normal 0.751842 0.659343 0
    outer loop
      vertex -123.883 -57.0338 -12.1981
      vertex -123.668 -57.2798 5.30192
      vertex -123.668 -57.2798 -12.1981
    endloop
  endfacet
  facet normal 0.779886 0.625922 0
    outer loop
      vertex -123.668 -57.2798 5.30192
      vertex -123.463 -57.535 5.30192
      vertex -123.668 -57.2798 -12.1981
    endloop
  endfacet
  facet normal 0.779886 0.625922 0
    outer loop
      vertex -123.668 -57.2798 -12.1981
      vertex -123.463 -57.535 5.30192
      vertex -123.463 -57.535 -12.1981
    endloop
  endfacet
  facet normal 0.80644 0.591316 0
    outer loop
      vertex -123.463 -57.535 5.30192
      vertex -123.269 -57.7989 5.30192
      vertex -123.463 -57.535 -12.1981
    endloop
  endfacet
  facet normal 0.80644 0.591316 0
    outer loop
      vertex -123.463 -57.535 -12.1981
      vertex -123.269 -57.7989 5.30192
      vertex -123.269 -57.7989 -12.1981
    endloop
  endfacet
  facet normal 0.831472 0.555567 0
    outer loop
      vertex -123.269 -57.7989 5.30192
      vertex -123.087 -58.071 5.30192
      vertex -123.269 -57.7989 -12.1981
    endloop
  endfacet
  facet normal 0.831472 0.555567 0
    outer loop
      vertex -123.269 -57.7989 -12.1981
      vertex -123.087 -58.071 5.30192
      vertex -123.087 -58.071 -12.1981
    endloop
  endfacet
  facet normal 0.854913 0.518772 0
    outer loop
      vertex -123.087 -58.071 5.30192
      vertex -122.918 -58.3507 5.30192
      vertex -123.087 -58.071 -12.1981
    endloop
  endfacet
  facet normal 0.854913 0.518772 0
    outer loop
      vertex -123.087 -58.071 -12.1981
      vertex -122.918 -58.3507 5.30192
      vertex -122.918 -58.3507 -12.1981
    endloop
  endfacet
  facet normal 0.876723 0.480996 0
    outer loop
      vertex -122.918 -58.3507 5.30192
      vertex -122.76 -58.6376 5.30192
      vertex -122.918 -58.3507 -12.1981
    endloop
  endfacet
  facet normal 0.876723 0.480996 0
    outer loop
      vertex -122.918 -58.3507 -12.1981
      vertex -122.76 -58.6376 5.30192
      vertex -122.76 -58.6376 -12.1981
    endloop
  endfacet
  facet normal 0.896873 0.442289 0
    outer loop
      vertex -122.76 -58.6376 5.30192
      vertex -122.616 -58.9311 5.30192
      vertex -122.76 -58.6376 -12.1981
    endloop
  endfacet
  facet normal 0.896873 0.442289 0
    outer loop
      vertex -122.76 -58.6376 -12.1981
      vertex -122.616 -58.9311 5.30192
      vertex -122.616 -58.9311 -12.1981
    endloop
  endfacet
  facet normal 0.915315 0.402739 0
    outer loop
      vertex -122.616 -58.9311 5.30192
      vertex -122.484 -59.2306 5.30192
      vertex -122.616 -58.9311 -12.1981
    endloop
  endfacet
  facet normal 0.915315 0.402739 0
    outer loop
      vertex -122.616 -58.9311 -12.1981
      vertex -122.484 -59.2306 5.30192
      vertex -122.484 -59.2306 -12.1981
    endloop
  endfacet
  facet normal 0.932008 0.362439 0
    outer loop
      vertex -122.484 -59.2306 5.30192
      vertex -122.365 -59.5356 5.30192
      vertex -122.484 -59.2306 -12.1981
    endloop
  endfacet
  facet normal 0.932008 0.362439 0
    outer loop
      vertex -122.484 -59.2306 -12.1981
      vertex -122.365 -59.5356 5.30192
      vertex -122.365 -59.5356 -12.1981
    endloop
  endfacet
  facet normal 0.946932 0.321435 0
    outer loop
      vertex -122.365 -59.5356 5.30192
      vertex -122.26 -59.8454 5.30192
      vertex -122.365 -59.5356 -12.1981
    endloop
  endfacet
  facet normal 0.946932 0.321435 0
    outer loop
      vertex -122.365 -59.5356 -12.1981
      vertex -122.26 -59.8454 5.30192
      vertex -122.26 -59.8454 -12.1981
    endloop
  endfacet
  facet normal 0.96005 0.27983 0
    outer loop
      vertex -122.26 -59.8454 5.30192
      vertex -122.168 -60.1596 5.30192
      vertex -122.26 -59.8454 -12.1981
    endloop
  endfacet
  facet normal 0.96005 0.27983 0
    outer loop
      vertex -122.26 -59.8454 -12.1981
      vertex -122.168 -60.1596 5.30192
      vertex -122.168 -60.1596 -12.1981
    endloop
  endfacet
  facet normal 0.971342 0.237687 0
    outer loop
      vertex -122.168 -60.1596 5.30192
      vertex -122.091 -60.4774 5.30192
      vertex -122.168 -60.1596 -12.1981
    endloop
  endfacet
  facet normal 0.971342 0.237687 0
    outer loop
      vertex -122.168 -60.1596 -12.1981
      vertex -122.091 -60.4774 5.30192
      vertex -122.091 -60.4774 -12.1981
    endloop
  endfacet
  facet normal 0.980786 0.195087 0
    outer loop
      vertex -122.091 -60.4774 5.30192
      vertex -122.027 -60.7984 5.30192
      vertex -122.091 -60.4774 -12.1981
    endloop
  endfacet
  facet normal 0.980786 0.195087 0
    outer loop
      vertex -122.091 -60.4774 -12.1981
      vertex -122.027 -60.7984 5.30192
      vertex -122.027 -60.7984 -12.1981
    endloop
  endfacet
  facet normal 0.988362 0.15212 0
    outer loop
      vertex -122.027 -60.7984 5.30192
      vertex -121.977 -61.1218 5.30192
      vertex -122.027 -60.7984 -12.1981
    endloop
  endfacet
  facet normal 0.988362 0.15212 0
    outer loop
      vertex -122.027 -60.7984 -12.1981
      vertex -121.977 -61.1218 5.30192
      vertex -121.977 -61.1218 -12.1981
    endloop
  endfacet
  facet normal 0.994055 0.108882 0
    outer loop
      vertex -121.977 -61.1218 5.30192
      vertex -121.941 -61.4471 5.30192
      vertex -121.977 -61.1218 -12.1981
    endloop
  endfacet
  facet normal 0.994055 0.108882 0
    outer loop
      vertex -121.977 -61.1218 -12.1981
      vertex -121.941 -61.4471 5.30192
      vertex -121.941 -61.4471 -12.1981
    endloop
  endfacet
  facet normal 0.99786 0.0653924 0
    outer loop
      vertex -121.941 -61.4471 5.30192
      vertex -121.92 -61.7736 5.30192
      vertex -121.941 -61.4471 -12.1981
    endloop
  endfacet
  facet normal 0.99786 0.0653924 0
    outer loop
      vertex -121.941 -61.4471 -12.1981
      vertex -121.92 -61.7736 5.30192
      vertex -121.92 -61.7736 -12.1981
    endloop
  endfacet
  facet normal 0.999762 0.0218129 0
    outer loop
      vertex -121.92 -61.7736 5.30192
      vertex -121.913 -62.1007 5.30192
      vertex -121.92 -61.7736 -12.1981
    endloop
  endfacet
  facet normal 0.999762 0.0218129 0
    outer loop
      vertex -121.92 -61.7736 -12.1981
      vertex -121.913 -62.1007 5.30192
      vertex -121.913 -62.1007 -12.1981
    endloop
  endfacet
  facet normal 0 0 -1
    outer loop
      vertex -121.913 -62.1007 5.30192
      vertex -121.92 -61.7736 5.30192
      vertex -67.3886 -38.3002 5.30192
    endloop
  endfacet
  facet normal 0 0 -1
    outer loop
      vertex -121.92 -61.7736 5.30192
      vertex -121.941 -61.4471 5.30192
      vertex -67.3886 -38.3002 5.30192
    endloop
  endfacet
  facet normal 0 0 -1
    outer loop
      vertex -67.3886 -38.3002 5.30192
      vertex -121.941 -61.4471 5.30192
      vertex -121.977 -61.1218 5.30192
    endloop
  endfacet
  facet normal 0 0 -1
    outer loop
      vertex -121.941 7.2456 5.30192
      vertex -121.92 7.57212 5.30192
      vertex -67.3886 1.69983 5.30192
    endloop
  endfacet
  facet normal 0 0 -1
    outer loop
      vertex -67.3886 -38.3002 5.30192
      vertex -52.3886 -38.3002 5.30192
      vertex -31.342 -59.2306 5.30192
    endloop
  endfacet
  facet normal 0 0 -1
    outer loop
      vertex -122.168 5.95813 5.30192
      vertex -122.091 6.27597 5.30192
      vertex -67.3886 1.69983 5.30192
    endloop
  endfacet
  facet normal 0 0 -1
    outer loop
      vertex -31.6574 -60.1596 5.30192
      vertex -121.913 -62.1007 5.30192
      vertex -31.5658 -59.8454 5.30192
    endloop
  endfacet
  facet normal 0 0 -1
    outer loop
      vertex -121.913 -62.1007 5.30192
      vertex -67.3886 -38.3002 5.30192
      vertex -31.5658 -59.8454 5.30192
    endloop
  endfacet
  facet normal 0 0 -1
    outer loop
      vertex -31.5658 -59.8454 5.30192
      vertex -67.3886 -38.3002 5.30192
      vertex -31.4606 -59.5356 5.30192
    endloop
  endfacet
  facet normal 0 0 -1
    outer loop
      vertex -67.3886 -38.3002 5.30192
      vertex -31.342 -59.2306 5.30192
      vertex -31.4606 -59.5356 5.30192
    endloop
  endfacet
  facet normal 0 0 -1
    outer loop
      vertex -31.6574 -60.1596 5.30192
      vertex -31.7351 -60.4774 5.30192
      vertex -121.913 -62.1007 5.30192
    endloop
  endfacet
  facet normal 0 0 -1
    outer loop
      vertex -31.7351 -60.4774 5.30192
      vertex -31.799 -60.7984 5.30192
      vertex -121.913 -62.1007 5.30192
    endloop
  endfacet
  facet normal 0 0 -1
    outer loop
      vertex -121.913 -62.1007 5.30192
      vertex -31.799 -60.7984 5.30192
      vertex -31.8488 -61.1218 5.30192
    endloop
  endfacet
  facet normal 0 0 -1
    outer loop
      vertex -31.8488 -61.1218 5.30192
      vertex -31.8844 -61.4471 5.30192
      vertex -121.913 -62.1007 5.30192
    endloop
  endfacet
  facet normal 0 0 -1
    outer loop
      vertex -31.8844 -61.4471 5.30192
      vertex -31.9058 -61.7736 5.30192
      vertex -121.913 -62.1007 5.30192
    endloop
  endfacet
  facet normal 0 0 -1
    outer loop
      vertex -121.913 -62.1007 5.30192
      vertex -31.9058 -61.7736 5.30192
      vertex -31.9129 -62.1007 5.30192
    endloop
  endfacet
  facet normal 0 0 -1
    outer loop
      vertex -24.7401 -54.6079 5.30192
      vertex -27.283 0.970172 5.30192
      vertex -26.9781 0.851574 5.30192
    endloop
  endfacet
  facet normal 0 0 -1
    outer loop
      vertex -31.4606 5.33412 5.30192
      vertex -31.342 5.02914 5.30192
      vertex -52.3886 1.69983 5.30192
    endloop
  endfacet
  facet normal 0 0 -1
    outer loop
      vertex -26.3541 -54.8563 5.30192
      vertex -26.6682 -54.9479 5.30192
      vertex -52.3886 1.69983 5.30192
    endloop
  endfacet
  facet normal 0 0 -1
    outer loop
      vertex -26.6682 -54.9479 5.30192
      vertex -26.9781 -55.053 5.30192
      vertex -52.3886 1.69983 5.30192
    endloop
  endfacet
  facet normal 0 0 -1
    outer loop
      vertex -52.3886 1.69983 5.30192
      vertex -26.9781 -55.053 5.30192
      vertex -27.283 -55.1716 5.30192
    endloop
  endfacet
  facet normal 0 0 -1
    outer loop
      vertex -30.9081 -58.3507 5.30192
      vertex -31.0655 -58.6376 5.30192
      vertex -52.3886 -38.3002 5.30192
    endloop
  endfacet
  facet normal 0 0 -1
    outer loop
      vertex -31.0655 -58.6376 5.30192
      vertex -31.2102 -58.9311 5.30192
      vertex -52.3886 -38.3002 5.30192
    endloop
  endfacet
  facet normal 0 0 -1
    outer loop
      vertex -52.3886 -38.3002 5.30192
      vertex -31.2102 -58.9311 5.30192
      vertex -31.342 -59.2306 5.30192
    endloop
  endfacet
  facet normal 0 0 -1
    outer loop
      vertex -122.168 5.95813 5.30192
      vertex -67.3886 1.69983 5.30192
      vertex -122.26 5.64397 5.30192
    endloop
  endfacet
  facet normal 0 0 -1
    outer loop
      vertex -122.091 6.27597 5.30192
      vertex -122.027 6.59691 5.30192
      vertex -67.3886 1.69983 5.30192
    endloop
  endfacet
  facet normal 0 0 -1
    outer loop
      vertex -122.027 6.59691 5.30192
      vertex -121.977 6.92032 5.30192
      vertex -67.3886 1.69983 5.30192
    endloop
  endfacet
  facet normal 0 0 -1
    outer loop
      vertex -67.3886 1.69983 5.30192
      vertex -121.977 6.92032 5.30192
      vertex -121.941 7.2456 5.30192
    endloop
  endfacet
  facet normal 0 0 -1
    outer loop
      vertex -29.7162 -56.7974 5.30192
      vertex -52.3886 -38.3002 5.30192
      vertex -29.4798 -56.5712 5.30192
    endloop
  endfacet
  facet normal 0 0 -1
    outer loop
      vertex -52.3886 -38.3002 5.30192
      vertex -29.2338 -56.3554 5.30192
      vertex -29.4798 -56.5712 5.30192
    endloop
  endfacet
  facet normal 0 0 -1
    outer loop
      vertex -29.7162 -56.7974 5.30192
      vertex -29.9425 -57.0338 5.30192
      vertex -52.3886 -38.3002 5.30192
    endloop
  endfacet
  facet normal 0 0 -1
    outer loop
      vertex -29.9425 -57.0338 5.30192
      vertex -30.1582 -57.2798 5.30192
      vertex -52.3886 -38.3002 5.30192
    endloop
  endfacet
  facet normal 0 0 -1
    outer loop
      vertex -52.3886 -38.3002 5.30192
      vertex -30.1582 -57.2798 5.30192
      vertex -30.3631 -57.535 5.30192
    endloop
  endfacet
  facet normal 0 0 -1
    outer loop
      vertex -124.592 2.15394 5.30192
      vertex -67.3886 -38.3002 5.30192
      vertex -124.847 1.94912 5.30192
    endloop
  endfacet
  facet normal 0 0 -1
    outer loop
      vertex -67.3886 -38.3002 5.30192
      vertex -125.111 1.75563 5.30192
      vertex -124.847 1.94912 5.30192
    endloop
  endfacet
  facet normal 0 0 -1
    outer loop
      vertex -123.883 2.83234 5.30192
      vertex -123.668 3.07836 5.30192
      vertex -67.3886 -38.3002 5.30192
    endloop
  endfacet
  facet normal 0 0 -1
    outer loop
      vertex -123.668 3.07836 5.30192
      vertex -123.463 3.33356 5.30192
      vertex -67.3886 -38.3002 5.30192
    endloop
  endfacet
  facet normal 0 0 -1
    outer loop
      vertex -67.3886 -38.3002 5.30192
      vertex -123.463 3.33356 5.30192
      vertex -123.269 3.59745 5.30192
    endloop
  endfacet
  facet normal 0 0 -1
    outer loop
      vertex -123.269 3.59745 5.30192
      vertex -123.087 3.86952 5.30192
      vertex -67.3886 -38.3002 5.30192
    endloop
  endfacet
  facet normal 0 0 -1
    outer loop
      vertex -123.087 3.86952 5.30192
      vertex -122.918 4.14927 5.30192
      vertex -67.3886 -38.3002 5.30192
    endloop
  endfacet
  facet normal 0 0 -1
    outer loop
      vertex -67.3886 -38.3002 5.30192
      vertex -122.918 4.14927 5.30192
      vertex -67.3886 1.69983 5.30192
    endloop
  endfacet
  facet normal 0 0 -1
    outer loop
      vertex -122.918 4.14927 5.30192
      vertex -122.76 4.43615 5.30192
      vertex -67.3886 1.69983 5.30192
    endloop
  endfacet
  facet normal 0 0 -1
    outer loop
      vertex -67.3886 1.69983 5.30192
      vertex -122.76 4.43615 5.30192
      vertex -122.616 4.72963 5.30192
    endloop
  endfacet
  facet normal 0 0 -1
    outer loop
      vertex -30.9081 4.14927 5.30192
      vertex -30.7384 3.86952 5.30192
      vertex -52.3886 1.69983 5.30192
    endloop
  endfacet
  facet normal 0 0 -1
    outer loop
      vertex -30.3631 -57.535 5.30192
      vertex -30.5566 -57.7989 5.30192
      vertex -52.3886 -38.3002 5.30192
    endloop
  endfacet
  facet normal 0 0 -1
    outer loop
      vertex -30.5566 -57.7989 5.30192
      vertex -30.7384 -58.071 5.30192
      vertex -52.3886 -38.3002 5.30192
    endloop
  endfacet
  facet normal 0 0 -1
    outer loop
      vertex -52.3886 -38.3002 5.30192
      vertex -30.7384 -58.071 5.30192
      vertex -30.9081 -58.3507 5.30192
    endloop
  endfacet
  facet normal 0 0 -1
    outer loop
      vertex -121.977 -61.1218 5.30192
      vertex -122.027 -60.7984 5.30192
      vertex -67.3886 -38.3002 5.30192
    endloop
  endfacet
  facet normal 0 0 -1
    outer loop
      vertex -122.027 -60.7984 5.30192
      vertex -122.091 -60.4774 5.30192
      vertex -67.3886 -38.3002 5.30192
    endloop
  endfacet
  facet normal 0 0 -1
    outer loop
      vertex -67.3886 -38.3002 5.30192
      vertex -122.091 -60.4774 5.30192
      vertex -122.168 -60.1596 5.30192
    endloop
  endfacet
  facet normal 0 0 -1
    outer loop
      vertex -124.592 2.15394 5.30192
      vertex -124.346 2.36969 5.30192
      vertex -67.3886 -38.3002 5.30192
    endloop
  endfacet
  facet normal 0 0 -1
    outer loop
      vertex -124.346 2.36969 5.30192
      vertex -124.11 2.59597 5.30192
      vertex -67.3886 -38.3002 5.30192
    endloop
  endfacet
  facet normal 0 0 -1
    outer loop
      vertex -67.3886 -38.3002 5.30192
      vertex -124.11 2.59597 5.30192
      vertex -123.883 2.83234 5.30192
    endloop
  endfacet
  facet normal 0 0 -1
    outer loop
      vertex -122.616 4.72963 5.30192
      vertex -122.484 5.02914 5.30192
      vertex -67.3886 1.69983 5.30192
    endloop
  endfacet
  facet normal 0 0 -1
    outer loop
      vertex -122.484 5.02914 5.30192
      vertex -122.365 5.33412 5.30192
      vertex -67.3886 1.69983 5.30192
    endloop
  endfacet
  facet normal 0 0 -1
    outer loop
      vertex -67.3886 1.69983 5.30192
      vertex -122.365 5.33412 5.30192
      vertex -122.26 5.64397 5.30192
    endloop
  endfacet
  facet normal 0 0 -1
    outer loop
      vertex -24.7401 -54.6079 5.30192
      vertex -26.0362 0.577048 5.30192
      vertex -25.7153 0.51321 5.30192
    endloop
  endfacet
  facet normal 0 0 -1
    outer loop
      vertex -24.4129 0.399268 5.30192
      vertex -24.4129 -54.6007 5.30192
      vertex -24.7401 0.406407 5.30192
    endloop
  endfacet
  facet normal 0 0 -1
    outer loop
      vertex -24.4129 -54.6007 5.30192
      vertex -24.7401 -54.6079 5.30192
      vertex -24.7401 0.406407 5.30192
    endloop
  endfacet
  facet normal 0 0 -1
    outer loop
      vertex -27.283 -55.1716 5.30192
      vertex -27.5826 -55.3034 5.30192
      vertex -52.3886 1.69983 5.30192
    endloop
  endfacet
  facet normal 0 0 -1
    outer loop
      vertex -27.5826 -55.3034 5.30192
      vertex -27.876 -55.4482 5.30192
      vertex -52.3886 1.69983 5.30192
    endloop
  endfacet
  facet normal 0 0 -1
    outer loop
      vertex -52.3886 1.69983 5.30192
      vertex -27.876 -55.4482 5.30192
      vertex -28.1629 -55.6055 5.30192
    endloop
  endfacet
  facet normal 0 0 -1
    outer loop
      vertex -28.1629 -55.6055 5.30192
      vertex -28.4427 -55.7753 5.30192
      vertex -52.3886 1.69983 5.30192
    endloop
  endfacet
  facet normal 0 0 -1
    outer loop
      vertex -28.4427 -55.7753 5.30192
      vertex -28.7147 -55.9571 5.30192
      vertex -52.3886 1.69983 5.30192
    endloop
  endfacet
  facet normal 0 0 -1
    outer loop
      vertex -52.3886 1.69983 5.30192
      vertex -28.7147 -55.9571 5.30192
      vertex -52.3886 -38.3002 5.30192
    endloop
  endfacet
  facet normal 0 0 -1
    outer loop
      vertex -28.7147 -55.9571 5.30192
      vertex -28.9786 -56.1506 5.30192
      vertex -52.3886 -38.3002 5.30192
    endloop
  endfacet
  facet normal 0 0 -1
    outer loop
      vertex -52.3886 -38.3002 5.30192
      vertex -28.9786 -56.1506 5.30192
      vertex -29.2338 -56.3554 5.30192
    endloop
  endfacet
  facet normal 0 0 -1
    outer loop
      vertex -26.9781 0.851574 5.30192
      vertex -26.6682 0.746391 5.30192
      vertex -24.7401 -54.6079 5.30192
    endloop
  endfacet
  facet normal 0 0 -1
    outer loop
      vertex -26.6682 0.746391 5.30192
      vertex -26.3541 0.654825 5.30192
      vertex -24.7401 -54.6079 5.30192
    endloop
  endfacet
  facet normal 0 0 -1
    outer loop
      vertex -24.7401 -54.6079 5.30192
      vertex -26.3541 0.654825 5.30192
      vertex -26.0362 0.577048 5.30192
    endloop
  endfacet
  facet normal 0 0 -1
    outer loop
      vertex -25.7153 0.51321 5.30192
      vertex -25.3919 0.463432 5.30192
      vertex -24.7401 -54.6079 5.30192
    endloop
  endfacet
  facet normal 0 0 -1
    outer loop
      vertex -25.3919 0.463432 5.30192
      vertex -25.0666 0.427808 5.30192
      vertex -24.7401 -54.6079 5.30192
    endloop
  endfacet
  facet normal 0 0 -1
    outer loop
      vertex -24.7401 -54.6079 5.30192
      vertex -25.0666 0.427808 5.30192
      vertex -24.7401 0.406407 5.30192
    endloop
  endfacet
  facet normal 0 0 -1
    outer loop
      vertex -31.8844 7.2456 5.30192
      vertex -31.8488 6.92032 5.30192
      vertex -52.3886 1.69983 5.30192
    endloop
  endfacet
  facet normal 0 0 -1
    outer loop
      vertex -31.8488 6.92032 5.30192
      vertex -31.799 6.59691 5.30192
      vertex -52.3886 1.69983 5.30192
    endloop
  endfacet
  facet normal 0 0 -1
    outer loop
      vertex -52.3886 1.69983 5.30192
      vertex -31.799 6.59691 5.30192
      vertex -31.7351 6.27597 5.30192
    endloop
  endfacet
  facet normal 0 0 -1
    outer loop
      vertex -30.7384 3.86952 5.30192
      vertex -30.5566 3.59745 5.30192
      vertex -52.3886 1.69983 5.30192
    endloop
  endfacet
  facet normal 0 0 -1
    outer loop
      vertex -30.5566 3.59745 5.30192
      vertex -30.3631 3.33356 5.30192
      vertex -52.3886 1.69983 5.30192
    endloop
  endfacet
  facet normal 0 0 -1
    outer loop
      vertex -52.3886 1.69983 5.30192
      vertex -30.3631 3.33356 5.30192
      vertex -30.1582 3.07836 5.30192
    endloop
  endfacet
  facet normal 0 0 -1
    outer loop
      vertex -122.168 -60.1596 5.30192
      vertex -122.26 -59.8454 5.30192
      vertex -67.3886 -38.3002 5.30192
    endloop
  endfacet
  facet normal 0 0 -1
    outer loop
      vertex -122.26 -59.8454 5.30192
      vertex -122.365 -59.5356 5.30192
      vertex -67.3886 -38.3002 5.30192
    endloop
  endfacet
  facet normal 0 0 -1
    outer loop
      vertex -67.3886 -38.3002 5.30192
      vertex -122.365 -59.5356 5.30192
      vertex -122.484 -59.2306 5.30192
    endloop
  endfacet
  facet normal 0 0 -1
    outer loop
      vertex -122.484 -59.2306 5.30192
      vertex -122.616 -58.9311 5.30192
      vertex -67.3886 -38.3002 5.30192
    endloop
  endfacet
  facet normal 0 0 -1
    outer loop
      vertex -122.616 -58.9311 5.30192
      vertex -122.76 -58.6376 5.30192
      vertex -67.3886 -38.3002 5.30192
    endloop
  endfacet
  facet normal 0 0 -1
    outer loop
      vertex -67.3886 -38.3002 5.30192
      vertex -122.76 -58.6376 5.30192
      vertex -122.918 -58.3507 5.30192
    endloop
  endfacet
  facet normal 0 0 -1
    outer loop
      vertex -121.92 7.57212 5.30192
      vertex -121.913 7.89927 5.30192
      vertex -67.3886 1.69983 5.30192
    endloop
  endfacet
  facet normal 0 0 -1
    outer loop
      vertex -121.913 7.89927 5.30192
      vertex -31.9129 7.89927 5.30192
      vertex -67.3886 1.69983 5.30192
    endloop
  endfacet
  facet normal 0 0 -1
    outer loop
      vertex -67.3886 1.69983 5.30192
      vertex -31.9129 7.89927 5.30192
      vertex -52.3886 1.69983 5.30192
    endloop
  endfacet
  facet normal 0 0 -1
    outer loop
      vertex -31.9129 7.89927 5.30192
      vertex -31.9058 7.57212 5.30192
      vertex -52.3886 1.69983 5.30192
    endloop
  endfacet
  facet normal 0 0 -1
    outer loop
      vertex -52.3886 1.69983 5.30192
      vertex -31.9058 7.57212 5.30192
      vertex -31.8844 7.2456 5.30192
    endloop
  endfacet
  facet normal 0 0 -1
    outer loop
      vertex -31.7351 6.27597 5.30192
      vertex -31.6574 5.95813 5.30192
      vertex -52.3886 1.69983 5.30192
    endloop
  endfacet
  facet normal 0 0 -1
    outer loop
      vertex -31.6574 5.95813 5.30192
      vertex -31.5658 5.64397 5.30192
      vertex -52.3886 1.69983 5.30192
    endloop
  endfacet
  facet normal 0 0 -1
    outer loop
      vertex -52.3886 1.69983 5.30192
      vertex -31.5658 5.64397 5.30192
      vertex -31.4606 5.33412 5.30192
    endloop
  endfacet
  facet normal 0 0 -1
    outer loop
      vertex -31.342 5.02914 5.30192
      vertex -31.2102 4.72963 5.30192
      vertex -52.3886 1.69983 5.30192
    endloop
  endfacet
  facet normal 0 0 -1
    outer loop
      vertex -31.2102 4.72963 5.30192
      vertex -31.0655 4.43615 5.30192
      vertex -52.3886 1.69983 5.30192
    endloop
  endfacet
  facet normal 0 0 -1
    outer loop
      vertex -52.3886 1.69983 5.30192
      vertex -31.0655 4.43615 5.30192
      vertex -30.9081 4.14927 5.30192
    endloop
  endfacet
  facet normal 0 0 -1
    outer loop
      vertex -29.2338 2.15394 5.30192
      vertex -28.9786 1.94912 5.30192
      vertex -26.3541 -54.8563 5.30192
    endloop
  endfacet
  facet normal 0 0 -1
    outer loop
      vertex -28.9786 1.94912 5.30192
      vertex -28.7147 1.75563 5.30192
      vertex -26.3541 -54.8563 5.30192
    endloop
  endfacet
  facet normal 0 0 -1
    outer loop
      vertex -26.3541 -54.8563 5.30192
      vertex -28.7147 1.75563 5.30192
      vertex -26.0362 -54.7785 5.30192
    endloop
  endfacet
  facet normal 0 0 -1
    outer loop
      vertex -26.0362 -54.7785 5.30192
      vertex -28.7147 1.75563 5.30192
      vertex -25.7153 -54.7147 5.30192
    endloop
  endfacet
  facet normal 0 0 -1
    outer loop
      vertex -28.7147 1.75563 5.30192
      vertex -28.4427 1.57383 5.30192
      vertex -25.7153 -54.7147 5.30192
    endloop
  endfacet
  facet normal 0 0 -1
    outer loop
      vertex -25.7153 -54.7147 5.30192
      vertex -28.4427 1.57383 5.30192
      vertex -28.1629 1.40408 5.30192
    endloop
  endfacet
  facet normal 0 0 -1
    outer loop
      vertex -125.111 -55.9571 5.30192
      vertex -125.383 -55.7753 5.30192
      vertex -125.111 1.75563 5.30192
    endloop
  endfacet
  facet normal 0 0 -1
    outer loop
      vertex -125.383 -55.7753 5.30192
      vertex -125.663 -55.6055 5.30192
      vertex -125.111 1.75563 5.30192
    endloop
  endfacet
  facet normal 0 0 -1
    outer loop
      vertex -125.111 1.75563 5.30192
      vertex -125.663 -55.6055 5.30192
      vertex -125.95 -55.4482 5.30192
    endloop
  endfacet
  facet normal 0 0 -1
    outer loop
      vertex -125.111 1.75563 5.30192
      vertex -126.848 -55.053 5.30192
      vertex -127.158 -54.9479 5.30192
    endloop
  endfacet
  facet normal 0 0 -1
    outer loop
      vertex -127.158 -54.9479 5.30192
      vertex -127.472 -54.8563 5.30192
      vertex -125.111 1.75563 5.30192
    endloop
  endfacet
  facet normal 0 0 -1
    outer loop
      vertex -127.472 -54.8563 5.30192
      vertex -127.79 -54.7785 5.30192
      vertex -125.111 1.75563 5.30192
    endloop
  endfacet
  facet normal 0 0 -1
    outer loop
      vertex -125.111 1.75563 5.30192
      vertex -127.79 -54.7785 5.30192
      vertex -128.111 -54.7147 5.30192
    endloop
  endfacet
  facet normal 0 0 -1
    outer loop
      vertex -28.1629 1.40408 5.30192
      vertex -27.876 1.24669 5.30192
      vertex -25.7153 -54.7147 5.30192
    endloop
  endfacet
  facet normal 0 0 -1
    outer loop
      vertex -27.876 1.24669 5.30192
      vertex -27.5826 1.10196 5.30192
      vertex -25.7153 -54.7147 5.30192
    endloop
  endfacet
  facet normal 0 0 -1
    outer loop
      vertex -25.7153 -54.7147 5.30192
      vertex -27.5826 1.10196 5.30192
      vertex -25.3919 -54.6649 5.30192
    endloop
  endfacet
  facet normal 0 0 -1
    outer loop
      vertex -125.95 -55.4482 5.30192
      vertex -126.243 -55.3034 5.30192
      vertex -125.111 1.75563 5.30192
    endloop
  endfacet
  facet normal 0 0 -1
    outer loop
      vertex -126.243 -55.3034 5.30192
      vertex -126.543 -55.1716 5.30192
      vertex -125.111 1.75563 5.30192
    endloop
  endfacet
  facet normal 0 0 -1
    outer loop
      vertex -125.111 1.75563 5.30192
      vertex -126.543 -55.1716 5.30192
      vertex -126.848 -55.053 5.30192
    endloop
  endfacet
  facet normal 0 0 -1
    outer loop
      vertex -30.1582 3.07836 5.30192
      vertex -29.9425 2.83234 5.30192
      vertex -52.3886 1.69983 5.30192
    endloop
  endfacet
  facet normal 0 0 -1
    outer loop
      vertex -29.9425 2.83234 5.30192
      vertex -29.7162 2.59597 5.30192
      vertex -52.3886 1.69983 5.30192
    endloop
  endfacet
  facet normal 0 0 -1
    outer loop
      vertex -52.3886 1.69983 5.30192
      vertex -29.7162 2.59597 5.30192
      vertex -26.3541 -54.8563 5.30192
    endloop
  endfacet
  facet normal 0 0 -1
    outer loop
      vertex -29.7162 2.59597 5.30192
      vertex -29.4798 2.36969 5.30192
      vertex -26.3541 -54.8563 5.30192
    endloop
  endfacet
  facet normal 0 0 -1
    outer loop
      vertex -26.3541 -54.8563 5.30192
      vertex -29.4798 2.36969 5.30192
      vertex -29.2338 2.15394 5.30192
    endloop
  endfacet
  facet normal 0 0 -1
    outer loop
      vertex -122.918 -58.3507 5.30192
      vertex -123.087 -58.071 5.30192
      vertex -67.3886 -38.3002 5.30192
    endloop
  endfacet
  facet normal 0 0 -1
    outer loop
      vertex -123.087 -58.071 5.30192
      vertex -123.269 -57.7989 5.30192
      vertex -67.3886 -38.3002 5.30192
    endloop
  endfacet
  facet normal 0 0 -1
    outer loop
      vertex -67.3886 -38.3002 5.30192
      vertex -123.269 -57.7989 5.30192
      vertex -123.463 -57.535 5.30192
    endloop
  endfacet
  facet normal 0 0 -1
    outer loop
      vertex -123.463 -57.535 5.30192
      vertex -123.668 -57.2798 5.30192
      vertex -67.3886 -38.3002 5.30192
    endloop
  endfacet
  facet normal 0 0 -1
    outer loop
      vertex -123.668 -57.2798 5.30192
      vertex -123.883 -57.0338 5.30192
      vertex -67.3886 -38.3002 5.30192
    endloop
  endfacet
  facet normal 0 0 -1
    outer loop
      vertex -67.3886 -38.3002 5.30192
      vertex -123.883 -57.0338 5.30192
      vertex -124.11 -56.7974 5.30192
    endloop
  endfacet
  facet normal 0 0 -1
    outer loop
      vertex -124.11 -56.7974 5.30192
      vertex -124.346 -56.5712 5.30192
      vertex -67.3886 -38.3002 5.30192
    endloop
  endfacet
  facet normal 0 0 -1
    outer loop
      vertex -124.346 -56.5712 5.30192
      vertex -124.592 -56.3554 5.30192
      vertex -67.3886 -38.3002 5.30192
    endloop
  endfacet
  facet normal 0 0 -1
    outer loop
      vertex -67.3886 -38.3002 5.30192
      vertex -124.592 -56.3554 5.30192
      vertex -125.111 1.75563 5.30192
    endloop
  endfacet
  facet normal 0 0 -1
    outer loop
      vertex -124.592 -56.3554 5.30192
      vertex -124.847 -56.1506 5.30192
      vertex -125.111 1.75563 5.30192
    endloop
  endfacet
  facet normal 0 0 -1
    outer loop
      vertex -125.111 1.75563 5.30192
      vertex -124.847 -56.1506 5.30192
      vertex -125.111 -55.9571 5.30192
    endloop
  endfacet
  facet normal 0 0 -1
    outer loop
      vertex -128.111 -54.7147 5.30192
      vertex -127.158 0.746391 5.30192
      vertex -126.848 0.851574 5.30192
    endloop
  endfacet
  facet normal 0 0 -1
    outer loop
      vertex -126.848 0.851574 5.30192
      vertex -126.543 0.970172 5.30192
      vertex -128.111 -54.7147 5.30192
    endloop
  endfacet
  facet normal 0 0 -1
    outer loop
      vertex -126.543 0.970172 5.30192
      vertex -126.243 1.10196 5.30192
      vertex -128.111 -54.7147 5.30192
    endloop
  endfacet
  facet normal 0 0 -1
    outer loop
      vertex -128.111 -54.7147 5.30192
      vertex -126.243 1.10196 5.30192
      vertex -125.95 1.24669 5.30192
    endloop
  endfacet
  facet normal 0 0 -1
    outer loop
      vertex -125.95 1.24669 5.30192
      vertex -125.663 1.40408 5.30192
      vertex -128.111 -54.7147 5.30192
    endloop
  endfacet
  facet normal 0 0 -1
    outer loop
      vertex -125.663 1.40408 5.30192
      vertex -125.383 1.57383 5.30192
      vertex -128.111 -54.7147 5.30192
    endloop
  endfacet
  facet normal 0 0 -1
    outer loop
      vertex -128.111 -54.7147 5.30192
      vertex -125.383 1.57383 5.30192
      vertex -125.111 1.75563 5.30192
    endloop
  endfacet
  facet normal 0 0 -1
    outer loop
      vertex -27.283 0.970172 5.30192
      vertex -24.7401 -54.6079 5.30192
      vertex -27.5826 1.10196 5.30192
    endloop
  endfacet
  facet normal 0 0 -1
    outer loop
      vertex -24.7401 -54.6079 5.30192
      vertex -25.0666 -54.6293 5.30192
      vertex -27.5826 1.10196 5.30192
    endloop
  endfacet
  facet normal 0 0 -1
    outer loop
      vertex -27.5826 1.10196 5.30192
      vertex -25.0666 -54.6293 5.30192
      vertex -25.3919 -54.6649 5.30192
    endloop
  endfacet
  facet normal 0 0 -1
    outer loop
      vertex -129.413 -54.6007 5.30192
      vertex -129.413 0.399268 5.30192
      vertex -129.086 -54.6079 5.30192
    endloop
  endfacet
  facet normal 0 0 -1
    outer loop
      vertex -129.413 0.399268 5.30192
      vertex -129.086 0.406407 5.30192
      vertex -129.086 -54.6079 5.30192
    endloop
  endfacet
  facet normal 0 0 -1
    outer loop
      vertex -129.086 0.406407 5.30192
      vertex -128.759 0.427808 5.30192
      vertex -129.086 -54.6079 5.30192
    endloop
  endfacet
  facet normal 0 0 -1
    outer loop
      vertex -128.759 0.427808 5.30192
      vertex -128.434 0.463432 5.30192
      vertex -129.086 -54.6079 5.30192
    endloop
  endfacet
  facet normal 0 0 -1
    outer loop
      vertex -129.086 -54.6079 5.30192
      vertex -128.434 0.463432 5.30192
      vertex -128.759 -54.6293 5.30192
    endloop
  endfacet
  facet normal 0 0 -1
    outer loop
      vertex -128.434 0.463432 5.30192
      vertex -128.111 0.51321 5.30192
      vertex -128.759 -54.6293 5.30192
    endloop
  endfacet
  facet normal 0 0 -1
    outer loop
      vertex -128.759 -54.6293 5.30192
      vertex -128.111 0.51321 5.30192
      vertex -127.79 0.577048 5.30192
    endloop
  endfacet
  facet normal 0 0 -1
    outer loop
      vertex -128.111 -54.7147 5.30192
      vertex -128.434 -54.6649 5.30192
      vertex -127.158 0.746391 5.30192
    endloop
  endfacet
  facet normal 0 0 -1
    outer loop
      vertex -128.434 -54.6649 5.30192
      vertex -128.759 -54.6293 5.30192
      vertex -127.158 0.746391 5.30192
    endloop
  endfacet
  facet normal 0 0 -1
    outer loop
      vertex -127.158 0.746391 5.30192
      vertex -128.759 -54.6293 5.30192
      vertex -127.472 0.654825 5.30192
    endloop
  endfacet
  facet normal 0 0 -1
    outer loop
      vertex -128.759 -54.6293 5.30192
      vertex -127.79 0.577048 5.30192
      vertex -127.472 0.654825 5.30192
    endloop
  endfacet
  facet normal 0 0 1
    outer loop
      vertex -67.3886 1.69983 7.80192
      vertex -131.913 10.3993 7.80192
      vertex -67.3886 -38.3002 7.80192
    endloop
  endfacet
  facet normal 0 0 1
    outer loop
      vertex -131.913 10.3993 7.80192
      vertex -131.913 -64.6007 7.80192
      vertex -67.3886 -38.3002 7.80192
    endloop
  endfacet
  facet normal 0 0 1
    outer loop
      vertex -67.3886 -38.3002 7.80192
      vertex -131.913 -64.6007 7.80192
      vertex -52.3886 -38.3002 7.80192
    endloop
  endfacet
  facet normal 0 0 1
    outer loop
      vertex -131.913 -64.6007 7.80192
      vertex -21.9129 -64.6007 7.80192
      vertex -52.3886 -38.3002 7.80192
    endloop
  endfacet
  facet normal 0 0 1
    outer loop
      vertex -52.3886 -38.3002 7.80192
      vertex -21.9129 -64.6007 7.80192
      vertex -52.3886 1.69983 7.80192
    endloop
  endfacet
  facet normal 0 0 1
    outer loop
      vertex -21.9129 -64.6007 7.80192
      vertex -21.9129 10.3993 7.80192
      vertex -52.3886 1.69983 7.80192
    endloop
  endfacet
  facet normal 0 0 1
    outer loop
      vertex -52.3886 1.69983 7.80192
      vertex -21.9129 10.3993 7.80192
      vertex -67.3886 1.69983 7.80192
    endloop
  endfacet
  facet normal 0 0 1
    outer loop
      vertex -21.9129 10.3993 7.80192
      vertex -131.913 10.3993 7.80192
      vertex -67.3886 1.69983 7.80192
    endloop
  endfacet
  facet normal 0 0 -1
    outer loop
      vertex -121.913 7.89927 -12.1981
      vertex -121.92 7.57212 -12.1981
      vertex -121.941 7.2456 -12.1981
    endloop
  endfacet
  facet normal 0 0 -1
    outer loop
      vertex -24.7401 -54.6079 -12.1981
      vertex -24.4129 -54.6007 -12.1981
      vertex -21.9129 -64.6007 -12.1981
    endloop
  endfacet
  facet normal 0 0 -1
    outer loop
      vertex -121.977 -61.1218 -12.1981
      vertex -121.941 -61.4471 -12.1981
      vertex -131.913 -64.6007 -12.1981
    endloop
  endfacet
  facet normal 0 0 -1
    outer loop
      vertex -21.9129 -64.6007 -12.1981
      vertex -24.4129 -54.6007 -12.1981
      vertex -21.9129 10.3993 -12.1981
    endloop
  endfacet
  facet normal 0 0 -1
    outer loop
      vertex -30.9081 4.14927 -12.1981
      vertex -31.0655 4.43615 -12.1981
      vertex -21.9129 10.3993 -12.1981
    endloop
  endfacet
  facet normal 0 0 -1
    outer loop
      vertex -121.913 7.89927 -12.1981
      vertex -131.913 10.3993 -12.1981
      vertex -21.9129 10.3993 -12.1981
    endloop
  endfacet
  facet normal 0 0 -1
    outer loop
      vertex -30.1582 -57.2798 -12.1981
      vertex -29.9425 -57.0338 -12.1981
      vertex -21.9129 -64.6007 -12.1981
    endloop
  endfacet
  facet normal 0 0 -1
    outer loop
      vertex -26.9781 0.851574 -12.1981
      vertex -27.283 0.970172 -12.1981
      vertex -21.9129 10.3993 -12.1981
    endloop
  endfacet
  facet normal 0 0 -1
    outer loop
      vertex -31.8844 7.2456 -12.1981
      vertex -31.9058 7.57212 -12.1981
      vertex -21.9129 10.3993 -12.1981
    endloop
  endfacet
  facet normal 0 0 -1
    outer loop
      vertex -31.9058 7.57212 -12.1981
      vertex -31.9129 7.89927 -12.1981
      vertex -21.9129 10.3993 -12.1981
    endloop
  endfacet
  facet normal 0 0 -1
    outer loop
      vertex -21.9129 10.3993 -12.1981
      vertex -31.9129 7.89927 -12.1981
      vertex -121.913 7.89927 -12.1981
    endloop
  endfacet
  facet normal 0 0 -1
    outer loop
      vertex -129.332 4.50583 -12.1981
      vertex -129.311 4.42107 -12.1981
      vertex -129.413 0.399268 -12.1981
    endloop
  endfacet
  facet normal 0 0 -1
    outer loop
      vertex -129.311 4.42107 -12.1981
      vertex -129.287 4.3373 -12.1981
      vertex -129.413 0.399268 -12.1981
    endloop
  endfacet
  facet normal 0 0 -1
    outer loop
      vertex -129.413 0.399268 -12.1981
      vertex -129.287 4.3373 -12.1981
      vertex -129.259 4.25467 -12.1981
    endloop
  endfacet
  facet normal 0 0 -1
    outer loop
      vertex -26.3541 -54.8563 -12.1981
      vertex -26.0362 -54.7785 -12.1981
      vertex -21.9129 -64.6007 -12.1981
    endloop
  endfacet
  facet normal 0 0 -1
    outer loop
      vertex -26.0362 -54.7785 -12.1981
      vertex -25.7153 -54.7147 -12.1981
      vertex -21.9129 -64.6007 -12.1981
    endloop
  endfacet
  facet normal 0 0 -1
    outer loop
      vertex -125.472 5.54012 -12.1981
      vertex -125.5 5.62275 -12.1981
      vertex -121.913 7.89927 -12.1981
    endloop
  endfacet
  facet normal 0 0 -1
    outer loop
      vertex -129.413 0.399268 -12.1981
      vertex -129.153 4.01521 -12.1981
      vertex -129.111 3.93871 -12.1981
    endloop
  endfacet
  facet normal 0 0 -1
    outer loop
      vertex -128.794 3.5245 -12.1981
      vertex -128.731 3.46416 -12.1981
      vertex -129.413 0.399268 -12.1981
    endloop
  endfacet
  facet normal 0 0 -1
    outer loop
      vertex -131.913 -64.6007 -12.1981
      vertex -129.086 -54.6079 -12.1981
      vertex -128.759 -54.6293 -12.1981
    endloop
  endfacet
  facet normal 0 0 -1
    outer loop
      vertex -131.913 -64.6007 -12.1981
      vertex -122.26 -59.8454 -12.1981
      vertex -122.168 -60.1596 -12.1981
    endloop
  endfacet
  facet normal 0 0 -1
    outer loop
      vertex -21.9129 -64.6007 -12.1981
      vertex -29.2338 -56.3554 -12.1981
      vertex -28.9786 -56.1506 -12.1981
    endloop
  endfacet
  facet normal 0 0 -1
    outer loop
      vertex -28.1629 -55.6055 -12.1981
      vertex -27.876 -55.4482 -12.1981
      vertex -21.9129 -64.6007 -12.1981
    endloop
  endfacet
  facet normal 0 0 -1
    outer loop
      vertex -27.876 -55.4482 -12.1981
      vertex -27.5826 -55.3034 -12.1981
      vertex -21.9129 -64.6007 -12.1981
    endloop
  endfacet
  facet normal 0 0 -1
    outer loop
      vertex -21.9129 -64.6007 -12.1981
      vertex -27.5826 -55.3034 -12.1981
      vertex -27.283 -55.1716 -12.1981
    endloop
  endfacet
  facet normal 0 0 -1
    outer loop
      vertex -27.283 -55.1716 -12.1981
      vertex -26.9781 -55.053 -12.1981
      vertex -21.9129 -64.6007 -12.1981
    endloop
  endfacet
  facet normal 0 0 -1
    outer loop
      vertex -26.9781 -55.053 -12.1981
      vertex -26.6682 -54.9479 -12.1981
      vertex -21.9129 -64.6007 -12.1981
    endloop
  endfacet
  facet normal 0 0 -1
    outer loop
      vertex -21.9129 -64.6007 -12.1981
      vertex -26.6682 -54.9479 -12.1981
      vertex -26.3541 -54.8563 -12.1981
    endloop
  endfacet
  facet normal 0 0 -1
    outer loop
      vertex -25.7153 -54.7147 -12.1981
      vertex -25.3919 -54.6649 -12.1981
      vertex -21.9129 -64.6007 -12.1981
    endloop
  endfacet
  facet normal 0 0 -1
    outer loop
      vertex -25.3919 -54.6649 -12.1981
      vertex -25.0666 -54.6293 -12.1981
      vertex -21.9129 -64.6007 -12.1981
    endloop
  endfacet
  facet normal 0 0 -1
    outer loop
      vertex -21.9129 -64.6007 -12.1981
      vertex -25.0666 -54.6293 -12.1981
      vertex -24.7401 -54.6079 -12.1981
    endloop
  endfacet
  facet normal 0 0 -1
    outer loop
      vertex -28.9786 1.94912 -12.1981
      vertex -29.2338 2.15394 -12.1981
      vertex -21.9129 10.3993 -12.1981
    endloop
  endfacet
  facet normal 0 0 -1
    outer loop
      vertex -29.2338 2.15394 -12.1981
      vertex -29.4798 2.36969 -12.1981
      vertex -21.9129 10.3993 -12.1981
    endloop
  endfacet
  facet normal 0 0 -1
    outer loop
      vertex -21.9129 10.3993 -12.1981
      vertex -29.4798 2.36969 -12.1981
      vertex -29.7162 2.59597 -12.1981
    endloop
  endfacet
  facet normal 0 0 -1
    outer loop
      vertex -29.7162 2.59597 -12.1981
      vertex -29.9425 2.83234 -12.1981
      vertex -21.9129 10.3993 -12.1981
    endloop
  endfacet
  facet normal 0 0 -1
    outer loop
      vertex -29.9425 2.83234 -12.1981
      vertex -30.1582 3.07836 -12.1981
      vertex -21.9129 10.3993 -12.1981
    endloop
  endfacet
  facet normal 0 0 -1
    outer loop
      vertex -21.9129 10.3993 -12.1981
      vertex -30.1582 3.07836 -12.1981
      vertex -30.3631 3.33356 -12.1981
    endloop
  endfacet
  facet normal 0 0 -1
    outer loop
      vertex -31.4606 5.33412 -12.1981
      vertex -31.5658 5.64397 -12.1981
      vertex -21.9129 10.3993 -12.1981
    endloop
  endfacet
  facet normal 0 0 -1
    outer loop
      vertex -31.5658 5.64397 -12.1981
      vertex -31.6574 5.95813 -12.1981
      vertex -21.9129 10.3993 -12.1981
    endloop
  endfacet
  facet normal 0 0 -1
    outer loop
      vertex -21.9129 10.3993 -12.1981
      vertex -31.6574 5.95813 -12.1981
      vertex -31.7351 6.27597 -12.1981
    endloop
  endfacet
  facet normal 0 0 -1
    outer loop
      vertex -125.647 3.93871 -12.1981
      vertex -125.605 4.01521 -12.1981
      vertex -121.913 7.89927 -12.1981
    endloop
  endfacet
  facet normal 0 0 -1
    outer loop
      vertex -125.605 4.01521 -12.1981
      vertex -125.567 4.09347 -12.1981
      vertex -121.913 7.89927 -12.1981
    endloop
  endfacet
  facet normal 0 0 -1
    outer loop
      vertex -121.913 7.89927 -12.1981
      vertex -125.567 4.09347 -12.1981
      vertex -125.532 4.17334 -12.1981
    endloop
  endfacet
  facet normal 0 0 -1
    outer loop
      vertex -129.378 4.85147 -12.1981
      vertex -129.372 4.7644 -12.1981
      vertex -131.913 10.3993 -12.1981
    endloop
  endfacet
  facet normal 0 0 -1
    outer loop
      vertex -129.372 4.7644 -12.1981
      vertex -129.362 4.67766 -12.1981
      vertex -131.913 10.3993 -12.1981
    endloop
  endfacet
  facet normal 0 0 -1
    outer loop
      vertex -131.913 10.3993 -12.1981
      vertex -129.362 4.67766 -12.1981
      vertex -129.349 4.59141 -12.1981
    endloop
  endfacet
  facet normal 0 0 -1
    outer loop
      vertex -129.349 4.59141 -12.1981
      vertex -129.332 4.50583 -12.1981
      vertex -131.913 10.3993 -12.1981
    endloop
  endfacet
  facet normal 0 0 -1
    outer loop
      vertex -129.332 4.50583 -12.1981
      vertex -129.413 0.399268 -12.1981
      vertex -131.913 10.3993 -12.1981
    endloop
  endfacet
  facet normal 0 0 -1
    outer loop
      vertex -131.913 10.3993 -12.1981
      vertex -129.413 0.399268 -12.1981
      vertex -131.913 -64.6007 -12.1981
    endloop
  endfacet
  facet normal 0 0 -1
    outer loop
      vertex -129.413 0.399268 -12.1981
      vertex -129.413 -54.6007 -12.1981
      vertex -131.913 -64.6007 -12.1981
    endloop
  endfacet
  facet normal 0 0 -1
    outer loop
      vertex -131.913 -64.6007 -12.1981
      vertex -129.413 -54.6007 -12.1981
      vertex -129.086 -54.6079 -12.1981
    endloop
  endfacet
  facet normal 0 0 -1
    outer loop
      vertex -129.259 4.25467 -12.1981
      vertex -129.227 4.17334 -12.1981
      vertex -129.413 0.399268 -12.1981
    endloop
  endfacet
  facet normal 0 0 -1
    outer loop
      vertex -129.227 4.17334 -12.1981
      vertex -129.192 4.09347 -12.1981
      vertex -129.413 0.399268 -12.1981
    endloop
  endfacet
  facet normal 0 0 -1
    outer loop
      vertex -129.413 0.399268 -12.1981
      vertex -129.192 4.09347 -12.1981
      vertex -129.153 4.01521 -12.1981
    endloop
  endfacet
  facet normal 0 0 -1
    outer loop
      vertex -128.759 -54.6293 -12.1981
      vertex -128.434 -54.6649 -12.1981
      vertex -131.913 -64.6007 -12.1981
    endloop
  endfacet
  facet normal 0 0 -1
    outer loop
      vertex -128.434 -54.6649 -12.1981
      vertex -128.111 -54.7147 -12.1981
      vertex -131.913 -64.6007 -12.1981
    endloop
  endfacet
  facet normal 0 0 -1
    outer loop
      vertex -131.913 -64.6007 -12.1981
      vertex -128.111 -54.7147 -12.1981
      vertex -127.79 -54.7785 -12.1981
    endloop
  endfacet
  facet normal 0 0 -1
    outer loop
      vertex -122.168 -60.1596 -12.1981
      vertex -122.091 -60.4774 -12.1981
      vertex -131.913 -64.6007 -12.1981
    endloop
  endfacet
  facet normal 0 0 -1
    outer loop
      vertex -122.091 -60.4774 -12.1981
      vertex -122.027 -60.7984 -12.1981
      vertex -131.913 -64.6007 -12.1981
    endloop
  endfacet
  facet normal 0 0 -1
    outer loop
      vertex -131.913 -64.6007 -12.1981
      vertex -122.027 -60.7984 -12.1981
      vertex -121.977 -61.1218 -12.1981
    endloop
  endfacet
  facet normal 0 0 -1
    outer loop
      vertex -29.9425 -57.0338 -12.1981
      vertex -29.7162 -56.7974 -12.1981
      vertex -21.9129 -64.6007 -12.1981
    endloop
  endfacet
  facet normal 0 0 -1
    outer loop
      vertex -29.7162 -56.7974 -12.1981
      vertex -29.4798 -56.5712 -12.1981
      vertex -21.9129 -64.6007 -12.1981
    endloop
  endfacet
  facet normal 0 0 -1
    outer loop
      vertex -21.9129 -64.6007 -12.1981
      vertex -29.4798 -56.5712 -12.1981
      vertex -29.2338 -56.3554 -12.1981
    endloop
  endfacet
  facet normal 0 0 -1
    outer loop
      vertex -28.9786 -56.1506 -12.1981
      vertex -28.7147 -55.9571 -12.1981
      vertex -21.9129 -64.6007 -12.1981
    endloop
  endfacet
  facet normal 0 0 -1
    outer loop
      vertex -28.7147 -55.9571 -12.1981
      vertex -28.4427 -55.7753 -12.1981
      vertex -21.9129 -64.6007 -12.1981
    endloop
  endfacet
  facet normal 0 0 -1
    outer loop
      vertex -21.9129 -64.6007 -12.1981
      vertex -28.4427 -55.7753 -12.1981
      vertex -28.1629 -55.6055 -12.1981
    endloop
  endfacet
  facet normal 0 0 -1
    outer loop
      vertex -31.0655 4.43615 -12.1981
      vertex -31.2102 4.72963 -12.1981
      vertex -21.9129 10.3993 -12.1981
    endloop
  endfacet
  facet normal 0 0 -1
    outer loop
      vertex -31.2102 4.72963 -12.1981
      vertex -31.342 5.02914 -12.1981
      vertex -21.9129 10.3993 -12.1981
    endloop
  endfacet
  facet normal 0 0 -1
    outer loop
      vertex -21.9129 10.3993 -12.1981
      vertex -31.342 5.02914 -12.1981
      vertex -31.4606 5.33412 -12.1981
    endloop
  endfacet
  facet normal 0 0 -1
    outer loop
      vertex -31.7351 6.27597 -12.1981
      vertex -31.799 6.59691 -12.1981
      vertex -21.9129 10.3993 -12.1981
    endloop
  endfacet
  facet normal 0 0 -1
    outer loop
      vertex -31.799 6.59691 -12.1981
      vertex -31.8488 6.92032 -12.1981
      vertex -21.9129 10.3993 -12.1981
    endloop
  endfacet
  facet normal 0 0 -1
    outer loop
      vertex -21.9129 10.3993 -12.1981
      vertex -31.8488 6.92032 -12.1981
      vertex -31.8844 7.2456 -12.1981
    endloop
  endfacet
  facet normal 0 0 -1
    outer loop
      vertex -129.287 5.54012 -12.1981
      vertex -129.311 5.45635 -12.1981
      vertex -131.913 10.3993 -12.1981
    endloop
  endfacet
  facet normal 0 0 -1
    outer loop
      vertex -129.311 5.45635 -12.1981
      vertex -129.332 5.37159 -12.1981
      vertex -131.913 10.3993 -12.1981
    endloop
  endfacet
  facet normal 0 0 -1
    outer loop
      vertex -128.966 3.72119 -12.1981
      vertex -128.912 3.65313 -12.1981
      vertex -129.413 0.399268 -12.1981
    endloop
  endfacet
  facet normal 0 0 -1
    outer loop
      vertex -128.912 3.65313 -12.1981
      vertex -128.854 3.58753 -12.1981
      vertex -129.413 0.399268 -12.1981
    endloop
  endfacet
  facet normal 0 0 -1
    outer loop
      vertex -129.413 0.399268 -12.1981
      vertex -128.854 3.58753 -12.1981
      vertex -128.794 3.5245 -12.1981
    endloop
  endfacet
  facet normal 0 0 -1
    outer loop
      vertex -127.79 -54.7785 -12.1981
      vertex -127.472 -54.8563 -12.1981
      vertex -131.913 -64.6007 -12.1981
    endloop
  endfacet
  facet normal 0 0 -1
    outer loop
      vertex -127.472 -54.8563 -12.1981
      vertex -127.158 -54.9479 -12.1981
      vertex -131.913 -64.6007 -12.1981
    endloop
  endfacet
  facet normal 0 0 -1
    outer loop
      vertex -131.913 -64.6007 -12.1981
      vertex -127.158 -54.9479 -12.1981
      vertex -126.848 -55.053 -12.1981
    endloop
  endfacet
  facet normal 0 0 -1
    outer loop
      vertex -126.848 -55.053 -12.1981
      vertex -126.543 -55.1716 -12.1981
      vertex -131.913 -64.6007 -12.1981
    endloop
  endfacet
  facet normal 0 0 -1
    outer loop
      vertex -126.543 -55.1716 -12.1981
      vertex -126.243 -55.3034 -12.1981
      vertex -131.913 -64.6007 -12.1981
    endloop
  endfacet
  facet normal 0 0 -1
    outer loop
      vertex -131.913 -64.6007 -12.1981
      vertex -126.243 -55.3034 -12.1981
      vertex -125.95 -55.4482 -12.1981
    endloop
  endfacet
  facet normal 0 0 -1
    outer loop
      vertex -123.087 -58.071 -12.1981
      vertex -122.918 -58.3507 -12.1981
      vertex -131.913 -64.6007 -12.1981
    endloop
  endfacet
  facet normal 0 0 -1
    outer loop
      vertex -122.918 -58.3507 -12.1981
      vertex -122.76 -58.6376 -12.1981
      vertex -131.913 -64.6007 -12.1981
    endloop
  endfacet
  facet normal 0 0 -1
    outer loop
      vertex -131.913 -64.6007 -12.1981
      vertex -122.76 -58.6376 -12.1981
      vertex -122.616 -58.9311 -12.1981
    endloop
  endfacet
  facet normal 0 0 -1
    outer loop
      vertex -122.616 -58.9311 -12.1981
      vertex -122.484 -59.2306 -12.1981
      vertex -131.913 -64.6007 -12.1981
    endloop
  endfacet
  facet normal 0 0 -1
    outer loop
      vertex -122.484 -59.2306 -12.1981
      vertex -122.365 -59.5356 -12.1981
      vertex -131.913 -64.6007 -12.1981
    endloop
  endfacet
  facet normal 0 0 -1
    outer loop
      vertex -131.913 -64.6007 -12.1981
      vertex -122.365 -59.5356 -12.1981
      vertex -122.26 -59.8454 -12.1981
    endloop
  endfacet
  facet normal 0 0 -1
    outer loop
      vertex -31.5658 -59.8454 -12.1981
      vertex -31.4606 -59.5356 -12.1981
      vertex -21.9129 -64.6007 -12.1981
    endloop
  endfacet
  facet normal 0 0 -1
    outer loop
      vertex -31.4606 -59.5356 -12.1981
      vertex -31.342 -59.2306 -12.1981
      vertex -21.9129 -64.6007 -12.1981
    endloop
  endfacet
  facet normal 0 0 -1
    outer loop
      vertex -21.9129 -64.6007 -12.1981
      vertex -31.342 -59.2306 -12.1981
      vertex -31.2102 -58.9311 -12.1981
    endloop
  endfacet
  facet normal 0 0 -1
    outer loop
      vertex -30.7384 -58.071 -12.1981
      vertex -30.5566 -57.7989 -12.1981
      vertex -21.9129 -64.6007 -12.1981
    endloop
  endfacet
  facet normal 0 0 -1
    outer loop
      vertex -30.5566 -57.7989 -12.1981
      vertex -30.3631 -57.535 -12.1981
      vertex -21.9129 -64.6007 -12.1981
    endloop
  endfacet
  facet normal 0 0 -1
    outer loop
      vertex -21.9129 -64.6007 -12.1981
      vertex -30.3631 -57.535 -12.1981
      vertex -30.1582 -57.2798 -12.1981
    endloop
  endfacet
  facet normal 0 0 -1
    outer loop
      vertex -24.4129 -54.6007 -12.1981
      vertex -24.4129 0.399268 -12.1981
      vertex -21.9129 10.3993 -12.1981
    endloop
  endfacet
  facet normal 0 0 -1
    outer loop
      vertex -24.4129 0.399268 -12.1981
      vertex -24.7401 0.406407 -12.1981
      vertex -21.9129 10.3993 -12.1981
    endloop
  endfacet
  facet normal 0 0 -1
    outer loop
      vertex -21.9129 10.3993 -12.1981
      vertex -24.7401 0.406407 -12.1981
      vertex -25.0666 0.427808 -12.1981
    endloop
  endfacet
  facet normal 0 0 -1
    outer loop
      vertex -25.0666 0.427808 -12.1981
      vertex -25.3919 0.463432 -12.1981
      vertex -21.9129 10.3993 -12.1981
    endloop
  endfacet
  facet normal 0 0 -1
    outer loop
      vertex -25.3919 0.463432 -12.1981
      vertex -25.7153 0.51321 -12.1981
      vertex -21.9129 10.3993 -12.1981
    endloop
  endfacet
  facet normal 0 0 -1
    outer loop
      vertex -21.9129 10.3993 -12.1981
      vertex -25.7153 0.51321 -12.1981
      vertex -26.0362 0.577048 -12.1981
    endloop
  endfacet
  facet normal 0 0 -1
    outer loop
      vertex -26.0362 0.577048 -12.1981
      vertex -26.3541 0.654825 -12.1981
      vertex -21.9129 10.3993 -12.1981
    endloop
  endfacet
  facet normal 0 0 -1
    outer loop
      vertex -26.3541 0.654825 -12.1981
      vertex -26.6682 0.746391 -12.1981
      vertex -21.9129 10.3993 -12.1981
    endloop
  endfacet
  facet normal 0 0 -1
    outer loop
      vertex -21.9129 10.3993 -12.1981
      vertex -26.6682 0.746391 -12.1981
      vertex -26.9781 0.851574 -12.1981
    endloop
  endfacet
  facet normal 0 0 -1
    outer loop
      vertex -27.283 0.970172 -12.1981
      vertex -27.5826 1.10196 -12.1981
      vertex -21.9129 10.3993 -12.1981
    endloop
  endfacet
  facet normal 0 0 -1
    outer loop
      vertex -27.5826 1.10196 -12.1981
      vertex -27.876 1.24669 -12.1981
      vertex -21.9129 10.3993 -12.1981
    endloop
  endfacet
  facet normal 0 0 -1
    outer loop
      vertex -21.9129 10.3993 -12.1981
      vertex -27.876 1.24669 -12.1981
      vertex -28.1629 1.40408 -12.1981
    endloop
  endfacet
  facet normal 0 0 -1
    outer loop
      vertex -28.1629 1.40408 -12.1981
      vertex -28.4427 1.57383 -12.1981
      vertex -21.9129 10.3993 -12.1981
    endloop
  endfacet
  facet normal 0 0 -1
    outer loop
      vertex -28.4427 1.57383 -12.1981
      vertex -28.7147 1.75563 -12.1981
      vertex -21.9129 10.3993 -12.1981
    endloop
  endfacet
  facet normal 0 0 -1
    outer loop
      vertex -21.9129 10.3993 -12.1981
      vertex -28.7147 1.75563 -12.1981
      vertex -28.9786 1.94912 -12.1981
    endloop
  endfacet
  facet normal 0 0 -1
    outer loop
      vertex -30.3631 3.33356 -12.1981
      vertex -30.5566 3.59745 -12.1981
      vertex -21.9129 10.3993 -12.1981
    endloop
  endfacet
  facet normal 0 0 -1
    outer loop
      vertex -30.5566 3.59745 -12.1981
      vertex -30.7384 3.86952 -12.1981
      vertex -21.9129 10.3993 -12.1981
    endloop
  endfacet
  facet normal 0 0 -1
    outer loop
      vertex -21.9129 10.3993 -12.1981
      vertex -30.7384 3.86952 -12.1981
      vertex -30.9081 4.14927 -12.1981
    endloop
  endfacet
  facet normal 0 0 -1
    outer loop
      vertex -125.793 3.72119 -12.1981
      vertex -125.741 3.79156 -12.1981
      vertex -121.913 7.89927 -12.1981
    endloop
  endfacet
  facet normal 0 0 -1
    outer loop
      vertex -125.741 3.79156 -12.1981
      vertex -125.693 3.86411 -12.1981
      vertex -121.913 7.89927 -12.1981
    endloop
  endfacet
  facet normal 0 0 -1
    outer loop
      vertex -121.913 7.89927 -12.1981
      vertex -125.693 3.86411 -12.1981
      vertex -125.647 3.93871 -12.1981
    endloop
  endfacet
  facet normal 0 0 -1
    outer loop
      vertex -125.532 4.17334 -12.1981
      vertex -125.5 4.25467 -12.1981
      vertex -121.913 7.89927 -12.1981
    endloop
  endfacet
  facet normal 0 0 -1
    outer loop
      vertex -125.5 4.25467 -12.1981
      vertex -125.472 4.3373 -12.1981
      vertex -121.913 7.89927 -12.1981
    endloop
  endfacet
  facet normal 0 0 -1
    outer loop
      vertex -121.913 7.89927 -12.1981
      vertex -125.472 4.3373 -12.1981
      vertex -125.448 4.42107 -12.1981
    endloop
  endfacet
  facet normal 0 0 -1
    outer loop
      vertex -125.397 5.19976 -12.1981
      vertex -125.41 5.28601 -12.1981
      vertex -121.913 7.89927 -12.1981
    endloop
  endfacet
  facet normal 0 0 -1
    outer loop
      vertex -125.5 5.62275 -12.1981
      vertex -125.532 5.70408 -12.1981
      vertex -121.913 7.89927 -12.1981
    endloop
  endfacet
  facet normal 0 0 -1
    outer loop
      vertex -125.532 5.70408 -12.1981
      vertex -125.567 5.78395 -12.1981
      vertex -121.913 7.89927 -12.1981
    endloop
  endfacet
  facet normal 0 0 -1
    outer loop
      vertex -121.913 7.89927 -12.1981
      vertex -125.567 5.78395 -12.1981
      vertex -125.605 5.86221 -12.1981
    endloop
  endfacet
  facet normal 0 0 -1
    outer loop
      vertex -129.332 5.37159 -12.1981
      vertex -129.349 5.28601 -12.1981
      vertex -131.913 10.3993 -12.1981
    endloop
  endfacet
  facet normal 0 0 -1
    outer loop
      vertex -129.349 5.28601 -12.1981
      vertex -129.362 5.19976 -12.1981
      vertex -131.913 10.3993 -12.1981
    endloop
  endfacet
  facet normal 0 0 -1
    outer loop
      vertex -131.913 10.3993 -12.1981
      vertex -129.362 5.19976 -12.1981
      vertex -129.372 5.11302 -12.1981
    endloop
  endfacet
  facet normal 0 0 -1
    outer loop
      vertex -129.111 3.93871 -12.1981
      vertex -129.066 3.86411 -12.1981
      vertex -129.413 0.399268 -12.1981
    endloop
  endfacet
  facet normal 0 0 -1
    outer loop
      vertex -129.066 3.86411 -12.1981
      vertex -129.018 3.79156 -12.1981
      vertex -129.413 0.399268 -12.1981
    endloop
  endfacet
  facet normal 0 0 -1
    outer loop
      vertex -129.413 0.399268 -12.1981
      vertex -129.018 3.79156 -12.1981
      vertex -128.966 3.72119 -12.1981
    endloop
  endfacet
  facet normal 0 0 -1
    outer loop
      vertex -128.731 3.46416 -12.1981
      vertex -128.665 3.40662 -12.1981
      vertex -129.413 0.399268 -12.1981
    endloop
  endfacet
  facet normal 0 0 -1
    outer loop
      vertex -128.665 3.40662 -12.1981
      vertex -128.597 3.352 -12.1981
      vertex -129.413 0.399268 -12.1981
    endloop
  endfacet
  facet normal 0 0 -1
    outer loop
      vertex -129.413 0.399268 -12.1981
      vertex -128.597 3.352 -12.1981
      vertex -128.527 3.30041 -12.1981
    endloop
  endfacet
  facet normal 0 0 -1
    outer loop
      vertex -128.527 3.30041 -12.1981
      vertex -128.454 3.25193 -12.1981
      vertex -129.413 0.399268 -12.1981
    endloop
  endfacet
  facet normal 0 0 -1
    outer loop
      vertex -128.454 3.25193 -12.1981
      vertex -128.379 3.20666 -12.1981
      vertex -129.413 0.399268 -12.1981
    endloop
  endfacet
  facet normal 0 0 -1
    outer loop
      vertex -129.413 0.399268 -12.1981
      vertex -128.379 3.20666 -12.1981
      vertex -128.303 3.16469 -12.1981
    endloop
  endfacet
  facet normal 0 0 -1
    outer loop
      vertex -31.2102 -58.9311 -12.1981
      vertex -31.0655 -58.6376 -12.1981
      vertex -21.9129 -64.6007 -12.1981
    endloop
  endfacet
  facet normal 0 0 -1
    outer loop
      vertex -31.0655 -58.6376 -12.1981
      vertex -30.9081 -58.3507 -12.1981
      vertex -21.9129 -64.6007 -12.1981
    endloop
  endfacet
  facet normal 0 0 -1
    outer loop
      vertex -21.9129 -64.6007 -12.1981
      vertex -30.9081 -58.3507 -12.1981
      vertex -30.7384 -58.071 -12.1981
    endloop
  endfacet
  facet normal 0 0 -1
    outer loop
      vertex -125.448 4.42107 -12.1981
      vertex -125.427 4.50583 -12.1981
      vertex -121.913 7.89927 -12.1981
    endloop
  endfacet
  facet normal 0 0 -1
    outer loop
      vertex -125.427 4.50583 -12.1981
      vertex -125.41 4.59141 -12.1981
      vertex -121.913 7.89927 -12.1981
    endloop
  endfacet
  facet normal 0 0 -1
    outer loop
      vertex -121.913 7.89927 -12.1981
      vertex -125.41 4.59141 -12.1981
      vertex -125.397 4.67766 -12.1981
    endloop
  endfacet
  facet normal 0 0 -1
    outer loop
      vertex -125.41 5.28601 -12.1981
      vertex -125.427 5.37159 -12.1981
      vertex -121.913 7.89927 -12.1981
    endloop
  endfacet
  facet normal 0 0 -1
    outer loop
      vertex -125.427 5.37159 -12.1981
      vertex -125.448 5.45635 -12.1981
      vertex -121.913 7.89927 -12.1981
    endloop
  endfacet
  facet normal 0 0 -1
    outer loop
      vertex -121.913 7.89927 -12.1981
      vertex -125.448 5.45635 -12.1981
      vertex -125.472 5.54012 -12.1981
    endloop
  endfacet
  facet normal 0 0 -1
    outer loop
      vertex -128.854 6.28989 -12.1981
      vertex -131.913 10.3993 -12.1981
      vertex -128.794 6.35292 -12.1981
    endloop
  endfacet
  facet normal 0 0 -1
    outer loop
      vertex -131.913 10.3993 -12.1981
      vertex -128.731 6.41326 -12.1981
      vertex -128.794 6.35292 -12.1981
    endloop
  endfacet
  facet normal 0 0 -1
    outer loop
      vertex -129.372 5.11302 -12.1981
      vertex -129.378 5.02595 -12.1981
      vertex -131.913 10.3993 -12.1981
    endloop
  endfacet
  facet normal 0 0 -1
    outer loop
      vertex -129.378 5.02595 -12.1981
      vertex -129.379 4.93871 -12.1981
      vertex -131.913 10.3993 -12.1981
    endloop
  endfacet
  facet normal 0 0 -1
    outer loop
      vertex -131.913 10.3993 -12.1981
      vertex -129.379 4.93871 -12.1981
      vertex -129.378 4.85147 -12.1981
    endloop
  endfacet
  facet normal 0 0 -1
    outer loop
      vertex -128.303 3.16469 -12.1981
      vertex -128.225 3.12609 -12.1981
      vertex -129.413 0.399268 -12.1981
    endloop
  endfacet
  facet normal 0 0 -1
    outer loop
      vertex -128.225 3.12609 -12.1981
      vertex -128.145 3.09095 -12.1981
      vertex -129.413 0.399268 -12.1981
    endloop
  endfacet
  facet normal 0 0 -1
    outer loop
      vertex -129.413 0.399268 -12.1981
      vertex -128.145 3.09095 -12.1981
      vertex -129.086 0.406407 -12.1981
    endloop
  endfacet
  facet normal 0 0 -1
    outer loop
      vertex -128.145 3.09095 -12.1981
      vertex -128.063 3.05932 -12.1981
      vertex -129.086 0.406407 -12.1981
    endloop
  endfacet
  facet normal 0 0 -1
    outer loop
      vertex -129.086 0.406407 -12.1981
      vertex -128.063 3.05932 -12.1981
      vertex -128.759 0.427808 -12.1981
    endloop
  endfacet
  facet normal 0 0 -1
    outer loop
      vertex -128.063 3.05932 -12.1981
      vertex -127.981 3.03128 -12.1981
      vertex -128.759 0.427808 -12.1981
    endloop
  endfacet
  facet normal 0 0 -1
    outer loop
      vertex -128.759 0.427808 -12.1981
      vertex -127.981 3.03128 -12.1981
      vertex -128.434 0.463432 -12.1981
    endloop
  endfacet
  facet normal 0 0 -1
    outer loop
      vertex -125.383 1.57383 -12.1981
      vertex -125.663 1.40408 -12.1981
      vertex -126.456 3.16469 -12.1981
    endloop
  endfacet
  facet normal 0 0 -1
    outer loop
      vertex -124.592 2.15394 -12.1981
      vertex -124.847 1.94912 -12.1981
      vertex -126.028 3.46416 -12.1981
    endloop
  endfacet
  facet normal 0 0 -1
    outer loop
      vertex -125.95 -55.4482 -12.1981
      vertex -125.663 -55.6055 -12.1981
      vertex -131.913 -64.6007 -12.1981
    endloop
  endfacet
  facet normal 0 0 -1
    outer loop
      vertex -125.663 -55.6055 -12.1981
      vertex -125.383 -55.7753 -12.1981
      vertex -131.913 -64.6007 -12.1981
    endloop
  endfacet
  facet normal 0 0 -1
    outer loop
      vertex -131.913 -64.6007 -12.1981
      vertex -125.383 -55.7753 -12.1981
      vertex -125.111 -55.9571 -12.1981
    endloop
  endfacet
  facet normal 0 0 -1
    outer loop
      vertex -121.941 -61.4471 -12.1981
      vertex -121.92 -61.7736 -12.1981
      vertex -131.913 -64.6007 -12.1981
    endloop
  endfacet
  facet normal 0 0 -1
    outer loop
      vertex -121.92 -61.7736 -12.1981
      vertex -121.913 -62.1007 -12.1981
      vertex -131.913 -64.6007 -12.1981
    endloop
  endfacet
  facet normal 0 0 -1
    outer loop
      vertex -131.913 -64.6007 -12.1981
      vertex -121.913 -62.1007 -12.1981
      vertex -21.9129 -64.6007 -12.1981
    endloop
  endfacet
  facet normal 0 0 -1
    outer loop
      vertex -121.913 -62.1007 -12.1981
      vertex -31.9129 -62.1007 -12.1981
      vertex -21.9129 -64.6007 -12.1981
    endloop
  endfacet
  facet normal 0 0 -1
    outer loop
      vertex -21.9129 -64.6007 -12.1981
      vertex -31.9129 -62.1007 -12.1981
      vertex -31.9058 -61.7736 -12.1981
    endloop
  endfacet
  facet normal 0 0 -1
    outer loop
      vertex -128.854 6.28989 -12.1981
      vertex -128.912 6.22429 -12.1981
      vertex -131.913 10.3993 -12.1981
    endloop
  endfacet
  facet normal 0 0 -1
    outer loop
      vertex -128.912 6.22429 -12.1981
      vertex -128.966 6.15623 -12.1981
      vertex -131.913 10.3993 -12.1981
    endloop
  endfacet
  facet normal 0 0 -1
    outer loop
      vertex -131.913 10.3993 -12.1981
      vertex -128.966 6.15623 -12.1981
      vertex -129.018 6.08586 -12.1981
    endloop
  endfacet
  facet normal 0 0 -1
    outer loop
      vertex -131.913 10.3993 -12.1981
      vertex -129.153 5.86221 -12.1981
      vertex -129.192 5.78395 -12.1981
    endloop
  endfacet
  facet normal 0 0 -1
    outer loop
      vertex -127.981 3.03128 -12.1981
      vertex -127.897 3.00686 -12.1981
      vertex -128.434 0.463432 -12.1981
    endloop
  endfacet
  facet normal 0 0 -1
    outer loop
      vertex -127.897 3.00686 -12.1981
      vertex -127.812 2.98612 -12.1981
      vertex -128.434 0.463432 -12.1981
    endloop
  endfacet
  facet normal 0 0 -1
    outer loop
      vertex -128.434 0.463432 -12.1981
      vertex -127.812 2.98612 -12.1981
      vertex -128.111 0.51321 -12.1981
    endloop
  endfacet
  facet normal 0 0 -1
    outer loop
      vertex -125.95 1.24669 -12.1981
      vertex -126.614 3.09095 -12.1981
      vertex -125.663 1.40408 -12.1981
    endloop
  endfacet
  facet normal 0 0 -1
    outer loop
      vertex -126.614 3.09095 -12.1981
      vertex -126.534 3.12609 -12.1981
      vertex -125.663 1.40408 -12.1981
    endloop
  endfacet
  facet normal 0 0 -1
    outer loop
      vertex -125.663 1.40408 -12.1981
      vertex -126.534 3.12609 -12.1981
      vertex -126.456 3.16469 -12.1981
    endloop
  endfacet
  facet normal 0 0 -1
    outer loop
      vertex -126.456 3.16469 -12.1981
      vertex -126.379 3.20666 -12.1981
      vertex -125.383 1.57383 -12.1981
    endloop
  endfacet
  facet normal 0 0 -1
    outer loop
      vertex -126.379 3.20666 -12.1981
      vertex -126.305 3.25193 -12.1981
      vertex -125.383 1.57383 -12.1981
    endloop
  endfacet
  facet normal 0 0 -1
    outer loop
      vertex -125.383 1.57383 -12.1981
      vertex -126.305 3.25193 -12.1981
      vertex -125.111 1.75563 -12.1981
    endloop
  endfacet
  facet normal 0 0 -1
    outer loop
      vertex -31.9058 -61.7736 -12.1981
      vertex -31.8844 -61.4471 -12.1981
      vertex -21.9129 -64.6007 -12.1981
    endloop
  endfacet
  facet normal 0 0 -1
    outer loop
      vertex -31.8844 -61.4471 -12.1981
      vertex -31.8488 -61.1218 -12.1981
      vertex -21.9129 -64.6007 -12.1981
    endloop
  endfacet
  facet normal 0 0 -1
    outer loop
      vertex -21.9129 -64.6007 -12.1981
      vertex -31.8488 -61.1218 -12.1981
      vertex -31.799 -60.7984 -12.1981
    endloop
  endfacet
  facet normal 0 0 -1
    outer loop
      vertex -125.397 4.67766 -12.1981
      vertex -125.387 4.7644 -12.1981
      vertex -121.913 7.89927 -12.1981
    endloop
  endfacet
  facet normal 0 0 -1
    outer loop
      vertex -125.387 4.7644 -12.1981
      vertex -125.381 4.85147 -12.1981
      vertex -121.913 7.89927 -12.1981
    endloop
  endfacet
  facet normal 0 0 -1
    outer loop
      vertex -121.913 7.89927 -12.1981
      vertex -125.381 4.85147 -12.1981
      vertex -125.379 4.93871 -12.1981
    endloop
  endfacet
  facet normal 0 0 -1
    outer loop
      vertex -125.379 4.93871 -12.1981
      vertex -125.381 5.02595 -12.1981
      vertex -121.913 7.89927 -12.1981
    endloop
  endfacet
  facet normal 0 0 -1
    outer loop
      vertex -125.381 5.02595 -12.1981
      vertex -125.387 5.11302 -12.1981
      vertex -121.913 7.89927 -12.1981
    endloop
  endfacet
  facet normal 0 0 -1
    outer loop
      vertex -121.913 7.89927 -12.1981
      vertex -125.387 5.11302 -12.1981
      vertex -125.397 5.19976 -12.1981
    endloop
  endfacet
  facet normal 0 0 -1
    outer loop
      vertex -129.018 6.08586 -12.1981
      vertex -129.066 6.01331 -12.1981
      vertex -131.913 10.3993 -12.1981
    endloop
  endfacet
  facet normal 0 0 -1
    outer loop
      vertex -129.066 6.01331 -12.1981
      vertex -129.111 5.93871 -12.1981
      vertex -131.913 10.3993 -12.1981
    endloop
  endfacet
  facet normal 0 0 -1
    outer loop
      vertex -131.913 10.3993 -12.1981
      vertex -129.111 5.93871 -12.1981
      vertex -129.153 5.86221 -12.1981
    endloop
  endfacet
  facet normal 0 0 -1
    outer loop
      vertex -129.192 5.78395 -12.1981
      vertex -129.227 5.70408 -12.1981
      vertex -131.913 10.3993 -12.1981
    endloop
  endfacet
  facet normal 0 0 -1
    outer loop
      vertex -129.227 5.70408 -12.1981
      vertex -129.259 5.62275 -12.1981
      vertex -131.913 10.3993 -12.1981
    endloop
  endfacet
  facet normal 0 0 -1
    outer loop
      vertex -131.913 10.3993 -12.1981
      vertex -129.259 5.62275 -12.1981
      vertex -129.287 5.54012 -12.1981
    endloop
  endfacet
  facet normal 0 0 -1
    outer loop
      vertex -126.243 1.10196 -12.1981
      vertex -126.543 0.970172 -12.1981
      vertex -126.947 2.98612 -12.1981
    endloop
  endfacet
  facet normal 0 0 -1
    outer loop
      vertex -125.111 -55.9571 -12.1981
      vertex -124.847 -56.1506 -12.1981
      vertex -131.913 -64.6007 -12.1981
    endloop
  endfacet
  facet normal 0 0 -1
    outer loop
      vertex -124.847 -56.1506 -12.1981
      vertex -124.592 -56.3554 -12.1981
      vertex -131.913 -64.6007 -12.1981
    endloop
  endfacet
  facet normal 0 0 -1
    outer loop
      vertex -131.913 -64.6007 -12.1981
      vertex -124.592 -56.3554 -12.1981
      vertex -124.346 -56.5712 -12.1981
    endloop
  endfacet
  facet normal 0 0 -1
    outer loop
      vertex -31.799 -60.7984 -12.1981
      vertex -31.7351 -60.4774 -12.1981
      vertex -21.9129 -64.6007 -12.1981
    endloop
  endfacet
  facet normal 0 0 -1
    outer loop
      vertex -31.7351 -60.4774 -12.1981
      vertex -31.6574 -60.1596 -12.1981
      vertex -21.9129 -64.6007 -12.1981
    endloop
  endfacet
  facet normal 0 0 -1
    outer loop
      vertex -21.9129 -64.6007 -12.1981
      vertex -31.6574 -60.1596 -12.1981
      vertex -31.5658 -59.8454 -12.1981
    endloop
  endfacet
  facet normal 0 0 -1
    outer loop
      vertex -125.605 5.86221 -12.1981
      vertex -125.647 5.93871 -12.1981
      vertex -121.913 7.89927 -12.1981
    endloop
  endfacet
  facet normal 0 0 -1
    outer loop
      vertex -125.647 5.93871 -12.1981
      vertex -125.693 6.01331 -12.1981
      vertex -121.913 7.89927 -12.1981
    endloop
  endfacet
  facet normal 0 0 -1
    outer loop
      vertex -121.913 7.89927 -12.1981
      vertex -125.693 6.01331 -12.1981
      vertex -125.741 6.08586 -12.1981
    endloop
  endfacet
  facet normal 0 0 -1
    outer loop
      vertex -127.205 6.9311 -12.1981
      vertex -127.292 6.93681 -12.1981
      vertex -131.913 10.3993 -12.1981
    endloop
  endfacet
  facet normal 0 0 -1
    outer loop
      vertex -127.812 2.98612 -12.1981
      vertex -127.727 2.96909 -12.1981
      vertex -128.111 0.51321 -12.1981
    endloop
  endfacet
  facet normal 0 0 -1
    outer loop
      vertex -127.727 2.96909 -12.1981
      vertex -127.64 2.95582 -12.1981
      vertex -128.111 0.51321 -12.1981
    endloop
  endfacet
  facet normal 0 0 -1
    outer loop
      vertex -128.111 0.51321 -12.1981
      vertex -127.64 2.95582 -12.1981
      vertex -127.79 0.577048 -12.1981
    endloop
  endfacet
  facet normal 0 0 -1
    outer loop
      vertex -127.64 2.95582 -12.1981
      vertex -127.554 2.94632 -12.1981
      vertex -127.79 0.577048 -12.1981
    endloop
  endfacet
  facet normal 0 0 -1
    outer loop
      vertex -127.79 0.577048 -12.1981
      vertex -127.554 2.94632 -12.1981
      vertex -127.472 0.654825 -12.1981
    endloop
  endfacet
  facet normal 0 0 -1
    outer loop
      vertex -127.554 2.94632 -12.1981
      vertex -127.467 2.94061 -12.1981
      vertex -127.472 0.654825 -12.1981
    endloop
  endfacet
  facet normal 0 0 -1
    outer loop
      vertex -127.467 2.94061 -12.1981
      vertex -127.379 2.93871 -12.1981
      vertex -127.472 0.654825 -12.1981
    endloop
  endfacet
  facet normal 0 0 -1
    outer loop
      vertex -127.472 0.654825 -12.1981
      vertex -127.379 2.93871 -12.1981
      vertex -127.158 0.746391 -12.1981
    endloop
  endfacet
  facet normal 0 0 -1
    outer loop
      vertex -126.947 2.98612 -12.1981
      vertex -126.862 3.00686 -12.1981
      vertex -126.243 1.10196 -12.1981
    endloop
  endfacet
  facet normal 0 0 -1
    outer loop
      vertex -126.862 3.00686 -12.1981
      vertex -126.778 3.03128 -12.1981
      vertex -126.243 1.10196 -12.1981
    endloop
  endfacet
  facet normal 0 0 -1
    outer loop
      vertex -126.243 1.10196 -12.1981
      vertex -126.778 3.03128 -12.1981
      vertex -125.95 1.24669 -12.1981
    endloop
  endfacet
  facet normal 0 0 -1
    outer loop
      vertex -126.778 3.03128 -12.1981
      vertex -126.695 3.05932 -12.1981
      vertex -125.95 1.24669 -12.1981
    endloop
  endfacet
  facet normal 0 0 -1
    outer loop
      vertex -125.95 1.24669 -12.1981
      vertex -126.695 3.05932 -12.1981
      vertex -126.614 3.09095 -12.1981
    endloop
  endfacet
  facet normal 0 0 -1
    outer loop
      vertex -126.305 3.25193 -12.1981
      vertex -126.232 3.30041 -12.1981
      vertex -125.111 1.75563 -12.1981
    endloop
  endfacet
  facet normal 0 0 -1
    outer loop
      vertex -126.232 3.30041 -12.1981
      vertex -126.162 3.352 -12.1981
      vertex -125.111 1.75563 -12.1981
    endloop
  endfacet
  facet normal 0 0 -1
    outer loop
      vertex -125.111 1.75563 -12.1981
      vertex -126.162 3.352 -12.1981
      vertex -124.847 1.94912 -12.1981
    endloop
  endfacet
  facet normal 0 0 -1
    outer loop
      vertex -126.162 3.352 -12.1981
      vertex -126.094 3.40662 -12.1981
      vertex -124.847 1.94912 -12.1981
    endloop
  endfacet
  facet normal 0 0 -1
    outer loop
      vertex -124.847 1.94912 -12.1981
      vertex -126.094 3.40662 -12.1981
      vertex -126.028 3.46416 -12.1981
    endloop
  endfacet
  facet normal 0 0 -1
    outer loop
      vertex -123.883 2.83234 -12.1981
      vertex -124.11 2.59597 -12.1981
      vertex -125.905 3.58753 -12.1981
    endloop
  endfacet
  facet normal 0 0 -1
    outer loop
      vertex -124.346 -56.5712 -12.1981
      vertex -124.11 -56.7974 -12.1981
      vertex -131.913 -64.6007 -12.1981
    endloop
  endfacet
  facet normal 0 0 -1
    outer loop
      vertex -124.11 -56.7974 -12.1981
      vertex -123.883 -57.0338 -12.1981
      vertex -131.913 -64.6007 -12.1981
    endloop
  endfacet
  facet normal 0 0 -1
    outer loop
      vertex -131.913 -64.6007 -12.1981
      vertex -123.883 -57.0338 -12.1981
      vertex -123.668 -57.2798 -12.1981
    endloop
  endfacet
  facet normal 0 0 -1
    outer loop
      vertex -123.668 -57.2798 -12.1981
      vertex -123.463 -57.535 -12.1981
      vertex -131.913 -64.6007 -12.1981
    endloop
  endfacet
  facet normal 0 0 -1
    outer loop
      vertex -123.463 -57.535 -12.1981
      vertex -123.269 -57.7989 -12.1981
      vertex -131.913 -64.6007 -12.1981
    endloop
  endfacet
  facet normal 0 0 -1
    outer loop
      vertex -131.913 -64.6007 -12.1981
      vertex -123.269 -57.7989 -12.1981
      vertex -123.087 -58.071 -12.1981
    endloop
  endfacet
  facet normal 0 0 -1
    outer loop
      vertex -125.741 6.08586 -12.1981
      vertex -125.793 6.15623 -12.1981
      vertex -121.913 7.89927 -12.1981
    endloop
  endfacet
  facet normal 0 0 -1
    outer loop
      vertex -125.793 6.15623 -12.1981
      vertex -125.847 6.22429 -12.1981
      vertex -121.913 7.89927 -12.1981
    endloop
  endfacet
  facet normal 0 0 -1
    outer loop
      vertex -121.913 7.89927 -12.1981
      vertex -125.847 6.22429 -12.1981
      vertex -125.905 6.28989 -12.1981
    endloop
  endfacet
  facet normal 0 0 -1
    outer loop
      vertex -125.905 6.28989 -12.1981
      vertex -125.965 6.35292 -12.1981
      vertex -121.913 7.89927 -12.1981
    endloop
  endfacet
  facet normal 0 0 -1
    outer loop
      vertex -125.965 6.35292 -12.1981
      vertex -126.028 6.41326 -12.1981
      vertex -121.913 7.89927 -12.1981
    endloop
  endfacet
  facet normal 0 0 -1
    outer loop
      vertex -121.913 7.89927 -12.1981
      vertex -126.028 6.41326 -12.1981
      vertex -126.094 6.4708 -12.1981
    endloop
  endfacet
  facet normal 0 0 -1
    outer loop
      vertex -126.534 6.75133 -12.1981
      vertex -126.614 6.78647 -12.1981
      vertex -121.913 7.89927 -12.1981
    endloop
  endfacet
  facet normal 0 0 -1
    outer loop
      vertex -126.614 6.78647 -12.1981
      vertex -126.695 6.8181 -12.1981
      vertex -121.913 7.89927 -12.1981
    endloop
  endfacet
  facet normal 0 0 -1
    outer loop
      vertex -121.913 7.89927 -12.1981
      vertex -126.695 6.8181 -12.1981
      vertex -126.778 6.84614 -12.1981
    endloop
  endfacet
  facet normal 0 0 -1
    outer loop
      vertex -127.379 2.93871 -12.1981
      vertex -127.292 2.94061 -12.1981
      vertex -127.158 0.746391 -12.1981
    endloop
  endfacet
  facet normal 0 0 -1
    outer loop
      vertex -127.292 2.94061 -12.1981
      vertex -127.205 2.94632 -12.1981
      vertex -127.158 0.746391 -12.1981
    endloop
  endfacet
  facet normal 0 0 -1
    outer loop
      vertex -127.158 0.746391 -12.1981
      vertex -127.205 2.94632 -12.1981
      vertex -126.848 0.851574 -12.1981
    endloop
  endfacet
  facet normal 0 0 -1
    outer loop
      vertex -127.205 2.94632 -12.1981
      vertex -127.118 2.95582 -12.1981
      vertex -126.848 0.851574 -12.1981
    endloop
  endfacet
  facet normal 0 0 -1
    outer loop
      vertex -126.848 0.851574 -12.1981
      vertex -127.118 2.95582 -12.1981
      vertex -126.543 0.970172 -12.1981
    endloop
  endfacet
  facet normal 0 0 -1
    outer loop
      vertex -127.118 2.95582 -12.1981
      vertex -127.032 2.96909 -12.1981
      vertex -126.543 0.970172 -12.1981
    endloop
  endfacet
  facet normal 0 0 -1
    outer loop
      vertex -126.543 0.970172 -12.1981
      vertex -127.032 2.96909 -12.1981
      vertex -126.947 2.98612 -12.1981
    endloop
  endfacet
  facet normal 0 0 -1
    outer loop
      vertex -126.028 3.46416 -12.1981
      vertex -125.965 3.5245 -12.1981
      vertex -124.592 2.15394 -12.1981
    endloop
  endfacet
  facet normal 0 0 -1
    outer loop
      vertex -125.965 3.5245 -12.1981
      vertex -125.905 3.58753 -12.1981
      vertex -124.592 2.15394 -12.1981
    endloop
  endfacet
  facet normal 0 0 -1
    outer loop
      vertex -124.592 2.15394 -12.1981
      vertex -125.905 3.58753 -12.1981
      vertex -124.346 2.36969 -12.1981
    endloop
  endfacet
  facet normal 0 0 -1
    outer loop
      vertex -125.905 3.58753 -12.1981
      vertex -124.11 2.59597 -12.1981
      vertex -124.346 2.36969 -12.1981
    endloop
  endfacet
  facet normal 0 0 -1
    outer loop
      vertex -126.094 6.4708 -12.1981
      vertex -126.162 6.52542 -12.1981
      vertex -121.913 7.89927 -12.1981
    endloop
  endfacet
  facet normal 0 0 -1
    outer loop
      vertex -126.162 6.52542 -12.1981
      vertex -126.232 6.57701 -12.1981
      vertex -121.913 7.89927 -12.1981
    endloop
  endfacet
  facet normal 0 0 -1
    outer loop
      vertex -121.913 7.89927 -12.1981
      vertex -126.232 6.57701 -12.1981
      vertex -126.305 6.62549 -12.1981
    endloop
  endfacet
  facet normal 0 0 -1
    outer loop
      vertex -126.305 6.62549 -12.1981
      vertex -126.379 6.67076 -12.1981
      vertex -121.913 7.89927 -12.1981
    endloop
  endfacet
  facet normal 0 0 -1
    outer loop
      vertex -126.379 6.67076 -12.1981
      vertex -126.456 6.71273 -12.1981
      vertex -121.913 7.89927 -12.1981
    endloop
  endfacet
  facet normal 0 0 -1
    outer loop
      vertex -121.913 7.89927 -12.1981
      vertex -126.456 6.71273 -12.1981
      vertex -126.534 6.75133 -12.1981
    endloop
  endfacet
  facet normal 0 0 -1
    outer loop
      vertex -121.941 7.2456 -12.1981
      vertex -125.905 3.58753 -12.1981
      vertex -121.913 7.89927 -12.1981
    endloop
  endfacet
  facet normal 0 0 -1
    outer loop
      vertex -125.905 3.58753 -12.1981
      vertex -125.847 3.65313 -12.1981
      vertex -121.913 7.89927 -12.1981
    endloop
  endfacet
  facet normal 0 0 -1
    outer loop
      vertex -121.913 7.89927 -12.1981
      vertex -125.847 3.65313 -12.1981
      vertex -125.793 3.72119 -12.1981
    endloop
  endfacet
  facet normal 0 0 -1
    outer loop
      vertex -127.205 6.9311 -12.1981
      vertex -131.913 10.3993 -12.1981
      vertex -127.118 6.9216 -12.1981
    endloop
  endfacet
  facet normal 0 0 -1
    outer loop
      vertex -127.812 6.8913 -12.1981
      vertex -127.897 6.87056 -12.1981
      vertex -131.913 10.3993 -12.1981
    endloop
  endfacet
  facet normal 0 0 -1
    outer loop
      vertex -127.897 6.87056 -12.1981
      vertex -127.981 6.84614 -12.1981
      vertex -131.913 10.3993 -12.1981
    endloop
  endfacet
  facet normal 0 0 -1
    outer loop
      vertex -131.913 10.3993 -12.1981
      vertex -127.981 6.84614 -12.1981
      vertex -128.063 6.8181 -12.1981
    endloop
  endfacet
  facet normal 0 0 -1
    outer loop
      vertex -128.063 6.8181 -12.1981
      vertex -128.145 6.78647 -12.1981
      vertex -131.913 10.3993 -12.1981
    endloop
  endfacet
  facet normal 0 0 -1
    outer loop
      vertex -128.145 6.78647 -12.1981
      vertex -128.225 6.75133 -12.1981
      vertex -131.913 10.3993 -12.1981
    endloop
  endfacet
  facet normal 0 0 -1
    outer loop
      vertex -131.913 10.3993 -12.1981
      vertex -128.225 6.75133 -12.1981
      vertex -128.303 6.71273 -12.1981
    endloop
  endfacet
  facet normal 0 0 -1
    outer loop
      vertex -128.303 6.71273 -12.1981
      vertex -128.379 6.67076 -12.1981
      vertex -131.913 10.3993 -12.1981
    endloop
  endfacet
  facet normal 0 0 -1
    outer loop
      vertex -128.379 6.67076 -12.1981
      vertex -128.454 6.62549 -12.1981
      vertex -131.913 10.3993 -12.1981
    endloop
  endfacet
  facet normal 0 0 -1
    outer loop
      vertex -131.913 10.3993 -12.1981
      vertex -128.454 6.62549 -12.1981
      vertex -128.527 6.57701 -12.1981
    endloop
  endfacet
  facet normal 0 0 -1
    outer loop
      vertex -128.527 6.57701 -12.1981
      vertex -128.597 6.52542 -12.1981
      vertex -131.913 10.3993 -12.1981
    endloop
  endfacet
  facet normal 0 0 -1
    outer loop
      vertex -128.597 6.52542 -12.1981
      vertex -128.665 6.4708 -12.1981
      vertex -131.913 10.3993 -12.1981
    endloop
  endfacet
  facet normal 0 0 -1
    outer loop
      vertex -131.913 10.3993 -12.1981
      vertex -128.665 6.4708 -12.1981
      vertex -128.731 6.41326 -12.1981
    endloop
  endfacet
  facet normal 0 0 -1
    outer loop
      vertex -123.269 3.59745 -12.1981
      vertex -123.463 3.33356 -12.1981
      vertex -125.905 3.58753 -12.1981
    endloop
  endfacet
  facet normal 0 0 -1
    outer loop
      vertex -123.463 3.33356 -12.1981
      vertex -123.668 3.07836 -12.1981
      vertex -125.905 3.58753 -12.1981
    endloop
  endfacet
  facet normal 0 0 -1
    outer loop
      vertex -125.905 3.58753 -12.1981
      vertex -123.668 3.07836 -12.1981
      vertex -123.883 2.83234 -12.1981
    endloop
  endfacet
  facet normal 0 0 -1
    outer loop
      vertex -126.778 6.84614 -12.1981
      vertex -126.862 6.87056 -12.1981
      vertex -121.913 7.89927 -12.1981
    endloop
  endfacet
  facet normal 0 0 -1
    outer loop
      vertex -126.862 6.87056 -12.1981
      vertex -126.947 6.8913 -12.1981
      vertex -121.913 7.89927 -12.1981
    endloop
  endfacet
  facet normal 0 0 -1
    outer loop
      vertex -121.913 7.89927 -12.1981
      vertex -126.947 6.8913 -12.1981
      vertex -131.913 10.3993 -12.1981
    endloop
  endfacet
  facet normal 0 0 -1
    outer loop
      vertex -126.947 6.8913 -12.1981
      vertex -127.032 6.90833 -12.1981
      vertex -131.913 10.3993 -12.1981
    endloop
  endfacet
  facet normal 0 0 -1
    outer loop
      vertex -131.913 10.3993 -12.1981
      vertex -127.032 6.90833 -12.1981
      vertex -127.118 6.9216 -12.1981
    endloop
  endfacet
  facet normal 0 0 -1
    outer loop
      vertex -127.292 6.93681 -12.1981
      vertex -127.379 6.93871 -12.1981
      vertex -131.913 10.3993 -12.1981
    endloop
  endfacet
  facet normal 0 0 -1
    outer loop
      vertex -127.379 6.93871 -12.1981
      vertex -127.467 6.93681 -12.1981
      vertex -131.913 10.3993 -12.1981
    endloop
  endfacet
  facet normal 0 0 -1
    outer loop
      vertex -131.913 10.3993 -12.1981
      vertex -127.467 6.93681 -12.1981
      vertex -127.554 6.9311 -12.1981
    endloop
  endfacet
  facet normal 0 0 -1
    outer loop
      vertex -121.941 7.2456 -12.1981
      vertex -121.977 6.92032 -12.1981
      vertex -125.905 3.58753 -12.1981
    endloop
  endfacet
  facet normal 0 0 -1
    outer loop
      vertex -121.977 6.92032 -12.1981
      vertex -122.027 6.59691 -12.1981
      vertex -125.905 3.58753 -12.1981
    endloop
  endfacet
  facet normal 0 0 -1
    outer loop
      vertex -125.905 3.58753 -12.1981
      vertex -122.027 6.59691 -12.1981
      vertex -122.091 6.27597 -12.1981
    endloop
  endfacet
  facet normal 0 0 -1
    outer loop
      vertex -122.091 6.27597 -12.1981
      vertex -122.168 5.95813 -12.1981
      vertex -125.905 3.58753 -12.1981
    endloop
  endfacet
  facet normal 0 0 -1
    outer loop
      vertex -122.168 5.95813 -12.1981
      vertex -122.26 5.64397 -12.1981
      vertex -125.905 3.58753 -12.1981
    endloop
  endfacet
  facet normal 0 0 -1
    outer loop
      vertex -125.905 3.58753 -12.1981
      vertex -122.26 5.64397 -12.1981
      vertex -122.365 5.33412 -12.1981
    endloop
  endfacet
  facet normal 0 0 -1
    outer loop
      vertex -127.554 6.9311 -12.1981
      vertex -127.64 6.9216 -12.1981
      vertex -131.913 10.3993 -12.1981
    endloop
  endfacet
  facet normal 0 0 -1
    outer loop
      vertex -127.64 6.9216 -12.1981
      vertex -127.727 6.90833 -12.1981
      vertex -131.913 10.3993 -12.1981
    endloop
  endfacet
  facet normal 0 0 -1
    outer loop
      vertex -131.913 10.3993 -12.1981
      vertex -127.727 6.90833 -12.1981
      vertex -127.812 6.8913 -12.1981
    endloop
  endfacet
  facet normal 0 0 -1
    outer loop
      vertex -122.365 5.33412 -12.1981
      vertex -122.484 5.02914 -12.1981
      vertex -125.905 3.58753 -12.1981
    endloop
  endfacet
  facet normal 0 0 -1
    outer loop
      vertex -122.484 5.02914 -12.1981
      vertex -122.616 4.72963 -12.1981
      vertex -125.905 3.58753 -12.1981
    endloop
  endfacet
  facet normal 0 0 -1
    outer loop
      vertex -125.905 3.58753 -12.1981
      vertex -122.616 4.72963 -12.1981
      vertex -122.76 4.43615 -12.1981
    endloop
  endfacet
  facet normal 0 0 -1
    outer loop
      vertex -122.76 4.43615 -12.1981
      vertex -122.918 4.14927 -12.1981
      vertex -125.905 3.58753 -12.1981
    endloop
  endfacet
  facet normal 0 0 -1
    outer loop
      vertex -122.918 4.14927 -12.1981
      vertex -123.087 3.86952 -12.1981
      vertex -125.905 3.58753 -12.1981
    endloop
  endfacet
  facet normal 0 0 -1
    outer loop
      vertex -125.905 3.58753 -12.1981
      vertex -123.087 3.86952 -12.1981
      vertex -123.269 3.59745 -12.1981
    endloop
  endfacet
  facet normal 0 1 0
    outer loop
      vertex -24.4129 -28.644 -2.85282
      vertex -21.9129 -28.644 -2.85282
      vertex -24.4129 -28.644 -10.8528
    endloop
  endfacet
  facet normal 0 1 0
    outer loop
      vertex -21.9129 -28.644 -2.85282
      vertex -21.9129 -28.644 -10.8528
      vertex -24.4129 -28.644 -10.8528
    endloop
  endfacet
  facet normal 0 0 1
    outer loop
      vertex -24.4129 -28.644 -10.8528
      vertex -21.9129 -28.644 -10.8528
      vertex -24.4129 -8.64402 -10.8528
    endloop
  endfacet
  facet normal 0 0 1
    outer loop
      vertex -21.9129 -28.644 -10.8528
      vertex -21.9129 -8.64402 -10.8528
      vertex -24.4129 -8.64402 -10.8528
    endloop
  endfacet
  facet normal 0 -1 0
    outer loop
      vertex -21.9129 -8.64402 -10.8528
      vertex -21.9129 -8.64402 -2.85282
      vertex -24.4129 -8.64402 -10.8528
    endloop
  endfacet
  facet normal 0 -1 0
    outer loop
      vertex -21.9129 -8.64402 -2.85282
      vertex -24.4129 -8.64402 -2.85282
      vertex -24.4129 -8.64402 -10.8528
    endloop
  endfacet
  facet normal 0 0 -1
    outer loop
      vertex -21.9129 -8.64402 -2.85282
      vertex -21.9129 -28.644 -2.85282
      vertex -24.4129 -8.64402 -2.85282
    endloop
  endfacet
  facet normal 0 0 -1
    outer loop
      vertex -21.9129 -28.644 -2.85282
      vertex -24.4129 -28.644 -2.85282
      vertex -24.4129 -8.64402 -2.85282
    endloop
  endfacet
  facet normal -1 0 0
    outer loop
      vertex -52.3886 1.69983 7.80192
      vertex -52.3886 1.69983 5.30192
      vertex -52.3886 -38.3002 7.80192
    endloop
  endfacet
  facet normal -1 0 0
    outer loop
      vertex -52.3886 1.69983 5.30192
      vertex -52.3886 -38.3002 5.30192
      vertex -52.3886 -38.3002 7.80192
    endloop
  endfacet
  facet normal 1 0 0
    outer loop
      vertex -21.9129 10.3993 -12.1981
      vertex -21.9129 -8.64402 -10.8528
      vertex -21.9129 -28.644 -10.8528
    endloop
  endfacet
  facet normal 1 0 0
    outer loop
      vertex -21.9129 -8.64402 -10.8528
      vertex -21.9129 10.3993 -12.1981
      vertex -21.9129 -8.64402 -2.85282
    endloop
  endfacet
  facet normal 1 0 0
    outer loop
      vertex -21.9129 10.3993 -12.1981
      vertex -21.9129 10.3993 7.80192
      vertex -21.9129 -8.64402 -2.85282
    endloop
  endfacet
  facet normal 1 0 0
    outer loop
      vertex -21.9129 -8.64402 -2.85282
      vertex -21.9129 10.3993 7.80192
      vertex -21.9129 -28.644 -2.85282
    endloop
  endfacet
  facet normal 1 0 0
    outer loop
      vertex -21.9129 10.3993 7.80192
      vertex -21.9129 -64.6007 7.80192
      vertex -21.9129 -28.644 -2.85282
    endloop
  endfacet
  facet normal 1 0 0
    outer loop
      vertex -21.9129 -28.644 -2.85282
      vertex -21.9129 -64.6007 7.80192
      vertex -21.9129 -28.644 -10.8528
    endloop
  endfacet
  facet normal 1 0 0
    outer loop
      vertex -21.9129 -64.6007 7.80192
      vertex -21.9129 -64.6007 -12.1981
      vertex -21.9129 -28.644 -10.8528
    endloop
  endfacet
  facet normal 1 0 0
    outer loop
      vertex -21.9129 -28.644 -10.8528
      vertex -21.9129 -64.6007 -12.1981
      vertex -21.9129 10.3993 -12.1981
    endloop
  endfacet
  facet normal 0 1 0
    outer loop
      vertex -121.913 -62.1007 -12.1981
      vertex -121.913 -62.1007 5.30192
      vertex -31.9129 -62.1007 -12.1981
    endloop
  endfacet
  facet normal 0 1 0
    outer loop
      vertex -121.913 -62.1007 5.30192
      vertex -31.9129 -62.1007 5.30192
      vertex -31.9129 -62.1007 -12.1981
    endloop
  endfacet
  facet normal 0 -1 0
    outer loop
      vertex -21.9129 -64.6007 7.80192
      vertex -131.913 -64.6007 7.80192
      vertex -21.9129 -64.6007 -12.1981
    endloop
  endfacet
  facet normal 0 -1 0
    outer loop
      vertex -131.913 -64.6007 7.80192
      vertex -131.913 -64.6007 -12.1981
      vertex -21.9129 -64.6007 -12.1981
    endloop
  endfacet
  facet normal -1 0 0
    outer loop
      vertex -131.913 -64.6007 7.80192
      vertex -131.913 10.3993 7.80192
      vertex -131.913 -64.6007 -12.1981
    endloop
  endfacet
  facet normal -1 0 0
    outer loop
      vertex -131.913 10.3993 7.80192
      vertex -131.913 10.3993 -12.1981
      vertex -131.913 -64.6007 -12.1981
    endloop
  endfacet
  facet normal -1 0 0
    outer loop
      vertex -24.4129 -28.644 -2.85282
      vertex -24.4129 -54.6007 5.30192
      vertex -24.4129 0.399268 5.30192
    endloop
  endfacet
  facet normal -1 0 0
    outer loop
      vertex -24.4129 -54.6007 5.30192
      vertex -24.4129 -28.644 -2.85282
      vertex -24.4129 -54.6007 -12.1981
    endloop
  endfacet
  facet normal -1 0 0
    outer loop
      vertex -24.4129 -28.644 -2.85282
      vertex -24.4129 -28.644 -10.8528
      vertex -24.4129 -54.6007 -12.1981
    endloop
  endfacet
  facet normal -1 0 0
    outer loop
      vertex -24.4129 -54.6007 -12.1981
      vertex -24.4129 -28.644 -10.8528
      vertex -24.4129 0.399268 -12.1981
    endloop
  endfacet
  facet normal -1 0 0
    outer loop
      vertex -24.4129 -28.644 -10.8528
      vertex -24.4129 -8.64402 -10.8528
      vertex -24.4129 0.399268 -12.1981
    endloop
  endfacet
  facet normal -1 0 0
    outer loop
      vertex -24.4129 0.399268 -12.1981
      vertex -24.4129 -8.64402 -10.8528
      vertex -24.4129 0.399268 5.30192
    endloop
  endfacet
  facet normal -1 0 0
    outer loop
      vertex -24.4129 -8.64402 -10.8528
      vertex -24.4129 -8.64402 -2.85282
      vertex -24.4129 0.399268 5.30192
    endloop
  endfacet
  facet normal -1 0 0
    outer loop
      vertex -24.4129 0.399268 5.30192
      vertex -24.4129 -8.64402 -2.85282
      vertex -24.4129 -28.644 -2.85282
    endloop
  endfacet
  facet normal 0 1 0
    outer loop
      vertex -131.913 10.3993 7.80192
      vertex -21.9129 10.3993 7.80192
      vertex -131.913 10.3993 -12.1981
    endloop
  endfacet
  facet normal 0 1 0
    outer loop
      vertex -21.9129 10.3993 7.80192
      vertex -21.9129 10.3993 -12.1981
      vertex -131.913 10.3993 -12.1981
    endloop
  endfacet
endsolid Mesh
