solid Mesh
  facet normal -0.999762 -0.0218096 0
    outer loop
      vertex -42.8464 5.89927 47.8019
      vertex -42.8464 5.89927 52.8019
      vertex -42.8497 6.05194 47.8019
    endloop
  endfacet
  facet normal -0.999762 -0.0218096 0
    outer loop
      vertex -42.8464 5.89927 52.8019
      vertex -42.8497 6.05194 52.8019
      vertex -42.8497 6.05194 47.8019
    endloop
  endfacet
  facet normal -0.997859 -0.0654042 0
    outer loop
      vertex -42.8497 6.05194 47.8019
      vertex -42.8497 6.05194 52.8019
      vertex -42.8597 6.20431 47.8019
    endloop
  endfacet
  facet normal -0.997859 -0.0654042 0
    outer loop
      vertex -42.8497 6.05194 52.8019
      vertex -42.8597 6.20431 52.8019
      vertex -42.8597 6.20431 47.8019
    endloop
  endfacet
  facet normal -0.994055 -0.108877 0
    outer loop
      vertex -42.8597 6.20431 47.8019
      vertex -42.8597 6.20431 52.8019
      vertex -42.8763 6.35611 47.8019
    endloop
  endfacet
  facet normal -0.994055 -0.108877 0
    outer loop
      vertex -42.8597 6.20431 52.8019
      vertex -42.8763 6.35611 52.8019
      vertex -42.8763 6.35611 47.8019
    endloop
  endfacet
  facet normal -0.988364 -0.152106 0
    outer loop
      vertex -42.8763 6.35611 47.8019
      vertex -42.8763 6.35611 52.8019
      vertex -42.8996 6.50704 47.8019
    endloop
  endfacet
  facet normal -0.988364 -0.152106 0
    outer loop
      vertex -42.8763 6.35611 52.8019
      vertex -42.8996 6.50704 52.8019
      vertex -42.8996 6.50704 47.8019
    endloop
  endfacet
  facet normal -0.980785 -0.195091 0
    outer loop
      vertex -42.8996 6.50704 47.8019
      vertex -42.8996 6.50704 52.8019
      vertex -42.9293 6.65681 47.8019
    endloop
  endfacet
  facet normal -0.980785 -0.195091 0
    outer loop
      vertex -42.8996 6.50704 52.8019
      vertex -42.9293 6.65681 52.8019
      vertex -42.9293 6.65681 47.8019
    endloop
  endfacet
  facet normal -0.971342 -0.237685 0
    outer loop
      vertex -42.9293 6.65681 47.8019
      vertex -42.9293 6.65681 52.8019
      vertex -42.9656 6.80513 47.8019
    endloop
  endfacet
  facet normal -0.971342 -0.237685 0
    outer loop
      vertex -42.9293 6.65681 52.8019
      vertex -42.9656 6.80513 52.8019
      vertex -42.9656 6.80513 47.8019
    endloop
  endfacet
  facet normal -0.960047 -0.279839 0
    outer loop
      vertex -42.9656 6.80513 47.8019
      vertex -42.9656 6.80513 52.8019
      vertex -43.0084 6.95174 47.8019
    endloop
  endfacet
  facet normal -0.960047 -0.279839 0
    outer loop
      vertex -42.9656 6.80513 52.8019
      vertex -43.0084 6.95174 52.8019
      vertex -43.0084 6.95174 47.8019
    endloop
  endfacet
  facet normal -0.946932 -0.321435 0
    outer loop
      vertex -43.0084 6.95174 47.8019
      vertex -43.0084 6.95174 52.8019
      vertex -43.0575 7.09634 47.8019
    endloop
  endfacet
  facet normal -0.946932 -0.321435 0
    outer loop
      vertex -43.0084 6.95174 52.8019
      vertex -43.0575 7.09634 52.8019
      vertex -43.0575 7.09634 47.8019
    endloop
  endfacet
  facet normal -0.932006 -0.362443 0
    outer loop
      vertex -43.0575 7.09634 47.8019
      vertex -43.0575 7.09634 52.8019
      vertex -43.1128 7.23866 47.8019
    endloop
  endfacet
  facet normal -0.932006 -0.362443 0
    outer loop
      vertex -43.0575 7.09634 52.8019
      vertex -43.1128 7.23866 52.8019
      vertex -43.1128 7.23866 47.8019
    endloop
  endfacet
  facet normal -0.915312 -0.402745 0
    outer loop
      vertex -43.1128 7.23866 47.8019
      vertex -43.1128 7.23866 52.8019
      vertex -43.1743 7.37843 47.8019
    endloop
  endfacet
  facet normal -0.915312 -0.402745 0
    outer loop
      vertex -43.1128 7.23866 52.8019
      vertex -43.1743 7.37843 52.8019
      vertex -43.1743 7.37843 47.8019
    endloop
  endfacet
  facet normal -0.896872 -0.44229 0
    outer loop
      vertex -43.1743 7.37843 47.8019
      vertex -43.1743 7.37843 52.8019
      vertex -43.2418 7.51539 47.8019
    endloop
  endfacet
  facet normal -0.896872 -0.44229 0
    outer loop
      vertex -43.1743 7.37843 52.8019
      vertex -43.2418 7.51539 52.8019
      vertex -43.2418 7.51539 47.8019
    endloop
  endfacet
  facet normal -0.87673 -0.480983 0
    outer loop
      vertex -43.2418 7.51539 47.8019
      vertex -43.2418 7.51539 52.8019
      vertex -43.3153 7.64927 47.8019
    endloop
  endfacet
  facet normal -0.87673 -0.480983 0
    outer loop
      vertex -43.2418 7.51539 52.8019
      vertex -43.3153 7.64927 52.8019
      vertex -43.3153 7.64927 47.8019
    endloop
  endfacet
  facet normal -0.854913 -0.518771 0
    outer loop
      vertex -43.3153 7.64927 47.8019
      vertex -43.3153 7.64927 52.8019
      vertex -43.3945 7.77982 47.8019
    endloop
  endfacet
  facet normal -0.854913 -0.518771 0
    outer loop
      vertex -43.3153 7.64927 52.8019
      vertex -43.3945 7.77982 52.8019
      vertex -43.3945 7.77982 47.8019
    endloop
  endfacet
  facet normal -0.831464 -0.555578 0
    outer loop
      vertex -43.3945 7.77982 47.8019
      vertex -43.3945 7.77982 52.8019
      vertex -43.4794 7.90679 47.8019
    endloop
  endfacet
  facet normal -0.831464 -0.555578 0
    outer loop
      vertex -43.3945 7.77982 52.8019
      vertex -43.4794 7.90679 52.8019
      vertex -43.4794 7.90679 47.8019
    endloop
  endfacet
  facet normal -0.806449 -0.591303 0
    outer loop
      vertex -43.4794 7.90679 47.8019
      vertex -43.4794 7.90679 52.8019
      vertex -43.5696 8.02993 47.8019
    endloop
  endfacet
  facet normal -0.806449 -0.591303 0
    outer loop
      vertex -43.4794 7.90679 52.8019
      vertex -43.5696 8.02993 52.8019
      vertex -43.5696 8.02993 47.8019
    endloop
  endfacet
  facet normal -0.779878 -0.625932 0
    outer loop
      vertex -43.5696 8.02993 47.8019
      vertex -43.5696 8.02993 52.8019
      vertex -43.6652 8.14903 47.8019
    endloop
  endfacet
  facet normal -0.779878 -0.625932 0
    outer loop
      vertex -43.5696 8.02993 52.8019
      vertex -43.6652 8.14903 52.8019
      vertex -43.6652 8.14903 47.8019
    endloop
  endfacet
  facet normal -0.751844 -0.659341 0
    outer loop
      vertex -43.6652 8.14903 47.8019
      vertex -43.6652 8.14903 52.8019
      vertex -43.7659 8.26383 47.8019
    endloop
  endfacet
  facet normal -0.751844 -0.659341 0
    outer loop
      vertex -43.6652 8.14903 52.8019
      vertex -43.7659 8.26383 52.8019
      vertex -43.7659 8.26383 47.8019
    endloop
  endfacet
  facet normal -0.722366 -0.691511 0
    outer loop
      vertex -43.7659 8.26383 47.8019
      vertex -43.7659 8.26383 52.8019
      vertex -43.8715 8.37414 47.8019
    endloop
  endfacet
  facet normal -0.722366 -0.691511 0
    outer loop
      vertex -43.7659 8.26383 52.8019
      vertex -43.8715 8.37414 52.8019
      vertex -43.8715 8.37414 47.8019
    endloop
  endfacet
  facet normal -0.691508 -0.722368 0
    outer loop
      vertex -43.8715 8.37414 47.8019
      vertex -43.8715 8.37414 52.8019
      vertex -43.9818 8.47974 47.8019
    endloop
  endfacet
  facet normal -0.691508 -0.722368 0
    outer loop
      vertex -43.8715 8.37414 52.8019
      vertex -43.9818 8.47974 52.8019
      vertex -43.9818 8.47974 47.8019
    endloop
  endfacet
  facet normal -0.659342 -0.751843 0
    outer loop
      vertex -43.9818 8.47974 47.8019
      vertex -43.9818 8.47974 52.8019
      vertex -44.0966 8.58042 47.8019
    endloop
  endfacet
  facet normal -0.659342 -0.751843 0
    outer loop
      vertex -43.9818 8.47974 52.8019
      vertex -44.0966 8.58042 52.8019
      vertex -44.0966 8.58042 47.8019
    endloop
  endfacet
  facet normal -0.62593 -0.779879 0
    outer loop
      vertex -44.0966 8.58042 47.8019
      vertex -44.0966 8.58042 52.8019
      vertex -44.2157 8.67601 47.8019
    endloop
  endfacet
  facet normal -0.62593 -0.779879 0
    outer loop
      vertex -44.0966 8.58042 52.8019
      vertex -44.2157 8.67601 52.8019
      vertex -44.2157 8.67601 47.8019
    endloop
  endfacet
  facet normal -0.591311 -0.806443 0
    outer loop
      vertex -44.2157 8.67601 47.8019
      vertex -44.2157 8.67601 52.8019
      vertex -44.3389 8.7663 47.8019
    endloop
  endfacet
  facet normal -0.591311 -0.806443 0
    outer loop
      vertex -44.2157 8.67601 52.8019
      vertex -44.3389 8.7663 52.8019
      vertex -44.3389 8.7663 47.8019
    endloop
  endfacet
  facet normal -0.55557 -0.83147 0
    outer loop
      vertex -44.3389 8.7663 47.8019
      vertex -44.3389 8.7663 52.8019
      vertex -44.4658 8.85114 47.8019
    endloop
  endfacet
  facet normal -0.55557 -0.83147 0
    outer loop
      vertex -44.3389 8.7663 52.8019
      vertex -44.4658 8.85114 52.8019
      vertex -44.4658 8.85114 47.8019
    endloop
  endfacet
  facet normal -0.518769 -0.854914 0
    outer loop
      vertex -44.4658 8.85114 47.8019
      vertex -44.4658 8.85114 52.8019
      vertex -44.5964 8.93036 47.8019
    endloop
  endfacet
  facet normal -0.518769 -0.854914 0
    outer loop
      vertex -44.4658 8.85114 52.8019
      vertex -44.5964 8.93036 52.8019
      vertex -44.5964 8.93036 47.8019
    endloop
  endfacet
  facet normal -0.480989 -0.876727 0
    outer loop
      vertex -44.5964 8.93036 47.8019
      vertex -44.5964 8.93036 52.8019
      vertex -44.7303 9.00381 47.8019
    endloop
  endfacet
  facet normal -0.480989 -0.876727 0
    outer loop
      vertex -44.5964 8.93036 52.8019
      vertex -44.7303 9.00381 52.8019
      vertex -44.7303 9.00381 47.8019
    endloop
  endfacet
  facet normal -0.442289 -0.896873 0
    outer loop
      vertex -44.7303 9.00381 47.8019
      vertex -44.7303 9.00381 52.8019
      vertex -44.8672 9.07135 47.8019
    endloop
  endfacet
  facet normal -0.442289 -0.896873 0
    outer loop
      vertex -44.7303 9.00381 52.8019
      vertex -44.8672 9.07135 52.8019
      vertex -44.8672 9.07135 47.8019
    endloop
  endfacet
  facet normal -0.402748 -0.915311 0
    outer loop
      vertex -44.8672 9.07135 47.8019
      vertex -44.8672 9.07135 52.8019
      vertex -45.007 9.13285 47.8019
    endloop
  endfacet
  facet normal -0.402748 -0.915311 0
    outer loop
      vertex -44.8672 9.07135 52.8019
      vertex -45.007 9.13285 52.8019
      vertex -45.007 9.13285 47.8019
    endloop
  endfacet
  facet normal -0.362439 -0.932008 0
    outer loop
      vertex -45.007 9.13285 47.8019
      vertex -45.007 9.13285 52.8019
      vertex -45.1493 9.18819 47.8019
    endloop
  endfacet
  facet normal -0.362439 -0.932008 0
    outer loop
      vertex -45.007 9.13285 52.8019
      vertex -45.1493 9.18819 52.8019
      vertex -45.1493 9.18819 47.8019
    endloop
  endfacet
  facet normal -0.321439 -0.94693 0
    outer loop
      vertex -45.1493 9.18819 47.8019
      vertex -45.1493 9.18819 52.8019
      vertex -45.2939 9.23728 47.8019
    endloop
  endfacet
  facet normal -0.321439 -0.94693 0
    outer loop
      vertex -45.1493 9.18819 52.8019
      vertex -45.2939 9.23728 52.8019
      vertex -45.2939 9.23728 47.8019
    endloop
  endfacet
  facet normal -0.279832 -0.960049 0
    outer loop
      vertex -45.2939 9.23728 47.8019
      vertex -45.2939 9.23728 52.8019
      vertex -45.4405 9.28001 47.8019
    endloop
  endfacet
  facet normal -0.279832 -0.960049 0
    outer loop
      vertex -45.2939 9.23728 52.8019
      vertex -45.4405 9.28001 52.8019
      vertex -45.4405 9.28001 47.8019
    endloop
  endfacet
  facet normal -0.237682 -0.971343 0
    outer loop
      vertex -45.4405 9.28001 47.8019
      vertex -45.4405 9.28001 52.8019
      vertex -45.5888 9.3163 47.8019
    endloop
  endfacet
  facet normal -0.237682 -0.971343 0
    outer loop
      vertex -45.4405 9.28001 52.8019
      vertex -45.5888 9.3163 52.8019
      vertex -45.5888 9.3163 47.8019
    endloop
  endfacet
  facet normal -0.195093 -0.980785 0
    outer loop
      vertex -45.5888 9.3163 47.8019
      vertex -45.5888 9.3163 52.8019
      vertex -45.7386 9.3461 47.8019
    endloop
  endfacet
  facet normal -0.195093 -0.980785 0
    outer loop
      vertex -45.5888 9.3163 52.8019
      vertex -45.7386 9.3461 52.8019
      vertex -45.7386 9.3461 47.8019
    endloop
  endfacet
  facet normal -0.152125 -0.988361 0
    outer loop
      vertex -45.7386 9.3461 47.8019
      vertex -45.7386 9.3461 52.8019
      vertex -45.8895 9.36933 47.8019
    endloop
  endfacet
  facet normal -0.152125 -0.988361 0
    outer loop
      vertex -45.7386 9.3461 52.8019
      vertex -45.8895 9.36933 52.8019
      vertex -45.8895 9.36933 47.8019
    endloop
  endfacet
  facet normal -0.108864 -0.994057 0
    outer loop
      vertex -45.8895 9.36933 47.8019
      vertex -45.8895 9.36933 52.8019
      vertex -46.0413 9.38595 47.8019
    endloop
  endfacet
  facet normal -0.108864 -0.994057 0
    outer loop
      vertex -45.8895 9.36933 52.8019
      vertex -46.0413 9.38595 52.8019
      vertex -46.0413 9.38595 47.8019
    endloop
  endfacet
  facet normal -0.0654034 -0.997859 0
    outer loop
      vertex -46.0413 9.38595 47.8019
      vertex -46.0413 9.38595 52.8019
      vertex -46.1937 9.39594 47.8019
    endloop
  endfacet
  facet normal -0.0654034 -0.997859 0
    outer loop
      vertex -46.0413 9.38595 52.8019
      vertex -46.1937 9.39594 52.8019
      vertex -46.1937 9.39594 47.8019
    endloop
  endfacet
  facet normal -0.0218159 -0.999762 0
    outer loop
      vertex -46.1937 9.39594 47.8019
      vertex -46.1937 9.39594 52.8019
      vertex -46.3464 9.39927 47.8019
    endloop
  endfacet
  facet normal -0.0218159 -0.999762 0
    outer loop
      vertex -46.1937 9.39594 52.8019
      vertex -46.3464 9.39927 52.8019
      vertex -46.3464 9.39927 47.8019
    endloop
  endfacet
  facet normal 0.0218159 -0.999762 0
    outer loop
      vertex -46.3464 9.39927 47.8019
      vertex -46.3464 9.39927 52.8019
      vertex -46.4991 9.39594 47.8019
    endloop
  endfacet
  facet normal 0.0218159 -0.999762 0
    outer loop
      vertex -46.3464 9.39927 52.8019
      vertex -46.4991 9.39594 52.8019
      vertex -46.4991 9.39594 47.8019
    endloop
  endfacet
  facet normal 0.0654034 -0.997859 0
    outer loop
      vertex -46.4991 9.39594 47.8019
      vertex -46.4991 9.39594 52.8019
      vertex -46.6514 9.38595 47.8019
    endloop
  endfacet
  facet normal 0.0654034 -0.997859 0
    outer loop
      vertex -46.4991 9.39594 52.8019
      vertex -46.6514 9.38595 52.8019
      vertex -46.6514 9.38595 47.8019
    endloop
  endfacet
  facet normal 0.108866 -0.994056 0
    outer loop
      vertex -46.6514 9.38595 47.8019
      vertex -46.6514 9.38595 52.8019
      vertex -46.8032 9.36933 47.8019
    endloop
  endfacet
  facet normal 0.108866 -0.994056 0
    outer loop
      vertex -46.6514 9.38595 52.8019
      vertex -46.8032 9.36933 52.8019
      vertex -46.8032 9.36933 47.8019
    endloop
  endfacet
  facet normal 0.152121 -0.988362 0
    outer loop
      vertex -46.8032 9.36933 47.8019
      vertex -46.8032 9.36933 52.8019
      vertex -46.9542 9.3461 47.8019
    endloop
  endfacet
  facet normal 0.152121 -0.988362 0
    outer loop
      vertex -46.8032 9.36933 52.8019
      vertex -46.9542 9.3461 52.8019
      vertex -46.9542 9.3461 47.8019
    endloop
  endfacet
  facet normal 0.195093 -0.980785 0
    outer loop
      vertex -46.9542 9.3461 47.8019
      vertex -46.9542 9.3461 52.8019
      vertex -47.1039 9.3163 47.8019
    endloop
  endfacet
  facet normal 0.195093 -0.980785 0
    outer loop
      vertex -46.9542 9.3461 52.8019
      vertex -47.1039 9.3163 52.8019
      vertex -47.1039 9.3163 47.8019
    endloop
  endfacet
  facet normal 0.237682 -0.971343 0
    outer loop
      vertex -47.1039 9.3163 47.8019
      vertex -47.1039 9.3163 52.8019
      vertex -47.2523 9.28001 47.8019
    endloop
  endfacet
  facet normal 0.237682 -0.971343 0
    outer loop
      vertex -47.1039 9.3163 52.8019
      vertex -47.2523 9.28001 52.8019
      vertex -47.2523 9.28001 47.8019
    endloop
  endfacet
  facet normal 0.279832 -0.960049 0
    outer loop
      vertex -47.2523 9.28001 47.8019
      vertex -47.2523 9.28001 52.8019
      vertex -47.3989 9.23728 47.8019
    endloop
  endfacet
  facet normal 0.279832 -0.960049 0
    outer loop
      vertex -47.2523 9.28001 52.8019
      vertex -47.3989 9.23728 52.8019
      vertex -47.3989 9.23728 47.8019
    endloop
  endfacet
  facet normal 0.321439 -0.94693 0
    outer loop
      vertex -47.3989 9.23728 47.8019
      vertex -47.3989 9.23728 52.8019
      vertex -47.5435 9.18819 47.8019
    endloop
  endfacet
  facet normal 0.321439 -0.94693 0
    outer loop
      vertex -47.3989 9.23728 52.8019
      vertex -47.5435 9.18819 52.8019
      vertex -47.5435 9.18819 47.8019
    endloop
  endfacet
  facet normal 0.362439 -0.932008 0
    outer loop
      vertex -47.5435 9.18819 47.8019
      vertex -47.5435 9.18819 52.8019
      vertex -47.6858 9.13285 47.8019
    endloop
  endfacet
  facet normal 0.362439 -0.932008 0
    outer loop
      vertex -47.5435 9.18819 52.8019
      vertex -47.6858 9.13285 52.8019
      vertex -47.6858 9.13285 47.8019
    endloop
  endfacet
  facet normal 0.402748 -0.915311 0
    outer loop
      vertex -47.6858 9.13285 47.8019
      vertex -47.6858 9.13285 52.8019
      vertex -47.8255 9.07135 47.8019
    endloop
  endfacet
  facet normal 0.402748 -0.915311 0
    outer loop
      vertex -47.6858 9.13285 52.8019
      vertex -47.8255 9.07135 52.8019
      vertex -47.8255 9.07135 47.8019
    endloop
  endfacet
  facet normal 0.442289 -0.896873 0
    outer loop
      vertex -47.8255 9.07135 47.8019
      vertex -47.8255 9.07135 52.8019
      vertex -47.9625 9.00381 47.8019
    endloop
  endfacet
  facet normal 0.442289 -0.896873 0
    outer loop
      vertex -47.8255 9.07135 52.8019
      vertex -47.9625 9.00381 52.8019
      vertex -47.9625 9.00381 47.8019
    endloop
  endfacet
  facet normal 0.480989 -0.876727 0
    outer loop
      vertex -47.9625 9.00381 47.8019
      vertex -47.9625 9.00381 52.8019
      vertex -48.0964 8.93036 47.8019
    endloop
  endfacet
  facet normal 0.480989 -0.876727 0
    outer loop
      vertex -47.9625 9.00381 52.8019
      vertex -48.0964 8.93036 52.8019
      vertex -48.0964 8.93036 47.8019
    endloop
  endfacet
  facet normal 0.518769 -0.854914 0
    outer loop
      vertex -48.0964 8.93036 47.8019
      vertex -48.0964 8.93036 52.8019
      vertex -48.2269 8.85114 47.8019
    endloop
  endfacet
  facet normal 0.518769 -0.854914 0
    outer loop
      vertex -48.0964 8.93036 52.8019
      vertex -48.2269 8.85114 52.8019
      vertex -48.2269 8.85114 47.8019
    endloop
  endfacet
  facet normal 0.55557 -0.83147 0
    outer loop
      vertex -48.2269 8.85114 47.8019
      vertex -48.2269 8.85114 52.8019
      vertex -48.3539 8.7663 47.8019
    endloop
  endfacet
  facet normal 0.55557 -0.83147 0
    outer loop
      vertex -48.2269 8.85114 52.8019
      vertex -48.3539 8.7663 52.8019
      vertex -48.3539 8.7663 47.8019
    endloop
  endfacet
  facet normal 0.591311 -0.806443 0
    outer loop
      vertex -48.3539 8.7663 47.8019
      vertex -48.3539 8.7663 52.8019
      vertex -48.477 8.67601 47.8019
    endloop
  endfacet
  facet normal 0.591311 -0.806443 0
    outer loop
      vertex -48.3539 8.7663 52.8019
      vertex -48.477 8.67601 52.8019
      vertex -48.477 8.67601 47.8019
    endloop
  endfacet
  facet normal 0.62593 -0.779879 0
    outer loop
      vertex -48.477 8.67601 47.8019
      vertex -48.477 8.67601 52.8019
      vertex -48.5961 8.58042 47.8019
    endloop
  endfacet
  facet normal 0.62593 -0.779879 0
    outer loop
      vertex -48.477 8.67601 52.8019
      vertex -48.5961 8.58042 52.8019
      vertex -48.5961 8.58042 47.8019
    endloop
  endfacet
  facet normal 0.659342 -0.751843 0
    outer loop
      vertex -48.5961 8.58042 47.8019
      vertex -48.5961 8.58042 52.8019
      vertex -48.7109 8.47974 47.8019
    endloop
  endfacet
  facet normal 0.659342 -0.751843 0
    outer loop
      vertex -48.5961 8.58042 52.8019
      vertex -48.7109 8.47974 52.8019
      vertex -48.7109 8.47974 47.8019
    endloop
  endfacet
  facet normal 0.691508 -0.722368 0
    outer loop
      vertex -48.7109 8.47974 47.8019
      vertex -48.7109 8.47974 52.8019
      vertex -48.8213 8.37414 47.8019
    endloop
  endfacet
  facet normal 0.691508 -0.722368 0
    outer loop
      vertex -48.7109 8.47974 52.8019
      vertex -48.8213 8.37414 52.8019
      vertex -48.8213 8.37414 47.8019
    endloop
  endfacet
  facet normal 0.722366 -0.691511 0
    outer loop
      vertex -48.8213 8.37414 47.8019
      vertex -48.8213 8.37414 52.8019
      vertex -48.9269 8.26383 47.8019
    endloop
  endfacet
  facet normal 0.722366 -0.691511 0
    outer loop
      vertex -48.8213 8.37414 52.8019
      vertex -48.9269 8.26383 52.8019
      vertex -48.9269 8.26383 47.8019
    endloop
  endfacet
  facet normal 0.751844 -0.659341 0
    outer loop
      vertex -48.9269 8.26383 47.8019
      vertex -48.9269 8.26383 52.8019
      vertex -49.0275 8.14903 47.8019
    endloop
  endfacet
  facet normal 0.751844 -0.659341 0
    outer loop
      vertex -48.9269 8.26383 52.8019
      vertex -49.0275 8.14903 52.8019
      vertex -49.0275 8.14903 47.8019
    endloop
  endfacet
  facet normal 0.779878 -0.625932 0
    outer loop
      vertex -49.0275 8.14903 47.8019
      vertex -49.0275 8.14903 52.8019
      vertex -49.1231 8.02993 47.8019
    endloop
  endfacet
  facet normal 0.779878 -0.625932 0
    outer loop
      vertex -49.0275 8.14903 52.8019
      vertex -49.1231 8.02993 52.8019
      vertex -49.1231 8.02993 47.8019
    endloop
  endfacet
  facet normal 0.806449 -0.591303 0
    outer loop
      vertex -49.1231 8.02993 47.8019
      vertex -49.1231 8.02993 52.8019
      vertex -49.2134 7.90679 47.8019
    endloop
  endfacet
  facet normal 0.806449 -0.591303 0
    outer loop
      vertex -49.1231 8.02993 52.8019
      vertex -49.2134 7.90679 52.8019
      vertex -49.2134 7.90679 47.8019
    endloop
  endfacet
  facet normal 0.831464 -0.555578 0
    outer loop
      vertex -49.2134 7.90679 47.8019
      vertex -49.2134 7.90679 52.8019
      vertex -49.2983 7.77982 47.8019
    endloop
  endfacet
  facet normal 0.831464 -0.555578 0
    outer loop
      vertex -49.2134 7.90679 52.8019
      vertex -49.2983 7.77982 52.8019
      vertex -49.2983 7.77982 47.8019
    endloop
  endfacet
  facet normal 0.854913 -0.518771 0
    outer loop
      vertex -49.2983 7.77982 47.8019
      vertex -49.2983 7.77982 52.8019
      vertex -49.3775 7.64927 47.8019
    endloop
  endfacet
  facet normal 0.854913 -0.518771 0
    outer loop
      vertex -49.2983 7.77982 52.8019
      vertex -49.3775 7.64927 52.8019
      vertex -49.3775 7.64927 47.8019
    endloop
  endfacet
  facet normal 0.87673 -0.480983 0
    outer loop
      vertex -49.3775 7.64927 47.8019
      vertex -49.3775 7.64927 52.8019
      vertex -49.4509 7.51539 47.8019
    endloop
  endfacet
  facet normal 0.87673 -0.480983 0
    outer loop
      vertex -49.3775 7.64927 52.8019
      vertex -49.4509 7.51539 52.8019
      vertex -49.4509 7.51539 47.8019
    endloop
  endfacet
  facet normal 0.896872 -0.44229 0
    outer loop
      vertex -49.4509 7.51539 47.8019
      vertex -49.4509 7.51539 52.8019
      vertex -49.5185 7.37843 47.8019
    endloop
  endfacet
  facet normal 0.896872 -0.44229 0
    outer loop
      vertex -49.4509 7.51539 52.8019
      vertex -49.5185 7.37843 52.8019
      vertex -49.5185 7.37843 47.8019
    endloop
  endfacet
  facet normal 0.915312 -0.402745 0
    outer loop
      vertex -49.5185 7.37843 47.8019
      vertex -49.5185 7.37843 52.8019
      vertex -49.58 7.23866 47.8019
    endloop
  endfacet
  facet normal 0.915312 -0.402745 0
    outer loop
      vertex -49.5185 7.37843 52.8019
      vertex -49.58 7.23866 52.8019
      vertex -49.58 7.23866 47.8019
    endloop
  endfacet
  facet normal 0.932006 -0.362443 0
    outer loop
      vertex -49.58 7.23866 47.8019
      vertex -49.58 7.23866 52.8019
      vertex -49.6353 7.09634 47.8019
    endloop
  endfacet
  facet normal 0.932006 -0.362443 0
    outer loop
      vertex -49.58 7.23866 52.8019
      vertex -49.6353 7.09634 52.8019
      vertex -49.6353 7.09634 47.8019
    endloop
  endfacet
  facet normal 0.946932 -0.321435 0
    outer loop
      vertex -49.6353 7.09634 47.8019
      vertex -49.6353 7.09634 52.8019
      vertex -49.6844 6.95174 47.8019
    endloop
  endfacet
  facet normal 0.946932 -0.321435 0
    outer loop
      vertex -49.6353 7.09634 52.8019
      vertex -49.6844 6.95174 52.8019
      vertex -49.6844 6.95174 47.8019
    endloop
  endfacet
  facet normal 0.960047 -0.279839 0
    outer loop
      vertex -49.6844 6.95174 47.8019
      vertex -49.6844 6.95174 52.8019
      vertex -49.7271 6.80513 47.8019
    endloop
  endfacet
  facet normal 0.960047 -0.279839 0
    outer loop
      vertex -49.6844 6.95174 52.8019
      vertex -49.7271 6.80513 52.8019
      vertex -49.7271 6.80513 47.8019
    endloop
  endfacet
  facet normal 0.971342 -0.237685 0
    outer loop
      vertex -49.7271 6.80513 47.8019
      vertex -49.7271 6.80513 52.8019
      vertex -49.7634 6.65681 47.8019
    endloop
  endfacet
  facet normal 0.971342 -0.237685 0
    outer loop
      vertex -49.7271 6.80513 52.8019
      vertex -49.7634 6.65681 52.8019
      vertex -49.7634 6.65681 47.8019
    endloop
  endfacet
  facet normal 0.980785 -0.195091 0
    outer loop
      vertex -49.7634 6.65681 47.8019
      vertex -49.7634 6.65681 52.8019
      vertex -49.7932 6.50704 47.8019
    endloop
  endfacet
  facet normal 0.980785 -0.195091 0
    outer loop
      vertex -49.7634 6.65681 52.8019
      vertex -49.7932 6.50704 52.8019
      vertex -49.7932 6.50704 47.8019
    endloop
  endfacet
  facet normal 0.988364 -0.152106 0
    outer loop
      vertex -49.7932 6.50704 47.8019
      vertex -49.7932 6.50704 52.8019
      vertex -49.8164 6.35611 47.8019
    endloop
  endfacet
  facet normal 0.988364 -0.152106 0
    outer loop
      vertex -49.7932 6.50704 52.8019
      vertex -49.8164 6.35611 52.8019
      vertex -49.8164 6.35611 47.8019
    endloop
  endfacet
  facet normal 0.994055 -0.108877 0
    outer loop
      vertex -49.8164 6.35611 47.8019
      vertex -49.8164 6.35611 52.8019
      vertex -49.8331 6.20431 47.8019
    endloop
  endfacet
  facet normal 0.994055 -0.108877 0
    outer loop
      vertex -49.8164 6.35611 52.8019
      vertex -49.8331 6.20431 52.8019
      vertex -49.8331 6.20431 47.8019
    endloop
  endfacet
  facet normal 0.997859 -0.0654042 0
    outer loop
      vertex -49.8331 6.20431 47.8019
      vertex -49.8331 6.20431 52.8019
      vertex -49.8431 6.05194 47.8019
    endloop
  endfacet
  facet normal 0.997859 -0.0654042 0
    outer loop
      vertex -49.8331 6.20431 52.8019
      vertex -49.8431 6.05194 52.8019
      vertex -49.8431 6.05194 47.8019
    endloop
  endfacet
  facet normal 0.999762 -0.0218096 0
    outer loop
      vertex -49.8431 6.05194 47.8019
      vertex -49.8431 6.05194 52.8019
      vertex -49.8464 5.89927 47.8019
    endloop
  endfacet
  facet normal 0.999762 -0.0218096 0
    outer loop
      vertex -49.8431 6.05194 52.8019
      vertex -49.8464 5.89927 52.8019
      vertex -49.8464 5.89927 47.8019
    endloop
  endfacet
  facet normal 0.999762 0.0218095 0
    outer loop
      vertex -49.8464 5.89927 47.8019
      vertex -49.8464 5.89927 52.8019
      vertex -49.8431 5.7466 47.8019
    endloop
  endfacet
  facet normal 0.999762 0.0218095 0
    outer loop
      vertex -49.8464 5.89927 52.8019
      vertex -49.8431 5.7466 52.8019
      vertex -49.8431 5.7466 47.8019
    endloop
  endfacet
  facet normal 0.997859 0.0654042 0
    outer loop
      vertex -49.8431 5.7466 47.8019
      vertex -49.8431 5.7466 52.8019
      vertex -49.8331 5.59422 47.8019
    endloop
  endfacet
  facet normal 0.997859 0.0654042 0
    outer loop
      vertex -49.8431 5.7466 52.8019
      vertex -49.8331 5.59422 52.8019
      vertex -49.8331 5.59422 47.8019
    endloop
  endfacet
  facet normal 0.994055 0.108877 0
    outer loop
      vertex -49.8331 5.59422 47.8019
      vertex -49.8331 5.59422 52.8019
      vertex -49.8164 5.44243 47.8019
    endloop
  endfacet
  facet normal 0.994055 0.108877 0
    outer loop
      vertex -49.8331 5.59422 52.8019
      vertex -49.8164 5.44243 52.8019
      vertex -49.8164 5.44243 47.8019
    endloop
  endfacet
  facet normal 0.988364 0.152106 0
    outer loop
      vertex -49.8164 5.44243 47.8019
      vertex -49.8164 5.44243 52.8019
      vertex -49.7932 5.2915 47.8019
    endloop
  endfacet
  facet normal 0.988364 0.152106 0
    outer loop
      vertex -49.8164 5.44243 52.8019
      vertex -49.7932 5.2915 52.8019
      vertex -49.7932 5.2915 47.8019
    endloop
  endfacet
  facet normal 0.980785 0.195091 0
    outer loop
      vertex -49.7932 5.2915 47.8019
      vertex -49.7932 5.2915 52.8019
      vertex -49.7634 5.14173 47.8019
    endloop
  endfacet
  facet normal 0.980785 0.195091 0
    outer loop
      vertex -49.7932 5.2915 52.8019
      vertex -49.7634 5.14173 52.8019
      vertex -49.7634 5.14173 47.8019
    endloop
  endfacet
  facet normal 0.971342 0.237685 0
    outer loop
      vertex -49.7634 5.14173 47.8019
      vertex -49.7634 5.14173 52.8019
      vertex -49.7271 4.9934 47.8019
    endloop
  endfacet
  facet normal 0.971342 0.237685 0
    outer loop
      vertex -49.7634 5.14173 52.8019
      vertex -49.7271 4.9934 52.8019
      vertex -49.7271 4.9934 47.8019
    endloop
  endfacet
  facet normal 0.960047 0.279839 0
    outer loop
      vertex -49.7271 4.9934 47.8019
      vertex -49.7271 4.9934 52.8019
      vertex -49.6844 4.8468 47.8019
    endloop
  endfacet
  facet normal 0.960047 0.279839 0
    outer loop
      vertex -49.7271 4.9934 52.8019
      vertex -49.6844 4.8468 52.8019
      vertex -49.6844 4.8468 47.8019
    endloop
  endfacet
  facet normal 0.946932 0.321435 0
    outer loop
      vertex -49.6844 4.8468 47.8019
      vertex -49.6844 4.8468 52.8019
      vertex -49.6353 4.7022 47.8019
    endloop
  endfacet
  facet normal 0.946932 0.321435 0
    outer loop
      vertex -49.6844 4.8468 52.8019
      vertex -49.6353 4.7022 52.8019
      vertex -49.6353 4.7022 47.8019
    endloop
  endfacet
  facet normal 0.932006 0.362443 0
    outer loop
      vertex -49.6353 4.7022 47.8019
      vertex -49.6353 4.7022 52.8019
      vertex -49.58 4.55988 47.8019
    endloop
  endfacet
  facet normal 0.932006 0.362443 0
    outer loop
      vertex -49.6353 4.7022 52.8019
      vertex -49.58 4.55988 52.8019
      vertex -49.58 4.55988 47.8019
    endloop
  endfacet
  facet normal 0.915312 0.402745 0
    outer loop
      vertex -49.58 4.55988 47.8019
      vertex -49.58 4.55988 52.8019
      vertex -49.5185 4.4201 47.8019
    endloop
  endfacet
  facet normal 0.915312 0.402745 0
    outer loop
      vertex -49.58 4.55988 52.8019
      vertex -49.5185 4.4201 52.8019
      vertex -49.5185 4.4201 47.8019
    endloop
  endfacet
  facet normal 0.896872 0.44229 0
    outer loop
      vertex -49.5185 4.4201 47.8019
      vertex -49.5185 4.4201 52.8019
      vertex -49.4509 4.28315 47.8019
    endloop
  endfacet
  facet normal 0.896872 0.44229 0
    outer loop
      vertex -49.5185 4.4201 52.8019
      vertex -49.4509 4.28315 52.8019
      vertex -49.4509 4.28315 47.8019
    endloop
  endfacet
  facet normal 0.87673 0.480983 0
    outer loop
      vertex -49.4509 4.28315 47.8019
      vertex -49.4509 4.28315 52.8019
      vertex -49.3775 4.14927 47.8019
    endloop
  endfacet
  facet normal 0.87673 0.480983 0
    outer loop
      vertex -49.4509 4.28315 52.8019
      vertex -49.3775 4.14927 52.8019
      vertex -49.3775 4.14927 47.8019
    endloop
  endfacet
  facet normal 0.854913 0.518771 0
    outer loop
      vertex -49.3775 4.14927 47.8019
      vertex -49.3775 4.14927 52.8019
      vertex -49.2983 4.01872 47.8019
    endloop
  endfacet
  facet normal 0.854913 0.518771 0
    outer loop
      vertex -49.3775 4.14927 52.8019
      vertex -49.2983 4.01872 52.8019
      vertex -49.2983 4.01872 47.8019
    endloop
  endfacet
  facet normal 0.831464 0.555579 0
    outer loop
      vertex -49.2983 4.01872 47.8019
      vertex -49.2983 4.01872 52.8019
      vertex -49.2134 3.89175 47.8019
    endloop
  endfacet
  facet normal 0.831464 0.555579 0
    outer loop
      vertex -49.2983 4.01872 52.8019
      vertex -49.2134 3.89175 52.8019
      vertex -49.2134 3.89175 47.8019
    endloop
  endfacet
  facet normal 0.80645 0.591302 0
    outer loop
      vertex -49.2134 3.89175 47.8019
      vertex -49.2134 3.89175 52.8019
      vertex -49.1231 3.7686 47.8019
    endloop
  endfacet
  facet normal 0.80645 0.591302 0
    outer loop
      vertex -49.2134 3.89175 52.8019
      vertex -49.1231 3.7686 52.8019
      vertex -49.1231 3.7686 47.8019
    endloop
  endfacet
  facet normal 0.779877 0.625933 0
    outer loop
      vertex -49.1231 3.7686 47.8019
      vertex -49.1231 3.7686 52.8019
      vertex -49.0275 3.64951 47.8019
    endloop
  endfacet
  facet normal 0.779877 0.625933 0
    outer loop
      vertex -49.1231 3.7686 52.8019
      vertex -49.0275 3.64951 52.8019
      vertex -49.0275 3.64951 47.8019
    endloop
  endfacet
  facet normal 0.751844 0.659341 0
    outer loop
      vertex -49.0275 3.64951 47.8019
      vertex -49.0275 3.64951 52.8019
      vertex -48.9269 3.5347 47.8019
    endloop
  endfacet
  facet normal 0.751844 0.659341 0
    outer loop
      vertex -49.0275 3.64951 52.8019
      vertex -48.9269 3.5347 52.8019
      vertex -48.9269 3.5347 47.8019
    endloop
  endfacet
  facet normal 0.722364 0.691513 0
    outer loop
      vertex -48.9269 3.5347 47.8019
      vertex -48.9269 3.5347 52.8019
      vertex -48.8213 3.42439 47.8019
    endloop
  endfacet
  facet normal 0.722364 0.691513 0
    outer loop
      vertex -48.9269 3.5347 52.8019
      vertex -48.8213 3.42439 52.8019
      vertex -48.8213 3.42439 47.8019
    endloop
  endfacet
  facet normal 0.691508 0.722369 0
    outer loop
      vertex -48.8213 3.42439 47.8019
      vertex -48.8213 3.42439 52.8019
      vertex -48.7109 3.3188 47.8019
    endloop
  endfacet
  facet normal 0.691508 0.722369 0
    outer loop
      vertex -48.8213 3.42439 52.8019
      vertex -48.7109 3.3188 52.8019
      vertex -48.7109 3.3188 47.8019
    endloop
  endfacet
  facet normal 0.659344 0.751842 0
    outer loop
      vertex -48.7109 3.3188 47.8019
      vertex -48.7109 3.3188 52.8019
      vertex -48.5961 3.21811 47.8019
    endloop
  endfacet
  facet normal 0.659344 0.751842 0
    outer loop
      vertex -48.7109 3.3188 52.8019
      vertex -48.5961 3.21811 52.8019
      vertex -48.5961 3.21811 47.8019
    endloop
  endfacet
  facet normal 0.625929 0.77988 0
    outer loop
      vertex -48.5961 3.21811 47.8019
      vertex -48.5961 3.21811 52.8019
      vertex -48.477 3.12253 47.8019
    endloop
  endfacet
  facet normal 0.625929 0.77988 0
    outer loop
      vertex -48.5961 3.21811 52.8019
      vertex -48.477 3.12253 52.8019
      vertex -48.477 3.12253 47.8019
    endloop
  endfacet
  facet normal 0.591311 0.806443 0
    outer loop
      vertex -48.477 3.12253 47.8019
      vertex -48.477 3.12253 52.8019
      vertex -48.3539 3.03224 47.8019
    endloop
  endfacet
  facet normal 0.591311 0.806443 0
    outer loop
      vertex -48.477 3.12253 52.8019
      vertex -48.3539 3.03224 52.8019
      vertex -48.3539 3.03224 47.8019
    endloop
  endfacet
  facet normal 0.55557 0.83147 0
    outer loop
      vertex -48.3539 3.03224 47.8019
      vertex -48.3539 3.03224 52.8019
      vertex -48.2269 2.9474 47.8019
    endloop
  endfacet
  facet normal 0.55557 0.83147 0
    outer loop
      vertex -48.3539 3.03224 52.8019
      vertex -48.2269 2.9474 52.8019
      vertex -48.2269 2.9474 47.8019
    endloop
  endfacet
  facet normal 0.518773 0.854912 0
    outer loop
      vertex -48.2269 2.9474 47.8019
      vertex -48.2269 2.9474 52.8019
      vertex -48.0964 2.86818 47.8019
    endloop
  endfacet
  facet normal 0.518773 0.854912 0
    outer loop
      vertex -48.2269 2.9474 52.8019
      vertex -48.0964 2.86818 52.8019
      vertex -48.0964 2.86818 47.8019
    endloop
  endfacet
  facet normal 0.48099 0.876726 0
    outer loop
      vertex -48.0964 2.86818 47.8019
      vertex -48.0964 2.86818 52.8019
      vertex -47.9625 2.79473 47.8019
    endloop
  endfacet
  facet normal 0.48099 0.876726 0
    outer loop
      vertex -48.0964 2.86818 52.8019
      vertex -47.9625 2.79473 52.8019
      vertex -47.9625 2.79473 47.8019
    endloop
  endfacet
  facet normal 0.442287 0.896873 0
    outer loop
      vertex -47.9625 2.79473 47.8019
      vertex -47.9625 2.79473 52.8019
      vertex -47.8255 2.72719 47.8019
    endloop
  endfacet
  facet normal 0.442287 0.896873 0
    outer loop
      vertex -47.9625 2.79473 52.8019
      vertex -47.8255 2.72719 52.8019
      vertex -47.8255 2.72719 47.8019
    endloop
  endfacet
  facet normal 0.402744 0.915313 0
    outer loop
      vertex -47.8255 2.72719 47.8019
      vertex -47.8255 2.72719 52.8019
      vertex -47.6858 2.66569 47.8019
    endloop
  endfacet
  facet normal 0.402744 0.915313 0
    outer loop
      vertex -47.8255 2.72719 52.8019
      vertex -47.6858 2.66569 52.8019
      vertex -47.6858 2.66569 47.8019
    endloop
  endfacet
  facet normal 0.36244 0.932007 0
    outer loop
      vertex -47.6858 2.66569 47.8019
      vertex -47.6858 2.66569 52.8019
      vertex -47.5435 2.61034 47.8019
    endloop
  endfacet
  facet normal 0.36244 0.932007 0
    outer loop
      vertex -47.6858 2.66569 52.8019
      vertex -47.5435 2.61034 52.8019
      vertex -47.5435 2.61034 47.8019
    endloop
  endfacet
  facet normal 0.321438 0.946931 0
    outer loop
      vertex -47.5435 2.61034 47.8019
      vertex -47.5435 2.61034 52.8019
      vertex -47.3989 2.56126 47.8019
    endloop
  endfacet
  facet normal 0.321438 0.946931 0
    outer loop
      vertex -47.5435 2.61034 52.8019
      vertex -47.3989 2.56126 52.8019
      vertex -47.3989 2.56126 47.8019
    endloop
  endfacet
  facet normal 0.279832 0.960049 0
    outer loop
      vertex -47.3989 2.56126 47.8019
      vertex -47.3989 2.56126 52.8019
      vertex -47.2523 2.51853 47.8019
    endloop
  endfacet
  facet normal 0.279832 0.960049 0
    outer loop
      vertex -47.3989 2.56126 52.8019
      vertex -47.2523 2.51853 52.8019
      vertex -47.2523 2.51853 47.8019
    endloop
  endfacet
  facet normal 0.237684 0.971343 0
    outer loop
      vertex -47.2523 2.51853 47.8019
      vertex -47.2523 2.51853 52.8019
      vertex -47.1039 2.48223 47.8019
    endloop
  endfacet
  facet normal 0.237684 0.971343 0
    outer loop
      vertex -47.2523 2.51853 52.8019
      vertex -47.1039 2.48223 52.8019
      vertex -47.1039 2.48223 47.8019
    endloop
  endfacet
  facet normal 0.195093 0.980785 0
    outer loop
      vertex -47.1039 2.48223 47.8019
      vertex -47.1039 2.48223 52.8019
      vertex -46.9542 2.45244 47.8019
    endloop
  endfacet
  facet normal 0.195093 0.980785 0
    outer loop
      vertex -47.1039 2.48223 52.8019
      vertex -46.9542 2.45244 52.8019
      vertex -46.9542 2.45244 47.8019
    endloop
  endfacet
  facet normal 0.152119 0.988362 0
    outer loop
      vertex -46.9542 2.45244 47.8019
      vertex -46.9542 2.45244 52.8019
      vertex -46.8032 2.42921 47.8019
    endloop
  endfacet
  facet normal 0.152119 0.988362 0
    outer loop
      vertex -46.9542 2.45244 52.8019
      vertex -46.8032 2.42921 52.8019
      vertex -46.8032 2.42921 47.8019
    endloop
  endfacet
  facet normal 0.108869 0.994056 0
    outer loop
      vertex -46.8032 2.42921 47.8019
      vertex -46.8032 2.42921 52.8019
      vertex -46.6514 2.41259 47.8019
    endloop
  endfacet
  facet normal 0.108869 0.994056 0
    outer loop
      vertex -46.8032 2.42921 52.8019
      vertex -46.6514 2.41259 52.8019
      vertex -46.6514 2.41259 47.8019
    endloop
  endfacet
  facet normal 0.0654019 0.997859 0
    outer loop
      vertex -46.6514 2.41259 47.8019
      vertex -46.6514 2.41259 52.8019
      vertex -46.4991 2.4026 47.8019
    endloop
  endfacet
  facet normal 0.0654019 0.997859 0
    outer loop
      vertex -46.6514 2.41259 52.8019
      vertex -46.4991 2.4026 52.8019
      vertex -46.4991 2.4026 47.8019
    endloop
  endfacet
  facet normal 0.0218144 0.999762 0
    outer loop
      vertex -46.4991 2.4026 47.8019
      vertex -46.4991 2.4026 52.8019
      vertex -46.3464 2.39927 47.8019
    endloop
  endfacet
  facet normal 0.0218144 0.999762 0
    outer loop
      vertex -46.4991 2.4026 52.8019
      vertex -46.3464 2.39927 52.8019
      vertex -46.3464 2.39927 47.8019
    endloop
  endfacet
  facet normal -0.0218144 0.999762 0
    outer loop
      vertex -46.3464 2.39927 47.8019
      vertex -46.3464 2.39927 52.8019
      vertex -46.1937 2.4026 47.8019
    endloop
  endfacet
  facet normal -0.0218144 0.999762 0
    outer loop
      vertex -46.3464 2.39927 52.8019
      vertex -46.1937 2.4026 52.8019
      vertex -46.1937 2.4026 47.8019
    endloop
  endfacet
  facet normal -0.0654019 0.997859 0
    outer loop
      vertex -46.1937 2.4026 47.8019
      vertex -46.1937 2.4026 52.8019
      vertex -46.0413 2.41259 47.8019
    endloop
  endfacet
  facet normal -0.0654019 0.997859 0
    outer loop
      vertex -46.1937 2.4026 52.8019
      vertex -46.0413 2.41259 52.8019
      vertex -46.0413 2.41259 47.8019
    endloop
  endfacet
  facet normal -0.108867 0.994056 0
    outer loop
      vertex -46.0413 2.41259 47.8019
      vertex -46.0413 2.41259 52.8019
      vertex -45.8895 2.42921 47.8019
    endloop
  endfacet
  facet normal -0.108867 0.994056 0
    outer loop
      vertex -46.0413 2.41259 52.8019
      vertex -45.8895 2.42921 52.8019
      vertex -45.8895 2.42921 47.8019
    endloop
  endfacet
  facet normal -0.152123 0.988362 0
    outer loop
      vertex -45.8895 2.42921 47.8019
      vertex -45.8895 2.42921 52.8019
      vertex -45.7386 2.45244 47.8019
    endloop
  endfacet
  facet normal -0.152123 0.988362 0
    outer loop
      vertex -45.8895 2.42921 52.8019
      vertex -45.7386 2.45244 52.8019
      vertex -45.7386 2.45244 47.8019
    endloop
  endfacet
  facet normal -0.195093 0.980785 0
    outer loop
      vertex -45.7386 2.45244 47.8019
      vertex -45.7386 2.45244 52.8019
      vertex -45.5888 2.48223 47.8019
    endloop
  endfacet
  facet normal -0.195093 0.980785 0
    outer loop
      vertex -45.7386 2.45244 52.8019
      vertex -45.5888 2.48223 52.8019
      vertex -45.5888 2.48223 47.8019
    endloop
  endfacet
  facet normal -0.237684 0.971343 0
    outer loop
      vertex -45.5888 2.48223 47.8019
      vertex -45.5888 2.48223 52.8019
      vertex -45.4405 2.51853 47.8019
    endloop
  endfacet
  facet normal -0.237684 0.971343 0
    outer loop
      vertex -45.5888 2.48223 52.8019
      vertex -45.4405 2.51853 52.8019
      vertex -45.4405 2.51853 47.8019
    endloop
  endfacet
  facet normal -0.279832 0.960049 0
    outer loop
      vertex -45.4405 2.51853 47.8019
      vertex -45.4405 2.51853 52.8019
      vertex -45.2939 2.56126 47.8019
    endloop
  endfacet
  facet normal -0.279832 0.960049 0
    outer loop
      vertex -45.4405 2.51853 52.8019
      vertex -45.2939 2.56126 52.8019
      vertex -45.2939 2.56126 47.8019
    endloop
  endfacet
  facet normal -0.321438 0.946931 0
    outer loop
      vertex -45.2939 2.56126 47.8019
      vertex -45.2939 2.56126 52.8019
      vertex -45.1493 2.61034 47.8019
    endloop
  endfacet
  facet normal -0.321438 0.946931 0
    outer loop
      vertex -45.2939 2.56126 52.8019
      vertex -45.1493 2.61034 52.8019
      vertex -45.1493 2.61034 47.8019
    endloop
  endfacet
  facet normal -0.36244 0.932007 0
    outer loop
      vertex -45.1493 2.61034 47.8019
      vertex -45.1493 2.61034 52.8019
      vertex -45.007 2.66569 47.8019
    endloop
  endfacet
  facet normal -0.36244 0.932007 0
    outer loop
      vertex -45.1493 2.61034 52.8019
      vertex -45.007 2.66569 52.8019
      vertex -45.007 2.66569 47.8019
    endloop
  endfacet
  facet normal -0.402744 0.915313 0
    outer loop
      vertex -45.007 2.66569 47.8019
      vertex -45.007 2.66569 52.8019
      vertex -44.8672 2.72719 47.8019
    endloop
  endfacet
  facet normal -0.402744 0.915313 0
    outer loop
      vertex -45.007 2.66569 52.8019
      vertex -44.8672 2.72719 52.8019
      vertex -44.8672 2.72719 47.8019
    endloop
  endfacet
  facet normal -0.442287 0.896873 0
    outer loop
      vertex -44.8672 2.72719 47.8019
      vertex -44.8672 2.72719 52.8019
      vertex -44.7303 2.79473 47.8019
    endloop
  endfacet
  facet normal -0.442287 0.896873 0
    outer loop
      vertex -44.8672 2.72719 52.8019
      vertex -44.7303 2.79473 52.8019
      vertex -44.7303 2.79473 47.8019
    endloop
  endfacet
  facet normal -0.48099 0.876726 0
    outer loop
      vertex -44.7303 2.79473 47.8019
      vertex -44.7303 2.79473 52.8019
      vertex -44.5964 2.86818 47.8019
    endloop
  endfacet
  facet normal -0.48099 0.876726 0
    outer loop
      vertex -44.7303 2.79473 52.8019
      vertex -44.5964 2.86818 52.8019
      vertex -44.5964 2.86818 47.8019
    endloop
  endfacet
  facet normal -0.518773 0.854912 0
    outer loop
      vertex -44.5964 2.86818 47.8019
      vertex -44.5964 2.86818 52.8019
      vertex -44.4658 2.9474 47.8019
    endloop
  endfacet
  facet normal -0.518773 0.854912 0
    outer loop
      vertex -44.5964 2.86818 52.8019
      vertex -44.4658 2.9474 52.8019
      vertex -44.4658 2.9474 47.8019
    endloop
  endfacet
  facet normal -0.55557 0.83147 0
    outer loop
      vertex -44.4658 2.9474 47.8019
      vertex -44.4658 2.9474 52.8019
      vertex -44.3389 3.03224 47.8019
    endloop
  endfacet
  facet normal -0.55557 0.83147 0
    outer loop
      vertex -44.4658 2.9474 52.8019
      vertex -44.3389 3.03224 52.8019
      vertex -44.3389 3.03224 47.8019
    endloop
  endfacet
  facet normal -0.591311 0.806443 0
    outer loop
      vertex -44.3389 3.03224 47.8019
      vertex -44.3389 3.03224 52.8019
      vertex -44.2157 3.12253 47.8019
    endloop
  endfacet
  facet normal -0.591311 0.806443 0
    outer loop
      vertex -44.3389 3.03224 52.8019
      vertex -44.2157 3.12253 52.8019
      vertex -44.2157 3.12253 47.8019
    endloop
  endfacet
  facet normal -0.625929 0.77988 0
    outer loop
      vertex -44.2157 3.12253 47.8019
      vertex -44.2157 3.12253 52.8019
      vertex -44.0966 3.21811 47.8019
    endloop
  endfacet
  facet normal -0.625929 0.77988 0
    outer loop
      vertex -44.2157 3.12253 52.8019
      vertex -44.0966 3.21811 52.8019
      vertex -44.0966 3.21811 47.8019
    endloop
  endfacet
  facet normal -0.659344 0.751842 0
    outer loop
      vertex -44.0966 3.21811 47.8019
      vertex -44.0966 3.21811 52.8019
      vertex -43.9818 3.3188 47.8019
    endloop
  endfacet
  facet normal -0.659344 0.751842 0
    outer loop
      vertex -44.0966 3.21811 52.8019
      vertex -43.9818 3.3188 52.8019
      vertex -43.9818 3.3188 47.8019
    endloop
  endfacet
  facet normal -0.691508 0.722369 0
    outer loop
      vertex -43.9818 3.3188 47.8019
      vertex -43.9818 3.3188 52.8019
      vertex -43.8715 3.42439 47.8019
    endloop
  endfacet
  facet normal -0.691508 0.722369 0
    outer loop
      vertex -43.9818 3.3188 52.8019
      vertex -43.8715 3.42439 52.8019
      vertex -43.8715 3.42439 47.8019
    endloop
  endfacet
  facet normal -0.722364 0.691513 0
    outer loop
      vertex -43.8715 3.42439 47.8019
      vertex -43.8715 3.42439 52.8019
      vertex -43.7659 3.5347 47.8019
    endloop
  endfacet
  facet normal -0.722364 0.691513 0
    outer loop
      vertex -43.8715 3.42439 52.8019
      vertex -43.7659 3.5347 52.8019
      vertex -43.7659 3.5347 47.8019
    endloop
  endfacet
  facet normal -0.751844 0.659341 0
    outer loop
      vertex -43.7659 3.5347 47.8019
      vertex -43.7659 3.5347 52.8019
      vertex -43.6652 3.64951 47.8019
    endloop
  endfacet
  facet normal -0.751844 0.659341 0
    outer loop
      vertex -43.7659 3.5347 52.8019
      vertex -43.6652 3.64951 52.8019
      vertex -43.6652 3.64951 47.8019
    endloop
  endfacet
  facet normal -0.779877 0.625933 0
    outer loop
      vertex -43.6652 3.64951 47.8019
      vertex -43.6652 3.64951 52.8019
      vertex -43.5696 3.7686 47.8019
    endloop
  endfacet
  facet normal -0.779877 0.625933 0
    outer loop
      vertex -43.6652 3.64951 52.8019
      vertex -43.5696 3.7686 52.8019
      vertex -43.5696 3.7686 47.8019
    endloop
  endfacet
  facet normal -0.80645 0.591302 0
    outer loop
      vertex -43.5696 3.7686 47.8019
      vertex -43.5696 3.7686 52.8019
      vertex -43.4794 3.89175 47.8019
    endloop
  endfacet
  facet normal -0.80645 0.591302 0
    outer loop
      vertex -43.5696 3.7686 52.8019
      vertex -43.4794 3.89175 52.8019
      vertex -43.4794 3.89175 47.8019
    endloop
  endfacet
  facet normal -0.831464 0.555579 0
    outer loop
      vertex -43.4794 3.89175 47.8019
      vertex -43.4794 3.89175 52.8019
      vertex -43.3945 4.01872 47.8019
    endloop
  endfacet
  facet normal -0.831464 0.555579 0
    outer loop
      vertex -43.4794 3.89175 52.8019
      vertex -43.3945 4.01872 52.8019
      vertex -43.3945 4.01872 47.8019
    endloop
  endfacet
  facet normal -0.854913 0.518771 0
    outer loop
      vertex -43.3945 4.01872 47.8019
      vertex -43.3945 4.01872 52.8019
      vertex -43.3153 4.14927 47.8019
    endloop
  endfacet
  facet normal -0.854913 0.518771 0
    outer loop
      vertex -43.3945 4.01872 52.8019
      vertex -43.3153 4.14927 52.8019
      vertex -43.3153 4.14927 47.8019
    endloop
  endfacet
  facet normal -0.87673 0.480983 0
    outer loop
      vertex -43.3153 4.14927 47.8019
      vertex -43.3153 4.14927 52.8019
      vertex -43.2418 4.28315 47.8019
    endloop
  endfacet
  facet normal -0.87673 0.480983 0
    outer loop
      vertex -43.3153 4.14927 52.8019
      vertex -43.2418 4.28315 52.8019
      vertex -43.2418 4.28315 47.8019
    endloop
  endfacet
  facet normal -0.896872 0.44229 0
    outer loop
      vertex -43.2418 4.28315 47.8019
      vertex -43.2418 4.28315 52.8019
      vertex -43.1743 4.4201 47.8019
    endloop
  endfacet
  facet normal -0.896872 0.44229 0
    outer loop
      vertex -43.2418 4.28315 52.8019
      vertex -43.1743 4.4201 52.8019
      vertex -43.1743 4.4201 47.8019
    endloop
  endfacet
  facet normal -0.915312 0.402745 0
    outer loop
      vertex -43.1743 4.4201 47.8019
      vertex -43.1743 4.4201 52.8019
      vertex -43.1128 4.55988 47.8019
    endloop
  endfacet
  facet normal -0.915312 0.402745 0
    outer loop
      vertex -43.1743 4.4201 52.8019
      vertex -43.1128 4.55988 52.8019
      vertex -43.1128 4.55988 47.8019
    endloop
  endfacet
  facet normal -0.932006 0.362443 0
    outer loop
      vertex -43.1128 4.55988 47.8019
      vertex -43.1128 4.55988 52.8019
      vertex -43.0575 4.7022 47.8019
    endloop
  endfacet
  facet normal -0.932006 0.362443 0
    outer loop
      vertex -43.1128 4.55988 52.8019
      vertex -43.0575 4.7022 52.8019
      vertex -43.0575 4.7022 47.8019
    endloop
  endfacet
  facet normal -0.946932 0.321435 0
    outer loop
      vertex -43.0575 4.7022 47.8019
      vertex -43.0575 4.7022 52.8019
      vertex -43.0084 4.8468 47.8019
    endloop
  endfacet
  facet normal -0.946932 0.321435 0
    outer loop
      vertex -43.0575 4.7022 52.8019
      vertex -43.0084 4.8468 52.8019
      vertex -43.0084 4.8468 47.8019
    endloop
  endfacet
  facet normal -0.960047 0.279839 0
    outer loop
      vertex -43.0084 4.8468 47.8019
      vertex -43.0084 4.8468 52.8019
      vertex -42.9656 4.9934 47.8019
    endloop
  endfacet
  facet normal -0.960047 0.279839 0
    outer loop
      vertex -43.0084 4.8468 52.8019
      vertex -42.9656 4.9934 52.8019
      vertex -42.9656 4.9934 47.8019
    endloop
  endfacet
  facet normal -0.971342 0.237685 0
    outer loop
      vertex -42.9656 4.9934 47.8019
      vertex -42.9656 4.9934 52.8019
      vertex -42.9293 5.14173 47.8019
    endloop
  endfacet
  facet normal -0.971342 0.237685 0
    outer loop
      vertex -42.9656 4.9934 52.8019
      vertex -42.9293 5.14173 52.8019
      vertex -42.9293 5.14173 47.8019
    endloop
  endfacet
  facet normal -0.980785 0.195091 0
    outer loop
      vertex -42.9293 5.14173 47.8019
      vertex -42.9293 5.14173 52.8019
      vertex -42.8996 5.2915 47.8019
    endloop
  endfacet
  facet normal -0.980785 0.195091 0
    outer loop
      vertex -42.9293 5.14173 52.8019
      vertex -42.8996 5.2915 52.8019
      vertex -42.8996 5.2915 47.8019
    endloop
  endfacet
  facet normal -0.988364 0.152106 0
    outer loop
      vertex -42.8996 5.2915 47.8019
      vertex -42.8996 5.2915 52.8019
      vertex -42.8763 5.44243 47.8019
    endloop
  endfacet
  facet normal -0.988364 0.152106 0
    outer loop
      vertex -42.8996 5.2915 52.8019
      vertex -42.8763 5.44243 52.8019
      vertex -42.8763 5.44243 47.8019
    endloop
  endfacet
  facet normal -0.994055 0.108877 0
    outer loop
      vertex -42.8763 5.44243 47.8019
      vertex -42.8763 5.44243 52.8019
      vertex -42.8597 5.59422 47.8019
    endloop
  endfacet
  facet normal -0.994055 0.108877 0
    outer loop
      vertex -42.8763 5.44243 52.8019
      vertex -42.8597 5.59422 52.8019
      vertex -42.8597 5.59422 47.8019
    endloop
  endfacet
  facet normal -0.997859 0.0654042 0
    outer loop
      vertex -42.8597 5.59422 47.8019
      vertex -42.8597 5.59422 52.8019
      vertex -42.8497 5.7466 47.8019
    endloop
  endfacet
  facet normal -0.997859 0.0654042 0
    outer loop
      vertex -42.8597 5.59422 52.8019
      vertex -42.8497 5.7466 52.8019
      vertex -42.8497 5.7466 47.8019
    endloop
  endfacet
  facet normal -0.999762 0.0218095 0
    outer loop
      vertex -42.8497 5.7466 47.8019
      vertex -42.8497 5.7466 52.8019
      vertex -42.8464 5.89927 47.8019
    endloop
  endfacet
  facet normal -0.999762 0.0218095 0
    outer loop
      vertex -42.8497 5.7466 52.8019
      vertex -42.8464 5.89927 52.8019
      vertex -42.8464 5.89927 47.8019
    endloop
  endfacet
  facet normal -0.999762 -0.0218098 0
    outer loop
      vertex -42.8464 -39.7971 47.8019
      vertex -42.8464 -39.7971 52.8019
      vertex -42.8497 -39.6444 47.8019
    endloop
  endfacet
  facet normal -0.999762 -0.0218098 0
    outer loop
      vertex -42.8464 -39.7971 52.8019
      vertex -42.8497 -39.6444 52.8019
      vertex -42.8497 -39.6444 47.8019
    endloop
  endfacet
  facet normal -0.997859 -0.0654034 0
    outer loop
      vertex -42.8497 -39.6444 47.8019
      vertex -42.8497 -39.6444 52.8019
      vertex -42.8597 -39.4921 47.8019
    endloop
  endfacet
  facet normal -0.997859 -0.0654034 0
    outer loop
      vertex -42.8497 -39.6444 52.8019
      vertex -42.8597 -39.4921 52.8019
      vertex -42.8597 -39.4921 47.8019
    endloop
  endfacet
  facet normal -0.994055 -0.108878 0
    outer loop
      vertex -42.8597 -39.4921 47.8019
      vertex -42.8597 -39.4921 52.8019
      vertex -42.8763 -39.3403 47.8019
    endloop
  endfacet
  facet normal -0.994055 -0.108878 0
    outer loop
      vertex -42.8597 -39.4921 52.8019
      vertex -42.8763 -39.3403 52.8019
      vertex -42.8763 -39.3403 47.8019
    endloop
  endfacet
  facet normal -0.988365 -0.152103 0
    outer loop
      vertex -42.8763 -39.3403 47.8019
      vertex -42.8763 -39.3403 52.8019
      vertex -42.8996 -39.1893 47.8019
    endloop
  endfacet
  facet normal -0.988365 -0.152103 0
    outer loop
      vertex -42.8763 -39.3403 52.8019
      vertex -42.8996 -39.1893 52.8019
      vertex -42.8996 -39.1893 47.8019
    endloop
  endfacet
  facet normal -0.980785 -0.195093 0
    outer loop
      vertex -42.8996 -39.1893 47.8019
      vertex -42.8996 -39.1893 52.8019
      vertex -42.9293 -39.0396 47.8019
    endloop
  endfacet
  facet normal -0.980785 -0.195093 0
    outer loop
      vertex -42.8996 -39.1893 52.8019
      vertex -42.9293 -39.0396 52.8019
      vertex -42.9293 -39.0396 47.8019
    endloop
  endfacet
  facet normal -0.971343 -0.237682 0
    outer loop
      vertex -42.9293 -39.0396 47.8019
      vertex -42.9293 -39.0396 52.8019
      vertex -42.9656 -38.8912 47.8019
    endloop
  endfacet
  facet normal -0.971343 -0.237682 0
    outer loop
      vertex -42.9293 -39.0396 52.8019
      vertex -42.9656 -38.8912 52.8019
      vertex -42.9656 -38.8912 47.8019
    endloop
  endfacet
  facet normal -0.960046 -0.279844 0
    outer loop
      vertex -42.9656 -38.8912 47.8019
      vertex -42.9656 -38.8912 52.8019
      vertex -43.0084 -38.7446 47.8019
    endloop
  endfacet
  facet normal -0.960046 -0.279844 0
    outer loop
      vertex -42.9656 -38.8912 52.8019
      vertex -43.0084 -38.7446 52.8019
      vertex -43.0084 -38.7446 47.8019
    endloop
  endfacet
  facet normal -0.946932 -0.321434 0
    outer loop
      vertex -43.0084 -38.7446 47.8019
      vertex -43.0084 -38.7446 52.8019
      vertex -43.0575 -38.6 47.8019
    endloop
  endfacet
  facet normal -0.946932 -0.321434 0
    outer loop
      vertex -43.0084 -38.7446 52.8019
      vertex -43.0575 -38.6 52.8019
      vertex -43.0575 -38.6 47.8019
    endloop
  endfacet
  facet normal -0.932006 -0.362444 0
    outer loop
      vertex -43.0575 -38.6 47.8019
      vertex -43.0575 -38.6 52.8019
      vertex -43.1128 -38.4577 47.8019
    endloop
  endfacet
  facet normal -0.932006 -0.362444 0
    outer loop
      vertex -43.0575 -38.6 52.8019
      vertex -43.1128 -38.4577 52.8019
      vertex -43.1128 -38.4577 47.8019
    endloop
  endfacet
  facet normal -0.915313 -0.402743 0
    outer loop
      vertex -43.1128 -38.4577 47.8019
      vertex -43.1128 -38.4577 52.8019
      vertex -43.1743 -38.3179 47.8019
    endloop
  endfacet
  facet normal -0.915313 -0.402743 0
    outer loop
      vertex -43.1128 -38.4577 52.8019
      vertex -43.1743 -38.3179 52.8019
      vertex -43.1743 -38.3179 47.8019
    endloop
  endfacet
  facet normal -0.896873 -0.442289 0
    outer loop
      vertex -43.1743 -38.3179 47.8019
      vertex -43.1743 -38.3179 52.8019
      vertex -43.2418 -38.181 47.8019
    endloop
  endfacet
  facet normal -0.896873 -0.442289 0
    outer loop
      vertex -43.1743 -38.3179 52.8019
      vertex -43.2418 -38.181 52.8019
      vertex -43.2418 -38.181 47.8019
    endloop
  endfacet
  facet normal -0.876729 -0.480984 0
    outer loop
      vertex -43.2418 -38.181 47.8019
      vertex -43.2418 -38.181 52.8019
      vertex -43.3153 -38.0471 47.8019
    endloop
  endfacet
  facet normal -0.876729 -0.480984 0
    outer loop
      vertex -43.2418 -38.181 52.8019
      vertex -43.3153 -38.0471 52.8019
      vertex -43.3153 -38.0471 47.8019
    endloop
  endfacet
  facet normal -0.854914 -0.518769 0
    outer loop
      vertex -43.3153 -38.0471 47.8019
      vertex -43.3153 -38.0471 52.8019
      vertex -43.3945 -37.9166 47.8019
    endloop
  endfacet
  facet normal -0.854914 -0.518769 0
    outer loop
      vertex -43.3153 -38.0471 52.8019
      vertex -43.3945 -37.9166 52.8019
      vertex -43.3945 -37.9166 47.8019
    endloop
  endfacet
  facet normal -0.831464 -0.555578 0
    outer loop
      vertex -43.3945 -37.9166 47.8019
      vertex -43.3945 -37.9166 52.8019
      vertex -43.4794 -37.7896 47.8019
    endloop
  endfacet
  facet normal -0.831464 -0.555578 0
    outer loop
      vertex -43.3945 -37.9166 52.8019
      vertex -43.4794 -37.7896 52.8019
      vertex -43.4794 -37.7896 47.8019
    endloop
  endfacet
  facet normal -0.806449 -0.591303 0
    outer loop
      vertex -43.4794 -37.7896 47.8019
      vertex -43.4794 -37.7896 52.8019
      vertex -43.5696 -37.6664 47.8019
    endloop
  endfacet
  facet normal -0.806449 -0.591303 0
    outer loop
      vertex -43.4794 -37.7896 52.8019
      vertex -43.5696 -37.6664 52.8019
      vertex -43.5696 -37.6664 47.8019
    endloop
  endfacet
  facet normal -0.779873 -0.625938 0
    outer loop
      vertex -43.5696 -37.6664 47.8019
      vertex -43.5696 -37.6664 52.8019
      vertex -43.6652 -37.5473 47.8019
    endloop
  endfacet
  facet normal -0.779873 -0.625938 0
    outer loop
      vertex -43.5696 -37.6664 52.8019
      vertex -43.6652 -37.5473 52.8019
      vertex -43.6652 -37.5473 47.8019
    endloop
  endfacet
  facet normal -0.751846 -0.659338 0
    outer loop
      vertex -43.6652 -37.5473 47.8019
      vertex -43.6652 -37.5473 52.8019
      vertex -43.7659 -37.4325 47.8019
    endloop
  endfacet
  facet normal -0.751846 -0.659338 0
    outer loop
      vertex -43.6652 -37.5473 52.8019
      vertex -43.7659 -37.4325 52.8019
      vertex -43.7659 -37.4325 47.8019
    endloop
  endfacet
  facet normal -0.722368 -0.691508 0
    outer loop
      vertex -43.7659 -37.4325 47.8019
      vertex -43.7659 -37.4325 52.8019
      vertex -43.8715 -37.3222 47.8019
    endloop
  endfacet
  facet normal -0.722368 -0.691508 0
    outer loop
      vertex -43.7659 -37.4325 52.8019
      vertex -43.8715 -37.3222 52.8019
      vertex -43.8715 -37.3222 47.8019
    endloop
  endfacet
  facet normal -0.691508 -0.722368 0
    outer loop
      vertex -43.8715 -37.3222 47.8019
      vertex -43.8715 -37.3222 52.8019
      vertex -43.9818 -37.2166 47.8019
    endloop
  endfacet
  facet normal -0.691508 -0.722368 0
    outer loop
      vertex -43.8715 -37.3222 52.8019
      vertex -43.9818 -37.2166 52.8019
      vertex -43.9818 -37.2166 47.8019
    endloop
  endfacet
  facet normal -0.659338 -0.751846 0
    outer loop
      vertex -43.9818 -37.2166 47.8019
      vertex -43.9818 -37.2166 52.8019
      vertex -44.0966 -37.1159 47.8019
    endloop
  endfacet
  facet normal -0.659338 -0.751846 0
    outer loop
      vertex -43.9818 -37.2166 52.8019
      vertex -44.0966 -37.1159 52.8019
      vertex -44.0966 -37.1159 47.8019
    endloop
  endfacet
  facet normal -0.625938 -0.779873 0
    outer loop
      vertex -44.0966 -37.1159 47.8019
      vertex -44.0966 -37.1159 52.8019
      vertex -44.2157 -37.0204 47.8019
    endloop
  endfacet
  facet normal -0.625938 -0.779873 0
    outer loop
      vertex -44.0966 -37.1159 52.8019
      vertex -44.2157 -37.0204 52.8019
      vertex -44.2157 -37.0204 47.8019
    endloop
  endfacet
  facet normal -0.591303 -0.806449 0
    outer loop
      vertex -44.2157 -37.0204 47.8019
      vertex -44.2157 -37.0204 52.8019
      vertex -44.3389 -36.9301 47.8019
    endloop
  endfacet
  facet normal -0.591303 -0.806449 0
    outer loop
      vertex -44.2157 -37.0204 52.8019
      vertex -44.3389 -36.9301 52.8019
      vertex -44.3389 -36.9301 47.8019
    endloop
  endfacet
  facet normal -0.555578 -0.831464 0
    outer loop
      vertex -44.3389 -36.9301 47.8019
      vertex -44.3389 -36.9301 52.8019
      vertex -44.4658 -36.8452 47.8019
    endloop
  endfacet
  facet normal -0.555578 -0.831464 0
    outer loop
      vertex -44.3389 -36.9301 52.8019
      vertex -44.4658 -36.8452 52.8019
      vertex -44.4658 -36.8452 47.8019
    endloop
  endfacet
  facet normal -0.518769 -0.854914 0
    outer loop
      vertex -44.4658 -36.8452 47.8019
      vertex -44.4658 -36.8452 52.8019
      vertex -44.5964 -36.766 47.8019
    endloop
  endfacet
  facet normal -0.518769 -0.854914 0
    outer loop
      vertex -44.4658 -36.8452 52.8019
      vertex -44.5964 -36.766 52.8019
      vertex -44.5964 -36.766 47.8019
    endloop
  endfacet
  facet normal -0.480984 -0.876729 0
    outer loop
      vertex -44.5964 -36.766 47.8019
      vertex -44.5964 -36.766 52.8019
      vertex -44.7303 -36.6926 47.8019
    endloop
  endfacet
  facet normal -0.480984 -0.876729 0
    outer loop
      vertex -44.5964 -36.766 52.8019
      vertex -44.7303 -36.6926 52.8019
      vertex -44.7303 -36.6926 47.8019
    endloop
  endfacet
  facet normal -0.442289 -0.896873 0
    outer loop
      vertex -44.7303 -36.6926 47.8019
      vertex -44.7303 -36.6926 52.8019
      vertex -44.8672 -36.625 47.8019
    endloop
  endfacet
  facet normal -0.442289 -0.896873 0
    outer loop
      vertex -44.7303 -36.6926 52.8019
      vertex -44.8672 -36.625 52.8019
      vertex -44.8672 -36.625 47.8019
    endloop
  endfacet
  facet normal -0.402743 -0.915313 0
    outer loop
      vertex -44.8672 -36.625 47.8019
      vertex -44.8672 -36.625 52.8019
      vertex -45.007 -36.5635 47.8019
    endloop
  endfacet
  facet normal -0.402743 -0.915313 0
    outer loop
      vertex -44.8672 -36.625 52.8019
      vertex -45.007 -36.5635 52.8019
      vertex -45.007 -36.5635 47.8019
    endloop
  endfacet
  facet normal -0.362444 -0.932006 0
    outer loop
      vertex -45.007 -36.5635 47.8019
      vertex -45.007 -36.5635 52.8019
      vertex -45.1493 -36.5082 47.8019
    endloop
  endfacet
  facet normal -0.362444 -0.932006 0
    outer loop
      vertex -45.007 -36.5635 52.8019
      vertex -45.1493 -36.5082 52.8019
      vertex -45.1493 -36.5082 47.8019
    endloop
  endfacet
  facet normal -0.321434 -0.946932 0
    outer loop
      vertex -45.1493 -36.5082 47.8019
      vertex -45.1493 -36.5082 52.8019
      vertex -45.2939 -36.4591 47.8019
    endloop
  endfacet
  facet normal -0.321434 -0.946932 0
    outer loop
      vertex -45.1493 -36.5082 52.8019
      vertex -45.2939 -36.4591 52.8019
      vertex -45.2939 -36.4591 47.8019
    endloop
  endfacet
  facet normal -0.279844 -0.960046 0
    outer loop
      vertex -45.2939 -36.4591 47.8019
      vertex -45.2939 -36.4591 52.8019
      vertex -45.4405 -36.4164 47.8019
    endloop
  endfacet
  facet normal -0.279844 -0.960046 0
    outer loop
      vertex -45.2939 -36.4591 52.8019
      vertex -45.4405 -36.4164 52.8019
      vertex -45.4405 -36.4164 47.8019
    endloop
  endfacet
  facet normal -0.237682 -0.971343 0
    outer loop
      vertex -45.4405 -36.4164 47.8019
      vertex -45.4405 -36.4164 52.8019
      vertex -45.5888 -36.3801 47.8019
    endloop
  endfacet
  facet normal -0.237682 -0.971343 0
    outer loop
      vertex -45.4405 -36.4164 52.8019
      vertex -45.5888 -36.3801 52.8019
      vertex -45.5888 -36.3801 47.8019
    endloop
  endfacet
  facet normal -0.195093 -0.980785 0
    outer loop
      vertex -45.5888 -36.3801 47.8019
      vertex -45.5888 -36.3801 52.8019
      vertex -45.7386 -36.3503 47.8019
    endloop
  endfacet
  facet normal -0.195093 -0.980785 0
    outer loop
      vertex -45.5888 -36.3801 52.8019
      vertex -45.7386 -36.3503 52.8019
      vertex -45.7386 -36.3503 47.8019
    endloop
  endfacet
  facet normal -0.152107 -0.988364 0
    outer loop
      vertex -45.7386 -36.3503 47.8019
      vertex -45.7386 -36.3503 52.8019
      vertex -45.8895 -36.327 47.8019
    endloop
  endfacet
  facet normal -0.152107 -0.988364 0
    outer loop
      vertex -45.7386 -36.3503 52.8019
      vertex -45.8895 -36.327 52.8019
      vertex -45.8895 -36.327 47.8019
    endloop
  endfacet
  facet normal -0.108876 -0.994055 0
    outer loop
      vertex -45.8895 -36.327 47.8019
      vertex -45.8895 -36.327 52.8019
      vertex -46.0413 -36.3104 47.8019
    endloop
  endfacet
  facet normal -0.108876 -0.994055 0
    outer loop
      vertex -45.8895 -36.327 52.8019
      vertex -46.0413 -36.3104 52.8019
      vertex -46.0413 -36.3104 47.8019
    endloop
  endfacet
  facet normal -0.0654034 -0.997859 0
    outer loop
      vertex -46.0413 -36.3104 47.8019
      vertex -46.0413 -36.3104 52.8019
      vertex -46.1937 -36.3004 47.8019
    endloop
  endfacet
  facet normal -0.0654034 -0.997859 0
    outer loop
      vertex -46.0413 -36.3104 52.8019
      vertex -46.1937 -36.3004 52.8019
      vertex -46.1937 -36.3004 47.8019
    endloop
  endfacet
  facet normal -0.0218098 -0.999762 0
    outer loop
      vertex -46.1937 -36.3004 47.8019
      vertex -46.1937 -36.3004 52.8019
      vertex -46.3464 -36.2971 47.8019
    endloop
  endfacet
  facet normal -0.0218098 -0.999762 0
    outer loop
      vertex -46.1937 -36.3004 52.8019
      vertex -46.3464 -36.2971 52.8019
      vertex -46.3464 -36.2971 47.8019
    endloop
  endfacet
  facet normal 0.0218098 -0.999762 0
    outer loop
      vertex -46.3464 -36.2971 47.8019
      vertex -46.3464 -36.2971 52.8019
      vertex -46.4991 -36.3004 47.8019
    endloop
  endfacet
  facet normal 0.0218098 -0.999762 0
    outer loop
      vertex -46.3464 -36.2971 52.8019
      vertex -46.4991 -36.3004 52.8019
      vertex -46.4991 -36.3004 47.8019
    endloop
  endfacet
  facet normal 0.0654034 -0.997859 0
    outer loop
      vertex -46.4991 -36.3004 47.8019
      vertex -46.4991 -36.3004 52.8019
      vertex -46.6514 -36.3104 47.8019
    endloop
  endfacet
  facet normal 0.0654034 -0.997859 0
    outer loop
      vertex -46.4991 -36.3004 52.8019
      vertex -46.6514 -36.3104 52.8019
      vertex -46.6514 -36.3104 47.8019
    endloop
  endfacet
  facet normal 0.108878 -0.994055 0
    outer loop
      vertex -46.6514 -36.3104 47.8019
      vertex -46.6514 -36.3104 52.8019
      vertex -46.8032 -36.327 47.8019
    endloop
  endfacet
  facet normal 0.108878 -0.994055 0
    outer loop
      vertex -46.6514 -36.3104 52.8019
      vertex -46.8032 -36.327 52.8019
      vertex -46.8032 -36.327 47.8019
    endloop
  endfacet
  facet normal 0.152103 -0.988365 0
    outer loop
      vertex -46.8032 -36.327 47.8019
      vertex -46.8032 -36.327 52.8019
      vertex -46.9542 -36.3503 47.8019
    endloop
  endfacet
  facet normal 0.152103 -0.988365 0
    outer loop
      vertex -46.8032 -36.327 52.8019
      vertex -46.9542 -36.3503 52.8019
      vertex -46.9542 -36.3503 47.8019
    endloop
  endfacet
  facet normal 0.195093 -0.980785 0
    outer loop
      vertex -46.9542 -36.3503 47.8019
      vertex -46.9542 -36.3503 52.8019
      vertex -47.1039 -36.3801 47.8019
    endloop
  endfacet
  facet normal 0.195093 -0.980785 0
    outer loop
      vertex -46.9542 -36.3503 52.8019
      vertex -47.1039 -36.3801 52.8019
      vertex -47.1039 -36.3801 47.8019
    endloop
  endfacet
  facet normal 0.237682 -0.971343 0
    outer loop
      vertex -47.1039 -36.3801 47.8019
      vertex -47.1039 -36.3801 52.8019
      vertex -47.2523 -36.4164 47.8019
    endloop
  endfacet
  facet normal 0.237682 -0.971343 0
    outer loop
      vertex -47.1039 -36.3801 52.8019
      vertex -47.2523 -36.4164 52.8019
      vertex -47.2523 -36.4164 47.8019
    endloop
  endfacet
  facet normal 0.279844 -0.960046 0
    outer loop
      vertex -47.2523 -36.4164 47.8019
      vertex -47.2523 -36.4164 52.8019
      vertex -47.3989 -36.4591 47.8019
    endloop
  endfacet
  facet normal 0.279844 -0.960046 0
    outer loop
      vertex -47.2523 -36.4164 52.8019
      vertex -47.3989 -36.4591 52.8019
      vertex -47.3989 -36.4591 47.8019
    endloop
  endfacet
  facet normal 0.321434 -0.946932 0
    outer loop
      vertex -47.3989 -36.4591 47.8019
      vertex -47.3989 -36.4591 52.8019
      vertex -47.5435 -36.5082 47.8019
    endloop
  endfacet
  facet normal 0.321434 -0.946932 0
    outer loop
      vertex -47.3989 -36.4591 52.8019
      vertex -47.5435 -36.5082 52.8019
      vertex -47.5435 -36.5082 47.8019
    endloop
  endfacet
  facet normal 0.362444 -0.932006 0
    outer loop
      vertex -47.5435 -36.5082 47.8019
      vertex -47.5435 -36.5082 52.8019
      vertex -47.6858 -36.5635 47.8019
    endloop
  endfacet
  facet normal 0.362444 -0.932006 0
    outer loop
      vertex -47.5435 -36.5082 52.8019
      vertex -47.6858 -36.5635 52.8019
      vertex -47.6858 -36.5635 47.8019
    endloop
  endfacet
  facet normal 0.402743 -0.915313 0
    outer loop
      vertex -47.6858 -36.5635 47.8019
      vertex -47.6858 -36.5635 52.8019
      vertex -47.8255 -36.625 47.8019
    endloop
  endfacet
  facet normal 0.402743 -0.915313 0
    outer loop
      vertex -47.6858 -36.5635 52.8019
      vertex -47.8255 -36.625 52.8019
      vertex -47.8255 -36.625 47.8019
    endloop
  endfacet
  facet normal 0.442289 -0.896873 0
    outer loop
      vertex -47.8255 -36.625 47.8019
      vertex -47.8255 -36.625 52.8019
      vertex -47.9625 -36.6926 47.8019
    endloop
  endfacet
  facet normal 0.442289 -0.896873 0
    outer loop
      vertex -47.8255 -36.625 52.8019
      vertex -47.9625 -36.6926 52.8019
      vertex -47.9625 -36.6926 47.8019
    endloop
  endfacet
  facet normal 0.480984 -0.876729 0
    outer loop
      vertex -47.9625 -36.6926 47.8019
      vertex -47.9625 -36.6926 52.8019
      vertex -48.0964 -36.766 47.8019
    endloop
  endfacet
  facet normal 0.480984 -0.876729 0
    outer loop
      vertex -47.9625 -36.6926 52.8019
      vertex -48.0964 -36.766 52.8019
      vertex -48.0964 -36.766 47.8019
    endloop
  endfacet
  facet normal 0.518769 -0.854914 0
    outer loop
      vertex -48.0964 -36.766 47.8019
      vertex -48.0964 -36.766 52.8019
      vertex -48.2269 -36.8452 47.8019
    endloop
  endfacet
  facet normal 0.518769 -0.854914 0
    outer loop
      vertex -48.0964 -36.766 52.8019
      vertex -48.2269 -36.8452 52.8019
      vertex -48.2269 -36.8452 47.8019
    endloop
  endfacet
  facet normal 0.555578 -0.831464 0
    outer loop
      vertex -48.2269 -36.8452 47.8019
      vertex -48.2269 -36.8452 52.8019
      vertex -48.3539 -36.9301 47.8019
    endloop
  endfacet
  facet normal 0.555578 -0.831464 0
    outer loop
      vertex -48.2269 -36.8452 52.8019
      vertex -48.3539 -36.9301 52.8019
      vertex -48.3539 -36.9301 47.8019
    endloop
  endfacet
  facet normal 0.591303 -0.806449 0
    outer loop
      vertex -48.3539 -36.9301 47.8019
      vertex -48.3539 -36.9301 52.8019
      vertex -48.477 -37.0204 47.8019
    endloop
  endfacet
  facet normal 0.591303 -0.806449 0
    outer loop
      vertex -48.3539 -36.9301 52.8019
      vertex -48.477 -37.0204 52.8019
      vertex -48.477 -37.0204 47.8019
    endloop
  endfacet
  facet normal 0.625938 -0.779873 0
    outer loop
      vertex -48.477 -37.0204 47.8019
      vertex -48.477 -37.0204 52.8019
      vertex -48.5961 -37.1159 47.8019
    endloop
  endfacet
  facet normal 0.625938 -0.779873 0
    outer loop
      vertex -48.477 -37.0204 52.8019
      vertex -48.5961 -37.1159 52.8019
      vertex -48.5961 -37.1159 47.8019
    endloop
  endfacet
  facet normal 0.659338 -0.751846 0
    outer loop
      vertex -48.5961 -37.1159 47.8019
      vertex -48.5961 -37.1159 52.8019
      vertex -48.7109 -37.2166 47.8019
    endloop
  endfacet
  facet normal 0.659338 -0.751846 0
    outer loop
      vertex -48.5961 -37.1159 52.8019
      vertex -48.7109 -37.2166 52.8019
      vertex -48.7109 -37.2166 47.8019
    endloop
  endfacet
  facet normal 0.691508 -0.722368 0
    outer loop
      vertex -48.7109 -37.2166 47.8019
      vertex -48.7109 -37.2166 52.8019
      vertex -48.8213 -37.3222 47.8019
    endloop
  endfacet
  facet normal 0.691508 -0.722368 0
    outer loop
      vertex -48.7109 -37.2166 52.8019
      vertex -48.8213 -37.3222 52.8019
      vertex -48.8213 -37.3222 47.8019
    endloop
  endfacet
  facet normal 0.722368 -0.691508 0
    outer loop
      vertex -48.8213 -37.3222 47.8019
      vertex -48.8213 -37.3222 52.8019
      vertex -48.9269 -37.4325 47.8019
    endloop
  endfacet
  facet normal 0.722368 -0.691508 0
    outer loop
      vertex -48.8213 -37.3222 52.8019
      vertex -48.9269 -37.4325 52.8019
      vertex -48.9269 -37.4325 47.8019
    endloop
  endfacet
  facet normal 0.751846 -0.659338 0
    outer loop
      vertex -48.9269 -37.4325 47.8019
      vertex -48.9269 -37.4325 52.8019
      vertex -49.0275 -37.5473 47.8019
    endloop
  endfacet
  facet normal 0.751846 -0.659338 0
    outer loop
      vertex -48.9269 -37.4325 52.8019
      vertex -49.0275 -37.5473 52.8019
      vertex -49.0275 -37.5473 47.8019
    endloop
  endfacet
  facet normal 0.779873 -0.625938 0
    outer loop
      vertex -49.0275 -37.5473 47.8019
      vertex -49.0275 -37.5473 52.8019
      vertex -49.1231 -37.6664 47.8019
    endloop
  endfacet
  facet normal 0.779873 -0.625938 0
    outer loop
      vertex -49.0275 -37.5473 52.8019
      vertex -49.1231 -37.6664 52.8019
      vertex -49.1231 -37.6664 47.8019
    endloop
  endfacet
  facet normal 0.806449 -0.591303 0
    outer loop
      vertex -49.1231 -37.6664 47.8019
      vertex -49.1231 -37.6664 52.8019
      vertex -49.2134 -37.7896 47.8019
    endloop
  endfacet
  facet normal 0.806449 -0.591303 0
    outer loop
      vertex -49.1231 -37.6664 52.8019
      vertex -49.2134 -37.7896 52.8019
      vertex -49.2134 -37.7896 47.8019
    endloop
  endfacet
  facet normal 0.831464 -0.555578 0
    outer loop
      vertex -49.2134 -37.7896 47.8019
      vertex -49.2134 -37.7896 52.8019
      vertex -49.2983 -37.9166 47.8019
    endloop
  endfacet
  facet normal 0.831464 -0.555578 0
    outer loop
      vertex -49.2134 -37.7896 52.8019
      vertex -49.2983 -37.9166 52.8019
      vertex -49.2983 -37.9166 47.8019
    endloop
  endfacet
  facet normal 0.854914 -0.518769 0
    outer loop
      vertex -49.2983 -37.9166 47.8019
      vertex -49.2983 -37.9166 52.8019
      vertex -49.3775 -38.0471 47.8019
    endloop
  endfacet
  facet normal 0.854914 -0.518769 0
    outer loop
      vertex -49.2983 -37.9166 52.8019
      vertex -49.3775 -38.0471 52.8019
      vertex -49.3775 -38.0471 47.8019
    endloop
  endfacet
  facet normal 0.876729 -0.480984 0
    outer loop
      vertex -49.3775 -38.0471 47.8019
      vertex -49.3775 -38.0471 52.8019
      vertex -49.4509 -38.181 47.8019
    endloop
  endfacet
  facet normal 0.876729 -0.480984 0
    outer loop
      vertex -49.3775 -38.0471 52.8019
      vertex -49.4509 -38.181 52.8019
      vertex -49.4509 -38.181 47.8019
    endloop
  endfacet
  facet normal 0.896873 -0.442289 0
    outer loop
      vertex -49.4509 -38.181 47.8019
      vertex -49.4509 -38.181 52.8019
      vertex -49.5185 -38.3179 47.8019
    endloop
  endfacet
  facet normal 0.896873 -0.442289 0
    outer loop
      vertex -49.4509 -38.181 52.8019
      vertex -49.5185 -38.3179 52.8019
      vertex -49.5185 -38.3179 47.8019
    endloop
  endfacet
  facet normal 0.915313 -0.402743 0
    outer loop
      vertex -49.5185 -38.3179 47.8019
      vertex -49.5185 -38.3179 52.8019
      vertex -49.58 -38.4577 47.8019
    endloop
  endfacet
  facet normal 0.915313 -0.402743 0
    outer loop
      vertex -49.5185 -38.3179 52.8019
      vertex -49.58 -38.4577 52.8019
      vertex -49.58 -38.4577 47.8019
    endloop
  endfacet
  facet normal 0.932006 -0.362444 0
    outer loop
      vertex -49.58 -38.4577 47.8019
      vertex -49.58 -38.4577 52.8019
      vertex -49.6353 -38.6 47.8019
    endloop
  endfacet
  facet normal 0.932006 -0.362444 0
    outer loop
      vertex -49.58 -38.4577 52.8019
      vertex -49.6353 -38.6 52.8019
      vertex -49.6353 -38.6 47.8019
    endloop
  endfacet
  facet normal 0.946932 -0.321434 0
    outer loop
      vertex -49.6353 -38.6 47.8019
      vertex -49.6353 -38.6 52.8019
      vertex -49.6844 -38.7446 47.8019
    endloop
  endfacet
  facet normal 0.946932 -0.321434 0
    outer loop
      vertex -49.6353 -38.6 52.8019
      vertex -49.6844 -38.7446 52.8019
      vertex -49.6844 -38.7446 47.8019
    endloop
  endfacet
  facet normal 0.960046 -0.279844 0
    outer loop
      vertex -49.6844 -38.7446 47.8019
      vertex -49.6844 -38.7446 52.8019
      vertex -49.7271 -38.8912 47.8019
    endloop
  endfacet
  facet normal 0.960046 -0.279844 0
    outer loop
      vertex -49.6844 -38.7446 52.8019
      vertex -49.7271 -38.8912 52.8019
      vertex -49.7271 -38.8912 47.8019
    endloop
  endfacet
  facet normal 0.971343 -0.237682 0
    outer loop
      vertex -49.7271 -38.8912 47.8019
      vertex -49.7271 -38.8912 52.8019
      vertex -49.7634 -39.0396 47.8019
    endloop
  endfacet
  facet normal 0.971343 -0.237682 0
    outer loop
      vertex -49.7271 -38.8912 52.8019
      vertex -49.7634 -39.0396 52.8019
      vertex -49.7634 -39.0396 47.8019
    endloop
  endfacet
  facet normal 0.980785 -0.195093 0
    outer loop
      vertex -49.7634 -39.0396 47.8019
      vertex -49.7634 -39.0396 52.8019
      vertex -49.7932 -39.1893 47.8019
    endloop
  endfacet
  facet normal 0.980785 -0.195093 0
    outer loop
      vertex -49.7634 -39.0396 52.8019
      vertex -49.7932 -39.1893 52.8019
      vertex -49.7932 -39.1893 47.8019
    endloop
  endfacet
  facet normal 0.988365 -0.152103 0
    outer loop
      vertex -49.7932 -39.1893 47.8019
      vertex -49.7932 -39.1893 52.8019
      vertex -49.8164 -39.3403 47.8019
    endloop
  endfacet
  facet normal 0.988365 -0.152103 0
    outer loop
      vertex -49.7932 -39.1893 52.8019
      vertex -49.8164 -39.3403 52.8019
      vertex -49.8164 -39.3403 47.8019
    endloop
  endfacet
  facet normal 0.994055 -0.108878 0
    outer loop
      vertex -49.8164 -39.3403 47.8019
      vertex -49.8164 -39.3403 52.8019
      vertex -49.8331 -39.4921 47.8019
    endloop
  endfacet
  facet normal 0.994055 -0.108878 0
    outer loop
      vertex -49.8164 -39.3403 52.8019
      vertex -49.8331 -39.4921 52.8019
      vertex -49.8331 -39.4921 47.8019
    endloop
  endfacet
  facet normal 0.997859 -0.0654034 0
    outer loop
      vertex -49.8331 -39.4921 47.8019
      vertex -49.8331 -39.4921 52.8019
      vertex -49.8431 -39.6444 47.8019
    endloop
  endfacet
  facet normal 0.997859 -0.0654034 0
    outer loop
      vertex -49.8331 -39.4921 52.8019
      vertex -49.8431 -39.6444 52.8019
      vertex -49.8431 -39.6444 47.8019
    endloop
  endfacet
  facet normal 0.999762 -0.0218098 0
    outer loop
      vertex -49.8431 -39.6444 47.8019
      vertex -49.8431 -39.6444 52.8019
      vertex -49.8464 -39.7971 47.8019
    endloop
  endfacet
  facet normal 0.999762 -0.0218098 0
    outer loop
      vertex -49.8431 -39.6444 52.8019
      vertex -49.8464 -39.7971 52.8019
      vertex -49.8464 -39.7971 47.8019
    endloop
  endfacet
  facet normal 0.999762 0.0218093 0
    outer loop
      vertex -49.8464 -39.7971 47.8019
      vertex -49.8464 -39.7971 52.8019
      vertex -49.8431 -39.9498 47.8019
    endloop
  endfacet
  facet normal 0.999762 0.0218093 0
    outer loop
      vertex -49.8464 -39.7971 52.8019
      vertex -49.8431 -39.9498 52.8019
      vertex -49.8431 -39.9498 47.8019
    endloop
  endfacet
  facet normal 0.997859 0.065405 0
    outer loop
      vertex -49.8431 -39.9498 47.8019
      vertex -49.8431 -39.9498 52.8019
      vertex -49.8331 -40.1021 47.8019
    endloop
  endfacet
  facet normal 0.997859 0.065405 0
    outer loop
      vertex -49.8431 -39.9498 52.8019
      vertex -49.8331 -40.1021 52.8019
      vertex -49.8331 -40.1021 47.8019
    endloop
  endfacet
  facet normal 0.994055 0.108876 0
    outer loop
      vertex -49.8331 -40.1021 47.8019
      vertex -49.8331 -40.1021 52.8019
      vertex -49.8164 -40.2539 47.8019
    endloop
  endfacet
  facet normal 0.994055 0.108876 0
    outer loop
      vertex -49.8331 -40.1021 52.8019
      vertex -49.8164 -40.2539 52.8019
      vertex -49.8164 -40.2539 47.8019
    endloop
  endfacet
  facet normal 0.988364 0.152107 0
    outer loop
      vertex -49.8164 -40.2539 47.8019
      vertex -49.8164 -40.2539 52.8019
      vertex -49.7932 -40.4049 47.8019
    endloop
  endfacet
  facet normal 0.988364 0.152107 0
    outer loop
      vertex -49.8164 -40.2539 52.8019
      vertex -49.7932 -40.4049 52.8019
      vertex -49.7932 -40.4049 47.8019
    endloop
  endfacet
  facet normal 0.980785 0.195093 0
    outer loop
      vertex -49.7932 -40.4049 47.8019
      vertex -49.7932 -40.4049 52.8019
      vertex -49.7634 -40.5546 47.8019
    endloop
  endfacet
  facet normal 0.980785 0.195093 0
    outer loop
      vertex -49.7932 -40.4049 52.8019
      vertex -49.7634 -40.5546 52.8019
      vertex -49.7634 -40.5546 47.8019
    endloop
  endfacet
  facet normal 0.971343 0.237682 0
    outer loop
      vertex -49.7634 -40.5546 47.8019
      vertex -49.7634 -40.5546 52.8019
      vertex -49.7271 -40.703 47.8019
    endloop
  endfacet
  facet normal 0.971343 0.237682 0
    outer loop
      vertex -49.7634 -40.5546 52.8019
      vertex -49.7271 -40.703 52.8019
      vertex -49.7271 -40.703 47.8019
    endloop
  endfacet
  facet normal 0.960046 0.279844 0
    outer loop
      vertex -49.7271 -40.703 47.8019
      vertex -49.7271 -40.703 52.8019
      vertex -49.6844 -40.8496 47.8019
    endloop
  endfacet
  facet normal 0.960046 0.279844 0
    outer loop
      vertex -49.7271 -40.703 52.8019
      vertex -49.6844 -40.8496 52.8019
      vertex -49.6844 -40.8496 47.8019
    endloop
  endfacet
  facet normal 0.946932 0.321434 0
    outer loop
      vertex -49.6844 -40.8496 47.8019
      vertex -49.6844 -40.8496 52.8019
      vertex -49.6353 -40.9942 47.8019
    endloop
  endfacet
  facet normal 0.946932 0.321434 0
    outer loop
      vertex -49.6844 -40.8496 52.8019
      vertex -49.6353 -40.9942 52.8019
      vertex -49.6353 -40.9942 47.8019
    endloop
  endfacet
  facet normal 0.932006 0.362444 0
    outer loop
      vertex -49.6353 -40.9942 47.8019
      vertex -49.6353 -40.9942 52.8019
      vertex -49.58 -41.1365 47.8019
    endloop
  endfacet
  facet normal 0.932006 0.362444 0
    outer loop
      vertex -49.6353 -40.9942 52.8019
      vertex -49.58 -41.1365 52.8019
      vertex -49.58 -41.1365 47.8019
    endloop
  endfacet
  facet normal 0.915313 0.402743 0
    outer loop
      vertex -49.58 -41.1365 47.8019
      vertex -49.58 -41.1365 52.8019
      vertex -49.5185 -41.2763 47.8019
    endloop
  endfacet
  facet normal 0.915313 0.402743 0
    outer loop
      vertex -49.58 -41.1365 52.8019
      vertex -49.5185 -41.2763 52.8019
      vertex -49.5185 -41.2763 47.8019
    endloop
  endfacet
  facet normal 0.896873 0.442289 0
    outer loop
      vertex -49.5185 -41.2763 47.8019
      vertex -49.5185 -41.2763 52.8019
      vertex -49.4509 -41.4132 47.8019
    endloop
  endfacet
  facet normal 0.896873 0.442289 0
    outer loop
      vertex -49.5185 -41.2763 52.8019
      vertex -49.4509 -41.4132 52.8019
      vertex -49.4509 -41.4132 47.8019
    endloop
  endfacet
  facet normal 0.876729 0.480984 0
    outer loop
      vertex -49.4509 -41.4132 47.8019
      vertex -49.4509 -41.4132 52.8019
      vertex -49.3775 -41.5471 47.8019
    endloop
  endfacet
  facet normal 0.876729 0.480984 0
    outer loop
      vertex -49.4509 -41.4132 52.8019
      vertex -49.3775 -41.5471 52.8019
      vertex -49.3775 -41.5471 47.8019
    endloop
  endfacet
  facet normal 0.854914 0.518769 0
    outer loop
      vertex -49.3775 -41.5471 47.8019
      vertex -49.3775 -41.5471 52.8019
      vertex -49.2983 -41.6777 47.8019
    endloop
  endfacet
  facet normal 0.854914 0.518769 0
    outer loop
      vertex -49.3775 -41.5471 52.8019
      vertex -49.2983 -41.6777 52.8019
      vertex -49.2983 -41.6777 47.8019
    endloop
  endfacet
  facet normal 0.831464 0.555578 0
    outer loop
      vertex -49.2983 -41.6777 47.8019
      vertex -49.2983 -41.6777 52.8019
      vertex -49.2134 -41.8046 47.8019
    endloop
  endfacet
  facet normal 0.831464 0.555578 0
    outer loop
      vertex -49.2983 -41.6777 52.8019
      vertex -49.2134 -41.8046 52.8019
      vertex -49.2134 -41.8046 47.8019
    endloop
  endfacet
  facet normal 0.806449 0.591303 0
    outer loop
      vertex -49.2134 -41.8046 47.8019
      vertex -49.2134 -41.8046 52.8019
      vertex -49.1231 -41.9278 47.8019
    endloop
  endfacet
  facet normal 0.806449 0.591303 0
    outer loop
      vertex -49.2134 -41.8046 52.8019
      vertex -49.1231 -41.9278 52.8019
      vertex -49.1231 -41.9278 47.8019
    endloop
  endfacet
  facet normal 0.779883 0.625926 0
    outer loop
      vertex -49.1231 -41.9278 47.8019
      vertex -49.1231 -41.9278 52.8019
      vertex -49.0275 -42.0469 47.8019
    endloop
  endfacet
  facet normal 0.779883 0.625926 0
    outer loop
      vertex -49.1231 -41.9278 52.8019
      vertex -49.0275 -42.0469 52.8019
      vertex -49.0275 -42.0469 47.8019
    endloop
  endfacet
  facet normal 0.751836 0.65935 0
    outer loop
      vertex -49.0275 -42.0469 47.8019
      vertex -49.0275 -42.0469 52.8019
      vertex -48.9269 -42.1617 47.8019
    endloop
  endfacet
  facet normal 0.751836 0.65935 0
    outer loop
      vertex -49.0275 -42.0469 52.8019
      vertex -48.9269 -42.1617 52.8019
      vertex -48.9269 -42.1617 47.8019
    endloop
  endfacet
  facet normal 0.722368 0.691508 0
    outer loop
      vertex -48.9269 -42.1617 47.8019
      vertex -48.9269 -42.1617 52.8019
      vertex -48.8213 -42.272 47.8019
    endloop
  endfacet
  facet normal 0.722368 0.691508 0
    outer loop
      vertex -48.9269 -42.1617 52.8019
      vertex -48.8213 -42.272 52.8019
      vertex -48.8213 -42.272 47.8019
    endloop
  endfacet
  facet normal 0.691508 0.722368 0
    outer loop
      vertex -48.8213 -42.272 47.8019
      vertex -48.8213 -42.272 52.8019
      vertex -48.7109 -42.3776 47.8019
    endloop
  endfacet
  facet normal 0.691508 0.722368 0
    outer loop
      vertex -48.8213 -42.272 52.8019
      vertex -48.7109 -42.3776 52.8019
      vertex -48.7109 -42.3776 47.8019
    endloop
  endfacet
  facet normal 0.659338 0.751846 0
    outer loop
      vertex -48.7109 -42.3776 47.8019
      vertex -48.7109 -42.3776 52.8019
      vertex -48.5961 -42.4783 47.8019
    endloop
  endfacet
  facet normal 0.659338 0.751846 0
    outer loop
      vertex -48.7109 -42.3776 52.8019
      vertex -48.5961 -42.4783 52.8019
      vertex -48.5961 -42.4783 47.8019
    endloop
  endfacet
  facet normal 0.625938 0.779873 0
    outer loop
      vertex -48.5961 -42.4783 47.8019
      vertex -48.5961 -42.4783 52.8019
      vertex -48.477 -42.5738 47.8019
    endloop
  endfacet
  facet normal 0.625938 0.779873 0
    outer loop
      vertex -48.5961 -42.4783 52.8019
      vertex -48.477 -42.5738 52.8019
      vertex -48.477 -42.5738 47.8019
    endloop
  endfacet
  facet normal 0.591303 0.806449 0
    outer loop
      vertex -48.477 -42.5738 47.8019
      vertex -48.477 -42.5738 52.8019
      vertex -48.3539 -42.6641 47.8019
    endloop
  endfacet
  facet normal 0.591303 0.806449 0
    outer loop
      vertex -48.477 -42.5738 52.8019
      vertex -48.3539 -42.6641 52.8019
      vertex -48.3539 -42.6641 47.8019
    endloop
  endfacet
  facet normal 0.555578 0.831464 0
    outer loop
      vertex -48.3539 -42.6641 47.8019
      vertex -48.3539 -42.6641 52.8019
      vertex -48.2269 -42.749 47.8019
    endloop
  endfacet
  facet normal 0.555578 0.831464 0
    outer loop
      vertex -48.3539 -42.6641 52.8019
      vertex -48.2269 -42.749 52.8019
      vertex -48.2269 -42.749 47.8019
    endloop
  endfacet
  facet normal 0.518769 0.854914 0
    outer loop
      vertex -48.2269 -42.749 47.8019
      vertex -48.2269 -42.749 52.8019
      vertex -48.0964 -42.8282 47.8019
    endloop
  endfacet
  facet normal 0.518769 0.854914 0
    outer loop
      vertex -48.2269 -42.749 52.8019
      vertex -48.0964 -42.8282 52.8019
      vertex -48.0964 -42.8282 47.8019
    endloop
  endfacet
  facet normal 0.480984 0.876729 0
    outer loop
      vertex -48.0964 -42.8282 47.8019
      vertex -48.0964 -42.8282 52.8019
      vertex -47.9625 -42.9016 47.8019
    endloop
  endfacet
  facet normal 0.480984 0.876729 0
    outer loop
      vertex -48.0964 -42.8282 52.8019
      vertex -47.9625 -42.9016 52.8019
      vertex -47.9625 -42.9016 47.8019
    endloop
  endfacet
  facet normal 0.442289 0.896873 0
    outer loop
      vertex -47.9625 -42.9016 47.8019
      vertex -47.9625 -42.9016 52.8019
      vertex -47.8255 -42.9692 47.8019
    endloop
  endfacet
  facet normal 0.442289 0.896873 0
    outer loop
      vertex -47.9625 -42.9016 52.8019
      vertex -47.8255 -42.9692 52.8019
      vertex -47.8255 -42.9692 47.8019
    endloop
  endfacet
  facet normal 0.402743 0.915313 0
    outer loop
      vertex -47.8255 -42.9692 47.8019
      vertex -47.8255 -42.9692 52.8019
      vertex -47.6858 -43.0307 47.8019
    endloop
  endfacet
  facet normal 0.402743 0.915313 0
    outer loop
      vertex -47.8255 -42.9692 52.8019
      vertex -47.6858 -43.0307 52.8019
      vertex -47.6858 -43.0307 47.8019
    endloop
  endfacet
  facet normal 0.362444 0.932006 0
    outer loop
      vertex -47.6858 -43.0307 47.8019
      vertex -47.6858 -43.0307 52.8019
      vertex -47.5435 -43.086 47.8019
    endloop
  endfacet
  facet normal 0.362444 0.932006 0
    outer loop
      vertex -47.6858 -43.0307 52.8019
      vertex -47.5435 -43.086 52.8019
      vertex -47.5435 -43.086 47.8019
    endloop
  endfacet
  facet normal 0.321434 0.946932 0
    outer loop
      vertex -47.5435 -43.086 47.8019
      vertex -47.5435 -43.086 52.8019
      vertex -47.3989 -43.1351 47.8019
    endloop
  endfacet
  facet normal 0.321434 0.946932 0
    outer loop
      vertex -47.5435 -43.086 52.8019
      vertex -47.3989 -43.1351 52.8019
      vertex -47.3989 -43.1351 47.8019
    endloop
  endfacet
  facet normal 0.279844 0.960046 0
    outer loop
      vertex -47.3989 -43.1351 47.8019
      vertex -47.3989 -43.1351 52.8019
      vertex -47.2523 -43.1778 47.8019
    endloop
  endfacet
  facet normal 0.279844 0.960046 0
    outer loop
      vertex -47.3989 -43.1351 52.8019
      vertex -47.2523 -43.1778 52.8019
      vertex -47.2523 -43.1778 47.8019
    endloop
  endfacet
  facet normal 0.237682 0.971343 0
    outer loop
      vertex -47.2523 -43.1778 47.8019
      vertex -47.2523 -43.1778 52.8019
      vertex -47.1039 -43.2141 47.8019
    endloop
  endfacet
  facet normal 0.237682 0.971343 0
    outer loop
      vertex -47.2523 -43.1778 52.8019
      vertex -47.1039 -43.2141 52.8019
      vertex -47.1039 -43.2141 47.8019
    endloop
  endfacet
  facet normal 0.195093 0.980785 0
    outer loop
      vertex -47.1039 -43.2141 47.8019
      vertex -47.1039 -43.2141 52.8019
      vertex -46.9542 -43.2439 47.8019
    endloop
  endfacet
  facet normal 0.195093 0.980785 0
    outer loop
      vertex -47.1039 -43.2141 52.8019
      vertex -46.9542 -43.2439 52.8019
      vertex -46.9542 -43.2439 47.8019
    endloop
  endfacet
  facet normal 0.152103 0.988365 0
    outer loop
      vertex -46.9542 -43.2439 47.8019
      vertex -46.9542 -43.2439 52.8019
      vertex -46.8032 -43.2672 47.8019
    endloop
  endfacet
  facet normal 0.152103 0.988365 0
    outer loop
      vertex -46.9542 -43.2439 52.8019
      vertex -46.8032 -43.2672 52.8019
      vertex -46.8032 -43.2672 47.8019
    endloop
  endfacet
  facet normal 0.108878 0.994055 0
    outer loop
      vertex -46.8032 -43.2672 47.8019
      vertex -46.8032 -43.2672 52.8019
      vertex -46.6514 -43.2838 47.8019
    endloop
  endfacet
  facet normal 0.108878 0.994055 0
    outer loop
      vertex -46.8032 -43.2672 52.8019
      vertex -46.6514 -43.2838 52.8019
      vertex -46.6514 -43.2838 47.8019
    endloop
  endfacet
  facet normal 0.0654034 0.997859 0
    outer loop
      vertex -46.6514 -43.2838 47.8019
      vertex -46.6514 -43.2838 52.8019
      vertex -46.4991 -43.2938 47.8019
    endloop
  endfacet
  facet normal 0.0654034 0.997859 0
    outer loop
      vertex -46.6514 -43.2838 52.8019
      vertex -46.4991 -43.2938 52.8019
      vertex -46.4991 -43.2938 47.8019
    endloop
  endfacet
  facet normal 0.0218098 0.999762 0
    outer loop
      vertex -46.4991 -43.2938 47.8019
      vertex -46.4991 -43.2938 52.8019
      vertex -46.3464 -43.2971 47.8019
    endloop
  endfacet
  facet normal 0.0218098 0.999762 0
    outer loop
      vertex -46.4991 -43.2938 52.8019
      vertex -46.3464 -43.2971 52.8019
      vertex -46.3464 -43.2971 47.8019
    endloop
  endfacet
  facet normal -0.0218098 0.999762 0
    outer loop
      vertex -46.3464 -43.2971 47.8019
      vertex -46.3464 -43.2971 52.8019
      vertex -46.1937 -43.2938 47.8019
    endloop
  endfacet
  facet normal -0.0218098 0.999762 0
    outer loop
      vertex -46.3464 -43.2971 52.8019
      vertex -46.1937 -43.2938 52.8019
      vertex -46.1937 -43.2938 47.8019
    endloop
  endfacet
  facet normal -0.0654034 0.997859 0
    outer loop
      vertex -46.1937 -43.2938 47.8019
      vertex -46.1937 -43.2938 52.8019
      vertex -46.0413 -43.2838 47.8019
    endloop
  endfacet
  facet normal -0.0654034 0.997859 0
    outer loop
      vertex -46.1937 -43.2938 52.8019
      vertex -46.0413 -43.2838 52.8019
      vertex -46.0413 -43.2838 47.8019
    endloop
  endfacet
  facet normal -0.108876 0.994055 0
    outer loop
      vertex -46.0413 -43.2838 47.8019
      vertex -46.0413 -43.2838 52.8019
      vertex -45.8895 -43.2672 47.8019
    endloop
  endfacet
  facet normal -0.108876 0.994055 0
    outer loop
      vertex -46.0413 -43.2838 52.8019
      vertex -45.8895 -43.2672 52.8019
      vertex -45.8895 -43.2672 47.8019
    endloop
  endfacet
  facet normal -0.152107 0.988364 0
    outer loop
      vertex -45.8895 -43.2672 47.8019
      vertex -45.8895 -43.2672 52.8019
      vertex -45.7386 -43.2439 47.8019
    endloop
  endfacet
  facet normal -0.152107 0.988364 0
    outer loop
      vertex -45.8895 -43.2672 52.8019
      vertex -45.7386 -43.2439 52.8019
      vertex -45.7386 -43.2439 47.8019
    endloop
  endfacet
  facet normal -0.195093 0.980785 0
    outer loop
      vertex -45.7386 -43.2439 47.8019
      vertex -45.7386 -43.2439 52.8019
      vertex -45.5888 -43.2141 47.8019
    endloop
  endfacet
  facet normal -0.195093 0.980785 0
    outer loop
      vertex -45.7386 -43.2439 52.8019
      vertex -45.5888 -43.2141 52.8019
      vertex -45.5888 -43.2141 47.8019
    endloop
  endfacet
  facet normal -0.237682 0.971343 0
    outer loop
      vertex -45.5888 -43.2141 47.8019
      vertex -45.5888 -43.2141 52.8019
      vertex -45.4405 -43.1778 47.8019
    endloop
  endfacet
  facet normal -0.237682 0.971343 0
    outer loop
      vertex -45.5888 -43.2141 52.8019
      vertex -45.4405 -43.1778 52.8019
      vertex -45.4405 -43.1778 47.8019
    endloop
  endfacet
  facet normal -0.279844 0.960046 0
    outer loop
      vertex -45.4405 -43.1778 47.8019
      vertex -45.4405 -43.1778 52.8019
      vertex -45.2939 -43.1351 47.8019
    endloop
  endfacet
  facet normal -0.279844 0.960046 0
    outer loop
      vertex -45.4405 -43.1778 52.8019
      vertex -45.2939 -43.1351 52.8019
      vertex -45.2939 -43.1351 47.8019
    endloop
  endfacet
  facet normal -0.321434 0.946932 0
    outer loop
      vertex -45.2939 -43.1351 47.8019
      vertex -45.2939 -43.1351 52.8019
      vertex -45.1493 -43.086 47.8019
    endloop
  endfacet
  facet normal -0.321434 0.946932 0
    outer loop
      vertex -45.2939 -43.1351 52.8019
      vertex -45.1493 -43.086 52.8019
      vertex -45.1493 -43.086 47.8019
    endloop
  endfacet
  facet normal -0.362444 0.932006 0
    outer loop
      vertex -45.1493 -43.086 47.8019
      vertex -45.1493 -43.086 52.8019
      vertex -45.007 -43.0307 47.8019
    endloop
  endfacet
  facet normal -0.362444 0.932006 0
    outer loop
      vertex -45.1493 -43.086 52.8019
      vertex -45.007 -43.0307 52.8019
      vertex -45.007 -43.0307 47.8019
    endloop
  endfacet
  facet normal -0.402743 0.915313 0
    outer loop
      vertex -45.007 -43.0307 47.8019
      vertex -45.007 -43.0307 52.8019
      vertex -44.8672 -42.9692 47.8019
    endloop
  endfacet
  facet normal -0.402743 0.915313 0
    outer loop
      vertex -45.007 -43.0307 52.8019
      vertex -44.8672 -42.9692 52.8019
      vertex -44.8672 -42.9692 47.8019
    endloop
  endfacet
  facet normal -0.442289 0.896873 0
    outer loop
      vertex -44.8672 -42.9692 47.8019
      vertex -44.8672 -42.9692 52.8019
      vertex -44.7303 -42.9016 47.8019
    endloop
  endfacet
  facet normal -0.442289 0.896873 0
    outer loop
      vertex -44.8672 -42.9692 52.8019
      vertex -44.7303 -42.9016 52.8019
      vertex -44.7303 -42.9016 47.8019
    endloop
  endfacet
  facet normal -0.480984 0.876729 0
    outer loop
      vertex -44.7303 -42.9016 47.8019
      vertex -44.7303 -42.9016 52.8019
      vertex -44.5964 -42.8282 47.8019
    endloop
  endfacet
  facet normal -0.480984 0.876729 0
    outer loop
      vertex -44.7303 -42.9016 52.8019
      vertex -44.5964 -42.8282 52.8019
      vertex -44.5964 -42.8282 47.8019
    endloop
  endfacet
  facet normal -0.518769 0.854914 0
    outer loop
      vertex -44.5964 -42.8282 47.8019
      vertex -44.5964 -42.8282 52.8019
      vertex -44.4658 -42.749 47.8019
    endloop
  endfacet
  facet normal -0.518769 0.854914 0
    outer loop
      vertex -44.5964 -42.8282 52.8019
      vertex -44.4658 -42.749 52.8019
      vertex -44.4658 -42.749 47.8019
    endloop
  endfacet
  facet normal -0.555578 0.831464 0
    outer loop
      vertex -44.4658 -42.749 47.8019
      vertex -44.4658 -42.749 52.8019
      vertex -44.3389 -42.6641 47.8019
    endloop
  endfacet
  facet normal -0.555578 0.831464 0
    outer loop
      vertex -44.4658 -42.749 52.8019
      vertex -44.3389 -42.6641 52.8019
      vertex -44.3389 -42.6641 47.8019
    endloop
  endfacet
  facet normal -0.591303 0.806449 0
    outer loop
      vertex -44.3389 -42.6641 47.8019
      vertex -44.3389 -42.6641 52.8019
      vertex -44.2157 -42.5738 47.8019
    endloop
  endfacet
  facet normal -0.591303 0.806449 0
    outer loop
      vertex -44.3389 -42.6641 52.8019
      vertex -44.2157 -42.5738 52.8019
      vertex -44.2157 -42.5738 47.8019
    endloop
  endfacet
  facet normal -0.625938 0.779873 0
    outer loop
      vertex -44.2157 -42.5738 47.8019
      vertex -44.2157 -42.5738 52.8019
      vertex -44.0966 -42.4783 47.8019
    endloop
  endfacet
  facet normal -0.625938 0.779873 0
    outer loop
      vertex -44.2157 -42.5738 52.8019
      vertex -44.0966 -42.4783 52.8019
      vertex -44.0966 -42.4783 47.8019
    endloop
  endfacet
  facet normal -0.659338 0.751846 0
    outer loop
      vertex -44.0966 -42.4783 47.8019
      vertex -44.0966 -42.4783 52.8019
      vertex -43.9818 -42.3776 47.8019
    endloop
  endfacet
  facet normal -0.659338 0.751846 0
    outer loop
      vertex -44.0966 -42.4783 52.8019
      vertex -43.9818 -42.3776 52.8019
      vertex -43.9818 -42.3776 47.8019
    endloop
  endfacet
  facet normal -0.691508 0.722368 0
    outer loop
      vertex -43.9818 -42.3776 47.8019
      vertex -43.9818 -42.3776 52.8019
      vertex -43.8715 -42.272 47.8019
    endloop
  endfacet
  facet normal -0.691508 0.722368 0
    outer loop
      vertex -43.9818 -42.3776 52.8019
      vertex -43.8715 -42.272 52.8019
      vertex -43.8715 -42.272 47.8019
    endloop
  endfacet
  facet normal -0.722368 0.691508 0
    outer loop
      vertex -43.8715 -42.272 47.8019
      vertex -43.8715 -42.272 52.8019
      vertex -43.7659 -42.1617 47.8019
    endloop
  endfacet
  facet normal -0.722368 0.691508 0
    outer loop
      vertex -43.8715 -42.272 52.8019
      vertex -43.7659 -42.1617 52.8019
      vertex -43.7659 -42.1617 47.8019
    endloop
  endfacet
  facet normal -0.751836 0.65935 0
    outer loop
      vertex -43.7659 -42.1617 47.8019
      vertex -43.7659 -42.1617 52.8019
      vertex -43.6652 -42.0469 47.8019
    endloop
  endfacet
  facet normal -0.751836 0.65935 0
    outer loop
      vertex -43.7659 -42.1617 52.8019
      vertex -43.6652 -42.0469 52.8019
      vertex -43.6652 -42.0469 47.8019
    endloop
  endfacet
  facet normal -0.779883 0.625926 0
    outer loop
      vertex -43.6652 -42.0469 47.8019
      vertex -43.6652 -42.0469 52.8019
      vertex -43.5696 -41.9278 47.8019
    endloop
  endfacet
  facet normal -0.779883 0.625926 0
    outer loop
      vertex -43.6652 -42.0469 52.8019
      vertex -43.5696 -41.9278 52.8019
      vertex -43.5696 -41.9278 47.8019
    endloop
  endfacet
  facet normal -0.806449 0.591303 0
    outer loop
      vertex -43.5696 -41.9278 47.8019
      vertex -43.5696 -41.9278 52.8019
      vertex -43.4794 -41.8046 47.8019
    endloop
  endfacet
  facet normal -0.806449 0.591303 0
    outer loop
      vertex -43.5696 -41.9278 52.8019
      vertex -43.4794 -41.8046 52.8019
      vertex -43.4794 -41.8046 47.8019
    endloop
  endfacet
  facet normal -0.831464 0.555578 0
    outer loop
      vertex -43.4794 -41.8046 47.8019
      vertex -43.4794 -41.8046 52.8019
      vertex -43.3945 -41.6777 47.8019
    endloop
  endfacet
  facet normal -0.831464 0.555578 0
    outer loop
      vertex -43.4794 -41.8046 52.8019
      vertex -43.3945 -41.6777 52.8019
      vertex -43.3945 -41.6777 47.8019
    endloop
  endfacet
  facet normal -0.854914 0.518769 0
    outer loop
      vertex -43.3945 -41.6777 47.8019
      vertex -43.3945 -41.6777 52.8019
      vertex -43.3153 -41.5471 47.8019
    endloop
  endfacet
  facet normal -0.854914 0.518769 0
    outer loop
      vertex -43.3945 -41.6777 52.8019
      vertex -43.3153 -41.5471 52.8019
      vertex -43.3153 -41.5471 47.8019
    endloop
  endfacet
  facet normal -0.876729 0.480984 0
    outer loop
      vertex -43.3153 -41.5471 47.8019
      vertex -43.3153 -41.5471 52.8019
      vertex -43.2418 -41.4132 47.8019
    endloop
  endfacet
  facet normal -0.876729 0.480984 0
    outer loop
      vertex -43.3153 -41.5471 52.8019
      vertex -43.2418 -41.4132 52.8019
      vertex -43.2418 -41.4132 47.8019
    endloop
  endfacet
  facet normal -0.896873 0.442289 0
    outer loop
      vertex -43.2418 -41.4132 47.8019
      vertex -43.2418 -41.4132 52.8019
      vertex -43.1743 -41.2763 47.8019
    endloop
  endfacet
  facet normal -0.896873 0.442289 0
    outer loop
      vertex -43.2418 -41.4132 52.8019
      vertex -43.1743 -41.2763 52.8019
      vertex -43.1743 -41.2763 47.8019
    endloop
  endfacet
  facet normal -0.915313 0.402743 0
    outer loop
      vertex -43.1743 -41.2763 47.8019
      vertex -43.1743 -41.2763 52.8019
      vertex -43.1128 -41.1365 47.8019
    endloop
  endfacet
  facet normal -0.915313 0.402743 0
    outer loop
      vertex -43.1743 -41.2763 52.8019
      vertex -43.1128 -41.1365 52.8019
      vertex -43.1128 -41.1365 47.8019
    endloop
  endfacet
  facet normal -0.932006 0.362444 0
    outer loop
      vertex -43.1128 -41.1365 47.8019
      vertex -43.1128 -41.1365 52.8019
      vertex -43.0575 -40.9942 47.8019
    endloop
  endfacet
  facet normal -0.932006 0.362444 0
    outer loop
      vertex -43.1128 -41.1365 52.8019
      vertex -43.0575 -40.9942 52.8019
      vertex -43.0575 -40.9942 47.8019
    endloop
  endfacet
  facet normal -0.946932 0.321434 0
    outer loop
      vertex -43.0575 -40.9942 47.8019
      vertex -43.0575 -40.9942 52.8019
      vertex -43.0084 -40.8496 47.8019
    endloop
  endfacet
  facet normal -0.946932 0.321434 0
    outer loop
      vertex -43.0575 -40.9942 52.8019
      vertex -43.0084 -40.8496 52.8019
      vertex -43.0084 -40.8496 47.8019
    endloop
  endfacet
  facet normal -0.960046 0.279844 0
    outer loop
      vertex -43.0084 -40.8496 47.8019
      vertex -43.0084 -40.8496 52.8019
      vertex -42.9656 -40.703 47.8019
    endloop
  endfacet
  facet normal -0.960046 0.279844 0
    outer loop
      vertex -43.0084 -40.8496 52.8019
      vertex -42.9656 -40.703 52.8019
      vertex -42.9656 -40.703 47.8019
    endloop
  endfacet
  facet normal -0.971343 0.237682 0
    outer loop
      vertex -42.9656 -40.703 47.8019
      vertex -42.9656 -40.703 52.8019
      vertex -42.9293 -40.5546 47.8019
    endloop
  endfacet
  facet normal -0.971343 0.237682 0
    outer loop
      vertex -42.9656 -40.703 52.8019
      vertex -42.9293 -40.5546 52.8019
      vertex -42.9293 -40.5546 47.8019
    endloop
  endfacet
  facet normal -0.980785 0.195093 0
    outer loop
      vertex -42.9293 -40.5546 47.8019
      vertex -42.9293 -40.5546 52.8019
      vertex -42.8996 -40.4049 47.8019
    endloop
  endfacet
  facet normal -0.980785 0.195093 0
    outer loop
      vertex -42.9293 -40.5546 52.8019
      vertex -42.8996 -40.4049 52.8019
      vertex -42.8996 -40.4049 47.8019
    endloop
  endfacet
  facet normal -0.988364 0.152107 0
    outer loop
      vertex -42.8996 -40.4049 47.8019
      vertex -42.8996 -40.4049 52.8019
      vertex -42.8763 -40.2539 47.8019
    endloop
  endfacet
  facet normal -0.988364 0.152107 0
    outer loop
      vertex -42.8996 -40.4049 52.8019
      vertex -42.8763 -40.2539 52.8019
      vertex -42.8763 -40.2539 47.8019
    endloop
  endfacet
  facet normal -0.994055 0.108876 0
    outer loop
      vertex -42.8763 -40.2539 47.8019
      vertex -42.8763 -40.2539 52.8019
      vertex -42.8597 -40.1021 47.8019
    endloop
  endfacet
  facet normal -0.994055 0.108876 0
    outer loop
      vertex -42.8763 -40.2539 52.8019
      vertex -42.8597 -40.1021 52.8019
      vertex -42.8597 -40.1021 47.8019
    endloop
  endfacet
  facet normal -0.997859 0.065405 0
    outer loop
      vertex -42.8597 -40.1021 47.8019
      vertex -42.8597 -40.1021 52.8019
      vertex -42.8497 -39.9498 47.8019
    endloop
  endfacet
  facet normal -0.997859 0.065405 0
    outer loop
      vertex -42.8597 -40.1021 52.8019
      vertex -42.8497 -39.9498 52.8019
      vertex -42.8497 -39.9498 47.8019
    endloop
  endfacet
  facet normal -0.999762 0.0218093 0
    outer loop
      vertex -42.8497 -39.9498 47.8019
      vertex -42.8497 -39.9498 52.8019
      vertex -42.8464 -39.7971 47.8019
    endloop
  endfacet
  facet normal -0.999762 0.0218093 0
    outer loop
      vertex -42.8497 -39.9498 52.8019
      vertex -42.8464 -39.7971 52.8019
      vertex -42.8464 -39.7971 47.8019
    endloop
  endfacet
  facet normal -0.999762 -0.0218098 0
    outer loop
      vertex -124.602 -39.7971 47.8019
      vertex -124.602 -39.7971 52.8019
      vertex -124.605 -39.6444 47.8019
    endloop
  endfacet
  facet normal -0.999762 -0.0218098 0
    outer loop
      vertex -124.602 -39.7971 52.8019
      vertex -124.605 -39.6444 52.8019
      vertex -124.605 -39.6444 47.8019
    endloop
  endfacet
  facet normal -0.997857 -0.0654277 0
    outer loop
      vertex -124.605 -39.6444 47.8019
      vertex -124.605 -39.6444 52.8019
      vertex -124.615 -39.4921 47.8019
    endloop
  endfacet
  facet normal -0.997857 -0.0654277 0
    outer loop
      vertex -124.605 -39.6444 52.8019
      vertex -124.615 -39.4921 52.8019
      vertex -124.615 -39.4921 47.8019
    endloop
  endfacet
  facet normal -0.994058 -0.108854 0
    outer loop
      vertex -124.615 -39.4921 47.8019
      vertex -124.615 -39.4921 52.8019
      vertex -124.632 -39.3403 47.8019
    endloop
  endfacet
  facet normal -0.994058 -0.108854 0
    outer loop
      vertex -124.615 -39.4921 52.8019
      vertex -124.632 -39.3403 52.8019
      vertex -124.632 -39.3403 47.8019
    endloop
  endfacet
  facet normal -0.988361 -0.152127 0
    outer loop
      vertex -124.632 -39.3403 47.8019
      vertex -124.632 -39.3403 52.8019
      vertex -124.655 -39.1893 47.8019
    endloop
  endfacet
  facet normal -0.988361 -0.152127 0
    outer loop
      vertex -124.632 -39.3403 52.8019
      vertex -124.655 -39.1893 52.8019
      vertex -124.655 -39.1893 47.8019
    endloop
  endfacet
  facet normal -0.980789 -0.19507 0
    outer loop
      vertex -124.655 -39.1893 47.8019
      vertex -124.655 -39.1893 52.8019
      vertex -124.685 -39.0396 47.8019
    endloop
  endfacet
  facet normal -0.980789 -0.19507 0
    outer loop
      vertex -124.655 -39.1893 52.8019
      vertex -124.685 -39.0396 52.8019
      vertex -124.685 -39.0396 47.8019
    endloop
  endfacet
  facet normal -0.971337 -0.237705 0
    outer loop
      vertex -124.685 -39.0396 47.8019
      vertex -124.685 -39.0396 52.8019
      vertex -124.721 -38.8912 47.8019
    endloop
  endfacet
  facet normal -0.971337 -0.237705 0
    outer loop
      vertex -124.685 -39.0396 52.8019
      vertex -124.721 -38.8912 52.8019
      vertex -124.721 -38.8912 47.8019
    endloop
  endfacet
  facet normal -0.960052 -0.279821 0
    outer loop
      vertex -124.721 -38.8912 47.8019
      vertex -124.721 -38.8912 52.8019
      vertex -124.764 -38.7446 47.8019
    endloop
  endfacet
  facet normal -0.960052 -0.279821 0
    outer loop
      vertex -124.721 -38.8912 52.8019
      vertex -124.764 -38.7446 52.8019
      vertex -124.764 -38.7446 47.8019
    endloop
  endfacet
  facet normal -0.946932 -0.321434 0
    outer loop
      vertex -124.764 -38.7446 47.8019
      vertex -124.764 -38.7446 52.8019
      vertex -124.813 -38.6 47.8019
    endloop
  endfacet
  facet normal -0.946932 -0.321434 0
    outer loop
      vertex -124.764 -38.7446 52.8019
      vertex -124.813 -38.6 52.8019
      vertex -124.813 -38.6 47.8019
    endloop
  endfacet
  facet normal -0.932014 -0.362423 0
    outer loop
      vertex -124.813 -38.6 47.8019
      vertex -124.813 -38.6 52.8019
      vertex -124.868 -38.4577 47.8019
    endloop
  endfacet
  facet normal -0.932014 -0.362423 0
    outer loop
      vertex -124.813 -38.6 52.8019
      vertex -124.868 -38.4577 52.8019
      vertex -124.868 -38.4577 47.8019
    endloop
  endfacet
  facet normal -0.915304 -0.402763 0
    outer loop
      vertex -124.868 -38.4577 47.8019
      vertex -124.868 -38.4577 52.8019
      vertex -124.93 -38.3179 47.8019
    endloop
  endfacet
  facet normal -0.915304 -0.402763 0
    outer loop
      vertex -124.868 -38.4577 52.8019
      vertex -124.93 -38.3179 52.8019
      vertex -124.93 -38.3179 47.8019
    endloop
  endfacet
  facet normal -0.896873 -0.442289 0
    outer loop
      vertex -124.93 -38.3179 47.8019
      vertex -124.93 -38.3179 52.8019
      vertex -124.998 -38.181 47.8019
    endloop
  endfacet
  facet normal -0.896873 -0.442289 0
    outer loop
      vertex -124.93 -38.3179 52.8019
      vertex -124.998 -38.181 52.8019
      vertex -124.998 -38.181 47.8019
    endloop
  endfacet
  facet normal -0.876729 -0.480984 0
    outer loop
      vertex -124.998 -38.181 47.8019
      vertex -124.998 -38.181 52.8019
      vertex -125.071 -38.0471 47.8019
    endloop
  endfacet
  facet normal -0.876729 -0.480984 0
    outer loop
      vertex -124.998 -38.181 52.8019
      vertex -125.071 -38.0471 52.8019
      vertex -125.071 -38.0471 47.8019
    endloop
  endfacet
  facet normal -0.854925 -0.518751 0
    outer loop
      vertex -125.071 -38.0471 47.8019
      vertex -125.071 -38.0471 52.8019
      vertex -125.15 -37.9166 47.8019
    endloop
  endfacet
  facet normal -0.854925 -0.518751 0
    outer loop
      vertex -125.071 -38.0471 52.8019
      vertex -125.15 -37.9166 52.8019
      vertex -125.15 -37.9166 47.8019
    endloop
  endfacet
  facet normal -0.831442 -0.555612 0
    outer loop
      vertex -125.15 -37.9166 47.8019
      vertex -125.15 -37.9166 52.8019
      vertex -125.235 -37.7896 47.8019
    endloop
  endfacet
  facet normal -0.831442 -0.555612 0
    outer loop
      vertex -125.15 -37.9166 52.8019
      vertex -125.235 -37.7896 52.8019
      vertex -125.235 -37.7896 47.8019
    endloop
  endfacet
  facet normal -0.806472 -0.591272 0
    outer loop
      vertex -125.235 -37.7896 47.8019
      vertex -125.235 -37.7896 52.8019
      vertex -125.325 -37.6664 47.8019
    endloop
  endfacet
  facet normal -0.806472 -0.591272 0
    outer loop
      vertex -125.235 -37.7896 52.8019
      vertex -125.325 -37.6664 52.8019
      vertex -125.325 -37.6664 47.8019
    endloop
  endfacet
  facet normal -0.779849 -0.625968 0
    outer loop
      vertex -125.325 -37.6664 47.8019
      vertex -125.325 -37.6664 52.8019
      vertex -125.421 -37.5473 47.8019
    endloop
  endfacet
  facet normal -0.779849 -0.625968 0
    outer loop
      vertex -125.325 -37.6664 52.8019
      vertex -125.421 -37.5473 52.8019
      vertex -125.421 -37.5473 47.8019
    endloop
  endfacet
  facet normal -0.751834 -0.659352 0
    outer loop
      vertex -125.421 -37.5473 47.8019
      vertex -125.421 -37.5473 52.8019
      vertex -125.522 -37.4325 47.8019
    endloop
  endfacet
  facet normal -0.751834 -0.659352 0
    outer loop
      vertex -125.421 -37.5473 52.8019
      vertex -125.522 -37.4325 52.8019
      vertex -125.522 -37.4325 47.8019
    endloop
  endfacet
  facet normal -0.722393 -0.691483 0
    outer loop
      vertex -125.522 -37.4325 47.8019
      vertex -125.522 -37.4325 52.8019
      vertex -125.627 -37.3222 47.8019
    endloop
  endfacet
  facet normal -0.722393 -0.691483 0
    outer loop
      vertex -125.522 -37.4325 52.8019
      vertex -125.627 -37.3222 52.8019
      vertex -125.627 -37.3222 47.8019
    endloop
  endfacet
  facet normal -0.691496 -0.72238 0
    outer loop
      vertex -125.627 -37.3222 47.8019
      vertex -125.627 -37.3222 52.8019
      vertex -125.737 -37.2166 47.8019
    endloop
  endfacet
  facet normal -0.691496 -0.72238 0
    outer loop
      vertex -125.627 -37.3222 52.8019
      vertex -125.737 -37.2166 52.8019
      vertex -125.737 -37.2166 47.8019
    endloop
  endfacet
  facet normal -0.659375 -0.751814 0
    outer loop
      vertex -125.737 -37.2166 47.8019
      vertex -125.737 -37.2166 52.8019
      vertex -125.852 -37.1159 47.8019
    endloop
  endfacet
  facet normal -0.659375 -0.751814 0
    outer loop
      vertex -125.737 -37.2166 52.8019
      vertex -125.852 -37.1159 52.8019
      vertex -125.852 -37.1159 47.8019
    endloop
  endfacet
  facet normal -0.625938 -0.779873 0
    outer loop
      vertex -125.852 -37.1159 47.8019
      vertex -125.852 -37.1159 52.8019
      vertex -125.971 -37.0204 47.8019
    endloop
  endfacet
  facet normal -0.625938 -0.779873 0
    outer loop
      vertex -125.852 -37.1159 52.8019
      vertex -125.971 -37.0204 52.8019
      vertex -125.971 -37.0204 47.8019
    endloop
  endfacet
  facet normal -0.591268 -0.806475 0
    outer loop
      vertex -125.971 -37.0204 47.8019
      vertex -125.971 -37.0204 52.8019
      vertex -126.095 -36.9301 47.8019
    endloop
  endfacet
  facet normal -0.591268 -0.806475 0
    outer loop
      vertex -125.971 -37.0204 52.8019
      vertex -126.095 -36.9301 52.8019
      vertex -126.095 -36.9301 47.8019
    endloop
  endfacet
  facet normal -0.555567 -0.831472 0
    outer loop
      vertex -126.095 -36.9301 47.8019
      vertex -126.095 -36.9301 52.8019
      vertex -126.222 -36.8452 47.8019
    endloop
  endfacet
  facet normal -0.555567 -0.831472 0
    outer loop
      vertex -126.095 -36.9301 52.8019
      vertex -126.222 -36.8452 52.8019
      vertex -126.222 -36.8452 47.8019
    endloop
  endfacet
  facet normal -0.518813 -0.854888 0
    outer loop
      vertex -126.222 -36.8452 47.8019
      vertex -126.222 -36.8452 52.8019
      vertex -126.352 -36.766 47.8019
    endloop
  endfacet
  facet normal -0.518813 -0.854888 0
    outer loop
      vertex -126.222 -36.8452 52.8019
      vertex -126.352 -36.766 52.8019
      vertex -126.352 -36.766 47.8019
    endloop
  endfacet
  facet normal -0.480963 -0.876741 0
    outer loop
      vertex -126.352 -36.766 47.8019
      vertex -126.352 -36.766 52.8019
      vertex -126.486 -36.6926 47.8019
    endloop
  endfacet
  facet normal -0.480963 -0.876741 0
    outer loop
      vertex -126.352 -36.766 52.8019
      vertex -126.486 -36.6926 52.8019
      vertex -126.486 -36.6926 47.8019
    endloop
  endfacet
  facet normal -0.442289 -0.896873 0
    outer loop
      vertex -126.486 -36.6926 47.8019
      vertex -126.486 -36.6926 52.8019
      vertex -126.623 -36.625 47.8019
    endloop
  endfacet
  facet normal -0.442289 -0.896873 0
    outer loop
      vertex -126.486 -36.6926 52.8019
      vertex -126.623 -36.625 52.8019
      vertex -126.623 -36.625 47.8019
    endloop
  endfacet
  facet normal -0.402743 -0.915313 0
    outer loop
      vertex -126.623 -36.625 47.8019
      vertex -126.623 -36.625 52.8019
      vertex -126.763 -36.5635 47.8019
    endloop
  endfacet
  facet normal -0.402743 -0.915313 0
    outer loop
      vertex -126.623 -36.625 52.8019
      vertex -126.763 -36.5635 52.8019
      vertex -126.763 -36.5635 47.8019
    endloop
  endfacet
  facet normal -0.362444 -0.932006 0
    outer loop
      vertex -126.763 -36.5635 47.8019
      vertex -126.763 -36.5635 52.8019
      vertex -126.905 -36.5082 47.8019
    endloop
  endfacet
  facet normal -0.362444 -0.932006 0
    outer loop
      vertex -126.763 -36.5635 52.8019
      vertex -126.905 -36.5082 52.8019
      vertex -126.905 -36.5082 47.8019
    endloop
  endfacet
  facet normal -0.321434 -0.946932 0
    outer loop
      vertex -126.905 -36.5082 47.8019
      vertex -126.905 -36.5082 52.8019
      vertex -127.05 -36.4591 47.8019
    endloop
  endfacet
  facet normal -0.321434 -0.946932 0
    outer loop
      vertex -126.905 -36.5082 52.8019
      vertex -127.05 -36.4591 52.8019
      vertex -127.05 -36.4591 47.8019
    endloop
  endfacet
  facet normal -0.27985 -0.960044 0
    outer loop
      vertex -127.05 -36.4591 47.8019
      vertex -127.05 -36.4591 52.8019
      vertex -127.196 -36.4164 47.8019
    endloop
  endfacet
  facet normal -0.27985 -0.960044 0
    outer loop
      vertex -127.05 -36.4591 52.8019
      vertex -127.196 -36.4164 52.8019
      vertex -127.196 -36.4164 47.8019
    endloop
  endfacet
  facet normal -0.237688 -0.971342 0
    outer loop
      vertex -127.196 -36.4164 47.8019
      vertex -127.196 -36.4164 52.8019
      vertex -127.345 -36.3801 47.8019
    endloop
  endfacet
  facet normal -0.237688 -0.971342 0
    outer loop
      vertex -127.196 -36.4164 52.8019
      vertex -127.345 -36.3801 52.8019
      vertex -127.345 -36.3801 47.8019
    endloop
  endfacet
  facet normal -0.195089 -0.980786 0
    outer loop
      vertex -127.345 -36.3801 47.8019
      vertex -127.345 -36.3801 52.8019
      vertex -127.494 -36.3503 47.8019
    endloop
  endfacet
  facet normal -0.195089 -0.980786 0
    outer loop
      vertex -127.345 -36.3801 52.8019
      vertex -127.494 -36.3503 52.8019
      vertex -127.494 -36.3503 47.8019
    endloop
  endfacet
  facet normal -0.152099 -0.988365 0
    outer loop
      vertex -127.494 -36.3503 47.8019
      vertex -127.494 -36.3503 52.8019
      vertex -127.645 -36.327 47.8019
    endloop
  endfacet
  facet normal -0.152099 -0.988365 0
    outer loop
      vertex -127.494 -36.3503 52.8019
      vertex -127.645 -36.327 52.8019
      vertex -127.645 -36.327 47.8019
    endloop
  endfacet
  facet normal -0.108876 -0.994055 0
    outer loop
      vertex -127.645 -36.327 47.8019
      vertex -127.645 -36.327 52.8019
      vertex -127.797 -36.3104 47.8019
    endloop
  endfacet
  facet normal -0.108876 -0.994055 0
    outer loop
      vertex -127.645 -36.327 52.8019
      vertex -127.797 -36.3104 52.8019
      vertex -127.797 -36.3104 47.8019
    endloop
  endfacet
  facet normal -0.0654034 -0.997859 0
    outer loop
      vertex -127.797 -36.3104 47.8019
      vertex -127.797 -36.3104 52.8019
      vertex -127.949 -36.3004 47.8019
    endloop
  endfacet
  facet normal -0.0654034 -0.997859 0
    outer loop
      vertex -127.797 -36.3104 52.8019
      vertex -127.949 -36.3004 52.8019
      vertex -127.949 -36.3004 47.8019
    endloop
  endfacet
  facet normal -0.0218103 -0.999762 0
    outer loop
      vertex -127.949 -36.3004 47.8019
      vertex -127.949 -36.3004 52.8019
      vertex -128.102 -36.2971 47.8019
    endloop
  endfacet
  facet normal -0.0218103 -0.999762 0
    outer loop
      vertex -127.949 -36.3004 52.8019
      vertex -128.102 -36.2971 52.8019
      vertex -128.102 -36.2971 47.8019
    endloop
  endfacet
  facet normal 0.0218103 -0.999762 0
    outer loop
      vertex -128.102 -36.2971 47.8019
      vertex -128.102 -36.2971 52.8019
      vertex -128.255 -36.3004 47.8019
    endloop
  endfacet
  facet normal 0.0218103 -0.999762 0
    outer loop
      vertex -128.102 -36.2971 52.8019
      vertex -128.255 -36.3004 52.8019
      vertex -128.255 -36.3004 47.8019
    endloop
  endfacet
  facet normal 0.0654034 -0.997859 0
    outer loop
      vertex -128.255 -36.3004 47.8019
      vertex -128.255 -36.3004 52.8019
      vertex -128.407 -36.3104 47.8019
    endloop
  endfacet
  facet normal 0.0654034 -0.997859 0
    outer loop
      vertex -128.255 -36.3004 52.8019
      vertex -128.407 -36.3104 52.8019
      vertex -128.407 -36.3104 47.8019
    endloop
  endfacet
  facet normal 0.108876 -0.994055 0
    outer loop
      vertex -128.407 -36.3104 47.8019
      vertex -128.407 -36.3104 52.8019
      vertex -128.559 -36.327 47.8019
    endloop
  endfacet
  facet normal 0.108876 -0.994055 0
    outer loop
      vertex -128.407 -36.3104 52.8019
      vertex -128.559 -36.327 52.8019
      vertex -128.559 -36.327 47.8019
    endloop
  endfacet
  facet normal 0.152099 -0.988365 0
    outer loop
      vertex -128.559 -36.327 47.8019
      vertex -128.559 -36.327 52.8019
      vertex -128.71 -36.3503 47.8019
    endloop
  endfacet
  facet normal 0.152099 -0.988365 0
    outer loop
      vertex -128.559 -36.327 52.8019
      vertex -128.71 -36.3503 52.8019
      vertex -128.71 -36.3503 47.8019
    endloop
  endfacet
  facet normal 0.195089 -0.980786 0
    outer loop
      vertex -128.71 -36.3503 47.8019
      vertex -128.71 -36.3503 52.8019
      vertex -128.86 -36.3801 47.8019
    endloop
  endfacet
  facet normal 0.195089 -0.980786 0
    outer loop
      vertex -128.71 -36.3503 52.8019
      vertex -128.86 -36.3801 52.8019
      vertex -128.86 -36.3801 47.8019
    endloop
  endfacet
  facet normal 0.237688 -0.971342 0
    outer loop
      vertex -128.86 -36.3801 47.8019
      vertex -128.86 -36.3801 52.8019
      vertex -129.008 -36.4164 47.8019
    endloop
  endfacet
  facet normal 0.237688 -0.971342 0
    outer loop
      vertex -128.86 -36.3801 52.8019
      vertex -129.008 -36.4164 52.8019
      vertex -129.008 -36.4164 47.8019
    endloop
  endfacet
  facet normal 0.27985 -0.960044 0
    outer loop
      vertex -129.008 -36.4164 47.8019
      vertex -129.008 -36.4164 52.8019
      vertex -129.155 -36.4591 47.8019
    endloop
  endfacet
  facet normal 0.27985 -0.960044 0
    outer loop
      vertex -129.008 -36.4164 52.8019
      vertex -129.155 -36.4591 52.8019
      vertex -129.155 -36.4591 47.8019
    endloop
  endfacet
  facet normal 0.321434 -0.946932 0
    outer loop
      vertex -129.155 -36.4591 47.8019
      vertex -129.155 -36.4591 52.8019
      vertex -129.299 -36.5082 47.8019
    endloop
  endfacet
  facet normal 0.321434 -0.946932 0
    outer loop
      vertex -129.155 -36.4591 52.8019
      vertex -129.299 -36.5082 52.8019
      vertex -129.299 -36.5082 47.8019
    endloop
  endfacet
  facet normal 0.362444 -0.932006 0
    outer loop
      vertex -129.299 -36.5082 47.8019
      vertex -129.299 -36.5082 52.8019
      vertex -129.441 -36.5635 47.8019
    endloop
  endfacet
  facet normal 0.362444 -0.932006 0
    outer loop
      vertex -129.299 -36.5082 52.8019
      vertex -129.441 -36.5635 52.8019
      vertex -129.441 -36.5635 47.8019
    endloop
  endfacet
  facet normal 0.402743 -0.915313 0
    outer loop
      vertex -129.441 -36.5635 47.8019
      vertex -129.441 -36.5635 52.8019
      vertex -129.581 -36.625 47.8019
    endloop
  endfacet
  facet normal 0.402743 -0.915313 0
    outer loop
      vertex -129.441 -36.5635 52.8019
      vertex -129.581 -36.625 52.8019
      vertex -129.581 -36.625 47.8019
    endloop
  endfacet
  facet normal 0.442289 -0.896873 0
    outer loop
      vertex -129.581 -36.625 47.8019
      vertex -129.581 -36.625 52.8019
      vertex -129.718 -36.6926 47.8019
    endloop
  endfacet
  facet normal 0.442289 -0.896873 0
    outer loop
      vertex -129.581 -36.625 52.8019
      vertex -129.718 -36.6926 52.8019
      vertex -129.718 -36.6926 47.8019
    endloop
  endfacet
  facet normal 0.480963 -0.876741 0
    outer loop
      vertex -129.718 -36.6926 47.8019
      vertex -129.718 -36.6926 52.8019
      vertex -129.852 -36.766 47.8019
    endloop
  endfacet
  facet normal 0.480963 -0.876741 0
    outer loop
      vertex -129.718 -36.6926 52.8019
      vertex -129.852 -36.766 52.8019
      vertex -129.852 -36.766 47.8019
    endloop
  endfacet
  facet normal 0.518813 -0.854888 0
    outer loop
      vertex -129.852 -36.766 47.8019
      vertex -129.852 -36.766 52.8019
      vertex -129.983 -36.8452 47.8019
    endloop
  endfacet
  facet normal 0.518813 -0.854888 0
    outer loop
      vertex -129.852 -36.766 52.8019
      vertex -129.983 -36.8452 52.8019
      vertex -129.983 -36.8452 47.8019
    endloop
  endfacet
  facet normal 0.555567 -0.831472 0
    outer loop
      vertex -129.983 -36.8452 47.8019
      vertex -129.983 -36.8452 52.8019
      vertex -130.11 -36.9301 47.8019
    endloop
  endfacet
  facet normal 0.555567 -0.831472 0
    outer loop
      vertex -129.983 -36.8452 52.8019
      vertex -130.11 -36.9301 52.8019
      vertex -130.11 -36.9301 47.8019
    endloop
  endfacet
  facet normal 0.591268 -0.806475 0
    outer loop
      vertex -130.11 -36.9301 47.8019
      vertex -130.11 -36.9301 52.8019
      vertex -130.233 -37.0204 47.8019
    endloop
  endfacet
  facet normal 0.591268 -0.806475 0
    outer loop
      vertex -130.11 -36.9301 52.8019
      vertex -130.233 -37.0204 52.8019
      vertex -130.233 -37.0204 47.8019
    endloop
  endfacet
  facet normal 0.625938 -0.779873 0
    outer loop
      vertex -130.233 -37.0204 47.8019
      vertex -130.233 -37.0204 52.8019
      vertex -130.352 -37.1159 47.8019
    endloop
  endfacet
  facet normal 0.625938 -0.779873 0
    outer loop
      vertex -130.233 -37.0204 52.8019
      vertex -130.352 -37.1159 52.8019
      vertex -130.352 -37.1159 47.8019
    endloop
  endfacet
  facet normal 0.659375 -0.751814 0
    outer loop
      vertex -130.352 -37.1159 47.8019
      vertex -130.352 -37.1159 52.8019
      vertex -130.467 -37.2166 47.8019
    endloop
  endfacet
  facet normal 0.659375 -0.751814 0
    outer loop
      vertex -130.352 -37.1159 52.8019
      vertex -130.467 -37.2166 52.8019
      vertex -130.467 -37.2166 47.8019
    endloop
  endfacet
  facet normal 0.691496 -0.72238 0
    outer loop
      vertex -130.467 -37.2166 47.8019
      vertex -130.467 -37.2166 52.8019
      vertex -130.577 -37.3222 47.8019
    endloop
  endfacet
  facet normal 0.691496 -0.72238 0
    outer loop
      vertex -130.467 -37.2166 52.8019
      vertex -130.577 -37.3222 52.8019
      vertex -130.577 -37.3222 47.8019
    endloop
  endfacet
  facet normal 0.722393 -0.691483 0
    outer loop
      vertex -130.577 -37.3222 47.8019
      vertex -130.577 -37.3222 52.8019
      vertex -130.683 -37.4325 47.8019
    endloop
  endfacet
  facet normal 0.722393 -0.691483 0
    outer loop
      vertex -130.577 -37.3222 52.8019
      vertex -130.683 -37.4325 52.8019
      vertex -130.683 -37.4325 47.8019
    endloop
  endfacet
  facet normal 0.751834 -0.659352 0
    outer loop
      vertex -130.683 -37.4325 47.8019
      vertex -130.683 -37.4325 52.8019
      vertex -130.783 -37.5473 47.8019
    endloop
  endfacet
  facet normal 0.751834 -0.659352 0
    outer loop
      vertex -130.683 -37.4325 52.8019
      vertex -130.783 -37.5473 52.8019
      vertex -130.783 -37.5473 47.8019
    endloop
  endfacet
  facet normal 0.779849 -0.625968 0
    outer loop
      vertex -130.783 -37.5473 47.8019
      vertex -130.783 -37.5473 52.8019
      vertex -130.879 -37.6664 47.8019
    endloop
  endfacet
  facet normal 0.779849 -0.625968 0
    outer loop
      vertex -130.783 -37.5473 52.8019
      vertex -130.879 -37.6664 52.8019
      vertex -130.879 -37.6664 47.8019
    endloop
  endfacet
  facet normal 0.806472 -0.591272 0
    outer loop
      vertex -130.879 -37.6664 47.8019
      vertex -130.879 -37.6664 52.8019
      vertex -130.969 -37.7896 47.8019
    endloop
  endfacet
  facet normal 0.806472 -0.591272 0
    outer loop
      vertex -130.879 -37.6664 52.8019
      vertex -130.969 -37.7896 52.8019
      vertex -130.969 -37.7896 47.8019
    endloop
  endfacet
  facet normal 0.831442 -0.555612 0
    outer loop
      vertex -130.969 -37.7896 47.8019
      vertex -130.969 -37.7896 52.8019
      vertex -131.054 -37.9166 47.8019
    endloop
  endfacet
  facet normal 0.831442 -0.555612 0
    outer loop
      vertex -130.969 -37.7896 52.8019
      vertex -131.054 -37.9166 52.8019
      vertex -131.054 -37.9166 47.8019
    endloop
  endfacet
  facet normal 0.854925 -0.518751 0
    outer loop
      vertex -131.054 -37.9166 47.8019
      vertex -131.054 -37.9166 52.8019
      vertex -131.133 -38.0471 47.8019
    endloop
  endfacet
  facet normal 0.854925 -0.518751 0
    outer loop
      vertex -131.054 -37.9166 52.8019
      vertex -131.133 -38.0471 52.8019
      vertex -131.133 -38.0471 47.8019
    endloop
  endfacet
  facet normal 0.876729 -0.480984 0
    outer loop
      vertex -131.133 -38.0471 47.8019
      vertex -131.133 -38.0471 52.8019
      vertex -131.207 -38.181 47.8019
    endloop
  endfacet
  facet normal 0.876729 -0.480984 0
    outer loop
      vertex -131.133 -38.0471 52.8019
      vertex -131.207 -38.181 52.8019
      vertex -131.207 -38.181 47.8019
    endloop
  endfacet
  facet normal 0.896853 -0.442328 0
    outer loop
      vertex -131.207 -38.181 47.8019
      vertex -131.207 -38.181 52.8019
      vertex -131.274 -38.3179 47.8019
    endloop
  endfacet
  facet normal 0.896853 -0.442328 0
    outer loop
      vertex -131.207 -38.181 52.8019
      vertex -131.274 -38.3179 52.8019
      vertex -131.274 -38.3179 47.8019
    endloop
  endfacet
  facet normal 0.915322 -0.402722 0
    outer loop
      vertex -131.274 -38.3179 47.8019
      vertex -131.274 -38.3179 52.8019
      vertex -131.336 -38.4577 47.8019
    endloop
  endfacet
  facet normal 0.915322 -0.402722 0
    outer loop
      vertex -131.274 -38.3179 52.8019
      vertex -131.336 -38.4577 52.8019
      vertex -131.336 -38.4577 47.8019
    endloop
  endfacet
  facet normal 0.932014 -0.362423 0
    outer loop
      vertex -131.336 -38.4577 47.8019
      vertex -131.336 -38.4577 52.8019
      vertex -131.391 -38.6 47.8019
    endloop
  endfacet
  facet normal 0.932014 -0.362423 0
    outer loop
      vertex -131.336 -38.4577 52.8019
      vertex -131.391 -38.6 52.8019
      vertex -131.391 -38.6 47.8019
    endloop
  endfacet
  facet normal 0.946932 -0.321434 0
    outer loop
      vertex -131.391 -38.6 47.8019
      vertex -131.391 -38.6 52.8019
      vertex -131.44 -38.7446 47.8019
    endloop
  endfacet
  facet normal 0.946932 -0.321434 0
    outer loop
      vertex -131.391 -38.6 52.8019
      vertex -131.44 -38.7446 52.8019
      vertex -131.44 -38.7446 47.8019
    endloop
  endfacet
  facet normal 0.960039 -0.279866 0
    outer loop
      vertex -131.44 -38.7446 47.8019
      vertex -131.44 -38.7446 52.8019
      vertex -131.483 -38.8912 47.8019
    endloop
  endfacet
  facet normal 0.960039 -0.279866 0
    outer loop
      vertex -131.44 -38.7446 52.8019
      vertex -131.483 -38.8912 52.8019
      vertex -131.483 -38.8912 47.8019
    endloop
  endfacet
  facet normal 0.97136 -0.237613 0
    outer loop
      vertex -131.483 -38.8912 47.8019
      vertex -131.483 -38.8912 52.8019
      vertex -131.519 -39.0396 47.8019
    endloop
  endfacet
  facet normal 0.97136 -0.237613 0
    outer loop
      vertex -131.483 -38.8912 52.8019
      vertex -131.519 -39.0396 52.8019
      vertex -131.519 -39.0396 47.8019
    endloop
  endfacet
  facet normal 0.980771 -0.195164 0
    outer loop
      vertex -131.519 -39.0396 47.8019
      vertex -131.519 -39.0396 52.8019
      vertex -131.549 -39.1893 47.8019
    endloop
  endfacet
  facet normal 0.980771 -0.195164 0
    outer loop
      vertex -131.519 -39.0396 52.8019
      vertex -131.549 -39.1893 52.8019
      vertex -131.549 -39.1893 47.8019
    endloop
  endfacet
  facet normal 0.988361 -0.152127 0
    outer loop
      vertex -131.549 -39.1893 47.8019
      vertex -131.549 -39.1893 52.8019
      vertex -131.572 -39.3403 47.8019
    endloop
  endfacet
  facet normal 0.988361 -0.152127 0
    outer loop
      vertex -131.549 -39.1893 52.8019
      vertex -131.572 -39.3403 52.8019
      vertex -131.572 -39.3403 47.8019
    endloop
  endfacet
  facet normal 0.994063 -0.108806 0
    outer loop
      vertex -131.572 -39.3403 47.8019
      vertex -131.572 -39.3403 52.8019
      vertex -131.589 -39.4921 47.8019
    endloop
  endfacet
  facet normal 0.994063 -0.108806 0
    outer loop
      vertex -131.572 -39.3403 52.8019
      vertex -131.589 -39.4921 52.8019
      vertex -131.589 -39.4921 47.8019
    endloop
  endfacet
  facet normal 0.99786 -0.0653791 0
    outer loop
      vertex -131.589 -39.4921 47.8019
      vertex -131.589 -39.4921 52.8019
      vertex -131.599 -39.6444 47.8019
    endloop
  endfacet
  facet normal 0.99786 -0.0653791 0
    outer loop
      vertex -131.589 -39.4921 52.8019
      vertex -131.599 -39.6444 52.8019
      vertex -131.599 -39.6444 47.8019
    endloop
  endfacet
  facet normal 0.999761 -0.0218586 0
    outer loop
      vertex -131.599 -39.6444 47.8019
      vertex -131.599 -39.6444 52.8019
      vertex -131.602 -39.7971 47.8019
    endloop
  endfacet
  facet normal 0.999761 -0.0218586 0
    outer loop
      vertex -131.599 -39.6444 52.8019
      vertex -131.602 -39.7971 52.8019
      vertex -131.602 -39.7971 47.8019
    endloop
  endfacet
  facet normal 0.999761 0.021858 0
    outer loop
      vertex -131.602 -39.7971 47.8019
      vertex -131.602 -39.7971 52.8019
      vertex -131.599 -39.9498 47.8019
    endloop
  endfacet
  facet normal 0.999761 0.021858 0
    outer loop
      vertex -131.602 -39.7971 52.8019
      vertex -131.599 -39.9498 52.8019
      vertex -131.599 -39.9498 47.8019
    endloop
  endfacet
  facet normal 0.99786 0.0653807 0
    outer loop
      vertex -131.599 -39.9498 47.8019
      vertex -131.599 -39.9498 52.8019
      vertex -131.589 -40.1021 47.8019
    endloop
  endfacet
  facet normal 0.99786 0.0653807 0
    outer loop
      vertex -131.599 -39.9498 52.8019
      vertex -131.589 -40.1021 52.8019
      vertex -131.589 -40.1021 47.8019
    endloop
  endfacet
  facet normal 0.994063 0.108803 0
    outer loop
      vertex -131.589 -40.1021 47.8019
      vertex -131.589 -40.1021 52.8019
      vertex -131.572 -40.2539 47.8019
    endloop
  endfacet
  facet normal 0.994063 0.108803 0
    outer loop
      vertex -131.589 -40.1021 52.8019
      vertex -131.572 -40.2539 52.8019
      vertex -131.572 -40.2539 47.8019
    endloop
  endfacet
  facet normal 0.98836 0.152131 0
    outer loop
      vertex -131.572 -40.2539 47.8019
      vertex -131.572 -40.2539 52.8019
      vertex -131.549 -40.4049 47.8019
    endloop
  endfacet
  facet normal 0.98836 0.152131 0
    outer loop
      vertex -131.572 -40.2539 52.8019
      vertex -131.549 -40.4049 52.8019
      vertex -131.549 -40.4049 47.8019
    endloop
  endfacet
  facet normal 0.980771 0.195164 0
    outer loop
      vertex -131.549 -40.4049 47.8019
      vertex -131.549 -40.4049 52.8019
      vertex -131.519 -40.5546 47.8019
    endloop
  endfacet
  facet normal 0.980771 0.195164 0
    outer loop
      vertex -131.549 -40.4049 52.8019
      vertex -131.519 -40.5546 52.8019
      vertex -131.519 -40.5546 47.8019
    endloop
  endfacet
  facet normal 0.97136 0.237613 0
    outer loop
      vertex -131.519 -40.5546 47.8019
      vertex -131.519 -40.5546 52.8019
      vertex -131.483 -40.703 47.8019
    endloop
  endfacet
  facet normal 0.97136 0.237613 0
    outer loop
      vertex -131.519 -40.5546 52.8019
      vertex -131.483 -40.703 52.8019
      vertex -131.483 -40.703 47.8019
    endloop
  endfacet
  facet normal 0.960039 0.279866 0
    outer loop
      vertex -131.483 -40.703 47.8019
      vertex -131.483 -40.703 52.8019
      vertex -131.44 -40.8496 47.8019
    endloop
  endfacet
  facet normal 0.960039 0.279866 0
    outer loop
      vertex -131.483 -40.703 52.8019
      vertex -131.44 -40.8496 52.8019
      vertex -131.44 -40.8496 47.8019
    endloop
  endfacet
  facet normal 0.946932 0.321434 0
    outer loop
      vertex -131.44 -40.8496 47.8019
      vertex -131.44 -40.8496 52.8019
      vertex -131.391 -40.9942 47.8019
    endloop
  endfacet
  facet normal 0.946932 0.321434 0
    outer loop
      vertex -131.44 -40.8496 52.8019
      vertex -131.391 -40.9942 52.8019
      vertex -131.391 -40.9942 47.8019
    endloop
  endfacet
  facet normal 0.932014 0.362423 0
    outer loop
      vertex -131.391 -40.9942 47.8019
      vertex -131.391 -40.9942 52.8019
      vertex -131.336 -41.1365 47.8019
    endloop
  endfacet
  facet normal 0.932014 0.362423 0
    outer loop
      vertex -131.391 -40.9942 52.8019
      vertex -131.336 -41.1365 52.8019
      vertex -131.336 -41.1365 47.8019
    endloop
  endfacet
  facet normal 0.915322 0.402722 0
    outer loop
      vertex -131.336 -41.1365 47.8019
      vertex -131.336 -41.1365 52.8019
      vertex -131.274 -41.2763 47.8019
    endloop
  endfacet
  facet normal 0.915322 0.402722 0
    outer loop
      vertex -131.336 -41.1365 52.8019
      vertex -131.274 -41.2763 52.8019
      vertex -131.274 -41.2763 47.8019
    endloop
  endfacet
  facet normal 0.896853 0.442328 0
    outer loop
      vertex -131.274 -41.2763 47.8019
      vertex -131.274 -41.2763 52.8019
      vertex -131.207 -41.4132 47.8019
    endloop
  endfacet
  facet normal 0.896853 0.442328 0
    outer loop
      vertex -131.274 -41.2763 52.8019
      vertex -131.207 -41.4132 52.8019
      vertex -131.207 -41.4132 47.8019
    endloop
  endfacet
  facet normal 0.876729 0.480984 0
    outer loop
      vertex -131.207 -41.4132 47.8019
      vertex -131.207 -41.4132 52.8019
      vertex -131.133 -41.5471 47.8019
    endloop
  endfacet
  facet normal 0.876729 0.480984 0
    outer loop
      vertex -131.207 -41.4132 52.8019
      vertex -131.133 -41.5471 52.8019
      vertex -131.133 -41.5471 47.8019
    endloop
  endfacet
  facet normal 0.854925 0.518751 0
    outer loop
      vertex -131.133 -41.5471 47.8019
      vertex -131.133 -41.5471 52.8019
      vertex -131.054 -41.6777 47.8019
    endloop
  endfacet
  facet normal 0.854925 0.518751 0
    outer loop
      vertex -131.133 -41.5471 52.8019
      vertex -131.054 -41.6777 52.8019
      vertex -131.054 -41.6777 47.8019
    endloop
  endfacet
  facet normal 0.831442 0.555612 0
    outer loop
      vertex -131.054 -41.6777 47.8019
      vertex -131.054 -41.6777 52.8019
      vertex -130.969 -41.8046 47.8019
    endloop
  endfacet
  facet normal 0.831442 0.555612 0
    outer loop
      vertex -131.054 -41.6777 52.8019
      vertex -130.969 -41.8046 52.8019
      vertex -130.969 -41.8046 47.8019
    endloop
  endfacet
  facet normal 0.806472 0.591272 0
    outer loop
      vertex -130.969 -41.8046 47.8019
      vertex -130.969 -41.8046 52.8019
      vertex -130.879 -41.9278 47.8019
    endloop
  endfacet
  facet normal 0.806472 0.591272 0
    outer loop
      vertex -130.969 -41.8046 52.8019
      vertex -130.879 -41.9278 52.8019
      vertex -130.879 -41.9278 47.8019
    endloop
  endfacet
  facet normal 0.779859 0.625956 0
    outer loop
      vertex -130.879 -41.9278 47.8019
      vertex -130.879 -41.9278 52.8019
      vertex -130.783 -42.0469 47.8019
    endloop
  endfacet
  facet normal 0.779859 0.625956 0
    outer loop
      vertex -130.879 -41.9278 52.8019
      vertex -130.783 -42.0469 52.8019
      vertex -130.783 -42.0469 47.8019
    endloop
  endfacet
  facet normal 0.751824 0.659364 0
    outer loop
      vertex -130.783 -42.0469 47.8019
      vertex -130.783 -42.0469 52.8019
      vertex -130.683 -42.1617 47.8019
    endloop
  endfacet
  facet normal 0.751824 0.659364 0
    outer loop
      vertex -130.783 -42.0469 52.8019
      vertex -130.683 -42.1617 52.8019
      vertex -130.683 -42.1617 47.8019
    endloop
  endfacet
  facet normal 0.722393 0.691483 0
    outer loop
      vertex -130.683 -42.1617 47.8019
      vertex -130.683 -42.1617 52.8019
      vertex -130.577 -42.272 47.8019
    endloop
  endfacet
  facet normal 0.722393 0.691483 0
    outer loop
      vertex -130.683 -42.1617 52.8019
      vertex -130.577 -42.272 52.8019
      vertex -130.577 -42.272 47.8019
    endloop
  endfacet
  facet normal 0.691496 0.72238 0
    outer loop
      vertex -130.577 -42.272 47.8019
      vertex -130.577 -42.272 52.8019
      vertex -130.467 -42.3776 47.8019
    endloop
  endfacet
  facet normal 0.691496 0.72238 0
    outer loop
      vertex -130.577 -42.272 52.8019
      vertex -130.467 -42.3776 52.8019
      vertex -130.467 -42.3776 47.8019
    endloop
  endfacet
  facet normal 0.659375 0.751814 0
    outer loop
      vertex -130.467 -42.3776 47.8019
      vertex -130.467 -42.3776 52.8019
      vertex -130.352 -42.4783 47.8019
    endloop
  endfacet
  facet normal 0.659375 0.751814 0
    outer loop
      vertex -130.467 -42.3776 52.8019
      vertex -130.352 -42.4783 52.8019
      vertex -130.352 -42.4783 47.8019
    endloop
  endfacet
  facet normal 0.625938 0.779873 0
    outer loop
      vertex -130.352 -42.4783 47.8019
      vertex -130.352 -42.4783 52.8019
      vertex -130.233 -42.5738 47.8019
    endloop
  endfacet
  facet normal 0.625938 0.779873 0
    outer loop
      vertex -130.352 -42.4783 52.8019
      vertex -130.233 -42.5738 52.8019
      vertex -130.233 -42.5738 47.8019
    endloop
  endfacet
  facet normal 0.591268 0.806475 0
    outer loop
      vertex -130.233 -42.5738 47.8019
      vertex -130.233 -42.5738 52.8019
      vertex -130.11 -42.6641 47.8019
    endloop
  endfacet
  facet normal 0.591268 0.806475 0
    outer loop
      vertex -130.233 -42.5738 52.8019
      vertex -130.11 -42.6641 52.8019
      vertex -130.11 -42.6641 47.8019
    endloop
  endfacet
  facet normal 0.555567 0.831472 0
    outer loop
      vertex -130.11 -42.6641 47.8019
      vertex -130.11 -42.6641 52.8019
      vertex -129.983 -42.749 47.8019
    endloop
  endfacet
  facet normal 0.555567 0.831472 0
    outer loop
      vertex -130.11 -42.6641 52.8019
      vertex -129.983 -42.749 52.8019
      vertex -129.983 -42.749 47.8019
    endloop
  endfacet
  facet normal 0.518813 0.854888 0
    outer loop
      vertex -129.983 -42.749 47.8019
      vertex -129.983 -42.749 52.8019
      vertex -129.852 -42.8282 47.8019
    endloop
  endfacet
  facet normal 0.518813 0.854888 0
    outer loop
      vertex -129.983 -42.749 52.8019
      vertex -129.852 -42.8282 52.8019
      vertex -129.852 -42.8282 47.8019
    endloop
  endfacet
  facet normal 0.480963 0.876741 0
    outer loop
      vertex -129.852 -42.8282 47.8019
      vertex -129.852 -42.8282 52.8019
      vertex -129.718 -42.9016 47.8019
    endloop
  endfacet
  facet normal 0.480963 0.876741 0
    outer loop
      vertex -129.852 -42.8282 52.8019
      vertex -129.718 -42.9016 52.8019
      vertex -129.718 -42.9016 47.8019
    endloop
  endfacet
  facet normal 0.442289 0.896873 0
    outer loop
      vertex -129.718 -42.9016 47.8019
      vertex -129.718 -42.9016 52.8019
      vertex -129.581 -42.9692 47.8019
    endloop
  endfacet
  facet normal 0.442289 0.896873 0
    outer loop
      vertex -129.718 -42.9016 52.8019
      vertex -129.581 -42.9692 52.8019
      vertex -129.581 -42.9692 47.8019
    endloop
  endfacet
  facet normal 0.402743 0.915313 0
    outer loop
      vertex -129.581 -42.9692 47.8019
      vertex -129.581 -42.9692 52.8019
      vertex -129.441 -43.0307 47.8019
    endloop
  endfacet
  facet normal 0.402743 0.915313 0
    outer loop
      vertex -129.581 -42.9692 52.8019
      vertex -129.441 -43.0307 52.8019
      vertex -129.441 -43.0307 47.8019
    endloop
  endfacet
  facet normal 0.362444 0.932006 0
    outer loop
      vertex -129.441 -43.0307 47.8019
      vertex -129.441 -43.0307 52.8019
      vertex -129.299 -43.086 47.8019
    endloop
  endfacet
  facet normal 0.362444 0.932006 0
    outer loop
      vertex -129.441 -43.0307 52.8019
      vertex -129.299 -43.086 52.8019
      vertex -129.299 -43.086 47.8019
    endloop
  endfacet
  facet normal 0.321434 0.946932 0
    outer loop
      vertex -129.299 -43.086 47.8019
      vertex -129.299 -43.086 52.8019
      vertex -129.155 -43.1351 47.8019
    endloop
  endfacet
  facet normal 0.321434 0.946932 0
    outer loop
      vertex -129.299 -43.086 52.8019
      vertex -129.155 -43.1351 52.8019
      vertex -129.155 -43.1351 47.8019
    endloop
  endfacet
  facet normal 0.27985 0.960044 0
    outer loop
      vertex -129.155 -43.1351 47.8019
      vertex -129.155 -43.1351 52.8019
      vertex -129.008 -43.1778 47.8019
    endloop
  endfacet
  facet normal 0.27985 0.960044 0
    outer loop
      vertex -129.155 -43.1351 52.8019
      vertex -129.008 -43.1778 52.8019
      vertex -129.008 -43.1778 47.8019
    endloop
  endfacet
  facet normal 0.237688 0.971342 0
    outer loop
      vertex -129.008 -43.1778 47.8019
      vertex -129.008 -43.1778 52.8019
      vertex -128.86 -43.2141 47.8019
    endloop
  endfacet
  facet normal 0.237688 0.971342 0
    outer loop
      vertex -129.008 -43.1778 52.8019
      vertex -128.86 -43.2141 52.8019
      vertex -128.86 -43.2141 47.8019
    endloop
  endfacet
  facet normal 0.195089 0.980786 0
    outer loop
      vertex -128.86 -43.2141 47.8019
      vertex -128.86 -43.2141 52.8019
      vertex -128.71 -43.2439 47.8019
    endloop
  endfacet
  facet normal 0.195089 0.980786 0
    outer loop
      vertex -128.86 -43.2141 52.8019
      vertex -128.71 -43.2439 52.8019
      vertex -128.71 -43.2439 47.8019
    endloop
  endfacet
  facet normal 0.152099 0.988365 0
    outer loop
      vertex -128.71 -43.2439 47.8019
      vertex -128.71 -43.2439 52.8019
      vertex -128.559 -43.2672 47.8019
    endloop
  endfacet
  facet normal 0.152099 0.988365 0
    outer loop
      vertex -128.71 -43.2439 52.8019
      vertex -128.559 -43.2672 52.8019
      vertex -128.559 -43.2672 47.8019
    endloop
  endfacet
  facet normal 0.108876 0.994055 0
    outer loop
      vertex -128.559 -43.2672 47.8019
      vertex -128.559 -43.2672 52.8019
      vertex -128.407 -43.2838 47.8019
    endloop
  endfacet
  facet normal 0.108876 0.994055 0
    outer loop
      vertex -128.559 -43.2672 52.8019
      vertex -128.407 -43.2838 52.8019
      vertex -128.407 -43.2838 47.8019
    endloop
  endfacet
  facet normal 0.0654034 0.997859 0
    outer loop
      vertex -128.407 -43.2838 47.8019
      vertex -128.407 -43.2838 52.8019
      vertex -128.255 -43.2938 47.8019
    endloop
  endfacet
  facet normal 0.0654034 0.997859 0
    outer loop
      vertex -128.407 -43.2838 52.8019
      vertex -128.255 -43.2938 52.8019
      vertex -128.255 -43.2938 47.8019
    endloop
  endfacet
  facet normal 0.0218103 0.999762 0
    outer loop
      vertex -128.255 -43.2938 47.8019
      vertex -128.255 -43.2938 52.8019
      vertex -128.102 -43.2971 47.8019
    endloop
  endfacet
  facet normal 0.0218103 0.999762 0
    outer loop
      vertex -128.255 -43.2938 52.8019
      vertex -128.102 -43.2971 52.8019
      vertex -128.102 -43.2971 47.8019
    endloop
  endfacet
  facet normal -0.0218103 0.999762 0
    outer loop
      vertex -128.102 -43.2971 47.8019
      vertex -128.102 -43.2971 52.8019
      vertex -127.949 -43.2938 47.8019
    endloop
  endfacet
  facet normal -0.0218103 0.999762 0
    outer loop
      vertex -128.102 -43.2971 52.8019
      vertex -127.949 -43.2938 52.8019
      vertex -127.949 -43.2938 47.8019
    endloop
  endfacet
  facet normal -0.0654034 0.997859 0
    outer loop
      vertex -127.949 -43.2938 47.8019
      vertex -127.949 -43.2938 52.8019
      vertex -127.797 -43.2838 47.8019
    endloop
  endfacet
  facet normal -0.0654034 0.997859 0
    outer loop
      vertex -127.949 -43.2938 52.8019
      vertex -127.797 -43.2838 52.8019
      vertex -127.797 -43.2838 47.8019
    endloop
  endfacet
  facet normal -0.108876 0.994055 0
    outer loop
      vertex -127.797 -43.2838 47.8019
      vertex -127.797 -43.2838 52.8019
      vertex -127.645 -43.2672 47.8019
    endloop
  endfacet
  facet normal -0.108876 0.994055 0
    outer loop
      vertex -127.797 -43.2838 52.8019
      vertex -127.645 -43.2672 52.8019
      vertex -127.645 -43.2672 47.8019
    endloop
  endfacet
  facet normal -0.152099 0.988365 0
    outer loop
      vertex -127.645 -43.2672 47.8019
      vertex -127.645 -43.2672 52.8019
      vertex -127.494 -43.2439 47.8019
    endloop
  endfacet
  facet normal -0.152099 0.988365 0
    outer loop
      vertex -127.645 -43.2672 52.8019
      vertex -127.494 -43.2439 52.8019
      vertex -127.494 -43.2439 47.8019
    endloop
  endfacet
  facet normal -0.195089 0.980786 0
    outer loop
      vertex -127.494 -43.2439 47.8019
      vertex -127.494 -43.2439 52.8019
      vertex -127.345 -43.2141 47.8019
    endloop
  endfacet
  facet normal -0.195089 0.980786 0
    outer loop
      vertex -127.494 -43.2439 52.8019
      vertex -127.345 -43.2141 52.8019
      vertex -127.345 -43.2141 47.8019
    endloop
  endfacet
  facet normal -0.237688 0.971342 0
    outer loop
      vertex -127.345 -43.2141 47.8019
      vertex -127.345 -43.2141 52.8019
      vertex -127.196 -43.1778 47.8019
    endloop
  endfacet
  facet normal -0.237688 0.971342 0
    outer loop
      vertex -127.345 -43.2141 52.8019
      vertex -127.196 -43.1778 52.8019
      vertex -127.196 -43.1778 47.8019
    endloop
  endfacet
  facet normal -0.27985 0.960044 0
    outer loop
      vertex -127.196 -43.1778 47.8019
      vertex -127.196 -43.1778 52.8019
      vertex -127.05 -43.1351 47.8019
    endloop
  endfacet
  facet normal -0.27985 0.960044 0
    outer loop
      vertex -127.196 -43.1778 52.8019
      vertex -127.05 -43.1351 52.8019
      vertex -127.05 -43.1351 47.8019
    endloop
  endfacet
  facet normal -0.321434 0.946932 0
    outer loop
      vertex -127.05 -43.1351 47.8019
      vertex -127.05 -43.1351 52.8019
      vertex -126.905 -43.086 47.8019
    endloop
  endfacet
  facet normal -0.321434 0.946932 0
    outer loop
      vertex -127.05 -43.1351 52.8019
      vertex -126.905 -43.086 52.8019
      vertex -126.905 -43.086 47.8019
    endloop
  endfacet
  facet normal -0.362444 0.932006 0
    outer loop
      vertex -126.905 -43.086 47.8019
      vertex -126.905 -43.086 52.8019
      vertex -126.763 -43.0307 47.8019
    endloop
  endfacet
  facet normal -0.362444 0.932006 0
    outer loop
      vertex -126.905 -43.086 52.8019
      vertex -126.763 -43.0307 52.8019
      vertex -126.763 -43.0307 47.8019
    endloop
  endfacet
  facet normal -0.402743 0.915313 0
    outer loop
      vertex -126.763 -43.0307 47.8019
      vertex -126.763 -43.0307 52.8019
      vertex -126.623 -42.9692 47.8019
    endloop
  endfacet
  facet normal -0.402743 0.915313 0
    outer loop
      vertex -126.763 -43.0307 52.8019
      vertex -126.623 -42.9692 52.8019
      vertex -126.623 -42.9692 47.8019
    endloop
  endfacet
  facet normal -0.442289 0.896873 0
    outer loop
      vertex -126.623 -42.9692 47.8019
      vertex -126.623 -42.9692 52.8019
      vertex -126.486 -42.9016 47.8019
    endloop
  endfacet
  facet normal -0.442289 0.896873 0
    outer loop
      vertex -126.623 -42.9692 52.8019
      vertex -126.486 -42.9016 52.8019
      vertex -126.486 -42.9016 47.8019
    endloop
  endfacet
  facet normal -0.480963 0.876741 0
    outer loop
      vertex -126.486 -42.9016 47.8019
      vertex -126.486 -42.9016 52.8019
      vertex -126.352 -42.8282 47.8019
    endloop
  endfacet
  facet normal -0.480963 0.876741 0
    outer loop
      vertex -126.486 -42.9016 52.8019
      vertex -126.352 -42.8282 52.8019
      vertex -126.352 -42.8282 47.8019
    endloop
  endfacet
  facet normal -0.518813 0.854888 0
    outer loop
      vertex -126.352 -42.8282 47.8019
      vertex -126.352 -42.8282 52.8019
      vertex -126.222 -42.749 47.8019
    endloop
  endfacet
  facet normal -0.518813 0.854888 0
    outer loop
      vertex -126.352 -42.8282 52.8019
      vertex -126.222 -42.749 52.8019
      vertex -126.222 -42.749 47.8019
    endloop
  endfacet
  facet normal -0.555567 0.831472 0
    outer loop
      vertex -126.222 -42.749 47.8019
      vertex -126.222 -42.749 52.8019
      vertex -126.095 -42.6641 47.8019
    endloop
  endfacet
  facet normal -0.555567 0.831472 0
    outer loop
      vertex -126.222 -42.749 52.8019
      vertex -126.095 -42.6641 52.8019
      vertex -126.095 -42.6641 47.8019
    endloop
  endfacet
  facet normal -0.591268 0.806475 0
    outer loop
      vertex -126.095 -42.6641 47.8019
      vertex -126.095 -42.6641 52.8019
      vertex -125.971 -42.5738 47.8019
    endloop
  endfacet
  facet normal -0.591268 0.806475 0
    outer loop
      vertex -126.095 -42.6641 52.8019
      vertex -125.971 -42.5738 52.8019
      vertex -125.971 -42.5738 47.8019
    endloop
  endfacet
  facet normal -0.625938 0.779873 0
    outer loop
      vertex -125.971 -42.5738 47.8019
      vertex -125.971 -42.5738 52.8019
      vertex -125.852 -42.4783 47.8019
    endloop
  endfacet
  facet normal -0.625938 0.779873 0
    outer loop
      vertex -125.971 -42.5738 52.8019
      vertex -125.852 -42.4783 52.8019
      vertex -125.852 -42.4783 47.8019
    endloop
  endfacet
  facet normal -0.659375 0.751814 0
    outer loop
      vertex -125.852 -42.4783 47.8019
      vertex -125.852 -42.4783 52.8019
      vertex -125.737 -42.3776 47.8019
    endloop
  endfacet
  facet normal -0.659375 0.751814 0
    outer loop
      vertex -125.852 -42.4783 52.8019
      vertex -125.737 -42.3776 52.8019
      vertex -125.737 -42.3776 47.8019
    endloop
  endfacet
  facet normal -0.691496 0.72238 0
    outer loop
      vertex -125.737 -42.3776 47.8019
      vertex -125.737 -42.3776 52.8019
      vertex -125.627 -42.272 47.8019
    endloop
  endfacet
  facet normal -0.691496 0.72238 0
    outer loop
      vertex -125.737 -42.3776 52.8019
      vertex -125.627 -42.272 52.8019
      vertex -125.627 -42.272 47.8019
    endloop
  endfacet
  facet normal -0.722393 0.691483 0
    outer loop
      vertex -125.627 -42.272 47.8019
      vertex -125.627 -42.272 52.8019
      vertex -125.522 -42.1617 47.8019
    endloop
  endfacet
  facet normal -0.722393 0.691483 0
    outer loop
      vertex -125.627 -42.272 52.8019
      vertex -125.522 -42.1617 52.8019
      vertex -125.522 -42.1617 47.8019
    endloop
  endfacet
  facet normal -0.751824 0.659364 0
    outer loop
      vertex -125.522 -42.1617 47.8019
      vertex -125.522 -42.1617 52.8019
      vertex -125.421 -42.0469 47.8019
    endloop
  endfacet
  facet normal -0.751824 0.659364 0
    outer loop
      vertex -125.522 -42.1617 52.8019
      vertex -125.421 -42.0469 52.8019
      vertex -125.421 -42.0469 47.8019
    endloop
  endfacet
  facet normal -0.779859 0.625956 0
    outer loop
      vertex -125.421 -42.0469 47.8019
      vertex -125.421 -42.0469 52.8019
      vertex -125.325 -41.9278 47.8019
    endloop
  endfacet
  facet normal -0.779859 0.625956 0
    outer loop
      vertex -125.421 -42.0469 52.8019
      vertex -125.325 -41.9278 52.8019
      vertex -125.325 -41.9278 47.8019
    endloop
  endfacet
  facet normal -0.806472 0.591272 0
    outer loop
      vertex -125.325 -41.9278 47.8019
      vertex -125.325 -41.9278 52.8019
      vertex -125.235 -41.8046 47.8019
    endloop
  endfacet
  facet normal -0.806472 0.591272 0
    outer loop
      vertex -125.325 -41.9278 52.8019
      vertex -125.235 -41.8046 52.8019
      vertex -125.235 -41.8046 47.8019
    endloop
  endfacet
  facet normal -0.831442 0.555612 0
    outer loop
      vertex -125.235 -41.8046 47.8019
      vertex -125.235 -41.8046 52.8019
      vertex -125.15 -41.6777 47.8019
    endloop
  endfacet
  facet normal -0.831442 0.555612 0
    outer loop
      vertex -125.235 -41.8046 52.8019
      vertex -125.15 -41.6777 52.8019
      vertex -125.15 -41.6777 47.8019
    endloop
  endfacet
  facet normal -0.854925 0.518751 0
    outer loop
      vertex -125.15 -41.6777 47.8019
      vertex -125.15 -41.6777 52.8019
      vertex -125.071 -41.5471 47.8019
    endloop
  endfacet
  facet normal -0.854925 0.518751 0
    outer loop
      vertex -125.15 -41.6777 52.8019
      vertex -125.071 -41.5471 52.8019
      vertex -125.071 -41.5471 47.8019
    endloop
  endfacet
  facet normal -0.876729 0.480984 0
    outer loop
      vertex -125.071 -41.5471 47.8019
      vertex -125.071 -41.5471 52.8019
      vertex -124.998 -41.4132 47.8019
    endloop
  endfacet
  facet normal -0.876729 0.480984 0
    outer loop
      vertex -125.071 -41.5471 52.8019
      vertex -124.998 -41.4132 52.8019
      vertex -124.998 -41.4132 47.8019
    endloop
  endfacet
  facet normal -0.896873 0.442289 0
    outer loop
      vertex -124.998 -41.4132 47.8019
      vertex -124.998 -41.4132 52.8019
      vertex -124.93 -41.2763 47.8019
    endloop
  endfacet
  facet normal -0.896873 0.442289 0
    outer loop
      vertex -124.998 -41.4132 52.8019
      vertex -124.93 -41.2763 52.8019
      vertex -124.93 -41.2763 47.8019
    endloop
  endfacet
  facet normal -0.915304 0.402763 0
    outer loop
      vertex -124.93 -41.2763 47.8019
      vertex -124.93 -41.2763 52.8019
      vertex -124.868 -41.1365 47.8019
    endloop
  endfacet
  facet normal -0.915304 0.402763 0
    outer loop
      vertex -124.93 -41.2763 52.8019
      vertex -124.868 -41.1365 52.8019
      vertex -124.868 -41.1365 47.8019
    endloop
  endfacet
  facet normal -0.932014 0.362423 0
    outer loop
      vertex -124.868 -41.1365 47.8019
      vertex -124.868 -41.1365 52.8019
      vertex -124.813 -40.9942 47.8019
    endloop
  endfacet
  facet normal -0.932014 0.362423 0
    outer loop
      vertex -124.868 -41.1365 52.8019
      vertex -124.813 -40.9942 52.8019
      vertex -124.813 -40.9942 47.8019
    endloop
  endfacet
  facet normal -0.946932 0.321434 0
    outer loop
      vertex -124.813 -40.9942 47.8019
      vertex -124.813 -40.9942 52.8019
      vertex -124.764 -40.8496 47.8019
    endloop
  endfacet
  facet normal -0.946932 0.321434 0
    outer loop
      vertex -124.813 -40.9942 52.8019
      vertex -124.764 -40.8496 52.8019
      vertex -124.764 -40.8496 47.8019
    endloop
  endfacet
  facet normal -0.960052 0.279821 0
    outer loop
      vertex -124.764 -40.8496 47.8019
      vertex -124.764 -40.8496 52.8019
      vertex -124.721 -40.703 47.8019
    endloop
  endfacet
  facet normal -0.960052 0.279821 0
    outer loop
      vertex -124.764 -40.8496 52.8019
      vertex -124.721 -40.703 52.8019
      vertex -124.721 -40.703 47.8019
    endloop
  endfacet
  facet normal -0.971337 0.237705 0
    outer loop
      vertex -124.721 -40.703 47.8019
      vertex -124.721 -40.703 52.8019
      vertex -124.685 -40.5546 47.8019
    endloop
  endfacet
  facet normal -0.971337 0.237705 0
    outer loop
      vertex -124.721 -40.703 52.8019
      vertex -124.685 -40.5546 52.8019
      vertex -124.685 -40.5546 47.8019
    endloop
  endfacet
  facet normal -0.980789 0.19507 0
    outer loop
      vertex -124.685 -40.5546 47.8019
      vertex -124.685 -40.5546 52.8019
      vertex -124.655 -40.4049 47.8019
    endloop
  endfacet
  facet normal -0.980789 0.19507 0
    outer loop
      vertex -124.685 -40.5546 52.8019
      vertex -124.655 -40.4049 52.8019
      vertex -124.655 -40.4049 47.8019
    endloop
  endfacet
  facet normal -0.98836 0.152131 0
    outer loop
      vertex -124.655 -40.4049 47.8019
      vertex -124.655 -40.4049 52.8019
      vertex -124.632 -40.2539 47.8019
    endloop
  endfacet
  facet normal -0.98836 0.152131 0
    outer loop
      vertex -124.655 -40.4049 52.8019
      vertex -124.632 -40.2539 52.8019
      vertex -124.632 -40.2539 47.8019
    endloop
  endfacet
  facet normal -0.994058 0.108852 0
    outer loop
      vertex -124.632 -40.2539 47.8019
      vertex -124.632 -40.2539 52.8019
      vertex -124.615 -40.1021 47.8019
    endloop
  endfacet
  facet normal -0.994058 0.108852 0
    outer loop
      vertex -124.632 -40.2539 52.8019
      vertex -124.615 -40.1021 52.8019
      vertex -124.615 -40.1021 47.8019
    endloop
  endfacet
  facet normal -0.997857 0.0654293 0
    outer loop
      vertex -124.615 -40.1021 47.8019
      vertex -124.615 -40.1021 52.8019
      vertex -124.605 -39.9498 47.8019
    endloop
  endfacet
  facet normal -0.997857 0.0654293 0
    outer loop
      vertex -124.615 -40.1021 52.8019
      vertex -124.605 -39.9498 52.8019
      vertex -124.605 -39.9498 47.8019
    endloop
  endfacet
  facet normal -0.999762 0.0218093 0
    outer loop
      vertex -124.605 -39.9498 47.8019
      vertex -124.605 -39.9498 52.8019
      vertex -124.602 -39.7971 47.8019
    endloop
  endfacet
  facet normal -0.999762 0.0218093 0
    outer loop
      vertex -124.605 -39.9498 52.8019
      vertex -124.602 -39.7971 52.8019
      vertex -124.602 -39.7971 47.8019
    endloop
  endfacet
  facet normal -0.999762 -0.0218096 0
    outer loop
      vertex -124.361 5.89927 47.8019
      vertex -124.361 5.89927 52.8019
      vertex -124.365 6.05194 47.8019
    endloop
  endfacet
  facet normal -0.999762 -0.0218096 0
    outer loop
      vertex -124.361 5.89927 52.8019
      vertex -124.365 6.05194 52.8019
      vertex -124.365 6.05194 47.8019
    endloop
  endfacet
  facet normal -0.997857 -0.0654285 0
    outer loop
      vertex -124.365 6.05194 47.8019
      vertex -124.365 6.05194 52.8019
      vertex -124.374 6.20431 47.8019
    endloop
  endfacet
  facet normal -0.997857 -0.0654285 0
    outer loop
      vertex -124.365 6.05194 52.8019
      vertex -124.374 6.20431 52.8019
      vertex -124.374 6.20431 47.8019
    endloop
  endfacet
  facet normal -0.994058 -0.108853 0
    outer loop
      vertex -124.374 6.20431 47.8019
      vertex -124.374 6.20431 52.8019
      vertex -124.391 6.35611 47.8019
    endloop
  endfacet
  facet normal -0.994058 -0.108853 0
    outer loop
      vertex -124.374 6.20431 52.8019
      vertex -124.391 6.35611 52.8019
      vertex -124.391 6.35611 47.8019
    endloop
  endfacet
  facet normal -0.98836 -0.15213 0
    outer loop
      vertex -124.391 6.35611 47.8019
      vertex -124.391 6.35611 52.8019
      vertex -124.414 6.50704 47.8019
    endloop
  endfacet
  facet normal -0.98836 -0.15213 0
    outer loop
      vertex -124.391 6.35611 52.8019
      vertex -124.414 6.50704 52.8019
      vertex -124.414 6.50704 47.8019
    endloop
  endfacet
  facet normal -0.98079 -0.195067 0
    outer loop
      vertex -124.414 6.50704 47.8019
      vertex -124.414 6.50704 52.8019
      vertex -124.444 6.65681 47.8019
    endloop
  endfacet
  facet normal -0.98079 -0.195067 0
    outer loop
      vertex -124.414 6.50704 52.8019
      vertex -124.444 6.65681 52.8019
      vertex -124.444 6.65681 47.8019
    endloop
  endfacet
  facet normal -0.971337 -0.237708 0
    outer loop
      vertex -124.444 6.65681 47.8019
      vertex -124.444 6.65681 52.8019
      vertex -124.48 6.80513 47.8019
    endloop
  endfacet
  facet normal -0.971337 -0.237708 0
    outer loop
      vertex -124.444 6.65681 52.8019
      vertex -124.48 6.80513 52.8019
      vertex -124.48 6.80513 47.8019
    endloop
  endfacet
  facet normal -0.960053 -0.279817 0
    outer loop
      vertex -124.48 6.80513 47.8019
      vertex -124.48 6.80513 52.8019
      vertex -124.523 6.95174 47.8019
    endloop
  endfacet
  facet normal -0.960053 -0.279817 0
    outer loop
      vertex -124.48 6.80513 52.8019
      vertex -124.523 6.95174 52.8019
      vertex -124.523 6.95174 47.8019
    endloop
  endfacet
  facet normal -0.946932 -0.321435 0
    outer loop
      vertex -124.523 6.95174 47.8019
      vertex -124.523 6.95174 52.8019
      vertex -124.572 7.09634 47.8019
    endloop
  endfacet
  facet normal -0.946932 -0.321435 0
    outer loop
      vertex -124.523 6.95174 52.8019
      vertex -124.572 7.09634 52.8019
      vertex -124.572 7.09634 47.8019
    endloop
  endfacet
  facet normal -0.932014 -0.362422 0
    outer loop
      vertex -124.572 7.09634 47.8019
      vertex -124.572 7.09634 52.8019
      vertex -124.628 7.23866 47.8019
    endloop
  endfacet
  facet normal -0.932014 -0.362422 0
    outer loop
      vertex -124.572 7.09634 52.8019
      vertex -124.628 7.23866 52.8019
      vertex -124.628 7.23866 47.8019
    endloop
  endfacet
  facet normal -0.915303 -0.402765 0
    outer loop
      vertex -124.628 7.23866 47.8019
      vertex -124.628 7.23866 52.8019
      vertex -124.689 7.37843 47.8019
    endloop
  endfacet
  facet normal -0.915303 -0.402765 0
    outer loop
      vertex -124.628 7.23866 52.8019
      vertex -124.689 7.37843 52.8019
      vertex -124.689 7.37843 47.8019
    endloop
  endfacet
  facet normal -0.896872 -0.44229 0
    outer loop
      vertex -124.689 7.37843 47.8019
      vertex -124.689 7.37843 52.8019
      vertex -124.757 7.51539 47.8019
    endloop
  endfacet
  facet normal -0.896872 -0.44229 0
    outer loop
      vertex -124.689 7.37843 52.8019
      vertex -124.757 7.51539 52.8019
      vertex -124.757 7.51539 47.8019
    endloop
  endfacet
  facet normal -0.87673 -0.480983 0
    outer loop
      vertex -124.757 7.51539 47.8019
      vertex -124.757 7.51539 52.8019
      vertex -124.83 7.64927 47.8019
    endloop
  endfacet
  facet normal -0.87673 -0.480983 0
    outer loop
      vertex -124.757 7.51539 52.8019
      vertex -124.83 7.64927 52.8019
      vertex -124.83 7.64927 47.8019
    endloop
  endfacet
  facet normal -0.854903 -0.518788 0
    outer loop
      vertex -124.83 7.64927 47.8019
      vertex -124.83 7.64927 52.8019
      vertex -124.909 7.77982 47.8019
    endloop
  endfacet
  facet normal -0.854903 -0.518788 0
    outer loop
      vertex -124.83 7.64927 52.8019
      vertex -124.909 7.77982 52.8019
      vertex -124.909 7.77982 47.8019
    endloop
  endfacet
  facet normal -0.831487 -0.555544 0
    outer loop
      vertex -124.909 7.77982 47.8019
      vertex -124.909 7.77982 52.8019
      vertex -124.994 7.90679 47.8019
    endloop
  endfacet
  facet normal -0.831487 -0.555544 0
    outer loop
      vertex -124.909 7.77982 52.8019
      vertex -124.994 7.90679 52.8019
      vertex -124.994 7.90679 47.8019
    endloop
  endfacet
  facet normal -0.806449 -0.591303 0
    outer loop
      vertex -124.994 7.90679 47.8019
      vertex -124.994 7.90679 52.8019
      vertex -125.084 8.02993 47.8019
    endloop
  endfacet
  facet normal -0.806449 -0.591303 0
    outer loop
      vertex -124.994 7.90679 52.8019
      vertex -125.084 8.02993 52.8019
      vertex -125.084 8.02993 47.8019
    endloop
  endfacet
  facet normal -0.779854 -0.625962 0
    outer loop
      vertex -125.084 8.02993 47.8019
      vertex -125.084 8.02993 52.8019
      vertex -125.18 8.14903 47.8019
    endloop
  endfacet
  facet normal -0.779854 -0.625962 0
    outer loop
      vertex -125.084 8.02993 52.8019
      vertex -125.18 8.14903 52.8019
      vertex -125.18 8.14903 47.8019
    endloop
  endfacet
  facet normal -0.751832 -0.659355 0
    outer loop
      vertex -125.18 8.14903 47.8019
      vertex -125.18 8.14903 52.8019
      vertex -125.281 8.26383 47.8019
    endloop
  endfacet
  facet normal -0.751832 -0.659355 0
    outer loop
      vertex -125.18 8.14903 52.8019
      vertex -125.281 8.26383 52.8019
      vertex -125.281 8.26383 47.8019
    endloop
  endfacet
  facet normal -0.72239 -0.691486 0
    outer loop
      vertex -125.281 8.26383 47.8019
      vertex -125.281 8.26383 52.8019
      vertex -125.386 8.37414 47.8019
    endloop
  endfacet
  facet normal -0.72239 -0.691486 0
    outer loop
      vertex -125.281 8.26383 52.8019
      vertex -125.386 8.37414 52.8019
      vertex -125.386 8.37414 47.8019
    endloop
  endfacet
  facet normal -0.691496 -0.72238 0
    outer loop
      vertex -125.386 8.37414 47.8019
      vertex -125.386 8.37414 52.8019
      vertex -125.497 8.47974 47.8019
    endloop
  endfacet
  facet normal -0.691496 -0.72238 0
    outer loop
      vertex -125.386 8.37414 52.8019
      vertex -125.497 8.47974 52.8019
      vertex -125.497 8.47974 47.8019
    endloop
  endfacet
  facet normal -0.659378 -0.751811 0
    outer loop
      vertex -125.497 8.47974 47.8019
      vertex -125.497 8.47974 52.8019
      vertex -125.611 8.58042 47.8019
    endloop
  endfacet
  facet normal -0.659378 -0.751811 0
    outer loop
      vertex -125.497 8.47974 52.8019
      vertex -125.611 8.58042 52.8019
      vertex -125.611 8.58042 47.8019
    endloop
  endfacet
  facet normal -0.62593 -0.779879 0
    outer loop
      vertex -125.611 8.58042 47.8019
      vertex -125.611 8.58042 52.8019
      vertex -125.73 8.67601 47.8019
    endloop
  endfacet
  facet normal -0.62593 -0.779879 0
    outer loop
      vertex -125.611 8.58042 52.8019
      vertex -125.73 8.67601 52.8019
      vertex -125.73 8.67601 47.8019
    endloop
  endfacet
  facet normal -0.591276 -0.806469 0
    outer loop
      vertex -125.73 8.67601 47.8019
      vertex -125.73 8.67601 52.8019
      vertex -125.854 8.7663 47.8019
    endloop
  endfacet
  facet normal -0.591276 -0.806469 0
    outer loop
      vertex -125.73 8.67601 52.8019
      vertex -125.854 8.7663 52.8019
      vertex -125.854 8.7663 47.8019
    endloop
  endfacet
  facet normal -0.555558 -0.831478 0
    outer loop
      vertex -125.854 8.7663 47.8019
      vertex -125.854 8.7663 52.8019
      vertex -125.981 8.85114 47.8019
    endloop
  endfacet
  facet normal -0.555558 -0.831478 0
    outer loop
      vertex -125.854 8.7663 52.8019
      vertex -125.981 8.85114 52.8019
      vertex -125.981 8.85114 47.8019
    endloop
  endfacet
  facet normal -0.518813 -0.854888 0
    outer loop
      vertex -125.981 8.85114 47.8019
      vertex -125.981 8.85114 52.8019
      vertex -126.111 8.93036 47.8019
    endloop
  endfacet
  facet normal -0.518813 -0.854888 0
    outer loop
      vertex -125.981 8.85114 52.8019
      vertex -126.111 8.93036 52.8019
      vertex -126.111 8.93036 47.8019
    endloop
  endfacet
  facet normal -0.480968 -0.876738 0
    outer loop
      vertex -126.111 8.93036 47.8019
      vertex -126.111 8.93036 52.8019
      vertex -126.245 9.00381 47.8019
    endloop
  endfacet
  facet normal -0.480968 -0.876738 0
    outer loop
      vertex -126.111 8.93036 52.8019
      vertex -126.245 9.00381 52.8019
      vertex -126.245 9.00381 47.8019
    endloop
  endfacet
  facet normal -0.442289 -0.896873 0
    outer loop
      vertex -126.245 9.00381 47.8019
      vertex -126.245 9.00381 52.8019
      vertex -126.382 9.07135 47.8019
    endloop
  endfacet
  facet normal -0.442289 -0.896873 0
    outer loop
      vertex -126.245 9.00381 52.8019
      vertex -126.382 9.07135 52.8019
      vertex -126.382 9.07135 47.8019
    endloop
  endfacet
  facet normal -0.402748 -0.915311 0
    outer loop
      vertex -126.382 9.07135 47.8019
      vertex -126.382 9.07135 52.8019
      vertex -126.522 9.13285 47.8019
    endloop
  endfacet
  facet normal -0.402748 -0.915311 0
    outer loop
      vertex -126.382 9.07135 52.8019
      vertex -126.522 9.13285 52.8019
      vertex -126.522 9.13285 47.8019
    endloop
  endfacet
  facet normal -0.362439 -0.932008 0
    outer loop
      vertex -126.522 9.13285 47.8019
      vertex -126.522 9.13285 52.8019
      vertex -126.664 9.18819 47.8019
    endloop
  endfacet
  facet normal -0.362439 -0.932008 0
    outer loop
      vertex -126.522 9.13285 52.8019
      vertex -126.664 9.18819 52.8019
      vertex -126.664 9.18819 47.8019
    endloop
  endfacet
  facet normal -0.321439 -0.94693 0
    outer loop
      vertex -126.664 9.18819 47.8019
      vertex -126.664 9.18819 52.8019
      vertex -126.809 9.23728 47.8019
    endloop
  endfacet
  facet normal -0.321439 -0.94693 0
    outer loop
      vertex -126.664 9.18819 52.8019
      vertex -126.809 9.23728 52.8019
      vertex -126.809 9.23728 47.8019
    endloop
  endfacet
  facet normal -0.279839 -0.960047 0
    outer loop
      vertex -126.809 9.23728 47.8019
      vertex -126.809 9.23728 52.8019
      vertex -126.955 9.28001 47.8019
    endloop
  endfacet
  facet normal -0.279839 -0.960047 0
    outer loop
      vertex -126.809 9.23728 52.8019
      vertex -126.955 9.28001 52.8019
      vertex -126.955 9.28001 47.8019
    endloop
  endfacet
  facet normal -0.237688 -0.971342 0
    outer loop
      vertex -126.955 9.28001 47.8019
      vertex -126.955 9.28001 52.8019
      vertex -127.104 9.3163 47.8019
    endloop
  endfacet
  facet normal -0.237688 -0.971342 0
    outer loop
      vertex -126.955 9.28001 52.8019
      vertex -127.104 9.3163 52.8019
      vertex -127.104 9.3163 47.8019
    endloop
  endfacet
  facet normal -0.195089 -0.980786 0
    outer loop
      vertex -127.104 9.3163 47.8019
      vertex -127.104 9.3163 52.8019
      vertex -127.253 9.3461 47.8019
    endloop
  endfacet
  facet normal -0.195089 -0.980786 0
    outer loop
      vertex -127.104 9.3163 52.8019
      vertex -127.253 9.3461 52.8019
      vertex -127.253 9.3461 47.8019
    endloop
  endfacet
  facet normal -0.152117 -0.988362 0
    outer loop
      vertex -127.253 9.3461 47.8019
      vertex -127.253 9.3461 52.8019
      vertex -127.404 9.36933 47.8019
    endloop
  endfacet
  facet normal -0.152117 -0.988362 0
    outer loop
      vertex -127.253 9.3461 52.8019
      vertex -127.404 9.36933 52.8019
      vertex -127.404 9.36933 47.8019
    endloop
  endfacet
  facet normal -0.108864 -0.994057 0
    outer loop
      vertex -127.404 9.36933 47.8019
      vertex -127.404 9.36933 52.8019
      vertex -127.556 9.38595 47.8019
    endloop
  endfacet
  facet normal -0.108864 -0.994057 0
    outer loop
      vertex -127.404 9.36933 52.8019
      vertex -127.556 9.38595 52.8019
      vertex -127.556 9.38595 47.8019
    endloop
  endfacet
  facet normal -0.0654034 -0.997859 0
    outer loop
      vertex -127.556 9.38595 47.8019
      vertex -127.556 9.38595 52.8019
      vertex -127.709 9.39594 47.8019
    endloop
  endfacet
  facet normal -0.0654034 -0.997859 0
    outer loop
      vertex -127.556 9.38595 52.8019
      vertex -127.709 9.39594 52.8019
      vertex -127.709 9.39594 47.8019
    endloop
  endfacet
  facet normal -0.0218164 -0.999762 0
    outer loop
      vertex -127.709 9.39594 47.8019
      vertex -127.709 9.39594 52.8019
      vertex -127.861 9.39927 47.8019
    endloop
  endfacet
  facet normal -0.0218164 -0.999762 0
    outer loop
      vertex -127.709 9.39594 52.8019
      vertex -127.861 9.39927 52.8019
      vertex -127.861 9.39927 47.8019
    endloop
  endfacet
  facet normal 0.0218164 -0.999762 0
    outer loop
      vertex -127.861 9.39927 47.8019
      vertex -127.861 9.39927 52.8019
      vertex -128.014 9.39594 47.8019
    endloop
  endfacet
  facet normal 0.0218164 -0.999762 0
    outer loop
      vertex -127.861 9.39927 52.8019
      vertex -128.014 9.39594 52.8019
      vertex -128.014 9.39594 47.8019
    endloop
  endfacet
  facet normal 0.0654034 -0.997859 0
    outer loop
      vertex -128.014 9.39594 47.8019
      vertex -128.014 9.39594 52.8019
      vertex -128.166 9.38595 47.8019
    endloop
  endfacet
  facet normal 0.0654034 -0.997859 0
    outer loop
      vertex -128.014 9.39594 52.8019
      vertex -128.166 9.38595 52.8019
      vertex -128.166 9.38595 47.8019
    endloop
  endfacet
  facet normal 0.108864 -0.994057 0
    outer loop
      vertex -128.166 9.38595 47.8019
      vertex -128.166 9.38595 52.8019
      vertex -128.318 9.36933 47.8019
    endloop
  endfacet
  facet normal 0.108864 -0.994057 0
    outer loop
      vertex -128.166 9.38595 52.8019
      vertex -128.318 9.36933 52.8019
      vertex -128.318 9.36933 47.8019
    endloop
  endfacet
  facet normal 0.152117 -0.988362 0
    outer loop
      vertex -128.318 9.36933 47.8019
      vertex -128.318 9.36933 52.8019
      vertex -128.469 9.3461 47.8019
    endloop
  endfacet
  facet normal 0.152117 -0.988362 0
    outer loop
      vertex -128.318 9.36933 52.8019
      vertex -128.469 9.3461 52.8019
      vertex -128.469 9.3461 47.8019
    endloop
  endfacet
  facet normal 0.195089 -0.980786 0
    outer loop
      vertex -128.469 9.3461 47.8019
      vertex -128.469 9.3461 52.8019
      vertex -128.619 9.3163 47.8019
    endloop
  endfacet
  facet normal 0.195089 -0.980786 0
    outer loop
      vertex -128.469 9.3461 52.8019
      vertex -128.619 9.3163 52.8019
      vertex -128.619 9.3163 47.8019
    endloop
  endfacet
  facet normal 0.237688 -0.971342 0
    outer loop
      vertex -128.619 9.3163 47.8019
      vertex -128.619 9.3163 52.8019
      vertex -128.767 9.28001 47.8019
    endloop
  endfacet
  facet normal 0.237688 -0.971342 0
    outer loop
      vertex -128.619 9.3163 52.8019
      vertex -128.767 9.28001 52.8019
      vertex -128.767 9.28001 47.8019
    endloop
  endfacet
  facet normal 0.279839 -0.960047 0
    outer loop
      vertex -128.767 9.28001 47.8019
      vertex -128.767 9.28001 52.8019
      vertex -128.914 9.23728 47.8019
    endloop
  endfacet
  facet normal 0.279839 -0.960047 0
    outer loop
      vertex -128.767 9.28001 52.8019
      vertex -128.914 9.23728 52.8019
      vertex -128.914 9.23728 47.8019
    endloop
  endfacet
  facet normal 0.321439 -0.94693 0
    outer loop
      vertex -128.914 9.23728 47.8019
      vertex -128.914 9.23728 52.8019
      vertex -129.058 9.18819 47.8019
    endloop
  endfacet
  facet normal 0.321439 -0.94693 0
    outer loop
      vertex -128.914 9.23728 52.8019
      vertex -129.058 9.18819 52.8019
      vertex -129.058 9.18819 47.8019
    endloop
  endfacet
  facet normal 0.362439 -0.932008 0
    outer loop
      vertex -129.058 9.18819 47.8019
      vertex -129.058 9.18819 52.8019
      vertex -129.201 9.13285 47.8019
    endloop
  endfacet
  facet normal 0.362439 -0.932008 0
    outer loop
      vertex -129.058 9.18819 52.8019
      vertex -129.201 9.13285 52.8019
      vertex -129.201 9.13285 47.8019
    endloop
  endfacet
  facet normal 0.402748 -0.915311 0
    outer loop
      vertex -129.201 9.13285 47.8019
      vertex -129.201 9.13285 52.8019
      vertex -129.34 9.07135 47.8019
    endloop
  endfacet
  facet normal 0.402748 -0.915311 0
    outer loop
      vertex -129.201 9.13285 52.8019
      vertex -129.34 9.07135 52.8019
      vertex -129.34 9.07135 47.8019
    endloop
  endfacet
  facet normal 0.442289 -0.896873 0
    outer loop
      vertex -129.34 9.07135 47.8019
      vertex -129.34 9.07135 52.8019
      vertex -129.477 9.00381 47.8019
    endloop
  endfacet
  facet normal 0.442289 -0.896873 0
    outer loop
      vertex -129.34 9.07135 52.8019
      vertex -129.477 9.00381 52.8019
      vertex -129.477 9.00381 47.8019
    endloop
  endfacet
  facet normal 0.480968 -0.876738 0
    outer loop
      vertex -129.477 9.00381 47.8019
      vertex -129.477 9.00381 52.8019
      vertex -129.611 8.93036 47.8019
    endloop
  endfacet
  facet normal 0.480968 -0.876738 0
    outer loop
      vertex -129.477 9.00381 52.8019
      vertex -129.611 8.93036 52.8019
      vertex -129.611 8.93036 47.8019
    endloop
  endfacet
  facet normal 0.518813 -0.854888 0
    outer loop
      vertex -129.611 8.93036 47.8019
      vertex -129.611 8.93036 52.8019
      vertex -129.742 8.85114 47.8019
    endloop
  endfacet
  facet normal 0.518813 -0.854888 0
    outer loop
      vertex -129.611 8.93036 52.8019
      vertex -129.742 8.85114 52.8019
      vertex -129.742 8.85114 47.8019
    endloop
  endfacet
  facet normal 0.555558 -0.831478 0
    outer loop
      vertex -129.742 8.85114 47.8019
      vertex -129.742 8.85114 52.8019
      vertex -129.869 8.7663 47.8019
    endloop
  endfacet
  facet normal 0.555558 -0.831478 0
    outer loop
      vertex -129.742 8.85114 52.8019
      vertex -129.869 8.7663 52.8019
      vertex -129.869 8.7663 47.8019
    endloop
  endfacet
  facet normal 0.591276 -0.806469 0
    outer loop
      vertex -129.869 8.7663 47.8019
      vertex -129.869 8.7663 52.8019
      vertex -129.992 8.67601 47.8019
    endloop
  endfacet
  facet normal 0.591276 -0.806469 0
    outer loop
      vertex -129.869 8.7663 52.8019
      vertex -129.992 8.67601 52.8019
      vertex -129.992 8.67601 47.8019
    endloop
  endfacet
  facet normal 0.62593 -0.779879 0
    outer loop
      vertex -129.992 8.67601 47.8019
      vertex -129.992 8.67601 52.8019
      vertex -130.111 8.58042 47.8019
    endloop
  endfacet
  facet normal 0.62593 -0.779879 0
    outer loop
      vertex -129.992 8.67601 52.8019
      vertex -130.111 8.58042 52.8019
      vertex -130.111 8.58042 47.8019
    endloop
  endfacet
  facet normal 0.659378 -0.751811 0
    outer loop
      vertex -130.111 8.58042 47.8019
      vertex -130.111 8.58042 52.8019
      vertex -130.226 8.47974 47.8019
    endloop
  endfacet
  facet normal 0.659378 -0.751811 0
    outer loop
      vertex -130.111 8.58042 52.8019
      vertex -130.226 8.47974 52.8019
      vertex -130.226 8.47974 47.8019
    endloop
  endfacet
  facet normal 0.691496 -0.72238 0
    outer loop
      vertex -130.226 8.47974 47.8019
      vertex -130.226 8.47974 52.8019
      vertex -130.336 8.37414 47.8019
    endloop
  endfacet
  facet normal 0.691496 -0.72238 0
    outer loop
      vertex -130.226 8.47974 52.8019
      vertex -130.336 8.37414 52.8019
      vertex -130.336 8.37414 47.8019
    endloop
  endfacet
  facet normal 0.72239 -0.691486 0
    outer loop
      vertex -130.336 8.37414 47.8019
      vertex -130.336 8.37414 52.8019
      vertex -130.442 8.26383 47.8019
    endloop
  endfacet
  facet normal 0.72239 -0.691486 0
    outer loop
      vertex -130.336 8.37414 52.8019
      vertex -130.442 8.26383 52.8019
      vertex -130.442 8.26383 47.8019
    endloop
  endfacet
  facet normal 0.751832 -0.659355 0
    outer loop
      vertex -130.442 8.26383 47.8019
      vertex -130.442 8.26383 52.8019
      vertex -130.542 8.14903 47.8019
    endloop
  endfacet
  facet normal 0.751832 -0.659355 0
    outer loop
      vertex -130.442 8.26383 52.8019
      vertex -130.542 8.14903 52.8019
      vertex -130.542 8.14903 47.8019
    endloop
  endfacet
  facet normal 0.779854 -0.625962 0
    outer loop
      vertex -130.542 8.14903 47.8019
      vertex -130.542 8.14903 52.8019
      vertex -130.638 8.02993 47.8019
    endloop
  endfacet
  facet normal 0.779854 -0.625962 0
    outer loop
      vertex -130.542 8.14903 52.8019
      vertex -130.638 8.02993 52.8019
      vertex -130.638 8.02993 47.8019
    endloop
  endfacet
  facet normal 0.806472 -0.591272 0
    outer loop
      vertex -130.638 8.02993 47.8019
      vertex -130.638 8.02993 52.8019
      vertex -130.728 7.90679 47.8019
    endloop
  endfacet
  facet normal 0.806472 -0.591272 0
    outer loop
      vertex -130.638 8.02993 52.8019
      vertex -130.728 7.90679 52.8019
      vertex -130.728 7.90679 47.8019
    endloop
  endfacet
  facet normal 0.831442 -0.555612 0
    outer loop
      vertex -130.728 7.90679 47.8019
      vertex -130.728 7.90679 52.8019
      vertex -130.813 7.77982 47.8019
    endloop
  endfacet
  facet normal 0.831442 -0.555612 0
    outer loop
      vertex -130.728 7.90679 52.8019
      vertex -130.813 7.77982 52.8019
      vertex -130.813 7.77982 47.8019
    endloop
  endfacet
  facet normal 0.854924 -0.518753 0
    outer loop
      vertex -130.813 7.77982 47.8019
      vertex -130.813 7.77982 52.8019
      vertex -130.892 7.64927 47.8019
    endloop
  endfacet
  facet normal 0.854924 -0.518753 0
    outer loop
      vertex -130.813 7.77982 52.8019
      vertex -130.892 7.64927 52.8019
      vertex -130.892 7.64927 47.8019
    endloop
  endfacet
  facet normal 0.87673 -0.480983 0
    outer loop
      vertex -130.892 7.64927 47.8019
      vertex -130.892 7.64927 52.8019
      vertex -130.966 7.51539 47.8019
    endloop
  endfacet
  facet normal 0.87673 -0.480983 0
    outer loop
      vertex -130.892 7.64927 52.8019
      vertex -130.966 7.51539 52.8019
      vertex -130.966 7.51539 47.8019
    endloop
  endfacet
  facet normal 0.896853 -0.442329 0
    outer loop
      vertex -130.966 7.51539 47.8019
      vertex -130.966 7.51539 52.8019
      vertex -131.033 7.37843 47.8019
    endloop
  endfacet
  facet normal 0.896853 -0.442329 0
    outer loop
      vertex -130.966 7.51539 52.8019
      vertex -131.033 7.37843 52.8019
      vertex -131.033 7.37843 47.8019
    endloop
  endfacet
  facet normal 0.915321 -0.402725 0
    outer loop
      vertex -131.033 7.37843 47.8019
      vertex -131.033 7.37843 52.8019
      vertex -131.095 7.23866 47.8019
    endloop
  endfacet
  facet normal 0.915321 -0.402725 0
    outer loop
      vertex -131.033 7.37843 52.8019
      vertex -131.095 7.23866 52.8019
      vertex -131.095 7.23866 47.8019
    endloop
  endfacet
  facet normal 0.932014 -0.362422 0
    outer loop
      vertex -131.095 7.23866 47.8019
      vertex -131.095 7.23866 52.8019
      vertex -131.15 7.09634 47.8019
    endloop
  endfacet
  facet normal 0.932014 -0.362422 0
    outer loop
      vertex -131.095 7.23866 52.8019
      vertex -131.15 7.09634 52.8019
      vertex -131.15 7.09634 47.8019
    endloop
  endfacet
  facet normal 0.946932 -0.321435 0
    outer loop
      vertex -131.15 7.09634 47.8019
      vertex -131.15 7.09634 52.8019
      vertex -131.199 6.95174 47.8019
    endloop
  endfacet
  facet normal 0.946932 -0.321435 0
    outer loop
      vertex -131.15 7.09634 52.8019
      vertex -131.199 6.95174 52.8019
      vertex -131.199 6.95174 47.8019
    endloop
  endfacet
  facet normal 0.96004 -0.279862 0
    outer loop
      vertex -131.199 6.95174 47.8019
      vertex -131.199 6.95174 52.8019
      vertex -131.242 6.80513 47.8019
    endloop
  endfacet
  facet normal 0.96004 -0.279862 0
    outer loop
      vertex -131.199 6.95174 52.8019
      vertex -131.242 6.80513 52.8019
      vertex -131.242 6.80513 47.8019
    endloop
  endfacet
  facet normal 0.971359 -0.237616 0
    outer loop
      vertex -131.242 6.80513 47.8019
      vertex -131.242 6.80513 52.8019
      vertex -131.278 6.65681 47.8019
    endloop
  endfacet
  facet normal 0.971359 -0.237616 0
    outer loop
      vertex -131.242 6.80513 52.8019
      vertex -131.278 6.65681 52.8019
      vertex -131.278 6.65681 47.8019
    endloop
  endfacet
  facet normal 0.980771 -0.195161 0
    outer loop
      vertex -131.278 6.65681 47.8019
      vertex -131.278 6.65681 52.8019
      vertex -131.308 6.50704 47.8019
    endloop
  endfacet
  facet normal 0.980771 -0.195161 0
    outer loop
      vertex -131.278 6.65681 52.8019
      vertex -131.308 6.50704 52.8019
      vertex -131.308 6.50704 47.8019
    endloop
  endfacet
  facet normal 0.98836 -0.15213 0
    outer loop
      vertex -131.308 6.50704 47.8019
      vertex -131.308 6.50704 52.8019
      vertex -131.331 6.35611 47.8019
    endloop
  endfacet
  facet normal 0.98836 -0.15213 0
    outer loop
      vertex -131.308 6.50704 52.8019
      vertex -131.331 6.35611 52.8019
      vertex -131.331 6.35611 47.8019
    endloop
  endfacet
  facet normal 0.994063 -0.108804 0
    outer loop
      vertex -131.331 6.35611 47.8019
      vertex -131.331 6.35611 52.8019
      vertex -131.348 6.20431 47.8019
    endloop
  endfacet
  facet normal 0.994063 -0.108804 0
    outer loop
      vertex -131.331 6.35611 52.8019
      vertex -131.348 6.20431 52.8019
      vertex -131.348 6.20431 47.8019
    endloop
  endfacet
  facet normal 0.99786 -0.0653799 0
    outer loop
      vertex -131.348 6.20431 47.8019
      vertex -131.348 6.20431 52.8019
      vertex -131.358 6.05194 47.8019
    endloop
  endfacet
  facet normal 0.99786 -0.0653799 0
    outer loop
      vertex -131.348 6.20431 52.8019
      vertex -131.358 6.05194 52.8019
      vertex -131.358 6.05194 47.8019
    endloop
  endfacet
  facet normal 0.999761 -0.0218584 0
    outer loop
      vertex -131.358 6.05194 47.8019
      vertex -131.358 6.05194 52.8019
      vertex -131.361 5.89927 47.8019
    endloop
  endfacet
  facet normal 0.999761 -0.0218584 0
    outer loop
      vertex -131.358 6.05194 52.8019
      vertex -131.361 5.89927 52.8019
      vertex -131.361 5.89927 47.8019
    endloop
  endfacet
  facet normal 0.999761 0.0218583 0
    outer loop
      vertex -131.361 5.89927 47.8019
      vertex -131.361 5.89927 52.8019
      vertex -131.358 5.7466 47.8019
    endloop
  endfacet
  facet normal 0.999761 0.0218583 0
    outer loop
      vertex -131.361 5.89927 52.8019
      vertex -131.358 5.7466 52.8019
      vertex -131.358 5.7466 47.8019
    endloop
  endfacet
  facet normal 0.99786 0.0653799 0
    outer loop
      vertex -131.358 5.7466 47.8019
      vertex -131.358 5.7466 52.8019
      vertex -131.348 5.59422 47.8019
    endloop
  endfacet
  facet normal 0.99786 0.0653799 0
    outer loop
      vertex -131.358 5.7466 52.8019
      vertex -131.348 5.59422 52.8019
      vertex -131.348 5.59422 47.8019
    endloop
  endfacet
  facet normal 0.994063 0.108805 0
    outer loop
      vertex -131.348 5.59422 47.8019
      vertex -131.348 5.59422 52.8019
      vertex -131.331 5.44243 47.8019
    endloop
  endfacet
  facet normal 0.994063 0.108805 0
    outer loop
      vertex -131.348 5.59422 52.8019
      vertex -131.331 5.44243 52.8019
      vertex -131.331 5.44243 47.8019
    endloop
  endfacet
  facet normal 0.988361 0.15213 0
    outer loop
      vertex -131.331 5.44243 47.8019
      vertex -131.331 5.44243 52.8019
      vertex -131.308 5.2915 47.8019
    endloop
  endfacet
  facet normal 0.988361 0.15213 0
    outer loop
      vertex -131.331 5.44243 52.8019
      vertex -131.308 5.2915 52.8019
      vertex -131.308 5.2915 47.8019
    endloop
  endfacet
  facet normal 0.980771 0.195161 0
    outer loop
      vertex -131.308 5.2915 47.8019
      vertex -131.308 5.2915 52.8019
      vertex -131.278 5.14173 47.8019
    endloop
  endfacet
  facet normal 0.980771 0.195161 0
    outer loop
      vertex -131.308 5.2915 52.8019
      vertex -131.278 5.14173 52.8019
      vertex -131.278 5.14173 47.8019
    endloop
  endfacet
  facet normal 0.971359 0.237616 0
    outer loop
      vertex -131.278 5.14173 47.8019
      vertex -131.278 5.14173 52.8019
      vertex -131.242 4.9934 47.8019
    endloop
  endfacet
  facet normal 0.971359 0.237616 0
    outer loop
      vertex -131.278 5.14173 52.8019
      vertex -131.242 4.9934 52.8019
      vertex -131.242 4.9934 47.8019
    endloop
  endfacet
  facet normal 0.96004 0.279862 0
    outer loop
      vertex -131.242 4.9934 47.8019
      vertex -131.242 4.9934 52.8019
      vertex -131.199 4.8468 47.8019
    endloop
  endfacet
  facet normal 0.96004 0.279862 0
    outer loop
      vertex -131.242 4.9934 52.8019
      vertex -131.199 4.8468 52.8019
      vertex -131.199 4.8468 47.8019
    endloop
  endfacet
  facet normal 0.946932 0.321435 0
    outer loop
      vertex -131.199 4.8468 47.8019
      vertex -131.199 4.8468 52.8019
      vertex -131.15 4.7022 47.8019
    endloop
  endfacet
  facet normal 0.946932 0.321435 0
    outer loop
      vertex -131.199 4.8468 52.8019
      vertex -131.15 4.7022 52.8019
      vertex -131.15 4.7022 47.8019
    endloop
  endfacet
  facet normal 0.932014 0.362422 0
    outer loop
      vertex -131.15 4.7022 47.8019
      vertex -131.15 4.7022 52.8019
      vertex -131.095 4.55988 47.8019
    endloop
  endfacet
  facet normal 0.932014 0.362422 0
    outer loop
      vertex -131.15 4.7022 52.8019
      vertex -131.095 4.55988 52.8019
      vertex -131.095 4.55988 47.8019
    endloop
  endfacet
  facet normal 0.915321 0.402725 0
    outer loop
      vertex -131.095 4.55988 47.8019
      vertex -131.095 4.55988 52.8019
      vertex -131.033 4.4201 47.8019
    endloop
  endfacet
  facet normal 0.915321 0.402725 0
    outer loop
      vertex -131.095 4.55988 52.8019
      vertex -131.033 4.4201 52.8019
      vertex -131.033 4.4201 47.8019
    endloop
  endfacet
  facet normal 0.896853 0.442329 0
    outer loop
      vertex -131.033 4.4201 47.8019
      vertex -131.033 4.4201 52.8019
      vertex -130.966 4.28315 47.8019
    endloop
  endfacet
  facet normal 0.896853 0.442329 0
    outer loop
      vertex -131.033 4.4201 52.8019
      vertex -130.966 4.28315 52.8019
      vertex -130.966 4.28315 47.8019
    endloop
  endfacet
  facet normal 0.87673 0.480983 0
    outer loop
      vertex -130.966 4.28315 47.8019
      vertex -130.966 4.28315 52.8019
      vertex -130.892 4.14927 47.8019
    endloop
  endfacet
  facet normal 0.87673 0.480983 0
    outer loop
      vertex -130.966 4.28315 52.8019
      vertex -130.892 4.14927 52.8019
      vertex -130.892 4.14927 47.8019
    endloop
  endfacet
  facet normal 0.854924 0.518753 0
    outer loop
      vertex -130.892 4.14927 47.8019
      vertex -130.892 4.14927 52.8019
      vertex -130.813 4.01872 47.8019
    endloop
  endfacet
  facet normal 0.854924 0.518753 0
    outer loop
      vertex -130.892 4.14927 52.8019
      vertex -130.813 4.01872 52.8019
      vertex -130.813 4.01872 47.8019
    endloop
  endfacet
  facet normal 0.831441 0.555613 0
    outer loop
      vertex -130.813 4.01872 47.8019
      vertex -130.813 4.01872 52.8019
      vertex -130.728 3.89175 47.8019
    endloop
  endfacet
  facet normal 0.831441 0.555613 0
    outer loop
      vertex -130.813 4.01872 52.8019
      vertex -130.728 3.89175 52.8019
      vertex -130.728 3.89175 47.8019
    endloop
  endfacet
  facet normal 0.806474 0.59127 0
    outer loop
      vertex -130.728 3.89175 47.8019
      vertex -130.728 3.89175 52.8019
      vertex -130.638 3.7686 47.8019
    endloop
  endfacet
  facet normal 0.806474 0.59127 0
    outer loop
      vertex -130.728 3.89175 52.8019
      vertex -130.638 3.7686 52.8019
      vertex -130.638 3.7686 47.8019
    endloop
  endfacet
  facet normal 0.779853 0.625962 0
    outer loop
      vertex -130.638 3.7686 47.8019
      vertex -130.638 3.7686 52.8019
      vertex -130.542 3.64951 47.8019
    endloop
  endfacet
  facet normal 0.779853 0.625962 0
    outer loop
      vertex -130.638 3.7686 52.8019
      vertex -130.542 3.64951 52.8019
      vertex -130.542 3.64951 47.8019
    endloop
  endfacet
  facet normal 0.751832 0.659354 0
    outer loop
      vertex -130.542 3.64951 47.8019
      vertex -130.542 3.64951 52.8019
      vertex -130.442 3.5347 47.8019
    endloop
  endfacet
  facet normal 0.751832 0.659354 0
    outer loop
      vertex -130.542 3.64951 52.8019
      vertex -130.442 3.5347 52.8019
      vertex -130.442 3.5347 47.8019
    endloop
  endfacet
  facet normal 0.722388 0.691488 0
    outer loop
      vertex -130.442 3.5347 47.8019
      vertex -130.442 3.5347 52.8019
      vertex -130.336 3.42439 47.8019
    endloop
  endfacet
  facet normal 0.722388 0.691488 0
    outer loop
      vertex -130.442 3.5347 52.8019
      vertex -130.336 3.42439 52.8019
      vertex -130.336 3.42439 47.8019
    endloop
  endfacet
  facet normal 0.691495 0.722381 0
    outer loop
      vertex -130.336 3.42439 47.8019
      vertex -130.336 3.42439 52.8019
      vertex -130.226 3.3188 47.8019
    endloop
  endfacet
  facet normal 0.691495 0.722381 0
    outer loop
      vertex -130.336 3.42439 52.8019
      vertex -130.226 3.3188 52.8019
      vertex -130.226 3.3188 47.8019
    endloop
  endfacet
  facet normal 0.65938 0.75181 0
    outer loop
      vertex -130.226 3.3188 47.8019
      vertex -130.226 3.3188 52.8019
      vertex -130.111 3.21811 47.8019
    endloop
  endfacet
  facet normal 0.65938 0.75181 0
    outer loop
      vertex -130.226 3.3188 52.8019
      vertex -130.111 3.21811 52.8019
      vertex -130.111 3.21811 47.8019
    endloop
  endfacet
  facet normal 0.625929 0.77988 0
    outer loop
      vertex -130.111 3.21811 47.8019
      vertex -130.111 3.21811 52.8019
      vertex -129.992 3.12253 47.8019
    endloop
  endfacet
  facet normal 0.625929 0.77988 0
    outer loop
      vertex -130.111 3.21811 52.8019
      vertex -129.992 3.12253 52.8019
      vertex -129.992 3.12253 47.8019
    endloop
  endfacet
  facet normal 0.591276 0.806469 0
    outer loop
      vertex -129.992 3.12253 47.8019
      vertex -129.992 3.12253 52.8019
      vertex -129.869 3.03224 47.8019
    endloop
  endfacet
  facet normal 0.591276 0.806469 0
    outer loop
      vertex -129.992 3.12253 52.8019
      vertex -129.869 3.03224 52.8019
      vertex -129.869 3.03224 47.8019
    endloop
  endfacet
  facet normal 0.555558 0.831478 0
    outer loop
      vertex -129.869 3.03224 47.8019
      vertex -129.869 3.03224 52.8019
      vertex -129.742 2.9474 47.8019
    endloop
  endfacet
  facet normal 0.555558 0.831478 0
    outer loop
      vertex -129.869 3.03224 52.8019
      vertex -129.742 2.9474 52.8019
      vertex -129.742 2.9474 47.8019
    endloop
  endfacet
  facet normal 0.518816 0.854886 0
    outer loop
      vertex -129.742 2.9474 47.8019
      vertex -129.742 2.9474 52.8019
      vertex -129.611 2.86818 47.8019
    endloop
  endfacet
  facet normal 0.518816 0.854886 0
    outer loop
      vertex -129.742 2.9474 52.8019
      vertex -129.611 2.86818 52.8019
      vertex -129.611 2.86818 47.8019
    endloop
  endfacet
  facet normal 0.480969 0.876738 0
    outer loop
      vertex -129.611 2.86818 47.8019
      vertex -129.611 2.86818 52.8019
      vertex -129.477 2.79473 47.8019
    endloop
  endfacet
  facet normal 0.480969 0.876738 0
    outer loop
      vertex -129.611 2.86818 52.8019
      vertex -129.477 2.79473 52.8019
      vertex -129.477 2.79473 47.8019
    endloop
  endfacet
  facet normal 0.442287 0.896873 0
    outer loop
      vertex -129.477 2.79473 47.8019
      vertex -129.477 2.79473 52.8019
      vertex -129.34 2.72719 47.8019
    endloop
  endfacet
  facet normal 0.442287 0.896873 0
    outer loop
      vertex -129.477 2.79473 52.8019
      vertex -129.34 2.72719 52.8019
      vertex -129.34 2.72719 47.8019
    endloop
  endfacet
  facet normal 0.402744 0.915313 0
    outer loop
      vertex -129.34 2.72719 47.8019
      vertex -129.34 2.72719 52.8019
      vertex -129.201 2.66569 47.8019
    endloop
  endfacet
  facet normal 0.402744 0.915313 0
    outer loop
      vertex -129.34 2.72719 52.8019
      vertex -129.201 2.66569 52.8019
      vertex -129.201 2.66569 47.8019
    endloop
  endfacet
  facet normal 0.36244 0.932007 0
    outer loop
      vertex -129.201 2.66569 47.8019
      vertex -129.201 2.66569 52.8019
      vertex -129.058 2.61034 47.8019
    endloop
  endfacet
  facet normal 0.36244 0.932007 0
    outer loop
      vertex -129.201 2.66569 52.8019
      vertex -129.058 2.61034 52.8019
      vertex -129.058 2.61034 47.8019
    endloop
  endfacet
  facet normal 0.321438 0.946931 0
    outer loop
      vertex -129.058 2.61034 47.8019
      vertex -129.058 2.61034 52.8019
      vertex -128.914 2.56126 47.8019
    endloop
  endfacet
  facet normal 0.321438 0.946931 0
    outer loop
      vertex -129.058 2.61034 52.8019
      vertex -128.914 2.56126 52.8019
      vertex -128.914 2.56126 47.8019
    endloop
  endfacet
  facet normal 0.279839 0.960047 0
    outer loop
      vertex -128.914 2.56126 47.8019
      vertex -128.914 2.56126 52.8019
      vertex -128.767 2.51853 47.8019
    endloop
  endfacet
  facet normal 0.279839 0.960047 0
    outer loop
      vertex -128.914 2.56126 52.8019
      vertex -128.767 2.51853 52.8019
      vertex -128.767 2.51853 47.8019
    endloop
  endfacet
  facet normal 0.237689 0.971341 0
    outer loop
      vertex -128.767 2.51853 47.8019
      vertex -128.767 2.51853 52.8019
      vertex -128.619 2.48223 47.8019
    endloop
  endfacet
  facet normal 0.237689 0.971341 0
    outer loop
      vertex -128.767 2.51853 52.8019
      vertex -128.619 2.48223 52.8019
      vertex -128.619 2.48223 47.8019
    endloop
  endfacet
  facet normal 0.195089 0.980786 0
    outer loop
      vertex -128.619 2.48223 47.8019
      vertex -128.619 2.48223 52.8019
      vertex -128.469 2.45244 47.8019
    endloop
  endfacet
  facet normal 0.195089 0.980786 0
    outer loop
      vertex -128.619 2.48223 52.8019
      vertex -128.469 2.45244 52.8019
      vertex -128.469 2.45244 47.8019
    endloop
  endfacet
  facet normal 0.152116 0.988363 0
    outer loop
      vertex -128.469 2.45244 47.8019
      vertex -128.469 2.45244 52.8019
      vertex -128.318 2.42921 47.8019
    endloop
  endfacet
  facet normal 0.152116 0.988363 0
    outer loop
      vertex -128.469 2.45244 52.8019
      vertex -128.318 2.42921 52.8019
      vertex -128.318 2.42921 47.8019
    endloop
  endfacet
  facet normal 0.108867 0.994056 0
    outer loop
      vertex -128.318 2.42921 47.8019
      vertex -128.318 2.42921 52.8019
      vertex -128.166 2.41259 47.8019
    endloop
  endfacet
  facet normal 0.108867 0.994056 0
    outer loop
      vertex -128.318 2.42921 52.8019
      vertex -128.166 2.41259 52.8019
      vertex -128.166 2.41259 47.8019
    endloop
  endfacet
  facet normal 0.0654019 0.997859 0
    outer loop
      vertex -128.166 2.41259 47.8019
      vertex -128.166 2.41259 52.8019
      vertex -128.014 2.4026 47.8019
    endloop
  endfacet
  facet normal 0.0654019 0.997859 0
    outer loop
      vertex -128.166 2.41259 52.8019
      vertex -128.014 2.4026 52.8019
      vertex -128.014 2.4026 47.8019
    endloop
  endfacet
  facet normal 0.0218149 0.999762 0
    outer loop
      vertex -128.014 2.4026 47.8019
      vertex -128.014 2.4026 52.8019
      vertex -127.861 2.39927 47.8019
    endloop
  endfacet
  facet normal 0.0218149 0.999762 0
    outer loop
      vertex -128.014 2.4026 52.8019
      vertex -127.861 2.39927 52.8019
      vertex -127.861 2.39927 47.8019
    endloop
  endfacet
  facet normal -0.0218149 0.999762 0
    outer loop
      vertex -127.861 2.39927 47.8019
      vertex -127.861 2.39927 52.8019
      vertex -127.709 2.4026 47.8019
    endloop
  endfacet
  facet normal -0.0218149 0.999762 0
    outer loop
      vertex -127.861 2.39927 52.8019
      vertex -127.709 2.4026 52.8019
      vertex -127.709 2.4026 47.8019
    endloop
  endfacet
  facet normal -0.0654019 0.997859 0
    outer loop
      vertex -127.709 2.4026 47.8019
      vertex -127.709 2.4026 52.8019
      vertex -127.556 2.41259 47.8019
    endloop
  endfacet
  facet normal -0.0654019 0.997859 0
    outer loop
      vertex -127.709 2.4026 52.8019
      vertex -127.556 2.41259 52.8019
      vertex -127.556 2.41259 47.8019
    endloop
  endfacet
  facet normal -0.108867 0.994056 0
    outer loop
      vertex -127.556 2.41259 47.8019
      vertex -127.556 2.41259 52.8019
      vertex -127.404 2.42921 47.8019
    endloop
  endfacet
  facet normal -0.108867 0.994056 0
    outer loop
      vertex -127.556 2.41259 52.8019
      vertex -127.404 2.42921 52.8019
      vertex -127.404 2.42921 47.8019
    endloop
  endfacet
  facet normal -0.152116 0.988363 0
    outer loop
      vertex -127.404 2.42921 47.8019
      vertex -127.404 2.42921 52.8019
      vertex -127.253 2.45244 47.8019
    endloop
  endfacet
  facet normal -0.152116 0.988363 0
    outer loop
      vertex -127.404 2.42921 52.8019
      vertex -127.253 2.45244 52.8019
      vertex -127.253 2.45244 47.8019
    endloop
  endfacet
  facet normal -0.195089 0.980786 0
    outer loop
      vertex -127.253 2.45244 47.8019
      vertex -127.253 2.45244 52.8019
      vertex -127.104 2.48223 47.8019
    endloop
  endfacet
  facet normal -0.195089 0.980786 0
    outer loop
      vertex -127.253 2.45244 52.8019
      vertex -127.104 2.48223 52.8019
      vertex -127.104 2.48223 47.8019
    endloop
  endfacet
  facet normal -0.237689 0.971341 0
    outer loop
      vertex -127.104 2.48223 47.8019
      vertex -127.104 2.48223 52.8019
      vertex -126.955 2.51853 47.8019
    endloop
  endfacet
  facet normal -0.237689 0.971341 0
    outer loop
      vertex -127.104 2.48223 52.8019
      vertex -126.955 2.51853 52.8019
      vertex -126.955 2.51853 47.8019
    endloop
  endfacet
  facet normal -0.279839 0.960047 0
    outer loop
      vertex -126.955 2.51853 47.8019
      vertex -126.955 2.51853 52.8019
      vertex -126.809 2.56126 47.8019
    endloop
  endfacet
  facet normal -0.279839 0.960047 0
    outer loop
      vertex -126.955 2.51853 52.8019
      vertex -126.809 2.56126 52.8019
      vertex -126.809 2.56126 47.8019
    endloop
  endfacet
  facet normal -0.321438 0.946931 0
    outer loop
      vertex -126.809 2.56126 47.8019
      vertex -126.809 2.56126 52.8019
      vertex -126.664 2.61034 47.8019
    endloop
  endfacet
  facet normal -0.321438 0.946931 0
    outer loop
      vertex -126.809 2.56126 52.8019
      vertex -126.664 2.61034 52.8019
      vertex -126.664 2.61034 47.8019
    endloop
  endfacet
  facet normal -0.36244 0.932007 0
    outer loop
      vertex -126.664 2.61034 47.8019
      vertex -126.664 2.61034 52.8019
      vertex -126.522 2.66569 47.8019
    endloop
  endfacet
  facet normal -0.36244 0.932007 0
    outer loop
      vertex -126.664 2.61034 52.8019
      vertex -126.522 2.66569 52.8019
      vertex -126.522 2.66569 47.8019
    endloop
  endfacet
  facet normal -0.402744 0.915313 0
    outer loop
      vertex -126.522 2.66569 47.8019
      vertex -126.522 2.66569 52.8019
      vertex -126.382 2.72719 47.8019
    endloop
  endfacet
  facet normal -0.402744 0.915313 0
    outer loop
      vertex -126.522 2.66569 52.8019
      vertex -126.382 2.72719 52.8019
      vertex -126.382 2.72719 47.8019
    endloop
  endfacet
  facet normal -0.442287 0.896873 0
    outer loop
      vertex -126.382 2.72719 47.8019
      vertex -126.382 2.72719 52.8019
      vertex -126.245 2.79473 47.8019
    endloop
  endfacet
  facet normal -0.442287 0.896873 0
    outer loop
      vertex -126.382 2.72719 52.8019
      vertex -126.245 2.79473 52.8019
      vertex -126.245 2.79473 47.8019
    endloop
  endfacet
  facet normal -0.480969 0.876738 0
    outer loop
      vertex -126.245 2.79473 47.8019
      vertex -126.245 2.79473 52.8019
      vertex -126.111 2.86818 47.8019
    endloop
  endfacet
  facet normal -0.480969 0.876738 0
    outer loop
      vertex -126.245 2.79473 52.8019
      vertex -126.111 2.86818 52.8019
      vertex -126.111 2.86818 47.8019
    endloop
  endfacet
  facet normal -0.518816 0.854886 0
    outer loop
      vertex -126.111 2.86818 47.8019
      vertex -126.111 2.86818 52.8019
      vertex -125.981 2.9474 47.8019
    endloop
  endfacet
  facet normal -0.518816 0.854886 0
    outer loop
      vertex -126.111 2.86818 52.8019
      vertex -125.981 2.9474 52.8019
      vertex -125.981 2.9474 47.8019
    endloop
  endfacet
  facet normal -0.555558 0.831478 0
    outer loop
      vertex -125.981 2.9474 47.8019
      vertex -125.981 2.9474 52.8019
      vertex -125.854 3.03224 47.8019
    endloop
  endfacet
  facet normal -0.555558 0.831478 0
    outer loop
      vertex -125.981 2.9474 52.8019
      vertex -125.854 3.03224 52.8019
      vertex -125.854 3.03224 47.8019
    endloop
  endfacet
  facet normal -0.591276 0.806469 0
    outer loop
      vertex -125.854 3.03224 47.8019
      vertex -125.854 3.03224 52.8019
      vertex -125.73 3.12253 47.8019
    endloop
  endfacet
  facet normal -0.591276 0.806469 0
    outer loop
      vertex -125.854 3.03224 52.8019
      vertex -125.73 3.12253 52.8019
      vertex -125.73 3.12253 47.8019
    endloop
  endfacet
  facet normal -0.625929 0.77988 0
    outer loop
      vertex -125.73 3.12253 47.8019
      vertex -125.73 3.12253 52.8019
      vertex -125.611 3.21811 47.8019
    endloop
  endfacet
  facet normal -0.625929 0.77988 0
    outer loop
      vertex -125.73 3.12253 52.8019
      vertex -125.611 3.21811 52.8019
      vertex -125.611 3.21811 47.8019
    endloop
  endfacet
  facet normal -0.65938 0.75181 0
    outer loop
      vertex -125.611 3.21811 47.8019
      vertex -125.611 3.21811 52.8019
      vertex -125.497 3.3188 47.8019
    endloop
  endfacet
  facet normal -0.65938 0.75181 0
    outer loop
      vertex -125.611 3.21811 52.8019
      vertex -125.497 3.3188 52.8019
      vertex -125.497 3.3188 47.8019
    endloop
  endfacet
  facet normal -0.691495 0.722381 0
    outer loop
      vertex -125.497 3.3188 47.8019
      vertex -125.497 3.3188 52.8019
      vertex -125.386 3.42439 47.8019
    endloop
  endfacet
  facet normal -0.691495 0.722381 0
    outer loop
      vertex -125.497 3.3188 52.8019
      vertex -125.386 3.42439 52.8019
      vertex -125.386 3.42439 47.8019
    endloop
  endfacet
  facet normal -0.722388 0.691488 0
    outer loop
      vertex -125.386 3.42439 47.8019
      vertex -125.386 3.42439 52.8019
      vertex -125.281 3.5347 47.8019
    endloop
  endfacet
  facet normal -0.722388 0.691488 0
    outer loop
      vertex -125.386 3.42439 52.8019
      vertex -125.281 3.5347 52.8019
      vertex -125.281 3.5347 47.8019
    endloop
  endfacet
  facet normal -0.751832 0.659354 0
    outer loop
      vertex -125.281 3.5347 47.8019
      vertex -125.281 3.5347 52.8019
      vertex -125.18 3.64951 47.8019
    endloop
  endfacet
  facet normal -0.751832 0.659354 0
    outer loop
      vertex -125.281 3.5347 52.8019
      vertex -125.18 3.64951 52.8019
      vertex -125.18 3.64951 47.8019
    endloop
  endfacet
  facet normal -0.779853 0.625962 0
    outer loop
      vertex -125.18 3.64951 47.8019
      vertex -125.18 3.64951 52.8019
      vertex -125.084 3.7686 47.8019
    endloop
  endfacet
  facet normal -0.779853 0.625962 0
    outer loop
      vertex -125.18 3.64951 52.8019
      vertex -125.084 3.7686 52.8019
      vertex -125.084 3.7686 47.8019
    endloop
  endfacet
  facet normal -0.80645 0.591302 0
    outer loop
      vertex -125.084 3.7686 47.8019
      vertex -125.084 3.7686 52.8019
      vertex -124.994 3.89175 47.8019
    endloop
  endfacet
  facet normal -0.80645 0.591302 0
    outer loop
      vertex -125.084 3.7686 52.8019
      vertex -124.994 3.89175 52.8019
      vertex -124.994 3.89175 47.8019
    endloop
  endfacet
  facet normal -0.831486 0.555545 0
    outer loop
      vertex -124.994 3.89175 47.8019
      vertex -124.994 3.89175 52.8019
      vertex -124.909 4.01872 47.8019
    endloop
  endfacet
  facet normal -0.831486 0.555545 0
    outer loop
      vertex -124.994 3.89175 52.8019
      vertex -124.909 4.01872 52.8019
      vertex -124.909 4.01872 47.8019
    endloop
  endfacet
  facet normal -0.854903 0.518788 0
    outer loop
      vertex -124.909 4.01872 47.8019
      vertex -124.909 4.01872 52.8019
      vertex -124.83 4.14927 47.8019
    endloop
  endfacet
  facet normal -0.854903 0.518788 0
    outer loop
      vertex -124.909 4.01872 52.8019
      vertex -124.83 4.14927 52.8019
      vertex -124.83 4.14927 47.8019
    endloop
  endfacet
  facet normal -0.87673 0.480983 0
    outer loop
      vertex -124.83 4.14927 47.8019
      vertex -124.83 4.14927 52.8019
      vertex -124.757 4.28315 47.8019
    endloop
  endfacet
  facet normal -0.87673 0.480983 0
    outer loop
      vertex -124.83 4.14927 52.8019
      vertex -124.757 4.28315 52.8019
      vertex -124.757 4.28315 47.8019
    endloop
  endfacet
  facet normal -0.896872 0.44229 0
    outer loop
      vertex -124.757 4.28315 47.8019
      vertex -124.757 4.28315 52.8019
      vertex -124.689 4.4201 47.8019
    endloop
  endfacet
  facet normal -0.896872 0.44229 0
    outer loop
      vertex -124.757 4.28315 52.8019
      vertex -124.689 4.4201 52.8019
      vertex -124.689 4.4201 47.8019
    endloop
  endfacet
  facet normal -0.915303 0.402765 0
    outer loop
      vertex -124.689 4.4201 47.8019
      vertex -124.689 4.4201 52.8019
      vertex -124.628 4.55988 47.8019
    endloop
  endfacet
  facet normal -0.915303 0.402765 0
    outer loop
      vertex -124.689 4.4201 52.8019
      vertex -124.628 4.55988 52.8019
      vertex -124.628 4.55988 47.8019
    endloop
  endfacet
  facet normal -0.932014 0.362422 0
    outer loop
      vertex -124.628 4.55988 47.8019
      vertex -124.628 4.55988 52.8019
      vertex -124.572 4.7022 47.8019
    endloop
  endfacet
  facet normal -0.932014 0.362422 0
    outer loop
      vertex -124.628 4.55988 52.8019
      vertex -124.572 4.7022 52.8019
      vertex -124.572 4.7022 47.8019
    endloop
  endfacet
  facet normal -0.946932 0.321435 0
    outer loop
      vertex -124.572 4.7022 47.8019
      vertex -124.572 4.7022 52.8019
      vertex -124.523 4.8468 47.8019
    endloop
  endfacet
  facet normal -0.946932 0.321435 0
    outer loop
      vertex -124.572 4.7022 52.8019
      vertex -124.523 4.8468 52.8019
      vertex -124.523 4.8468 47.8019
    endloop
  endfacet
  facet normal -0.960053 0.279817 0
    outer loop
      vertex -124.523 4.8468 47.8019
      vertex -124.523 4.8468 52.8019
      vertex -124.48 4.9934 47.8019
    endloop
  endfacet
  facet normal -0.960053 0.279817 0
    outer loop
      vertex -124.523 4.8468 52.8019
      vertex -124.48 4.9934 52.8019
      vertex -124.48 4.9934 47.8019
    endloop
  endfacet
  facet normal -0.971337 0.237708 0
    outer loop
      vertex -124.48 4.9934 47.8019
      vertex -124.48 4.9934 52.8019
      vertex -124.444 5.14173 47.8019
    endloop
  endfacet
  facet normal -0.971337 0.237708 0
    outer loop
      vertex -124.48 4.9934 52.8019
      vertex -124.444 5.14173 52.8019
      vertex -124.444 5.14173 47.8019
    endloop
  endfacet
  facet normal -0.98079 0.195067 0
    outer loop
      vertex -124.444 5.14173 47.8019
      vertex -124.444 5.14173 52.8019
      vertex -124.414 5.2915 47.8019
    endloop
  endfacet
  facet normal -0.98079 0.195067 0
    outer loop
      vertex -124.444 5.14173 52.8019
      vertex -124.414 5.2915 52.8019
      vertex -124.414 5.2915 47.8019
    endloop
  endfacet
  facet normal -0.988361 0.15213 0
    outer loop
      vertex -124.414 5.2915 47.8019
      vertex -124.414 5.2915 52.8019
      vertex -124.391 5.44243 47.8019
    endloop
  endfacet
  facet normal -0.988361 0.15213 0
    outer loop
      vertex -124.414 5.2915 52.8019
      vertex -124.391 5.44243 52.8019
      vertex -124.391 5.44243 47.8019
    endloop
  endfacet
  facet normal -0.994058 0.108853 0
    outer loop
      vertex -124.391 5.44243 47.8019
      vertex -124.391 5.44243 52.8019
      vertex -124.374 5.59422 47.8019
    endloop
  endfacet
  facet normal -0.994058 0.108853 0
    outer loop
      vertex -124.391 5.44243 52.8019
      vertex -124.374 5.59422 52.8019
      vertex -124.374 5.59422 47.8019
    endloop
  endfacet
  facet normal -0.997857 0.0654285 0
    outer loop
      vertex -124.374 5.59422 47.8019
      vertex -124.374 5.59422 52.8019
      vertex -124.365 5.7466 47.8019
    endloop
  endfacet
  facet normal -0.997857 0.0654285 0
    outer loop
      vertex -124.374 5.59422 52.8019
      vertex -124.365 5.7466 52.8019
      vertex -124.365 5.7466 47.8019
    endloop
  endfacet
  facet normal -0.999762 0.0218095 0
    outer loop
      vertex -124.365 5.7466 47.8019
      vertex -124.365 5.7466 52.8019
      vertex -124.361 5.89927 47.8019
    endloop
  endfacet
  facet normal -0.999762 0.0218095 0
    outer loop
      vertex -124.365 5.7466 52.8019
      vertex -124.361 5.89927 52.8019
      vertex -124.361 5.89927 47.8019
    endloop
  endfacet
  facet normal 1 0 0
    outer loop
      vertex -41.9129 10.3993 52.8019
      vertex -41.9129 -44.6007 52.8019
      vertex -41.9129 10.3993 47.8019
    endloop
  endfacet
  facet normal 1 0 0
    outer loop
      vertex -41.9129 -44.6007 52.8019
      vertex -41.9129 -44.6007 47.8019
      vertex -41.9129 10.3993 47.8019
    endloop
  endfacet
  facet normal 0 -1 0
    outer loop
      vertex -41.9129 -44.6007 52.8019
      vertex -131.913 -44.6007 52.8019
      vertex -41.9129 -44.6007 47.8019
    endloop
  endfacet
  facet normal 0 -1 0
    outer loop
      vertex -131.913 -44.6007 52.8019
      vertex -131.913 -44.6007 47.8019
      vertex -41.9129 -44.6007 47.8019
    endloop
  endfacet
  facet normal 0 1 0
    outer loop
      vertex -131.913 10.3993 52.8019
      vertex -41.9129 10.3993 52.8019
      vertex -131.913 10.3993 47.8019
    endloop
  endfacet
  facet normal 0 1 0
    outer loop
      vertex -41.9129 10.3993 52.8019
      vertex -41.9129 10.3993 47.8019
      vertex -131.913 10.3993 47.8019
    endloop
  endfacet
  facet normal -1 0 0
    outer loop
      vertex -131.913 -44.6007 52.8019
      vertex -131.913 10.3993 52.8019
      vertex -131.913 -44.6007 47.8019
    endloop
  endfacet
  facet normal -1 0 0
    outer loop
      vertex -131.913 10.3993 52.8019
      vertex -131.913 10.3993 47.8019
      vertex -131.913 -44.6007 47.8019
    endloop
  endfacet
  facet normal 0 0 1
    outer loop
      vertex -124.655 -40.4049 52.8019
      vertex -124.685 -40.5546 52.8019
      vertex -49.8331 -40.1021 52.8019
    endloop
  endfacet
  facet normal 0 0 1
    outer loop
      vertex -124.414 5.2915 52.8019
      vertex -124.444 5.14173 52.8019
      vertex -46.4991 2.4026 52.8019
    endloop
  endfacet
  facet normal 0 0 1
    outer loop
      vertex -42.8597 -40.1021 52.8019
      vertex -42.8763 -40.2539 52.8019
      vertex -41.9129 -44.6007 52.8019
    endloop
  endfacet
  facet normal 0 0 1
    outer loop
      vertex -124.685 -40.5546 52.8019
      vertex -124.721 -40.703 52.8019
      vertex -41.9129 -44.6007 52.8019
    endloop
  endfacet
  facet normal 0 0 1
    outer loop
      vertex -124.721 -40.703 52.8019
      vertex -124.764 -40.8496 52.8019
      vertex -41.9129 -44.6007 52.8019
    endloop
  endfacet
  facet normal 0 0 1
    outer loop
      vertex -41.9129 -44.6007 52.8019
      vertex -124.764 -40.8496 52.8019
      vertex -124.813 -40.9942 52.8019
    endloop
  endfacet
  facet normal 0 0 1
    outer loop
      vertex -124.998 -41.4132 52.8019
      vertex -125.071 -41.5471 52.8019
      vertex -41.9129 -44.6007 52.8019
    endloop
  endfacet
  facet normal 0 0 1
    outer loop
      vertex -125.071 -41.5471 52.8019
      vertex -125.15 -41.6777 52.8019
      vertex -41.9129 -44.6007 52.8019
    endloop
  endfacet
  facet normal 0 0 1
    outer loop
      vertex -125.15 -41.6777 52.8019
      vertex -125.235 -41.8046 52.8019
      vertex -41.9129 -44.6007 52.8019
    endloop
  endfacet
  facet normal 0 0 1
    outer loop
      vertex -41.9129 -44.6007 52.8019
      vertex -125.235 -41.8046 52.8019
      vertex -125.325 -41.9278 52.8019
    endloop
  endfacet
  facet normal 0 0 1
    outer loop
      vertex -124.572 4.7022 52.8019
      vertex -124.628 4.55988 52.8019
      vertex -46.4991 2.4026 52.8019
    endloop
  endfacet
  facet normal 0 0 1
    outer loop
      vertex -42.8597 -40.1021 52.8019
      vertex -41.9129 -44.6007 52.8019
      vertex -42.8497 -39.9498 52.8019
    endloop
  endfacet
  facet normal 0 0 1
    outer loop
      vertex -45.4405 -43.1778 52.8019
      vertex -45.5888 -43.2141 52.8019
      vertex -41.9129 -44.6007 52.8019
    endloop
  endfacet
  facet normal 0 0 1
    outer loop
      vertex -124.83 4.14927 52.8019
      vertex -124.909 4.01872 52.8019
      vertex -46.4991 2.4026 52.8019
    endloop
  endfacet
  facet normal 0 0 1
    outer loop
      vertex -46.4991 2.4026 52.8019
      vertex -125.18 3.64951 52.8019
      vertex -46.3464 2.39927 52.8019
    endloop
  endfacet
  facet normal 0 0 1
    outer loop
      vertex -125.18 3.64951 52.8019
      vertex -125.281 3.5347 52.8019
      vertex -46.3464 2.39927 52.8019
    endloop
  endfacet
  facet normal 0 0 1
    outer loop
      vertex -46.3464 2.39927 52.8019
      vertex -125.281 3.5347 52.8019
      vertex -125.386 3.42439 52.8019
    endloop
  endfacet
  facet normal 0 0 1
    outer loop
      vertex -42.8763 -40.2539 52.8019
      vertex -42.8996 -40.4049 52.8019
      vertex -41.9129 -44.6007 52.8019
    endloop
  endfacet
  facet normal 0 0 1
    outer loop
      vertex -42.8996 -40.4049 52.8019
      vertex -42.9293 -40.5546 52.8019
      vertex -41.9129 -44.6007 52.8019
    endloop
  endfacet
  facet normal 0 0 1
    outer loop
      vertex -41.9129 -44.6007 52.8019
      vertex -42.9293 -40.5546 52.8019
      vertex -42.9656 -40.703 52.8019
    endloop
  endfacet
  facet normal 0 0 1
    outer loop
      vertex -43.1128 -41.1365 52.8019
      vertex -43.1743 -41.2763 52.8019
      vertex -41.9129 -44.6007 52.8019
    endloop
  endfacet
  facet normal 0 0 1
    outer loop
      vertex -43.1743 -41.2763 52.8019
      vertex -43.2418 -41.4132 52.8019
      vertex -41.9129 -44.6007 52.8019
    endloop
  endfacet
  facet normal 0 0 1
    outer loop
      vertex -41.9129 -44.6007 52.8019
      vertex -43.2418 -41.4132 52.8019
      vertex -43.3153 -41.5471 52.8019
    endloop
  endfacet
  facet normal 0 0 1
    outer loop
      vertex -48.477 -42.5738 52.8019
      vertex -48.5961 -42.4783 52.8019
      vertex -124.685 -40.5546 52.8019
    endloop
  endfacet
  facet normal 0 0 1
    outer loop
      vertex -124.365 5.7466 52.8019
      vertex -124.374 5.59422 52.8019
      vertex -46.4991 2.4026 52.8019
    endloop
  endfacet
  facet normal 0 0 1
    outer loop
      vertex -124.374 5.59422 52.8019
      vertex -124.391 5.44243 52.8019
      vertex -46.4991 2.4026 52.8019
    endloop
  endfacet
  facet normal 0 0 1
    outer loop
      vertex -46.4991 2.4026 52.8019
      vertex -124.391 5.44243 52.8019
      vertex -124.414 5.2915 52.8019
    endloop
  endfacet
  facet normal 0 0 1
    outer loop
      vertex -124.909 4.01872 52.8019
      vertex -124.994 3.89175 52.8019
      vertex -46.4991 2.4026 52.8019
    endloop
  endfacet
  facet normal 0 0 1
    outer loop
      vertex -124.994 3.89175 52.8019
      vertex -125.084 3.7686 52.8019
      vertex -46.4991 2.4026 52.8019
    endloop
  endfacet
  facet normal 0 0 1
    outer loop
      vertex -46.4991 2.4026 52.8019
      vertex -125.084 3.7686 52.8019
      vertex -125.18 3.64951 52.8019
    endloop
  endfacet
  facet normal 0 0 1
    outer loop
      vertex -125.325 -41.9278 52.8019
      vertex -125.421 -42.0469 52.8019
      vertex -41.9129 -44.6007 52.8019
    endloop
  endfacet
  facet normal 0 0 1
    outer loop
      vertex -125.421 -42.0469 52.8019
      vertex -125.522 -42.1617 52.8019
      vertex -41.9129 -44.6007 52.8019
    endloop
  endfacet
  facet normal 0 0 1
    outer loop
      vertex -41.9129 -44.6007 52.8019
      vertex -125.522 -42.1617 52.8019
      vertex -125.627 -42.272 52.8019
    endloop
  endfacet
  facet normal 0 0 1
    outer loop
      vertex -130.683 -42.1617 52.8019
      vertex -130.783 -42.0469 52.8019
      vertex -131.913 -44.6007 52.8019
    endloop
  endfacet
  facet normal 0 0 1
    outer loop
      vertex -130.783 -42.0469 52.8019
      vertex -130.879 -41.9278 52.8019
      vertex -131.913 -44.6007 52.8019
    endloop
  endfacet
  facet normal 0 0 1
    outer loop
      vertex -131.44 -40.8496 52.8019
      vertex -131.913 -44.6007 52.8019
      vertex -131.391 -40.9942 52.8019
    endloop
  endfacet
  facet normal 0 0 1
    outer loop
      vertex -131.913 -44.6007 52.8019
      vertex -131.336 -41.1365 52.8019
      vertex -131.391 -40.9942 52.8019
    endloop
  endfacet
  facet normal 0 0 1
    outer loop
      vertex -124.523 6.95174 52.8019
      vertex -124.48 6.80513 52.8019
      vertex -41.9129 10.3993 52.8019
    endloop
  endfacet
  facet normal 0 0 1
    outer loop
      vertex -42.9656 -40.703 52.8019
      vertex -43.0084 -40.8496 52.8019
      vertex -41.9129 -44.6007 52.8019
    endloop
  endfacet
  facet normal 0 0 1
    outer loop
      vertex -43.0084 -40.8496 52.8019
      vertex -43.0575 -40.9942 52.8019
      vertex -41.9129 -44.6007 52.8019
    endloop
  endfacet
  facet normal 0 0 1
    outer loop
      vertex -41.9129 -44.6007 52.8019
      vertex -43.0575 -40.9942 52.8019
      vertex -43.1128 -41.1365 52.8019
    endloop
  endfacet
  facet normal 0 0 1
    outer loop
      vertex -48.477 -42.5738 52.8019
      vertex -124.685 -40.5546 52.8019
      vertex -48.3539 -42.6641 52.8019
    endloop
  endfacet
  facet normal 0 0 1
    outer loop
      vertex -48.9269 -42.1617 52.8019
      vertex -49.0275 -42.0469 52.8019
      vertex -124.685 -40.5546 52.8019
    endloop
  endfacet
  facet normal 0 0 1
    outer loop
      vertex -49.0275 -42.0469 52.8019
      vertex -49.1231 -41.9278 52.8019
      vertex -124.685 -40.5546 52.8019
    endloop
  endfacet
  facet normal 0 0 1
    outer loop
      vertex -124.685 -40.5546 52.8019
      vertex -49.1231 -41.9278 52.8019
      vertex -49.2134 -41.8046 52.8019
    endloop
  endfacet
  facet normal 0 0 1
    outer loop
      vertex -49.2134 -41.8046 52.8019
      vertex -49.2983 -41.6777 52.8019
      vertex -124.685 -40.5546 52.8019
    endloop
  endfacet
  facet normal 0 0 1
    outer loop
      vertex -49.2983 -41.6777 52.8019
      vertex -49.3775 -41.5471 52.8019
      vertex -124.685 -40.5546 52.8019
    endloop
  endfacet
  facet normal 0 0 1
    outer loop
      vertex -124.685 -40.5546 52.8019
      vertex -49.3775 -41.5471 52.8019
      vertex -49.4509 -41.4132 52.8019
    endloop
  endfacet
  facet normal 0 0 1
    outer loop
      vertex -49.7634 -40.5546 52.8019
      vertex -49.7932 -40.4049 52.8019
      vertex -124.685 -40.5546 52.8019
    endloop
  endfacet
  facet normal 0 0 1
    outer loop
      vertex -49.7932 -40.4049 52.8019
      vertex -49.8164 -40.2539 52.8019
      vertex -124.685 -40.5546 52.8019
    endloop
  endfacet
  facet normal 0 0 1
    outer loop
      vertex -124.685 -40.5546 52.8019
      vertex -49.8164 -40.2539 52.8019
      vertex -49.8331 -40.1021 52.8019
    endloop
  endfacet
  facet normal 0 0 1
    outer loop
      vertex -124.602 -39.7971 52.8019
      vertex -124.605 -39.9498 52.8019
      vertex -49.8331 -40.1021 52.8019
    endloop
  endfacet
  facet normal 0 0 1
    outer loop
      vertex -124.813 -40.9942 52.8019
      vertex -124.868 -41.1365 52.8019
      vertex -41.9129 -44.6007 52.8019
    endloop
  endfacet
  facet normal 0 0 1
    outer loop
      vertex -124.868 -41.1365 52.8019
      vertex -124.93 -41.2763 52.8019
      vertex -41.9129 -44.6007 52.8019
    endloop
  endfacet
  facet normal 0 0 1
    outer loop
      vertex -41.9129 -44.6007 52.8019
      vertex -124.93 -41.2763 52.8019
      vertex -124.998 -41.4132 52.8019
    endloop
  endfacet
  facet normal 0 0 1
    outer loop
      vertex -124.444 5.14173 52.8019
      vertex -124.48 4.9934 52.8019
      vertex -46.4991 2.4026 52.8019
    endloop
  endfacet
  facet normal 0 0 1
    outer loop
      vertex -124.48 4.9934 52.8019
      vertex -124.523 4.8468 52.8019
      vertex -46.4991 2.4026 52.8019
    endloop
  endfacet
  facet normal 0 0 1
    outer loop
      vertex -46.4991 2.4026 52.8019
      vertex -124.523 4.8468 52.8019
      vertex -124.572 4.7022 52.8019
    endloop
  endfacet
  facet normal 0 0 1
    outer loop
      vertex -130.879 -41.9278 52.8019
      vertex -130.969 -41.8046 52.8019
      vertex -131.913 -44.6007 52.8019
    endloop
  endfacet
  facet normal 0 0 1
    outer loop
      vertex -130.969 -41.8046 52.8019
      vertex -131.054 -41.6777 52.8019
      vertex -131.913 -44.6007 52.8019
    endloop
  endfacet
  facet normal 0 0 1
    outer loop
      vertex -131.913 -44.6007 52.8019
      vertex -131.054 -41.6777 52.8019
      vertex -131.133 -41.5471 52.8019
    endloop
  endfacet
  facet normal 0 0 1
    outer loop
      vertex -131.133 -41.5471 52.8019
      vertex -131.207 -41.4132 52.8019
      vertex -131.913 -44.6007 52.8019
    endloop
  endfacet
  facet normal 0 0 1
    outer loop
      vertex -131.207 -41.4132 52.8019
      vertex -131.274 -41.2763 52.8019
      vertex -131.913 -44.6007 52.8019
    endloop
  endfacet
  facet normal 0 0 1
    outer loop
      vertex -131.913 -44.6007 52.8019
      vertex -131.274 -41.2763 52.8019
      vertex -131.336 -41.1365 52.8019
    endloop
  endfacet
  facet normal 0 0 1
    outer loop
      vertex -131.483 -38.8912 52.8019
      vertex -131.44 -38.7446 52.8019
      vertex -131.913 10.3993 52.8019
    endloop
  endfacet
  facet normal 0 0 1
    outer loop
      vertex -131.44 -38.7446 52.8019
      vertex -131.391 -38.6 52.8019
      vertex -131.913 10.3993 52.8019
    endloop
  endfacet
  facet normal 0 0 1
    outer loop
      vertex -131.913 10.3993 52.8019
      vertex -131.391 -38.6 52.8019
      vertex -131.336 -38.4577 52.8019
    endloop
  endfacet
  facet normal 0 0 1
    outer loop
      vertex -130.966 4.28315 52.8019
      vertex -131.033 4.4201 52.8019
      vertex -131.336 -38.4577 52.8019
    endloop
  endfacet
  facet normal 0 0 1
    outer loop
      vertex -43.3153 -41.5471 52.8019
      vertex -43.3945 -41.6777 52.8019
      vertex -41.9129 -44.6007 52.8019
    endloop
  endfacet
  facet normal 0 0 1
    outer loop
      vertex -43.3945 -41.6777 52.8019
      vertex -43.4794 -41.8046 52.8019
      vertex -41.9129 -44.6007 52.8019
    endloop
  endfacet
  facet normal 0 0 1
    outer loop
      vertex -41.9129 -44.6007 52.8019
      vertex -43.4794 -41.8046 52.8019
      vertex -43.5696 -41.9278 52.8019
    endloop
  endfacet
  facet normal 0 0 1
    outer loop
      vertex -45.5888 -43.2141 52.8019
      vertex -45.7386 -43.2439 52.8019
      vertex -41.9129 -44.6007 52.8019
    endloop
  endfacet
  facet normal 0 0 1
    outer loop
      vertex -45.7386 -43.2439 52.8019
      vertex -45.8895 -43.2672 52.8019
      vertex -41.9129 -44.6007 52.8019
    endloop
  endfacet
  facet normal 0 0 1
    outer loop
      vertex -41.9129 -44.6007 52.8019
      vertex -45.8895 -43.2672 52.8019
      vertex -46.0413 -43.2838 52.8019
    endloop
  endfacet
  facet normal 0 0 1
    outer loop
      vertex -48.5961 -42.4783 52.8019
      vertex -48.7109 -42.3776 52.8019
      vertex -124.685 -40.5546 52.8019
    endloop
  endfacet
  facet normal 0 0 1
    outer loop
      vertex -48.7109 -42.3776 52.8019
      vertex -48.8213 -42.272 52.8019
      vertex -124.685 -40.5546 52.8019
    endloop
  endfacet
  facet normal 0 0 1
    outer loop
      vertex -124.685 -40.5546 52.8019
      vertex -48.8213 -42.272 52.8019
      vertex -48.9269 -42.1617 52.8019
    endloop
  endfacet
  facet normal 0 0 1
    outer loop
      vertex -49.4509 -41.4132 52.8019
      vertex -49.5185 -41.2763 52.8019
      vertex -124.685 -40.5546 52.8019
    endloop
  endfacet
  facet normal 0 0 1
    outer loop
      vertex -49.5185 -41.2763 52.8019
      vertex -49.58 -41.1365 52.8019
      vertex -124.685 -40.5546 52.8019
    endloop
  endfacet
  facet normal 0 0 1
    outer loop
      vertex -124.685 -40.5546 52.8019
      vertex -49.58 -41.1365 52.8019
      vertex -49.6353 -40.9942 52.8019
    endloop
  endfacet
  facet normal 0 0 1
    outer loop
      vertex -49.6353 -40.9942 52.8019
      vertex -49.6844 -40.8496 52.8019
      vertex -124.685 -40.5546 52.8019
    endloop
  endfacet
  facet normal 0 0 1
    outer loop
      vertex -49.6844 -40.8496 52.8019
      vertex -49.7271 -40.703 52.8019
      vertex -124.685 -40.5546 52.8019
    endloop
  endfacet
  facet normal 0 0 1
    outer loop
      vertex -124.685 -40.5546 52.8019
      vertex -49.7271 -40.703 52.8019
      vertex -49.7634 -40.5546 52.8019
    endloop
  endfacet
  facet normal 0 0 1
    outer loop
      vertex -124.628 4.55988 52.8019
      vertex -124.689 4.4201 52.8019
      vertex -46.4991 2.4026 52.8019
    endloop
  endfacet
  facet normal 0 0 1
    outer loop
      vertex -124.689 4.4201 52.8019
      vertex -124.757 4.28315 52.8019
      vertex -46.4991 2.4026 52.8019
    endloop
  endfacet
  facet normal 0 0 1
    outer loop
      vertex -46.4991 2.4026 52.8019
      vertex -124.757 4.28315 52.8019
      vertex -124.83 4.14927 52.8019
    endloop
  endfacet
  facet normal 0 0 1
    outer loop
      vertex -130.813 4.01872 52.8019
      vertex -131.054 -37.9166 52.8019
      vertex -130.969 -37.7896 52.8019
    endloop
  endfacet
  facet normal 0 0 1
    outer loop
      vertex -46.1937 2.4026 52.8019
      vertex -46.3464 2.39927 52.8019
      vertex -125.071 -38.0471 52.8019
    endloop
  endfacet
  facet normal 0 0 1
    outer loop
      vertex -130.969 -37.7896 52.8019
      vertex -130.879 -37.6664 52.8019
      vertex -130.813 4.01872 52.8019
    endloop
  endfacet
  facet normal 0 0 1
    outer loop
      vertex -130.879 -37.6664 52.8019
      vertex -130.783 -37.5473 52.8019
      vertex -130.813 4.01872 52.8019
    endloop
  endfacet
  facet normal 0 0 1
    outer loop
      vertex -130.813 4.01872 52.8019
      vertex -130.783 -37.5473 52.8019
      vertex -130.728 3.89175 52.8019
    endloop
  endfacet
  facet normal 0 0 1
    outer loop
      vertex -130.783 -37.5473 52.8019
      vertex -130.638 3.7686 52.8019
      vertex -130.728 3.89175 52.8019
    endloop
  endfacet
  facet normal 0 0 1
    outer loop
      vertex -43.5696 -41.9278 52.8019
      vertex -43.6652 -42.0469 52.8019
      vertex -41.9129 -44.6007 52.8019
    endloop
  endfacet
  facet normal 0 0 1
    outer loop
      vertex -43.6652 -42.0469 52.8019
      vertex -43.7659 -42.1617 52.8019
      vertex -41.9129 -44.6007 52.8019
    endloop
  endfacet
  facet normal 0 0 1
    outer loop
      vertex -41.9129 -44.6007 52.8019
      vertex -43.7659 -42.1617 52.8019
      vertex -43.8715 -42.272 52.8019
    endloop
  endfacet
  facet normal 0 0 1
    outer loop
      vertex -43.8715 -42.272 52.8019
      vertex -43.9818 -42.3776 52.8019
      vertex -41.9129 -44.6007 52.8019
    endloop
  endfacet
  facet normal 0 0 1
    outer loop
      vertex -43.9818 -42.3776 52.8019
      vertex -44.0966 -42.4783 52.8019
      vertex -41.9129 -44.6007 52.8019
    endloop
  endfacet
  facet normal 0 0 1
    outer loop
      vertex -41.9129 -44.6007 52.8019
      vertex -44.0966 -42.4783 52.8019
      vertex -44.2157 -42.5738 52.8019
    endloop
  endfacet
  facet normal 0 0 1
    outer loop
      vertex -46.0413 -43.2838 52.8019
      vertex -46.1937 -43.2938 52.8019
      vertex -41.9129 -44.6007 52.8019
    endloop
  endfacet
  facet normal 0 0 1
    outer loop
      vertex -46.1937 -43.2938 52.8019
      vertex -46.3464 -43.2971 52.8019
      vertex -41.9129 -44.6007 52.8019
    endloop
  endfacet
  facet normal 0 0 1
    outer loop
      vertex -41.9129 -44.6007 52.8019
      vertex -46.3464 -43.2971 52.8019
      vertex -46.4991 -43.2938 52.8019
    endloop
  endfacet
  facet normal 0 0 1
    outer loop
      vertex -46.4991 -43.2938 52.8019
      vertex -46.6514 -43.2838 52.8019
      vertex -41.9129 -44.6007 52.8019
    endloop
  endfacet
  facet normal 0 0 1
    outer loop
      vertex -46.6514 -43.2838 52.8019
      vertex -46.8032 -43.2672 52.8019
      vertex -41.9129 -44.6007 52.8019
    endloop
  endfacet
  facet normal 0 0 1
    outer loop
      vertex -41.9129 -44.6007 52.8019
      vertex -46.8032 -43.2672 52.8019
      vertex -124.685 -40.5546 52.8019
    endloop
  endfacet
  facet normal 0 0 1
    outer loop
      vertex -46.8032 -43.2672 52.8019
      vertex -46.9542 -43.2439 52.8019
      vertex -124.685 -40.5546 52.8019
    endloop
  endfacet
  facet normal 0 0 1
    outer loop
      vertex -47.8255 -42.9692 52.8019
      vertex -47.9625 -42.9016 52.8019
      vertex -124.685 -40.5546 52.8019
    endloop
  endfacet
  facet normal 0 0 1
    outer loop
      vertex -124.605 -39.9498 52.8019
      vertex -124.615 -40.1021 52.8019
      vertex -49.8331 -40.1021 52.8019
    endloop
  endfacet
  facet normal 0 0 1
    outer loop
      vertex -124.615 -40.1021 52.8019
      vertex -124.632 -40.2539 52.8019
      vertex -49.8331 -40.1021 52.8019
    endloop
  endfacet
  facet normal 0 0 1
    outer loop
      vertex -49.8331 -40.1021 52.8019
      vertex -124.632 -40.2539 52.8019
      vertex -124.655 -40.4049 52.8019
    endloop
  endfacet
  facet normal 0 0 1
    outer loop
      vertex -130.352 -42.4783 52.8019
      vertex -130.467 -42.3776 52.8019
      vertex -131.913 -44.6007 52.8019
    endloop
  endfacet
  facet normal 0 0 1
    outer loop
      vertex -130.467 -42.3776 52.8019
      vertex -130.577 -42.272 52.8019
      vertex -131.913 -44.6007 52.8019
    endloop
  endfacet
  facet normal 0 0 1
    outer loop
      vertex -131.913 -44.6007 52.8019
      vertex -130.577 -42.272 52.8019
      vertex -130.683 -42.1617 52.8019
    endloop
  endfacet
  facet normal 0 0 1
    outer loop
      vertex -131.44 -40.8496 52.8019
      vertex -131.483 -40.703 52.8019
      vertex -131.913 -44.6007 52.8019
    endloop
  endfacet
  facet normal 0 0 1
    outer loop
      vertex -131.483 -40.703 52.8019
      vertex -131.519 -40.5546 52.8019
      vertex -131.913 -44.6007 52.8019
    endloop
  endfacet
  facet normal 0 0 1
    outer loop
      vertex -131.913 -44.6007 52.8019
      vertex -131.519 -40.5546 52.8019
      vertex -131.549 -40.4049 52.8019
    endloop
  endfacet
  facet normal 0 0 1
    outer loop
      vertex -131.572 -39.3403 52.8019
      vertex -131.549 -39.1893 52.8019
      vertex -131.913 10.3993 52.8019
    endloop
  endfacet
  facet normal 0 0 1
    outer loop
      vertex -131.549 -39.1893 52.8019
      vertex -131.519 -39.0396 52.8019
      vertex -131.913 10.3993 52.8019
    endloop
  endfacet
  facet normal 0 0 1
    outer loop
      vertex -131.913 10.3993 52.8019
      vertex -131.519 -39.0396 52.8019
      vertex -131.483 -38.8912 52.8019
    endloop
  endfacet
  facet normal 0 0 1
    outer loop
      vertex -131.274 -38.3179 52.8019
      vertex -131.207 -38.181 52.8019
      vertex -130.813 4.01872 52.8019
    endloop
  endfacet
  facet normal 0 0 1
    outer loop
      vertex -131.207 -38.181 52.8019
      vertex -131.133 -38.0471 52.8019
      vertex -130.813 4.01872 52.8019
    endloop
  endfacet
  facet normal 0 0 1
    outer loop
      vertex -130.813 4.01872 52.8019
      vertex -131.133 -38.0471 52.8019
      vertex -131.054 -37.9166 52.8019
    endloop
  endfacet
  facet normal 0 0 1
    outer loop
      vertex -130.336 3.42439 52.8019
      vertex -130.442 3.5347 52.8019
      vertex -130.783 -37.5473 52.8019
    endloop
  endfacet
  facet normal 0 0 1
    outer loop
      vertex -130.442 3.5347 52.8019
      vertex -130.542 3.64951 52.8019
      vertex -130.783 -37.5473 52.8019
    endloop
  endfacet
  facet normal 0 0 1
    outer loop
      vertex -130.783 -37.5473 52.8019
      vertex -130.542 3.64951 52.8019
      vertex -130.638 3.7686 52.8019
    endloop
  endfacet
  facet normal 0 0 1
    outer loop
      vertex -131.274 -38.3179 52.8019
      vertex -130.813 4.01872 52.8019
      vertex -131.336 -38.4577 52.8019
    endloop
  endfacet
  facet normal 0 0 1
    outer loop
      vertex -130.813 4.01872 52.8019
      vertex -130.892 4.14927 52.8019
      vertex -131.336 -38.4577 52.8019
    endloop
  endfacet
  facet normal 0 0 1
    outer loop
      vertex -131.336 -38.4577 52.8019
      vertex -130.892 4.14927 52.8019
      vertex -130.966 4.28315 52.8019
    endloop
  endfacet
  facet normal 0 0 1
    outer loop
      vertex -49.0275 3.64951 52.8019
      vertex -49.1231 3.7686 52.8019
      vertex -124.361 5.89927 52.8019
    endloop
  endfacet
  facet normal 0 0 1
    outer loop
      vertex -47.9625 -42.9016 52.8019
      vertex -48.0964 -42.8282 52.8019
      vertex -124.685 -40.5546 52.8019
    endloop
  endfacet
  facet normal 0 0 1
    outer loop
      vertex -48.0964 -42.8282 52.8019
      vertex -48.2269 -42.749 52.8019
      vertex -124.685 -40.5546 52.8019
    endloop
  endfacet
  facet normal 0 0 1
    outer loop
      vertex -124.685 -40.5546 52.8019
      vertex -48.2269 -42.749 52.8019
      vertex -48.3539 -42.6641 52.8019
    endloop
  endfacet
  facet normal 0 0 1
    outer loop
      vertex -125.627 -42.272 52.8019
      vertex -125.737 -42.3776 52.8019
      vertex -41.9129 -44.6007 52.8019
    endloop
  endfacet
  facet normal 0 0 1
    outer loop
      vertex -125.737 -42.3776 52.8019
      vertex -125.852 -42.4783 52.8019
      vertex -41.9129 -44.6007 52.8019
    endloop
  endfacet
  facet normal 0 0 1
    outer loop
      vertex -41.9129 -44.6007 52.8019
      vertex -125.852 -42.4783 52.8019
      vertex -125.971 -42.5738 52.8019
    endloop
  endfacet
  facet normal 0 0 1
    outer loop
      vertex -125.971 -42.5738 52.8019
      vertex -126.095 -42.6641 52.8019
      vertex -41.9129 -44.6007 52.8019
    endloop
  endfacet
  facet normal 0 0 1
    outer loop
      vertex -126.095 -42.6641 52.8019
      vertex -126.222 -42.749 52.8019
      vertex -41.9129 -44.6007 52.8019
    endloop
  endfacet
  facet normal 0 0 1
    outer loop
      vertex -41.9129 -44.6007 52.8019
      vertex -126.222 -42.749 52.8019
      vertex -126.352 -42.8282 52.8019
    endloop
  endfacet
  facet normal 0 0 1
    outer loop
      vertex -131.549 -40.4049 52.8019
      vertex -131.572 -40.2539 52.8019
      vertex -131.913 -44.6007 52.8019
    endloop
  endfacet
  facet normal 0 0 1
    outer loop
      vertex -131.572 -40.2539 52.8019
      vertex -131.589 -40.1021 52.8019
      vertex -131.913 -44.6007 52.8019
    endloop
  endfacet
  facet normal 0 0 1
    outer loop
      vertex -131.913 -44.6007 52.8019
      vertex -131.589 -40.1021 52.8019
      vertex -131.599 -39.9498 52.8019
    endloop
  endfacet
  facet normal 0 0 1
    outer loop
      vertex -131.913 10.3993 52.8019
      vertex -131.242 6.80513 52.8019
      vertex -131.199 6.95174 52.8019
    endloop
  endfacet
  facet normal 0 0 1
    outer loop
      vertex -130.638 8.02993 52.8019
      vertex -131.913 10.3993 52.8019
      vertex -130.728 7.90679 52.8019
    endloop
  endfacet
  facet normal 0 0 1
    outer loop
      vertex -131.913 10.3993 52.8019
      vertex -130.813 7.77982 52.8019
      vertex -130.728 7.90679 52.8019
    endloop
  endfacet
  facet normal 0 0 1
    outer loop
      vertex -130.638 8.02993 52.8019
      vertex -130.542 8.14903 52.8019
      vertex -131.913 10.3993 52.8019
    endloop
  endfacet
  facet normal 0 0 1
    outer loop
      vertex -130.542 8.14903 52.8019
      vertex -130.442 8.26383 52.8019
      vertex -131.913 10.3993 52.8019
    endloop
  endfacet
  facet normal 0 0 1
    outer loop
      vertex -131.913 10.3993 52.8019
      vertex -130.442 8.26383 52.8019
      vertex -130.336 8.37414 52.8019
    endloop
  endfacet
  facet normal 0 0 1
    outer loop
      vertex -41.9129 10.3993 52.8019
      vertex -124.994 7.90679 52.8019
      vertex -124.909 7.77982 52.8019
    endloop
  endfacet
  facet normal 0 0 1
    outer loop
      vertex -124.909 7.77982 52.8019
      vertex -124.83 7.64927 52.8019
      vertex -41.9129 10.3993 52.8019
    endloop
  endfacet
  facet normal 0 0 1
    outer loop
      vertex -124.83 7.64927 52.8019
      vertex -124.757 7.51539 52.8019
      vertex -41.9129 10.3993 52.8019
    endloop
  endfacet
  facet normal 0 0 1
    outer loop
      vertex -41.9129 10.3993 52.8019
      vertex -124.757 7.51539 52.8019
      vertex -124.689 7.37843 52.8019
    endloop
  endfacet
  facet normal 0 0 1
    outer loop
      vertex -48.5961 3.21811 52.8019
      vertex -48.7109 3.3188 52.8019
      vertex -124.361 5.89927 52.8019
    endloop
  endfacet
  facet normal 0 0 1
    outer loop
      vertex -131.599 -39.9498 52.8019
      vertex -131.602 -39.7971 52.8019
      vertex -131.913 -44.6007 52.8019
    endloop
  endfacet
  facet normal 0 0 1
    outer loop
      vertex -131.602 -39.7971 52.8019
      vertex -131.599 -39.6444 52.8019
      vertex -131.913 -44.6007 52.8019
    endloop
  endfacet
  facet normal 0 0 1
    outer loop
      vertex -131.913 -44.6007 52.8019
      vertex -131.599 -39.6444 52.8019
      vertex -131.913 10.3993 52.8019
    endloop
  endfacet
  facet normal 0 0 1
    outer loop
      vertex -131.599 -39.6444 52.8019
      vertex -131.589 -39.4921 52.8019
      vertex -131.913 10.3993 52.8019
    endloop
  endfacet
  facet normal 0 0 1
    outer loop
      vertex -131.913 10.3993 52.8019
      vertex -131.589 -39.4921 52.8019
      vertex -131.572 -39.3403 52.8019
    endloop
  endfacet
  facet normal 0 0 1
    outer loop
      vertex -124.868 -38.4577 52.8019
      vertex -124.813 -38.6 52.8019
      vertex -44.7303 2.79473 52.8019
    endloop
  endfacet
  facet normal 0 0 1
    outer loop
      vertex -124.813 -38.6 52.8019
      vertex -124.764 -38.7446 52.8019
      vertex -44.7303 2.79473 52.8019
    endloop
  endfacet
  facet normal 0 0 1
    outer loop
      vertex -44.7303 2.79473 52.8019
      vertex -124.764 -38.7446 52.8019
      vertex -124.721 -38.8912 52.8019
    endloop
  endfacet
  facet normal 0 0 1
    outer loop
      vertex -131.033 4.4201 52.8019
      vertex -131.095 4.55988 52.8019
      vertex -131.336 -38.4577 52.8019
    endloop
  endfacet
  facet normal 0 0 1
    outer loop
      vertex -131.095 4.55988 52.8019
      vertex -131.15 4.7022 52.8019
      vertex -131.336 -38.4577 52.8019
    endloop
  endfacet
  facet normal 0 0 1
    outer loop
      vertex -131.336 -38.4577 52.8019
      vertex -131.15 4.7022 52.8019
      vertex -131.199 4.8468 52.8019
    endloop
  endfacet
  facet normal 0 0 1
    outer loop
      vertex -131.199 4.8468 52.8019
      vertex -131.242 4.9934 52.8019
      vertex -131.336 -38.4577 52.8019
    endloop
  endfacet
  facet normal 0 0 1
    outer loop
      vertex -131.242 4.9934 52.8019
      vertex -131.278 5.14173 52.8019
      vertex -131.336 -38.4577 52.8019
    endloop
  endfacet
  facet normal 0 0 1
    outer loop
      vertex -131.336 -38.4577 52.8019
      vertex -131.278 5.14173 52.8019
      vertex -131.308 5.2915 52.8019
    endloop
  endfacet
  facet normal 0 0 1
    outer loop
      vertex -131.199 6.95174 52.8019
      vertex -131.15 7.09634 52.8019
      vertex -131.913 10.3993 52.8019
    endloop
  endfacet
  facet normal 0 0 1
    outer loop
      vertex -131.15 7.09634 52.8019
      vertex -131.095 7.23866 52.8019
      vertex -131.913 10.3993 52.8019
    endloop
  endfacet
  facet normal 0 0 1
    outer loop
      vertex -131.913 10.3993 52.8019
      vertex -131.095 7.23866 52.8019
      vertex -131.033 7.37843 52.8019
    endloop
  endfacet
  facet normal 0 0 1
    outer loop
      vertex -131.033 7.37843 52.8019
      vertex -130.966 7.51539 52.8019
      vertex -131.913 10.3993 52.8019
    endloop
  endfacet
  facet normal 0 0 1
    outer loop
      vertex -130.966 7.51539 52.8019
      vertex -130.892 7.64927 52.8019
      vertex -131.913 10.3993 52.8019
    endloop
  endfacet
  facet normal 0 0 1
    outer loop
      vertex -131.913 10.3993 52.8019
      vertex -130.892 7.64927 52.8019
      vertex -130.813 7.77982 52.8019
    endloop
  endfacet
  facet normal 0 0 1
    outer loop
      vertex -124.689 7.37843 52.8019
      vertex -124.628 7.23866 52.8019
      vertex -41.9129 10.3993 52.8019
    endloop
  endfacet
  facet normal 0 0 1
    outer loop
      vertex -124.628 7.23866 52.8019
      vertex -124.572 7.09634 52.8019
      vertex -41.9129 10.3993 52.8019
    endloop
  endfacet
  facet normal 0 0 1
    outer loop
      vertex -41.9129 10.3993 52.8019
      vertex -124.572 7.09634 52.8019
      vertex -124.523 6.95174 52.8019
    endloop
  endfacet
  facet normal 0 0 1
    outer loop
      vertex -124.365 5.7466 52.8019
      vertex -46.4991 2.4026 52.8019
      vertex -124.361 5.89927 52.8019
    endloop
  endfacet
  facet normal 0 0 1
    outer loop
      vertex -46.4991 2.4026 52.8019
      vertex -46.6514 2.41259 52.8019
      vertex -124.361 5.89927 52.8019
    endloop
  endfacet
  facet normal 0 0 1
    outer loop
      vertex -124.361 5.89927 52.8019
      vertex -46.6514 2.41259 52.8019
      vertex -46.8032 2.42921 52.8019
    endloop
  endfacet
  facet normal 0 0 1
    outer loop
      vertex -48.5961 3.21811 52.8019
      vertex -124.361 5.89927 52.8019
      vertex -48.477 3.12253 52.8019
    endloop
  endfacet
  facet normal 0 0 1
    outer loop
      vertex -49.1231 3.7686 52.8019
      vertex -49.2134 3.89175 52.8019
      vertex -124.361 5.89927 52.8019
    endloop
  endfacet
  facet normal 0 0 1
    outer loop
      vertex -49.2134 3.89175 52.8019
      vertex -49.2983 4.01872 52.8019
      vertex -124.361 5.89927 52.8019
    endloop
  endfacet
  facet normal 0 0 1
    outer loop
      vertex -124.361 5.89927 52.8019
      vertex -49.2983 4.01872 52.8019
      vertex -49.3775 4.14927 52.8019
    endloop
  endfacet
  facet normal 0 0 1
    outer loop
      vertex -42.9656 6.80513 52.8019
      vertex -42.9293 6.65681 52.8019
      vertex -41.9129 10.3993 52.8019
    endloop
  endfacet
  facet normal 0 0 1
    outer loop
      vertex -44.2157 -42.5738 52.8019
      vertex -44.3389 -42.6641 52.8019
      vertex -41.9129 -44.6007 52.8019
    endloop
  endfacet
  facet normal 0 0 1
    outer loop
      vertex -44.3389 -42.6641 52.8019
      vertex -44.4658 -42.749 52.8019
      vertex -41.9129 -44.6007 52.8019
    endloop
  endfacet
  facet normal 0 0 1
    outer loop
      vertex -41.9129 -44.6007 52.8019
      vertex -44.4658 -42.749 52.8019
      vertex -44.5964 -42.8282 52.8019
    endloop
  endfacet
  facet normal 0 0 1
    outer loop
      vertex -44.5964 -42.8282 52.8019
      vertex -44.7303 -42.9016 52.8019
      vertex -41.9129 -44.6007 52.8019
    endloop
  endfacet
  facet normal 0 0 1
    outer loop
      vertex -44.7303 -42.9016 52.8019
      vertex -44.8672 -42.9692 52.8019
      vertex -41.9129 -44.6007 52.8019
    endloop
  endfacet
  facet normal 0 0 1
    outer loop
      vertex -41.9129 -44.6007 52.8019
      vertex -44.8672 -42.9692 52.8019
      vertex -45.007 -43.0307 52.8019
    endloop
  endfacet
  facet normal 0 0 1
    outer loop
      vertex -45.007 -43.0307 52.8019
      vertex -45.1493 -43.086 52.8019
      vertex -41.9129 -44.6007 52.8019
    endloop
  endfacet
  facet normal 0 0 1
    outer loop
      vertex -45.1493 -43.086 52.8019
      vertex -45.2939 -43.1351 52.8019
      vertex -41.9129 -44.6007 52.8019
    endloop
  endfacet
  facet normal 0 0 1
    outer loop
      vertex -41.9129 -44.6007 52.8019
      vertex -45.2939 -43.1351 52.8019
      vertex -45.4405 -43.1778 52.8019
    endloop
  endfacet
  facet normal 0 0 1
    outer loop
      vertex -46.9542 -43.2439 52.8019
      vertex -47.1039 -43.2141 52.8019
      vertex -124.685 -40.5546 52.8019
    endloop
  endfacet
  facet normal 0 0 1
    outer loop
      vertex -47.1039 -43.2141 52.8019
      vertex -47.2523 -43.1778 52.8019
      vertex -124.685 -40.5546 52.8019
    endloop
  endfacet
  facet normal 0 0 1
    outer loop
      vertex -124.685 -40.5546 52.8019
      vertex -47.2523 -43.1778 52.8019
      vertex -47.3989 -43.1351 52.8019
    endloop
  endfacet
  facet normal 0 0 1
    outer loop
      vertex -47.3989 -43.1351 52.8019
      vertex -47.5435 -43.086 52.8019
      vertex -124.685 -40.5546 52.8019
    endloop
  endfacet
  facet normal 0 0 1
    outer loop
      vertex -47.5435 -43.086 52.8019
      vertex -47.6858 -43.0307 52.8019
      vertex -124.685 -40.5546 52.8019
    endloop
  endfacet
  facet normal 0 0 1
    outer loop
      vertex -124.685 -40.5546 52.8019
      vertex -47.6858 -43.0307 52.8019
      vertex -47.8255 -42.9692 52.8019
    endloop
  endfacet
  facet normal 0 0 1
    outer loop
      vertex -126.352 -42.8282 52.8019
      vertex -126.486 -42.9016 52.8019
      vertex -41.9129 -44.6007 52.8019
    endloop
  endfacet
  facet normal 0 0 1
    outer loop
      vertex -126.486 -42.9016 52.8019
      vertex -126.623 -42.9692 52.8019
      vertex -41.9129 -44.6007 52.8019
    endloop
  endfacet
  facet normal 0 0 1
    outer loop
      vertex -41.9129 -44.6007 52.8019
      vertex -126.623 -42.9692 52.8019
      vertex -126.763 -43.0307 52.8019
    endloop
  endfacet
  facet normal 0 0 1
    outer loop
      vertex -43.1743 -38.3179 52.8019
      vertex -43.1128 -38.4577 52.8019
      vertex -41.9129 10.3993 52.8019
    endloop
  endfacet
  facet normal 0 0 1
    outer loop
      vertex -125.854 3.03224 52.8019
      vertex -125.981 2.9474 52.8019
      vertex -130.783 -37.5473 52.8019
    endloop
  endfacet
  facet normal 0 0 1
    outer loop
      vertex -127.253 2.45244 52.8019
      vertex -127.404 2.42921 52.8019
      vertex -130.783 -37.5473 52.8019
    endloop
  endfacet
  facet normal 0 0 1
    outer loop
      vertex -127.404 2.42921 52.8019
      vertex -127.556 2.41259 52.8019
      vertex -130.783 -37.5473 52.8019
    endloop
  endfacet
  facet normal 0 0 1
    outer loop
      vertex -129.992 3.12253 52.8019
      vertex -130.111 3.21811 52.8019
      vertex -130.783 -37.5473 52.8019
    endloop
  endfacet
  facet normal 0 0 1
    outer loop
      vertex -130.111 3.21811 52.8019
      vertex -130.226 3.3188 52.8019
      vertex -130.783 -37.5473 52.8019
    endloop
  endfacet
  facet normal 0 0 1
    outer loop
      vertex -130.783 -37.5473 52.8019
      vertex -130.226 3.3188 52.8019
      vertex -130.336 3.42439 52.8019
    endloop
  endfacet
  facet normal 0 0 1
    outer loop
      vertex -131.361 5.89927 52.8019
      vertex -131.358 6.05194 52.8019
      vertex -131.913 10.3993 52.8019
    endloop
  endfacet
  facet normal 0 0 1
    outer loop
      vertex -131.358 6.05194 52.8019
      vertex -131.348 6.20431 52.8019
      vertex -131.913 10.3993 52.8019
    endloop
  endfacet
  facet normal 0 0 1
    outer loop
      vertex -131.913 10.3993 52.8019
      vertex -131.348 6.20431 52.8019
      vertex -131.331 6.35611 52.8019
    endloop
  endfacet
  facet normal 0 0 1
    outer loop
      vertex -125.281 8.26383 52.8019
      vertex -125.18 8.14903 52.8019
      vertex -41.9129 10.3993 52.8019
    endloop
  endfacet
  facet normal 0 0 1
    outer loop
      vertex -125.18 8.14903 52.8019
      vertex -125.084 8.02993 52.8019
      vertex -41.9129 10.3993 52.8019
    endloop
  endfacet
  facet normal 0 0 1
    outer loop
      vertex -41.9129 10.3993 52.8019
      vertex -125.084 8.02993 52.8019
      vertex -124.994 7.90679 52.8019
    endloop
  endfacet
  facet normal 0 0 1
    outer loop
      vertex -46.8032 2.42921 52.8019
      vertex -46.9542 2.45244 52.8019
      vertex -124.361 5.89927 52.8019
    endloop
  endfacet
  facet normal 0 0 1
    outer loop
      vertex -46.9542 2.45244 52.8019
      vertex -47.1039 2.48223 52.8019
      vertex -124.361 5.89927 52.8019
    endloop
  endfacet
  facet normal 0 0 1
    outer loop
      vertex -124.361 5.89927 52.8019
      vertex -47.1039 2.48223 52.8019
      vertex -47.2523 2.51853 52.8019
    endloop
  endfacet
  facet normal 0 0 1
    outer loop
      vertex -49.3775 4.14927 52.8019
      vertex -49.4509 4.28315 52.8019
      vertex -124.361 5.89927 52.8019
    endloop
  endfacet
  facet normal 0 0 1
    outer loop
      vertex -49.4509 4.28315 52.8019
      vertex -49.5185 4.4201 52.8019
      vertex -124.361 5.89927 52.8019
    endloop
  endfacet
  facet normal 0 0 1
    outer loop
      vertex -124.361 5.89927 52.8019
      vertex -49.5185 4.4201 52.8019
      vertex -49.58 4.55988 52.8019
    endloop
  endfacet
  facet normal 0 0 1
    outer loop
      vertex -49.7271 4.9934 52.8019
      vertex -49.7634 5.14173 52.8019
      vertex -124.361 5.89927 52.8019
    endloop
  endfacet
  facet normal 0 0 1
    outer loop
      vertex -49.7634 5.14173 52.8019
      vertex -49.7932 5.2915 52.8019
      vertex -124.361 5.89927 52.8019
    endloop
  endfacet
  facet normal 0 0 1
    outer loop
      vertex -126.763 -43.0307 52.8019
      vertex -126.905 -43.086 52.8019
      vertex -41.9129 -44.6007 52.8019
    endloop
  endfacet
  facet normal 0 0 1
    outer loop
      vertex -126.905 -43.086 52.8019
      vertex -127.05 -43.1351 52.8019
      vertex -41.9129 -44.6007 52.8019
    endloop
  endfacet
  facet normal 0 0 1
    outer loop
      vertex -41.9129 -44.6007 52.8019
      vertex -127.05 -43.1351 52.8019
      vertex -131.913 -44.6007 52.8019
    endloop
  endfacet
  facet normal 0 0 1
    outer loop
      vertex -127.05 -43.1351 52.8019
      vertex -127.196 -43.1778 52.8019
      vertex -131.913 -44.6007 52.8019
    endloop
  endfacet
  facet normal 0 0 1
    outer loop
      vertex -129.718 -42.9016 52.8019
      vertex -129.852 -42.8282 52.8019
      vertex -131.913 -44.6007 52.8019
    endloop
  endfacet
  facet normal 0 0 1
    outer loop
      vertex -129.852 -42.8282 52.8019
      vertex -129.983 -42.749 52.8019
      vertex -131.913 -44.6007 52.8019
    endloop
  endfacet
  facet normal 0 0 1
    outer loop
      vertex -130.683 -37.4325 52.8019
      vertex -130.577 -37.3222 52.8019
      vertex -125.611 3.21811 52.8019
    endloop
  endfacet
  facet normal 0 0 1
    outer loop
      vertex -130.577 -37.3222 52.8019
      vertex -130.467 -37.2166 52.8019
      vertex -125.611 3.21811 52.8019
    endloop
  endfacet
  facet normal 0 0 1
    outer loop
      vertex -125.611 3.21811 52.8019
      vertex -130.467 -37.2166 52.8019
      vertex -130.352 -37.1159 52.8019
    endloop
  endfacet
  facet normal 0 0 1
    outer loop
      vertex -125.971 -37.0204 52.8019
      vertex -125.852 -37.1159 52.8019
      vertex -46.3464 2.39927 52.8019
    endloop
  endfacet
  facet normal 0 0 1
    outer loop
      vertex -125.852 -37.1159 52.8019
      vertex -125.737 -37.2166 52.8019
      vertex -46.3464 2.39927 52.8019
    endloop
  endfacet
  facet normal 0 0 1
    outer loop
      vertex -46.3464 2.39927 52.8019
      vertex -125.737 -37.2166 52.8019
      vertex -125.627 -37.3222 52.8019
    endloop
  endfacet
  facet normal 0 0 1
    outer loop
      vertex -125.325 -37.6664 52.8019
      vertex -125.235 -37.7896 52.8019
      vertex -46.3464 2.39927 52.8019
    endloop
  endfacet
  facet normal 0 0 1
    outer loop
      vertex -125.235 -37.7896 52.8019
      vertex -125.15 -37.9166 52.8019
      vertex -46.3464 2.39927 52.8019
    endloop
  endfacet
  facet normal 0 0 1
    outer loop
      vertex -46.3464 2.39927 52.8019
      vertex -125.15 -37.9166 52.8019
      vertex -125.071 -38.0471 52.8019
    endloop
  endfacet
  facet normal 0 0 1
    outer loop
      vertex -49.6353 -38.6 52.8019
      vertex -49.58 -38.4577 52.8019
      vertex -124.721 -38.8912 52.8019
    endloop
  endfacet
  facet normal 0 0 1
    outer loop
      vertex -42.8597 -39.4921 52.8019
      vertex -42.8497 -39.6444 52.8019
      vertex -41.9129 -44.6007 52.8019
    endloop
  endfacet
  facet normal 0 0 1
    outer loop
      vertex -42.8497 -39.6444 52.8019
      vertex -42.8464 -39.7971 52.8019
      vertex -41.9129 -44.6007 52.8019
    endloop
  endfacet
  facet normal 0 0 1
    outer loop
      vertex -41.9129 -44.6007 52.8019
      vertex -42.8464 -39.7971 52.8019
      vertex -42.8497 -39.9498 52.8019
    endloop
  endfacet
  facet normal 0 0 1
    outer loop
      vertex -125.981 2.9474 52.8019
      vertex -126.111 2.86818 52.8019
      vertex -130.783 -37.5473 52.8019
    endloop
  endfacet
  facet normal 0 0 1
    outer loop
      vertex -126.111 2.86818 52.8019
      vertex -126.245 2.79473 52.8019
      vertex -130.783 -37.5473 52.8019
    endloop
  endfacet
  facet normal 0 0 1
    outer loop
      vertex -130.783 -37.5473 52.8019
      vertex -126.245 2.79473 52.8019
      vertex -126.382 2.72719 52.8019
    endloop
  endfacet
  facet normal 0 0 1
    outer loop
      vertex -129.611 2.86818 52.8019
      vertex -130.783 -37.5473 52.8019
      vertex -129.477 2.79473 52.8019
    endloop
  endfacet
  facet normal 0 0 1
    outer loop
      vertex -130.783 -37.5473 52.8019
      vertex -129.34 2.72719 52.8019
      vertex -129.477 2.79473 52.8019
    endloop
  endfacet
  facet normal 0 0 1
    outer loop
      vertex -129.611 2.86818 52.8019
      vertex -129.742 2.9474 52.8019
      vertex -130.783 -37.5473 52.8019
    endloop
  endfacet
  facet normal 0 0 1
    outer loop
      vertex -129.742 2.9474 52.8019
      vertex -129.869 3.03224 52.8019
      vertex -130.783 -37.5473 52.8019
    endloop
  endfacet
  facet normal 0 0 1
    outer loop
      vertex -130.783 -37.5473 52.8019
      vertex -129.869 3.03224 52.8019
      vertex -129.992 3.12253 52.8019
    endloop
  endfacet
  facet normal 0 0 1
    outer loop
      vertex -131.331 6.35611 52.8019
      vertex -131.308 6.50704 52.8019
      vertex -131.913 10.3993 52.8019
    endloop
  endfacet
  facet normal 0 0 1
    outer loop
      vertex -131.308 6.50704 52.8019
      vertex -131.278 6.65681 52.8019
      vertex -131.913 10.3993 52.8019
    endloop
  endfacet
  facet normal 0 0 1
    outer loop
      vertex -131.913 10.3993 52.8019
      vertex -131.278 6.65681 52.8019
      vertex -131.242 6.80513 52.8019
    endloop
  endfacet
  facet normal 0 0 1
    outer loop
      vertex -129.611 8.93036 52.8019
      vertex -129.477 9.00381 52.8019
      vertex -131.913 10.3993 52.8019
    endloop
  endfacet
  facet normal 0 0 1
    outer loop
      vertex -129.477 9.00381 52.8019
      vertex -129.34 9.07135 52.8019
      vertex -131.913 10.3993 52.8019
    endloop
  endfacet
  facet normal 0 0 1
    outer loop
      vertex -131.913 10.3993 52.8019
      vertex -129.34 9.07135 52.8019
      vertex -129.201 9.13285 52.8019
    endloop
  endfacet
  facet normal 0 0 1
    outer loop
      vertex -126.809 9.23728 52.8019
      vertex -126.664 9.18819 52.8019
      vertex -41.9129 10.3993 52.8019
    endloop
  endfacet
  facet normal 0 0 1
    outer loop
      vertex -126.664 9.18819 52.8019
      vertex -126.522 9.13285 52.8019
      vertex -41.9129 10.3993 52.8019
    endloop
  endfacet
  facet normal 0 0 1
    outer loop
      vertex -41.9129 10.3993 52.8019
      vertex -126.522 9.13285 52.8019
      vertex -126.382 9.07135 52.8019
    endloop
  endfacet
  facet normal 0 0 1
    outer loop
      vertex -126.382 9.07135 52.8019
      vertex -126.245 9.00381 52.8019
      vertex -41.9129 10.3993 52.8019
    endloop
  endfacet
  facet normal 0 0 1
    outer loop
      vertex -126.245 9.00381 52.8019
      vertex -126.111 8.93036 52.8019
      vertex -41.9129 10.3993 52.8019
    endloop
  endfacet
  facet normal 0 0 1
    outer loop
      vertex -41.9129 10.3993 52.8019
      vertex -126.111 8.93036 52.8019
      vertex -125.981 8.85114 52.8019
    endloop
  endfacet
  facet normal 0 0 1
    outer loop
      vertex -125.981 8.85114 52.8019
      vertex -125.854 8.7663 52.8019
      vertex -41.9129 10.3993 52.8019
    endloop
  endfacet
  facet normal 0 0 1
    outer loop
      vertex -125.854 8.7663 52.8019
      vertex -125.73 8.67601 52.8019
      vertex -41.9129 10.3993 52.8019
    endloop
  endfacet
  facet normal 0 0 1
    outer loop
      vertex -41.9129 10.3993 52.8019
      vertex -125.73 8.67601 52.8019
      vertex -125.611 8.58042 52.8019
    endloop
  endfacet
  facet normal 0 0 1
    outer loop
      vertex -47.2523 2.51853 52.8019
      vertex -47.3989 2.56126 52.8019
      vertex -124.361 5.89927 52.8019
    endloop
  endfacet
  facet normal 0 0 1
    outer loop
      vertex -47.3989 2.56126 52.8019
      vertex -47.5435 2.61034 52.8019
      vertex -124.361 5.89927 52.8019
    endloop
  endfacet
  facet normal 0 0 1
    outer loop
      vertex -124.361 5.89927 52.8019
      vertex -47.5435 2.61034 52.8019
      vertex -47.6858 2.66569 52.8019
    endloop
  endfacet
  facet normal 0 0 1
    outer loop
      vertex -48.7109 3.3188 52.8019
      vertex -48.8213 3.42439 52.8019
      vertex -124.361 5.89927 52.8019
    endloop
  endfacet
  facet normal 0 0 1
    outer loop
      vertex -48.8213 3.42439 52.8019
      vertex -48.9269 3.5347 52.8019
      vertex -124.361 5.89927 52.8019
    endloop
  endfacet
  facet normal 0 0 1
    outer loop
      vertex -124.361 5.89927 52.8019
      vertex -48.9269 3.5347 52.8019
      vertex -49.0275 3.64951 52.8019
    endloop
  endfacet
  facet normal 0 0 1
    outer loop
      vertex -49.58 4.55988 52.8019
      vertex -49.6353 4.7022 52.8019
      vertex -124.361 5.89927 52.8019
    endloop
  endfacet
  facet normal 0 0 1
    outer loop
      vertex -49.6353 4.7022 52.8019
      vertex -49.6844 4.8468 52.8019
      vertex -124.361 5.89927 52.8019
    endloop
  endfacet
  facet normal 0 0 1
    outer loop
      vertex -124.361 5.89927 52.8019
      vertex -49.6844 4.8468 52.8019
      vertex -49.7271 4.9934 52.8019
    endloop
  endfacet
  facet normal 0 0 1
    outer loop
      vertex -45.5888 9.3163 52.8019
      vertex -45.4405 9.28001 52.8019
      vertex -41.9129 10.3993 52.8019
    endloop
  endfacet
  facet normal 0 0 1
    outer loop
      vertex -42.8464 5.89927 52.8019
      vertex -41.9129 10.3993 52.8019
      vertex -42.8497 6.05194 52.8019
    endloop
  endfacet
  facet normal 0 0 1
    outer loop
      vertex -41.9129 10.3993 52.8019
      vertex -42.8597 6.20431 52.8019
      vertex -42.8497 6.05194 52.8019
    endloop
  endfacet
  facet normal 0 0 1
    outer loop
      vertex -129.299 -43.086 52.8019
      vertex -129.441 -43.0307 52.8019
      vertex -131.913 -44.6007 52.8019
    endloop
  endfacet
  facet normal 0 0 1
    outer loop
      vertex -129.441 -43.0307 52.8019
      vertex -129.581 -42.9692 52.8019
      vertex -131.913 -44.6007 52.8019
    endloop
  endfacet
  facet normal 0 0 1
    outer loop
      vertex -131.913 -44.6007 52.8019
      vertex -129.581 -42.9692 52.8019
      vertex -129.718 -42.9016 52.8019
    endloop
  endfacet
  facet normal 0 0 1
    outer loop
      vertex -129.983 -42.749 52.8019
      vertex -130.11 -42.6641 52.8019
      vertex -131.913 -44.6007 52.8019
    endloop
  endfacet
  facet normal 0 0 1
    outer loop
      vertex -130.11 -42.6641 52.8019
      vertex -130.233 -42.5738 52.8019
      vertex -131.913 -44.6007 52.8019
    endloop
  endfacet
  facet normal 0 0 1
    outer loop
      vertex -131.913 -44.6007 52.8019
      vertex -130.233 -42.5738 52.8019
      vertex -130.352 -42.4783 52.8019
    endloop
  endfacet
  facet normal 0 0 1
    outer loop
      vertex -130.352 -37.1159 52.8019
      vertex -130.233 -37.0204 52.8019
      vertex -125.611 3.21811 52.8019
    endloop
  endfacet
  facet normal 0 0 1
    outer loop
      vertex -130.233 -37.0204 52.8019
      vertex -130.11 -36.9301 52.8019
      vertex -125.611 3.21811 52.8019
    endloop
  endfacet
  facet normal 0 0 1
    outer loop
      vertex -125.611 3.21811 52.8019
      vertex -130.11 -36.9301 52.8019
      vertex -129.983 -36.8452 52.8019
    endloop
  endfacet
  facet normal 0 0 1
    outer loop
      vertex -125.611 3.21811 52.8019
      vertex -129.581 -36.625 52.8019
      vertex -129.441 -36.5635 52.8019
    endloop
  endfacet
  facet normal 0 0 1
    outer loop
      vertex -125.627 -37.3222 52.8019
      vertex -125.522 -37.4325 52.8019
      vertex -46.3464 2.39927 52.8019
    endloop
  endfacet
  facet normal 0 0 1
    outer loop
      vertex -125.522 -37.4325 52.8019
      vertex -125.421 -37.5473 52.8019
      vertex -46.3464 2.39927 52.8019
    endloop
  endfacet
  facet normal 0 0 1
    outer loop
      vertex -46.3464 2.39927 52.8019
      vertex -125.421 -37.5473 52.8019
      vertex -125.325 -37.6664 52.8019
    endloop
  endfacet
  facet normal 0 0 1
    outer loop
      vertex -45.2939 2.56126 52.8019
      vertex -125.071 -38.0471 52.8019
      vertex -45.1493 2.61034 52.8019
    endloop
  endfacet
  facet normal 0 0 1
    outer loop
      vertex -125.071 -38.0471 52.8019
      vertex -45.007 2.66569 52.8019
      vertex -45.1493 2.61034 52.8019
    endloop
  endfacet
  facet normal 0 0 1
    outer loop
      vertex -49.6353 -38.6 52.8019
      vertex -124.721 -38.8912 52.8019
      vertex -49.6844 -38.7446 52.8019
    endloop
  endfacet
  facet normal 0 0 1
    outer loop
      vertex -45.7386 -36.3503 52.8019
      vertex -45.5888 -36.3801 52.8019
      vertex -43.8715 3.42439 52.8019
    endloop
  endfacet
  facet normal 0 0 1
    outer loop
      vertex -130.683 -37.4325 52.8019
      vertex -125.611 3.21811 52.8019
      vertex -130.783 -37.5473 52.8019
    endloop
  endfacet
  facet normal 0 0 1
    outer loop
      vertex -125.611 3.21811 52.8019
      vertex -125.73 3.12253 52.8019
      vertex -130.783 -37.5473 52.8019
    endloop
  endfacet
  facet normal 0 0 1
    outer loop
      vertex -130.783 -37.5473 52.8019
      vertex -125.73 3.12253 52.8019
      vertex -125.854 3.03224 52.8019
    endloop
  endfacet
  facet normal 0 0 1
    outer loop
      vertex -126.382 2.72719 52.8019
      vertex -126.522 2.66569 52.8019
      vertex -130.783 -37.5473 52.8019
    endloop
  endfacet
  facet normal 0 0 1
    outer loop
      vertex -126.522 2.66569 52.8019
      vertex -126.664 2.61034 52.8019
      vertex -130.783 -37.5473 52.8019
    endloop
  endfacet
  facet normal 0 0 1
    outer loop
      vertex -130.783 -37.5473 52.8019
      vertex -126.664 2.61034 52.8019
      vertex -126.809 2.56126 52.8019
    endloop
  endfacet
  facet normal 0 0 1
    outer loop
      vertex -126.809 2.56126 52.8019
      vertex -126.955 2.51853 52.8019
      vertex -130.783 -37.5473 52.8019
    endloop
  endfacet
  facet normal 0 0 1
    outer loop
      vertex -126.955 2.51853 52.8019
      vertex -127.104 2.48223 52.8019
      vertex -130.783 -37.5473 52.8019
    endloop
  endfacet
  facet normal 0 0 1
    outer loop
      vertex -130.783 -37.5473 52.8019
      vertex -127.104 2.48223 52.8019
      vertex -127.253 2.45244 52.8019
    endloop
  endfacet
  facet normal 0 0 1
    outer loop
      vertex -127.556 2.41259 52.8019
      vertex -127.709 2.4026 52.8019
      vertex -130.783 -37.5473 52.8019
    endloop
  endfacet
  facet normal 0 0 1
    outer loop
      vertex -127.709 2.4026 52.8019
      vertex -127.861 2.39927 52.8019
      vertex -130.783 -37.5473 52.8019
    endloop
  endfacet
  facet normal 0 0 1
    outer loop
      vertex -130.783 -37.5473 52.8019
      vertex -127.861 2.39927 52.8019
      vertex -128.014 2.4026 52.8019
    endloop
  endfacet
  facet normal 0 0 1
    outer loop
      vertex -128.014 2.4026 52.8019
      vertex -128.166 2.41259 52.8019
      vertex -130.783 -37.5473 52.8019
    endloop
  endfacet
  facet normal 0 0 1
    outer loop
      vertex -128.166 2.41259 52.8019
      vertex -128.318 2.42921 52.8019
      vertex -130.783 -37.5473 52.8019
    endloop
  endfacet
  facet normal 0 0 1
    outer loop
      vertex -130.783 -37.5473 52.8019
      vertex -128.318 2.42921 52.8019
      vertex -128.469 2.45244 52.8019
    endloop
  endfacet
  facet normal 0 0 1
    outer loop
      vertex -131.308 5.2915 52.8019
      vertex -131.331 5.44243 52.8019
      vertex -131.336 -38.4577 52.8019
    endloop
  endfacet
  facet normal 0 0 1
    outer loop
      vertex -131.331 5.44243 52.8019
      vertex -131.348 5.59422 52.8019
      vertex -131.336 -38.4577 52.8019
    endloop
  endfacet
  facet normal 0 0 1
    outer loop
      vertex -131.336 -38.4577 52.8019
      vertex -131.348 5.59422 52.8019
      vertex -131.913 10.3993 52.8019
    endloop
  endfacet
  facet normal 0 0 1
    outer loop
      vertex -131.348 5.59422 52.8019
      vertex -131.358 5.7466 52.8019
      vertex -131.913 10.3993 52.8019
    endloop
  endfacet
  facet normal 0 0 1
    outer loop
      vertex -131.913 10.3993 52.8019
      vertex -131.358 5.7466 52.8019
      vertex -131.361 5.89927 52.8019
    endloop
  endfacet
  facet normal 0 0 1
    outer loop
      vertex -130.336 8.37414 52.8019
      vertex -130.226 8.47974 52.8019
      vertex -131.913 10.3993 52.8019
    endloop
  endfacet
  facet normal 0 0 1
    outer loop
      vertex -130.226 8.47974 52.8019
      vertex -130.111 8.58042 52.8019
      vertex -131.913 10.3993 52.8019
    endloop
  endfacet
  facet normal 0 0 1
    outer loop
      vertex -131.913 10.3993 52.8019
      vertex -130.111 8.58042 52.8019
      vertex -129.992 8.67601 52.8019
    endloop
  endfacet
  facet normal 0 0 1
    outer loop
      vertex -125.611 8.58042 52.8019
      vertex -125.497 8.47974 52.8019
      vertex -41.9129 10.3993 52.8019
    endloop
  endfacet
  facet normal 0 0 1
    outer loop
      vertex -125.497 8.47974 52.8019
      vertex -125.386 8.37414 52.8019
      vertex -41.9129 10.3993 52.8019
    endloop
  endfacet
  facet normal 0 0 1
    outer loop
      vertex -41.9129 10.3993 52.8019
      vertex -125.386 8.37414 52.8019
      vertex -125.281 8.26383 52.8019
    endloop
  endfacet
  facet normal 0 0 1
    outer loop
      vertex -47.6858 2.66569 52.8019
      vertex -47.8255 2.72719 52.8019
      vertex -124.361 5.89927 52.8019
    endloop
  endfacet
  facet normal 0 0 1
    outer loop
      vertex -47.8255 2.72719 52.8019
      vertex -47.9625 2.79473 52.8019
      vertex -124.361 5.89927 52.8019
    endloop
  endfacet
  facet normal 0 0 1
    outer loop
      vertex -124.361 5.89927 52.8019
      vertex -47.9625 2.79473 52.8019
      vertex -48.0964 2.86818 52.8019
    endloop
  endfacet
  facet normal 0 0 1
    outer loop
      vertex -48.0964 2.86818 52.8019
      vertex -48.2269 2.9474 52.8019
      vertex -124.361 5.89927 52.8019
    endloop
  endfacet
  facet normal 0 0 1
    outer loop
      vertex -48.2269 2.9474 52.8019
      vertex -48.3539 3.03224 52.8019
      vertex -124.361 5.89927 52.8019
    endloop
  endfacet
  facet normal 0 0 1
    outer loop
      vertex -124.361 5.89927 52.8019
      vertex -48.3539 3.03224 52.8019
      vertex -48.477 3.12253 52.8019
    endloop
  endfacet
  facet normal 0 0 1
    outer loop
      vertex -124.391 6.35611 52.8019
      vertex -49.7634 6.65681 52.8019
      vertex -124.414 6.50704 52.8019
    endloop
  endfacet
  facet normal 0 0 1
    outer loop
      vertex -49.7634 6.65681 52.8019
      vertex -124.444 6.65681 52.8019
      vertex -124.414 6.50704 52.8019
    endloop
  endfacet
  facet normal 0 0 1
    outer loop
      vertex -49.8464 5.89927 52.8019
      vertex -49.8431 6.05194 52.8019
      vertex -124.365 6.05194 52.8019
    endloop
  endfacet
  facet normal 0 0 1
    outer loop
      vertex -49.8431 6.05194 52.8019
      vertex -49.8331 6.20431 52.8019
      vertex -124.365 6.05194 52.8019
    endloop
  endfacet
  facet normal 0 0 1
    outer loop
      vertex -124.365 6.05194 52.8019
      vertex -49.8331 6.20431 52.8019
      vertex -49.8164 6.35611 52.8019
    endloop
  endfacet
  facet normal 0 0 1
    outer loop
      vertex -124.391 6.35611 52.8019
      vertex -124.374 6.20431 52.8019
      vertex -49.7634 6.65681 52.8019
    endloop
  endfacet
  facet normal 0 0 1
    outer loop
      vertex -124.374 6.20431 52.8019
      vertex -124.365 6.05194 52.8019
      vertex -49.7634 6.65681 52.8019
    endloop
  endfacet
  facet normal 0 0 1
    outer loop
      vertex -49.7634 6.65681 52.8019
      vertex -124.365 6.05194 52.8019
      vertex -49.7932 6.50704 52.8019
    endloop
  endfacet
  facet normal 0 0 1
    outer loop
      vertex -124.365 6.05194 52.8019
      vertex -49.8164 6.35611 52.8019
      vertex -49.7932 6.50704 52.8019
    endloop
  endfacet
  facet normal 0 0 1
    outer loop
      vertex -43.3153 7.64927 52.8019
      vertex -43.2418 7.51539 52.8019
      vertex -41.9129 10.3993 52.8019
    endloop
  endfacet
  facet normal 0 0 1
    outer loop
      vertex -43.2418 7.51539 52.8019
      vertex -43.1743 7.37843 52.8019
      vertex -41.9129 10.3993 52.8019
    endloop
  endfacet
  facet normal 0 0 1
    outer loop
      vertex -41.9129 10.3993 52.8019
      vertex -43.1743 7.37843 52.8019
      vertex -43.1128 7.23866 52.8019
    endloop
  endfacet
  facet normal 0 0 1
    outer loop
      vertex -42.9293 6.65681 52.8019
      vertex -42.8996 6.50704 52.8019
      vertex -41.9129 10.3993 52.8019
    endloop
  endfacet
  facet normal 0 0 1
    outer loop
      vertex -42.8996 6.50704 52.8019
      vertex -42.8763 6.35611 52.8019
      vertex -41.9129 10.3993 52.8019
    endloop
  endfacet
  facet normal 0 0 1
    outer loop
      vertex -41.9129 10.3993 52.8019
      vertex -42.8763 6.35611 52.8019
      vertex -42.8597 6.20431 52.8019
    endloop
  endfacet
  facet normal 0 0 1
    outer loop
      vertex -127.196 -43.1778 52.8019
      vertex -127.345 -43.2141 52.8019
      vertex -131.913 -44.6007 52.8019
    endloop
  endfacet
  facet normal 0 0 1
    outer loop
      vertex -127.345 -43.2141 52.8019
      vertex -127.494 -43.2439 52.8019
      vertex -131.913 -44.6007 52.8019
    endloop
  endfacet
  facet normal 0 0 1
    outer loop
      vertex -131.913 -44.6007 52.8019
      vertex -127.494 -43.2439 52.8019
      vertex -127.645 -43.2672 52.8019
    endloop
  endfacet
  facet normal 0 0 1
    outer loop
      vertex -128.86 -43.2141 52.8019
      vertex -131.913 -44.6007 52.8019
      vertex -128.71 -43.2439 52.8019
    endloop
  endfacet
  facet normal 0 0 1
    outer loop
      vertex -131.913 -44.6007 52.8019
      vertex -128.559 -43.2672 52.8019
      vertex -128.71 -43.2439 52.8019
    endloop
  endfacet
  facet normal 0 0 1
    outer loop
      vertex -128.86 -43.2141 52.8019
      vertex -129.008 -43.1778 52.8019
      vertex -131.913 -44.6007 52.8019
    endloop
  endfacet
  facet normal 0 0 1
    outer loop
      vertex -129.008 -43.1778 52.8019
      vertex -129.155 -43.1351 52.8019
      vertex -131.913 -44.6007 52.8019
    endloop
  endfacet
  facet normal 0 0 1
    outer loop
      vertex -131.913 -44.6007 52.8019
      vertex -129.155 -43.1351 52.8019
      vertex -129.299 -43.086 52.8019
    endloop
  endfacet
  facet normal 0 0 1
    outer loop
      vertex -129.983 -36.8452 52.8019
      vertex -129.852 -36.766 52.8019
      vertex -125.611 3.21811 52.8019
    endloop
  endfacet
  facet normal 0 0 1
    outer loop
      vertex -129.852 -36.766 52.8019
      vertex -129.718 -36.6926 52.8019
      vertex -125.611 3.21811 52.8019
    endloop
  endfacet
  facet normal 0 0 1
    outer loop
      vertex -125.611 3.21811 52.8019
      vertex -129.718 -36.6926 52.8019
      vertex -129.581 -36.625 52.8019
    endloop
  endfacet
  facet normal 0 0 1
    outer loop
      vertex -129.441 -36.5635 52.8019
      vertex -129.299 -36.5082 52.8019
      vertex -125.611 3.21811 52.8019
    endloop
  endfacet
  facet normal 0 0 1
    outer loop
      vertex -129.299 -36.5082 52.8019
      vertex -129.155 -36.4591 52.8019
      vertex -125.611 3.21811 52.8019
    endloop
  endfacet
  facet normal 0 0 1
    outer loop
      vertex -125.611 3.21811 52.8019
      vertex -129.155 -36.4591 52.8019
      vertex -129.008 -36.4164 52.8019
    endloop
  endfacet
  facet normal 0 0 1
    outer loop
      vertex -129.008 -36.4164 52.8019
      vertex -128.86 -36.3801 52.8019
      vertex -125.611 3.21811 52.8019
    endloop
  endfacet
  facet normal 0 0 1
    outer loop
      vertex -128.86 -36.3801 52.8019
      vertex -128.71 -36.3503 52.8019
      vertex -125.611 3.21811 52.8019
    endloop
  endfacet
  facet normal 0 0 1
    outer loop
      vertex -125.611 3.21811 52.8019
      vertex -128.71 -36.3503 52.8019
      vertex -128.559 -36.327 52.8019
    endloop
  endfacet
  facet normal 0 0 1
    outer loop
      vertex -127.797 -36.3104 52.8019
      vertex -127.645 -36.327 52.8019
      vertex -125.386 3.42439 52.8019
    endloop
  endfacet
  facet normal 0 0 1
    outer loop
      vertex -126.486 -36.6926 52.8019
      vertex -126.352 -36.766 52.8019
      vertex -125.386 3.42439 52.8019
    endloop
  endfacet
  facet normal 0 0 1
    outer loop
      vertex -126.352 -36.766 52.8019
      vertex -126.222 -36.8452 52.8019
      vertex -125.386 3.42439 52.8019
    endloop
  endfacet
  facet normal 0 0 1
    outer loop
      vertex -125.386 3.42439 52.8019
      vertex -126.222 -36.8452 52.8019
      vertex -46.3464 2.39927 52.8019
    endloop
  endfacet
  facet normal 0 0 1
    outer loop
      vertex -126.222 -36.8452 52.8019
      vertex -126.095 -36.9301 52.8019
      vertex -46.3464 2.39927 52.8019
    endloop
  endfacet
  facet normal 0 0 1
    outer loop
      vertex -46.3464 2.39927 52.8019
      vertex -126.095 -36.9301 52.8019
      vertex -125.971 -37.0204 52.8019
    endloop
  endfacet
  facet normal 0 0 1
    outer loop
      vertex -45.2939 2.56126 52.8019
      vertex -45.4405 2.51853 52.8019
      vertex -125.071 -38.0471 52.8019
    endloop
  endfacet
  facet normal 0 0 1
    outer loop
      vertex -45.4405 2.51853 52.8019
      vertex -45.5888 2.48223 52.8019
      vertex -125.071 -38.0471 52.8019
    endloop
  endfacet
  facet normal 0 0 1
    outer loop
      vertex -125.071 -38.0471 52.8019
      vertex -45.5888 2.48223 52.8019
      vertex -45.7386 2.45244 52.8019
    endloop
  endfacet
  facet normal 0 0 1
    outer loop
      vertex -124.605 -39.6444 52.8019
      vertex -49.8331 -39.4921 52.8019
      vertex -49.8164 -39.3403 52.8019
    endloop
  endfacet
  facet normal 0 0 1
    outer loop
      vertex -43.1128 4.55988 52.8019
      vertex -43.1743 4.4201 52.8019
      vertex -43.3945 -37.9166 52.8019
    endloop
  endfacet
  facet normal 0 0 1
    outer loop
      vertex -48.0964 -36.766 52.8019
      vertex -47.9625 -36.6926 52.8019
      vertex -44.7303 2.79473 52.8019
    endloop
  endfacet
  facet normal 0 0 1
    outer loop
      vertex -43.3945 -37.9166 52.8019
      vertex -43.3153 -38.0471 52.8019
      vertex -41.9129 10.3993 52.8019
    endloop
  endfacet
  facet normal 0 0 1
    outer loop
      vertex -43.3153 -38.0471 52.8019
      vertex -43.2418 -38.181 52.8019
      vertex -41.9129 10.3993 52.8019
    endloop
  endfacet
  facet normal 0 0 1
    outer loop
      vertex -41.9129 10.3993 52.8019
      vertex -43.2418 -38.181 52.8019
      vertex -43.1743 -38.3179 52.8019
    endloop
  endfacet
  facet normal 0 0 1
    outer loop
      vertex -43.1128 -38.4577 52.8019
      vertex -43.0575 -38.6 52.8019
      vertex -41.9129 10.3993 52.8019
    endloop
  endfacet
  facet normal 0 0 1
    outer loop
      vertex -43.0575 -38.6 52.8019
      vertex -43.0084 -38.7446 52.8019
      vertex -41.9129 10.3993 52.8019
    endloop
  endfacet
  facet normal 0 0 1
    outer loop
      vertex -41.9129 10.3993 52.8019
      vertex -43.0084 -38.7446 52.8019
      vertex -42.9656 -38.8912 52.8019
    endloop
  endfacet
  facet normal 0 0 1
    outer loop
      vertex -42.9656 -38.8912 52.8019
      vertex -42.9293 -39.0396 52.8019
      vertex -41.9129 10.3993 52.8019
    endloop
  endfacet
  facet normal 0 0 1
    outer loop
      vertex -42.9293 -39.0396 52.8019
      vertex -42.8996 -39.1893 52.8019
      vertex -41.9129 10.3993 52.8019
    endloop
  endfacet
  facet normal 0 0 1
    outer loop
      vertex -41.9129 10.3993 52.8019
      vertex -42.8996 -39.1893 52.8019
      vertex -41.9129 -44.6007 52.8019
    endloop
  endfacet
  facet normal 0 0 1
    outer loop
      vertex -42.8996 -39.1893 52.8019
      vertex -42.8763 -39.3403 52.8019
      vertex -41.9129 -44.6007 52.8019
    endloop
  endfacet
  facet normal 0 0 1
    outer loop
      vertex -41.9129 -44.6007 52.8019
      vertex -42.8763 -39.3403 52.8019
      vertex -42.8597 -39.4921 52.8019
    endloop
  endfacet
  facet normal 0 0 1
    outer loop
      vertex -128.469 2.45244 52.8019
      vertex -128.619 2.48223 52.8019
      vertex -130.783 -37.5473 52.8019
    endloop
  endfacet
  facet normal 0 0 1
    outer loop
      vertex -128.619 2.48223 52.8019
      vertex -128.767 2.51853 52.8019
      vertex -130.783 -37.5473 52.8019
    endloop
  endfacet
  facet normal 0 0 1
    outer loop
      vertex -130.783 -37.5473 52.8019
      vertex -128.767 2.51853 52.8019
      vertex -128.914 2.56126 52.8019
    endloop
  endfacet
  facet normal 0 0 1
    outer loop
      vertex -128.914 2.56126 52.8019
      vertex -129.058 2.61034 52.8019
      vertex -130.783 -37.5473 52.8019
    endloop
  endfacet
  facet normal 0 0 1
    outer loop
      vertex -129.058 2.61034 52.8019
      vertex -129.201 2.66569 52.8019
      vertex -130.783 -37.5473 52.8019
    endloop
  endfacet
  facet normal 0 0 1
    outer loop
      vertex -130.783 -37.5473 52.8019
      vertex -129.201 2.66569 52.8019
      vertex -129.34 2.72719 52.8019
    endloop
  endfacet
  facet normal 0 0 1
    outer loop
      vertex -129.992 8.67601 52.8019
      vertex -129.869 8.7663 52.8019
      vertex -131.913 10.3993 52.8019
    endloop
  endfacet
  facet normal 0 0 1
    outer loop
      vertex -129.869 8.7663 52.8019
      vertex -129.742 8.85114 52.8019
      vertex -131.913 10.3993 52.8019
    endloop
  endfacet
  facet normal 0 0 1
    outer loop
      vertex -131.913 10.3993 52.8019
      vertex -129.742 8.85114 52.8019
      vertex -129.611 8.93036 52.8019
    endloop
  endfacet
  facet normal 0 0 1
    outer loop
      vertex -49.7932 5.2915 52.8019
      vertex -49.8164 5.44243 52.8019
      vertex -124.361 5.89927 52.8019
    endloop
  endfacet
  facet normal 0 0 1
    outer loop
      vertex -49.8164 5.44243 52.8019
      vertex -49.8331 5.59422 52.8019
      vertex -124.361 5.89927 52.8019
    endloop
  endfacet
  facet normal 0 0 1
    outer loop
      vertex -124.361 5.89927 52.8019
      vertex -49.8331 5.59422 52.8019
      vertex -124.365 6.05194 52.8019
    endloop
  endfacet
  facet normal 0 0 1
    outer loop
      vertex -49.8331 5.59422 52.8019
      vertex -49.8431 5.7466 52.8019
      vertex -124.365 6.05194 52.8019
    endloop
  endfacet
  facet normal 0 0 1
    outer loop
      vertex -124.365 6.05194 52.8019
      vertex -49.8431 5.7466 52.8019
      vertex -49.8464 5.89927 52.8019
    endloop
  endfacet
  facet normal 0 0 1
    outer loop
      vertex -49.6844 6.95174 52.8019
      vertex -49.6353 7.09634 52.8019
      vertex -124.48 6.80513 52.8019
    endloop
  endfacet
  facet normal 0 0 1
    outer loop
      vertex -49.6353 7.09634 52.8019
      vertex -49.58 7.23866 52.8019
      vertex -124.48 6.80513 52.8019
    endloop
  endfacet
  facet normal 0 0 1
    outer loop
      vertex -49.58 7.23866 52.8019
      vertex -49.5185 7.37843 52.8019
      vertex -124.48 6.80513 52.8019
    endloop
  endfacet
  facet normal 0 0 1
    outer loop
      vertex -124.48 6.80513 52.8019
      vertex -49.5185 7.37843 52.8019
      vertex -49.4509 7.51539 52.8019
    endloop
  endfacet
  facet normal 0 0 1
    outer loop
      vertex -49.2134 7.90679 52.8019
      vertex -49.1231 8.02993 52.8019
      vertex -124.48 6.80513 52.8019
    endloop
  endfacet
  facet normal 0 0 1
    outer loop
      vertex -49.1231 8.02993 52.8019
      vertex -49.0275 8.14903 52.8019
      vertex -124.48 6.80513 52.8019
    endloop
  endfacet
  facet normal 0 0 1
    outer loop
      vertex -124.48 6.80513 52.8019
      vertex -49.0275 8.14903 52.8019
      vertex -48.9269 8.26383 52.8019
    endloop
  endfacet
  facet normal 0 0 1
    outer loop
      vertex -48.9269 8.26383 52.8019
      vertex -48.8213 8.37414 52.8019
      vertex -124.48 6.80513 52.8019
    endloop
  endfacet
  facet normal 0 0 1
    outer loop
      vertex -48.8213 8.37414 52.8019
      vertex -48.7109 8.47974 52.8019
      vertex -124.48 6.80513 52.8019
    endloop
  endfacet
  facet normal 0 0 1
    outer loop
      vertex -124.48 6.80513 52.8019
      vertex -48.7109 8.47974 52.8019
      vertex -48.5961 8.58042 52.8019
    endloop
  endfacet
  facet normal 0 0 1
    outer loop
      vertex -127.645 -43.2672 52.8019
      vertex -127.797 -43.2838 52.8019
      vertex -131.913 -44.6007 52.8019
    endloop
  endfacet
  facet normal 0 0 1
    outer loop
      vertex -127.797 -43.2838 52.8019
      vertex -127.949 -43.2938 52.8019
      vertex -131.913 -44.6007 52.8019
    endloop
  endfacet
  facet normal 0 0 1
    outer loop
      vertex -131.913 -44.6007 52.8019
      vertex -127.949 -43.2938 52.8019
      vertex -128.102 -43.2971 52.8019
    endloop
  endfacet
  facet normal 0 0 1
    outer loop
      vertex -128.102 -43.2971 52.8019
      vertex -128.255 -43.2938 52.8019
      vertex -131.913 -44.6007 52.8019
    endloop
  endfacet
  facet normal 0 0 1
    outer loop
      vertex -128.255 -43.2938 52.8019
      vertex -128.407 -43.2838 52.8019
      vertex -131.913 -44.6007 52.8019
    endloop
  endfacet
  facet normal 0 0 1
    outer loop
      vertex -131.913 -44.6007 52.8019
      vertex -128.407 -43.2838 52.8019
      vertex -128.559 -43.2672 52.8019
    endloop
  endfacet
  facet normal 0 0 1
    outer loop
      vertex -126.905 -36.5082 52.8019
      vertex -125.386 3.42439 52.8019
      vertex -127.05 -36.4591 52.8019
    endloop
  endfacet
  facet normal 0 0 1
    outer loop
      vertex -125.386 3.42439 52.8019
      vertex -127.196 -36.4164 52.8019
      vertex -127.05 -36.4591 52.8019
    endloop
  endfacet
  facet normal 0 0 1
    outer loop
      vertex -45.007 2.66569 52.8019
      vertex -125.071 -38.0471 52.8019
      vertex -44.8672 2.72719 52.8019
    endloop
  endfacet
  facet normal 0 0 1
    outer loop
      vertex -125.071 -38.0471 52.8019
      vertex -124.998 -38.181 52.8019
      vertex -44.8672 2.72719 52.8019
    endloop
  endfacet
  facet normal 0 0 1
    outer loop
      vertex -44.8672 2.72719 52.8019
      vertex -124.998 -38.181 52.8019
      vertex -44.7303 2.79473 52.8019
    endloop
  endfacet
  facet normal 0 0 1
    outer loop
      vertex -124.998 -38.181 52.8019
      vertex -124.93 -38.3179 52.8019
      vertex -44.7303 2.79473 52.8019
    endloop
  endfacet
  facet normal 0 0 1
    outer loop
      vertex -44.7303 2.79473 52.8019
      vertex -124.93 -38.3179 52.8019
      vertex -124.868 -38.4577 52.8019
    endloop
  endfacet
  facet normal 0 0 1
    outer loop
      vertex -45.7386 2.45244 52.8019
      vertex -45.8895 2.42921 52.8019
      vertex -125.071 -38.0471 52.8019
    endloop
  endfacet
  facet normal 0 0 1
    outer loop
      vertex -45.8895 2.42921 52.8019
      vertex -46.0413 2.41259 52.8019
      vertex -125.071 -38.0471 52.8019
    endloop
  endfacet
  facet normal 0 0 1
    outer loop
      vertex -125.071 -38.0471 52.8019
      vertex -46.0413 2.41259 52.8019
      vertex -46.1937 2.4026 52.8019
    endloop
  endfacet
  facet normal 0 0 1
    outer loop
      vertex -124.632 -39.3403 52.8019
      vertex -49.7634 -39.0396 52.8019
      vertex -124.655 -39.1893 52.8019
    endloop
  endfacet
  facet normal 0 0 1
    outer loop
      vertex -49.7634 -39.0396 52.8019
      vertex -124.685 -39.0396 52.8019
      vertex -124.655 -39.1893 52.8019
    endloop
  endfacet
  facet normal 0 0 1
    outer loop
      vertex -49.8331 -40.1021 52.8019
      vertex -49.8431 -39.9498 52.8019
      vertex -124.602 -39.7971 52.8019
    endloop
  endfacet
  facet normal 0 0 1
    outer loop
      vertex -49.8431 -39.9498 52.8019
      vertex -49.8464 -39.7971 52.8019
      vertex -124.602 -39.7971 52.8019
    endloop
  endfacet
  facet normal 0 0 1
    outer loop
      vertex -124.602 -39.7971 52.8019
      vertex -49.8464 -39.7971 52.8019
      vertex -124.605 -39.6444 52.8019
    endloop
  endfacet
  facet normal 0 0 1
    outer loop
      vertex -49.8464 -39.7971 52.8019
      vertex -49.8431 -39.6444 52.8019
      vertex -124.605 -39.6444 52.8019
    endloop
  endfacet
  facet normal 0 0 1
    outer loop
      vertex -124.605 -39.6444 52.8019
      vertex -49.8431 -39.6444 52.8019
      vertex -49.8331 -39.4921 52.8019
    endloop
  endfacet
  facet normal 0 0 1
    outer loop
      vertex -124.632 -39.3403 52.8019
      vertex -124.615 -39.4921 52.8019
      vertex -49.7634 -39.0396 52.8019
    endloop
  endfacet
  facet normal 0 0 1
    outer loop
      vertex -124.615 -39.4921 52.8019
      vertex -124.605 -39.6444 52.8019
      vertex -49.7634 -39.0396 52.8019
    endloop
  endfacet
  facet normal 0 0 1
    outer loop
      vertex -49.7634 -39.0396 52.8019
      vertex -124.605 -39.6444 52.8019
      vertex -49.7932 -39.1893 52.8019
    endloop
  endfacet
  facet normal 0 0 1
    outer loop
      vertex -124.605 -39.6444 52.8019
      vertex -49.8164 -39.3403 52.8019
      vertex -49.7932 -39.1893 52.8019
    endloop
  endfacet
  facet normal 0 0 1
    outer loop
      vertex -124.685 -39.0396 52.8019
      vertex -49.7634 -39.0396 52.8019
      vertex -124.721 -38.8912 52.8019
    endloop
  endfacet
  facet normal 0 0 1
    outer loop
      vertex -49.7634 -39.0396 52.8019
      vertex -49.7271 -38.8912 52.8019
      vertex -124.721 -38.8912 52.8019
    endloop
  endfacet
  facet normal 0 0 1
    outer loop
      vertex -124.721 -38.8912 52.8019
      vertex -49.7271 -38.8912 52.8019
      vertex -49.6844 -38.7446 52.8019
    endloop
  endfacet
  facet normal 0 0 1
    outer loop
      vertex -49.58 -38.4577 52.8019
      vertex -49.5185 -38.3179 52.8019
      vertex -124.721 -38.8912 52.8019
    endloop
  endfacet
  facet normal 0 0 1
    outer loop
      vertex -49.5185 -38.3179 52.8019
      vertex -49.4509 -38.181 52.8019
      vertex -124.721 -38.8912 52.8019
    endloop
  endfacet
  facet normal 0 0 1
    outer loop
      vertex -124.721 -38.8912 52.8019
      vertex -49.4509 -38.181 52.8019
      vertex -49.3775 -38.0471 52.8019
    endloop
  endfacet
  facet normal 0 0 1
    outer loop
      vertex -42.8763 5.44243 52.8019
      vertex -43.3945 -37.9166 52.8019
      vertex -42.8597 5.59422 52.8019
    endloop
  endfacet
  facet normal 0 0 1
    outer loop
      vertex -43.3945 -37.9166 52.8019
      vertex -41.9129 10.3993 52.8019
      vertex -42.8597 5.59422 52.8019
    endloop
  endfacet
  facet normal 0 0 1
    outer loop
      vertex -42.8597 5.59422 52.8019
      vertex -41.9129 10.3993 52.8019
      vertex -42.8497 5.7466 52.8019
    endloop
  endfacet
  facet normal 0 0 1
    outer loop
      vertex -41.9129 10.3993 52.8019
      vertex -42.8464 5.89927 52.8019
      vertex -42.8497 5.7466 52.8019
    endloop
  endfacet
  facet normal 0 0 1
    outer loop
      vertex -42.8763 5.44243 52.8019
      vertex -42.8996 5.2915 52.8019
      vertex -43.3945 -37.9166 52.8019
    endloop
  endfacet
  facet normal 0 0 1
    outer loop
      vertex -42.8996 5.2915 52.8019
      vertex -42.9293 5.14173 52.8019
      vertex -43.3945 -37.9166 52.8019
    endloop
  endfacet
  facet normal 0 0 1
    outer loop
      vertex -43.3945 -37.9166 52.8019
      vertex -42.9293 5.14173 52.8019
      vertex -42.9656 4.9934 52.8019
    endloop
  endfacet
  facet normal 0 0 1
    outer loop
      vertex -43.6652 3.64951 52.8019
      vertex -43.7659 3.5347 52.8019
      vertex -43.3945 -37.9166 52.8019
    endloop
  endfacet
  facet normal 0 0 1
    outer loop
      vertex -43.7659 3.5347 52.8019
      vertex -43.8715 3.42439 52.8019
      vertex -43.3945 -37.9166 52.8019
    endloop
  endfacet
  facet normal 0 0 1
    outer loop
      vertex -43.3945 -37.9166 52.8019
      vertex -43.8715 3.42439 52.8019
      vertex -43.4794 -37.7896 52.8019
    endloop
  endfacet
  facet normal 0 0 1
    outer loop
      vertex -128.767 9.28001 52.8019
      vertex -128.619 9.3163 52.8019
      vertex -131.913 10.3993 52.8019
    endloop
  endfacet
  facet normal 0 0 1
    outer loop
      vertex -128.619 9.3163 52.8019
      vertex -128.469 9.3461 52.8019
      vertex -131.913 10.3993 52.8019
    endloop
  endfacet
  facet normal 0 0 1
    outer loop
      vertex -131.913 10.3993 52.8019
      vertex -128.469 9.3461 52.8019
      vertex -128.318 9.36933 52.8019
    endloop
  endfacet
  facet normal 0 0 1
    outer loop
      vertex -127.253 9.3461 52.8019
      vertex -127.104 9.3163 52.8019
      vertex -41.9129 10.3993 52.8019
    endloop
  endfacet
  facet normal 0 0 1
    outer loop
      vertex -127.104 9.3163 52.8019
      vertex -126.955 9.28001 52.8019
      vertex -41.9129 10.3993 52.8019
    endloop
  endfacet
  facet normal 0 0 1
    outer loop
      vertex -41.9129 10.3993 52.8019
      vertex -126.955 9.28001 52.8019
      vertex -126.809 9.23728 52.8019
    endloop
  endfacet
  facet normal 0 0 1
    outer loop
      vertex -49.4509 7.51539 52.8019
      vertex -49.3775 7.64927 52.8019
      vertex -124.48 6.80513 52.8019
    endloop
  endfacet
  facet normal 0 0 1
    outer loop
      vertex -49.3775 7.64927 52.8019
      vertex -49.2983 7.77982 52.8019
      vertex -124.48 6.80513 52.8019
    endloop
  endfacet
  facet normal 0 0 1
    outer loop
      vertex -124.48 6.80513 52.8019
      vertex -49.2983 7.77982 52.8019
      vertex -49.2134 7.90679 52.8019
    endloop
  endfacet
  facet normal 0 0 1
    outer loop
      vertex -47.8255 9.07135 52.8019
      vertex -47.6858 9.13285 52.8019
      vertex -124.48 6.80513 52.8019
    endloop
  endfacet
  facet normal 0 0 1
    outer loop
      vertex -47.6858 9.13285 52.8019
      vertex -47.5435 9.18819 52.8019
      vertex -124.48 6.80513 52.8019
    endloop
  endfacet
  facet normal 0 0 1
    outer loop
      vertex -124.48 6.80513 52.8019
      vertex -47.5435 9.18819 52.8019
      vertex -47.3989 9.23728 52.8019
    endloop
  endfacet
  facet normal 0 0 1
    outer loop
      vertex -43.5696 8.02993 52.8019
      vertex -43.4794 7.90679 52.8019
      vertex -41.9129 10.3993 52.8019
    endloop
  endfacet
  facet normal 0 0 1
    outer loop
      vertex -43.4794 7.90679 52.8019
      vertex -43.3945 7.77982 52.8019
      vertex -41.9129 10.3993 52.8019
    endloop
  endfacet
  facet normal 0 0 1
    outer loop
      vertex -41.9129 10.3993 52.8019
      vertex -43.3945 7.77982 52.8019
      vertex -43.3153 7.64927 52.8019
    endloop
  endfacet
  facet normal 0 0 1
    outer loop
      vertex -127.797 -36.3104 52.8019
      vertex -125.386 3.42439 52.8019
      vertex -127.949 -36.3004 52.8019
    endloop
  endfacet
  facet normal 0 0 1
    outer loop
      vertex -127.645 -36.327 52.8019
      vertex -127.494 -36.3503 52.8019
      vertex -125.386 3.42439 52.8019
    endloop
  endfacet
  facet normal 0 0 1
    outer loop
      vertex -127.494 -36.3503 52.8019
      vertex -127.345 -36.3801 52.8019
      vertex -125.386 3.42439 52.8019
    endloop
  endfacet
  facet normal 0 0 1
    outer loop
      vertex -125.386 3.42439 52.8019
      vertex -127.345 -36.3801 52.8019
      vertex -127.196 -36.4164 52.8019
    endloop
  endfacet
  facet normal 0 0 1
    outer loop
      vertex -126.905 -36.5082 52.8019
      vertex -126.763 -36.5635 52.8019
      vertex -125.386 3.42439 52.8019
    endloop
  endfacet
  facet normal 0 0 1
    outer loop
      vertex -126.763 -36.5635 52.8019
      vertex -126.623 -36.625 52.8019
      vertex -125.386 3.42439 52.8019
    endloop
  endfacet
  facet normal 0 0 1
    outer loop
      vertex -125.386 3.42439 52.8019
      vertex -126.623 -36.625 52.8019
      vertex -126.486 -36.6926 52.8019
    endloop
  endfacet
  facet normal 0 0 1
    outer loop
      vertex -49.3775 -38.0471 52.8019
      vertex -49.2983 -37.9166 52.8019
      vertex -124.721 -38.8912 52.8019
    endloop
  endfacet
  facet normal 0 0 1
    outer loop
      vertex -49.2983 -37.9166 52.8019
      vertex -49.2134 -37.7896 52.8019
      vertex -124.721 -38.8912 52.8019
    endloop
  endfacet
  facet normal 0 0 1
    outer loop
      vertex -124.721 -38.8912 52.8019
      vertex -49.2134 -37.7896 52.8019
      vertex -49.1231 -37.6664 52.8019
    endloop
  endfacet
  facet normal 0 0 1
    outer loop
      vertex -43.1743 4.4201 52.8019
      vertex -43.2418 4.28315 52.8019
      vertex -43.3945 -37.9166 52.8019
    endloop
  endfacet
  facet normal 0 0 1
    outer loop
      vertex -43.2418 4.28315 52.8019
      vertex -43.3153 4.14927 52.8019
      vertex -43.3945 -37.9166 52.8019
    endloop
  endfacet
  facet normal 0 0 1
    outer loop
      vertex -43.3945 -37.9166 52.8019
      vertex -43.3153 4.14927 52.8019
      vertex -43.3945 4.01872 52.8019
    endloop
  endfacet
  facet normal 0 0 1
    outer loop
      vertex -43.3945 4.01872 52.8019
      vertex -43.4794 3.89175 52.8019
      vertex -43.3945 -37.9166 52.8019
    endloop
  endfacet
  facet normal 0 0 1
    outer loop
      vertex -43.4794 3.89175 52.8019
      vertex -43.5696 3.7686 52.8019
      vertex -43.3945 -37.9166 52.8019
    endloop
  endfacet
  facet normal 0 0 1
    outer loop
      vertex -43.3945 -37.9166 52.8019
      vertex -43.5696 3.7686 52.8019
      vertex -43.6652 3.64951 52.8019
    endloop
  endfacet
  facet normal 0 0 1
    outer loop
      vertex -49.1231 -37.6664 52.8019
      vertex -49.0275 -37.5473 52.8019
      vertex -124.721 -38.8912 52.8019
    endloop
  endfacet
  facet normal 0 0 1
    outer loop
      vertex -49.0275 -37.5473 52.8019
      vertex -48.9269 -37.4325 52.8019
      vertex -124.721 -38.8912 52.8019
    endloop
  endfacet
  facet normal 0 0 1
    outer loop
      vertex -124.721 -38.8912 52.8019
      vertex -48.9269 -37.4325 52.8019
      vertex -44.7303 2.79473 52.8019
    endloop
  endfacet
  facet normal 0 0 1
    outer loop
      vertex -48.9269 -37.4325 52.8019
      vertex -48.8213 -37.3222 52.8019
      vertex -44.7303 2.79473 52.8019
    endloop
  endfacet
  facet normal 0 0 1
    outer loop
      vertex -48.8213 -37.3222 52.8019
      vertex -48.7109 -37.2166 52.8019
      vertex -44.7303 2.79473 52.8019
    endloop
  endfacet
  facet normal 0 0 1
    outer loop
      vertex -48.7109 -37.2166 52.8019
      vertex -48.5961 -37.1159 52.8019
      vertex -44.7303 2.79473 52.8019
    endloop
  endfacet
  facet normal 0 0 1
    outer loop
      vertex -44.7303 2.79473 52.8019
      vertex -48.5961 -37.1159 52.8019
      vertex -48.477 -37.0204 52.8019
    endloop
  endfacet
  facet normal 0 0 1
    outer loop
      vertex -48.477 -37.0204 52.8019
      vertex -48.3539 -36.9301 52.8019
      vertex -44.7303 2.79473 52.8019
    endloop
  endfacet
  facet normal 0 0 1
    outer loop
      vertex -48.3539 -36.9301 52.8019
      vertex -48.2269 -36.8452 52.8019
      vertex -44.7303 2.79473 52.8019
    endloop
  endfacet
  facet normal 0 0 1
    outer loop
      vertex -44.7303 2.79473 52.8019
      vertex -48.2269 -36.8452 52.8019
      vertex -48.0964 -36.766 52.8019
    endloop
  endfacet
  facet normal 0 0 1
    outer loop
      vertex -47.1039 -36.3801 52.8019
      vertex -46.9542 -36.3503 52.8019
      vertex -44.7303 2.79473 52.8019
    endloop
  endfacet
  facet normal 0 0 1
    outer loop
      vertex -46.9542 -36.3503 52.8019
      vertex -46.8032 -36.327 52.8019
      vertex -44.7303 2.79473 52.8019
    endloop
  endfacet
  facet normal 0 0 1
    outer loop
      vertex -44.7303 2.79473 52.8019
      vertex -46.8032 -36.327 52.8019
      vertex -46.6514 -36.3104 52.8019
    endloop
  endfacet
  facet normal 0 0 1
    outer loop
      vertex -44.0966 3.21811 52.8019
      vertex -44.2157 3.12253 52.8019
      vertex -46.0413 -36.3104 52.8019
    endloop
  endfacet
  facet normal 0 0 1
    outer loop
      vertex -45.7386 -36.3503 52.8019
      vertex -43.8715 3.42439 52.8019
      vertex -45.8895 -36.327 52.8019
    endloop
  endfacet
  facet normal 0 0 1
    outer loop
      vertex -43.8715 3.42439 52.8019
      vertex -45.1493 -36.5082 52.8019
      vertex -45.007 -36.5635 52.8019
    endloop
  endfacet
  facet normal 0 0 1
    outer loop
      vertex -44.2157 -37.0204 52.8019
      vertex -44.0966 -37.1159 52.8019
      vertex -43.8715 3.42439 52.8019
    endloop
  endfacet
  facet normal 0 0 1
    outer loop
      vertex -129.201 9.13285 52.8019
      vertex -129.058 9.18819 52.8019
      vertex -131.913 10.3993 52.8019
    endloop
  endfacet
  facet normal 0 0 1
    outer loop
      vertex -129.058 9.18819 52.8019
      vertex -128.914 9.23728 52.8019
      vertex -131.913 10.3993 52.8019
    endloop
  endfacet
  facet normal 0 0 1
    outer loop
      vertex -131.913 10.3993 52.8019
      vertex -128.914 9.23728 52.8019
      vertex -128.767 9.28001 52.8019
    endloop
  endfacet
  facet normal 0 0 1
    outer loop
      vertex -128.318 9.36933 52.8019
      vertex -128.166 9.38595 52.8019
      vertex -131.913 10.3993 52.8019
    endloop
  endfacet
  facet normal 0 0 1
    outer loop
      vertex -128.166 9.38595 52.8019
      vertex -128.014 9.39594 52.8019
      vertex -131.913 10.3993 52.8019
    endloop
  endfacet
  facet normal 0 0 1
    outer loop
      vertex -131.913 10.3993 52.8019
      vertex -128.014 9.39594 52.8019
      vertex -127.861 9.39927 52.8019
    endloop
  endfacet
  facet normal 0 0 1
    outer loop
      vertex -124.444 6.65681 52.8019
      vertex -49.7634 6.65681 52.8019
      vertex -124.48 6.80513 52.8019
    endloop
  endfacet
  facet normal 0 0 1
    outer loop
      vertex -49.7634 6.65681 52.8019
      vertex -49.7271 6.80513 52.8019
      vertex -124.48 6.80513 52.8019
    endloop
  endfacet
  facet normal 0 0 1
    outer loop
      vertex -124.48 6.80513 52.8019
      vertex -49.7271 6.80513 52.8019
      vertex -49.6844 6.95174 52.8019
    endloop
  endfacet
  facet normal 0 0 1
    outer loop
      vertex -48.5961 8.58042 52.8019
      vertex -48.477 8.67601 52.8019
      vertex -124.48 6.80513 52.8019
    endloop
  endfacet
  facet normal 0 0 1
    outer loop
      vertex -48.477 8.67601 52.8019
      vertex -48.3539 8.7663 52.8019
      vertex -124.48 6.80513 52.8019
    endloop
  endfacet
  facet normal 0 0 1
    outer loop
      vertex -124.48 6.80513 52.8019
      vertex -48.3539 8.7663 52.8019
      vertex -48.2269 8.85114 52.8019
    endloop
  endfacet
  facet normal 0 0 1
    outer loop
      vertex -46.6514 9.38595 52.8019
      vertex -46.4991 9.39594 52.8019
      vertex -41.9129 10.3993 52.8019
    endloop
  endfacet
  facet normal 0 0 1
    outer loop
      vertex -44.2157 8.67601 52.8019
      vertex -44.0966 8.58042 52.8019
      vertex -41.9129 10.3993 52.8019
    endloop
  endfacet
  facet normal 0 0 1
    outer loop
      vertex -44.0966 8.58042 52.8019
      vertex -43.9818 8.47974 52.8019
      vertex -41.9129 10.3993 52.8019
    endloop
  endfacet
  facet normal 0 0 1
    outer loop
      vertex -41.9129 10.3993 52.8019
      vertex -43.9818 8.47974 52.8019
      vertex -43.8715 8.37414 52.8019
    endloop
  endfacet
  facet normal 0 0 1
    outer loop
      vertex -43.8715 8.37414 52.8019
      vertex -43.7659 8.26383 52.8019
      vertex -41.9129 10.3993 52.8019
    endloop
  endfacet
  facet normal 0 0 1
    outer loop
      vertex -43.7659 8.26383 52.8019
      vertex -43.6652 8.14903 52.8019
      vertex -41.9129 10.3993 52.8019
    endloop
  endfacet
  facet normal 0 0 1
    outer loop
      vertex -41.9129 10.3993 52.8019
      vertex -43.6652 8.14903 52.8019
      vertex -43.5696 8.02993 52.8019
    endloop
  endfacet
  facet normal 0 0 1
    outer loop
      vertex -43.1128 7.23866 52.8019
      vertex -43.0575 7.09634 52.8019
      vertex -41.9129 10.3993 52.8019
    endloop
  endfacet
  facet normal 0 0 1
    outer loop
      vertex -43.0575 7.09634 52.8019
      vertex -43.0084 6.95174 52.8019
      vertex -41.9129 10.3993 52.8019
    endloop
  endfacet
  facet normal 0 0 1
    outer loop
      vertex -41.9129 10.3993 52.8019
      vertex -43.0084 6.95174 52.8019
      vertex -42.9656 6.80513 52.8019
    endloop
  endfacet
  facet normal 0 0 1
    outer loop
      vertex -128.559 -36.327 52.8019
      vertex -128.407 -36.3104 52.8019
      vertex -125.611 3.21811 52.8019
    endloop
  endfacet
  facet normal 0 0 1
    outer loop
      vertex -128.407 -36.3104 52.8019
      vertex -128.255 -36.3004 52.8019
      vertex -125.611 3.21811 52.8019
    endloop
  endfacet
  facet normal 0 0 1
    outer loop
      vertex -125.611 3.21811 52.8019
      vertex -128.255 -36.3004 52.8019
      vertex -128.102 -36.2971 52.8019
    endloop
  endfacet
  facet normal 0 0 1
    outer loop
      vertex -47.9625 -36.6926 52.8019
      vertex -47.8255 -36.625 52.8019
      vertex -44.7303 2.79473 52.8019
    endloop
  endfacet
  facet normal 0 0 1
    outer loop
      vertex -47.8255 -36.625 52.8019
      vertex -47.6858 -36.5635 52.8019
      vertex -44.7303 2.79473 52.8019
    endloop
  endfacet
  facet normal 0 0 1
    outer loop
      vertex -44.7303 2.79473 52.8019
      vertex -47.6858 -36.5635 52.8019
      vertex -47.5435 -36.5082 52.8019
    endloop
  endfacet
  facet normal 0 0 1
    outer loop
      vertex -47.5435 -36.5082 52.8019
      vertex -47.3989 -36.4591 52.8019
      vertex -44.7303 2.79473 52.8019
    endloop
  endfacet
  facet normal 0 0 1
    outer loop
      vertex -47.3989 -36.4591 52.8019
      vertex -47.2523 -36.4164 52.8019
      vertex -44.7303 2.79473 52.8019
    endloop
  endfacet
  facet normal 0 0 1
    outer loop
      vertex -44.7303 2.79473 52.8019
      vertex -47.2523 -36.4164 52.8019
      vertex -47.1039 -36.3801 52.8019
    endloop
  endfacet
  facet normal 0 0 1
    outer loop
      vertex -45.5888 -36.3801 52.8019
      vertex -45.4405 -36.4164 52.8019
      vertex -43.8715 3.42439 52.8019
    endloop
  endfacet
  facet normal 0 0 1
    outer loop
      vertex -45.4405 -36.4164 52.8019
      vertex -45.2939 -36.4591 52.8019
      vertex -43.8715 3.42439 52.8019
    endloop
  endfacet
  facet normal 0 0 1
    outer loop
      vertex -43.8715 3.42439 52.8019
      vertex -45.2939 -36.4591 52.8019
      vertex -45.1493 -36.5082 52.8019
    endloop
  endfacet
  facet normal 0 0 1
    outer loop
      vertex -127.861 9.39927 52.8019
      vertex -127.709 9.39594 52.8019
      vertex -131.913 10.3993 52.8019
    endloop
  endfacet
  facet normal 0 0 1
    outer loop
      vertex -127.709 9.39594 52.8019
      vertex -127.556 9.38595 52.8019
      vertex -131.913 10.3993 52.8019
    endloop
  endfacet
  facet normal 0 0 1
    outer loop
      vertex -131.913 10.3993 52.8019
      vertex -127.556 9.38595 52.8019
      vertex -41.9129 10.3993 52.8019
    endloop
  endfacet
  facet normal 0 0 1
    outer loop
      vertex -127.556 9.38595 52.8019
      vertex -127.404 9.36933 52.8019
      vertex -41.9129 10.3993 52.8019
    endloop
  endfacet
  facet normal 0 0 1
    outer loop
      vertex -41.9129 10.3993 52.8019
      vertex -127.404 9.36933 52.8019
      vertex -127.253 9.3461 52.8019
    endloop
  endfacet
  facet normal 0 0 1
    outer loop
      vertex -48.2269 8.85114 52.8019
      vertex -48.0964 8.93036 52.8019
      vertex -124.48 6.80513 52.8019
    endloop
  endfacet
  facet normal 0 0 1
    outer loop
      vertex -48.0964 8.93036 52.8019
      vertex -47.9625 9.00381 52.8019
      vertex -124.48 6.80513 52.8019
    endloop
  endfacet
  facet normal 0 0 1
    outer loop
      vertex -124.48 6.80513 52.8019
      vertex -47.9625 9.00381 52.8019
      vertex -47.8255 9.07135 52.8019
    endloop
  endfacet
  facet normal 0 0 1
    outer loop
      vertex -46.6514 9.38595 52.8019
      vertex -41.9129 10.3993 52.8019
      vertex -46.8032 9.36933 52.8019
    endloop
  endfacet
  facet normal 0 0 1
    outer loop
      vertex -46.4991 9.39594 52.8019
      vertex -46.3464 9.39927 52.8019
      vertex -41.9129 10.3993 52.8019
    endloop
  endfacet
  facet normal 0 0 1
    outer loop
      vertex -46.3464 9.39927 52.8019
      vertex -46.1937 9.39594 52.8019
      vertex -41.9129 10.3993 52.8019
    endloop
  endfacet
  facet normal 0 0 1
    outer loop
      vertex -41.9129 10.3993 52.8019
      vertex -46.1937 9.39594 52.8019
      vertex -46.0413 9.38595 52.8019
    endloop
  endfacet
  facet normal 0 0 1
    outer loop
      vertex -45.4405 9.28001 52.8019
      vertex -45.2939 9.23728 52.8019
      vertex -41.9129 10.3993 52.8019
    endloop
  endfacet
  facet normal 0 0 1
    outer loop
      vertex -45.2939 9.23728 52.8019
      vertex -45.1493 9.18819 52.8019
      vertex -41.9129 10.3993 52.8019
    endloop
  endfacet
  facet normal 0 0 1
    outer loop
      vertex -41.9129 10.3993 52.8019
      vertex -45.1493 9.18819 52.8019
      vertex -45.007 9.13285 52.8019
    endloop
  endfacet
  facet normal 0 0 1
    outer loop
      vertex -45.007 9.13285 52.8019
      vertex -44.8672 9.07135 52.8019
      vertex -41.9129 10.3993 52.8019
    endloop
  endfacet
  facet normal 0 0 1
    outer loop
      vertex -44.8672 9.07135 52.8019
      vertex -44.7303 9.00381 52.8019
      vertex -41.9129 10.3993 52.8019
    endloop
  endfacet
  facet normal 0 0 1
    outer loop
      vertex -41.9129 10.3993 52.8019
      vertex -44.7303 9.00381 52.8019
      vertex -44.5964 8.93036 52.8019
    endloop
  endfacet
  facet normal 0 0 1
    outer loop
      vertex -42.9656 4.9934 52.8019
      vertex -43.0084 4.8468 52.8019
      vertex -43.3945 -37.9166 52.8019
    endloop
  endfacet
  facet normal 0 0 1
    outer loop
      vertex -43.0084 4.8468 52.8019
      vertex -43.0575 4.7022 52.8019
      vertex -43.3945 -37.9166 52.8019
    endloop
  endfacet
  facet normal 0 0 1
    outer loop
      vertex -43.3945 -37.9166 52.8019
      vertex -43.0575 4.7022 52.8019
      vertex -43.1128 4.55988 52.8019
    endloop
  endfacet
  facet normal 0 0 1
    outer loop
      vertex -45.8895 -36.327 52.8019
      vertex -43.8715 3.42439 52.8019
      vertex -46.0413 -36.3104 52.8019
    endloop
  endfacet
  facet normal 0 0 1
    outer loop
      vertex -43.8715 3.42439 52.8019
      vertex -43.9818 3.3188 52.8019
      vertex -46.0413 -36.3104 52.8019
    endloop
  endfacet
  facet normal 0 0 1
    outer loop
      vertex -46.0413 -36.3104 52.8019
      vertex -43.9818 3.3188 52.8019
      vertex -44.0966 3.21811 52.8019
    endloop
  endfacet
  facet normal 0 0 1
    outer loop
      vertex -44.0966 -37.1159 52.8019
      vertex -43.9818 -37.2166 52.8019
      vertex -43.8715 3.42439 52.8019
    endloop
  endfacet
  facet normal 0 0 1
    outer loop
      vertex -43.9818 -37.2166 52.8019
      vertex -43.8715 -37.3222 52.8019
      vertex -43.8715 3.42439 52.8019
    endloop
  endfacet
  facet normal 0 0 1
    outer loop
      vertex -43.8715 3.42439 52.8019
      vertex -43.8715 -37.3222 52.8019
      vertex -43.7659 -37.4325 52.8019
    endloop
  endfacet
  facet normal 0 0 1
    outer loop
      vertex -43.7659 -37.4325 52.8019
      vertex -43.6652 -37.5473 52.8019
      vertex -43.8715 3.42439 52.8019
    endloop
  endfacet
  facet normal 0 0 1
    outer loop
      vertex -43.6652 -37.5473 52.8019
      vertex -43.5696 -37.6664 52.8019
      vertex -43.8715 3.42439 52.8019
    endloop
  endfacet
  facet normal 0 0 1
    outer loop
      vertex -43.8715 3.42439 52.8019
      vertex -43.5696 -37.6664 52.8019
      vertex -43.4794 -37.7896 52.8019
    endloop
  endfacet
  facet normal 0 0 1
    outer loop
      vertex -47.3989 9.23728 52.8019
      vertex -47.2523 9.28001 52.8019
      vertex -124.48 6.80513 52.8019
    endloop
  endfacet
  facet normal 0 0 1
    outer loop
      vertex -47.2523 9.28001 52.8019
      vertex -47.1039 9.3163 52.8019
      vertex -124.48 6.80513 52.8019
    endloop
  endfacet
  facet normal 0 0 1
    outer loop
      vertex -124.48 6.80513 52.8019
      vertex -47.1039 9.3163 52.8019
      vertex -41.9129 10.3993 52.8019
    endloop
  endfacet
  facet normal 0 0 1
    outer loop
      vertex -47.1039 9.3163 52.8019
      vertex -46.9542 9.3461 52.8019
      vertex -41.9129 10.3993 52.8019
    endloop
  endfacet
  facet normal 0 0 1
    outer loop
      vertex -41.9129 10.3993 52.8019
      vertex -46.9542 9.3461 52.8019
      vertex -46.8032 9.36933 52.8019
    endloop
  endfacet
  facet normal 0 0 1
    outer loop
      vertex -46.0413 9.38595 52.8019
      vertex -45.8895 9.36933 52.8019
      vertex -41.9129 10.3993 52.8019
    endloop
  endfacet
  facet normal 0 0 1
    outer loop
      vertex -45.8895 9.36933 52.8019
      vertex -45.7386 9.3461 52.8019
      vertex -41.9129 10.3993 52.8019
    endloop
  endfacet
  facet normal 0 0 1
    outer loop
      vertex -41.9129 10.3993 52.8019
      vertex -45.7386 9.3461 52.8019
      vertex -45.5888 9.3163 52.8019
    endloop
  endfacet
  facet normal 0 0 1
    outer loop
      vertex -127.949 -36.3004 52.8019
      vertex -125.386 3.42439 52.8019
      vertex -128.102 -36.2971 52.8019
    endloop
  endfacet
  facet normal 0 0 1
    outer loop
      vertex -125.386 3.42439 52.8019
      vertex -125.497 3.3188 52.8019
      vertex -128.102 -36.2971 52.8019
    endloop
  endfacet
  facet normal 0 0 1
    outer loop
      vertex -128.102 -36.2971 52.8019
      vertex -125.497 3.3188 52.8019
      vertex -125.611 3.21811 52.8019
    endloop
  endfacet
  facet normal 0 0 1
    outer loop
      vertex -45.007 -36.5635 52.8019
      vertex -44.8672 -36.625 52.8019
      vertex -43.8715 3.42439 52.8019
    endloop
  endfacet
  facet normal 0 0 1
    outer loop
      vertex -44.8672 -36.625 52.8019
      vertex -44.7303 -36.6926 52.8019
      vertex -43.8715 3.42439 52.8019
    endloop
  endfacet
  facet normal 0 0 1
    outer loop
      vertex -43.8715 3.42439 52.8019
      vertex -44.7303 -36.6926 52.8019
      vertex -44.5964 -36.766 52.8019
    endloop
  endfacet
  facet normal 0 0 1
    outer loop
      vertex -44.5964 8.93036 52.8019
      vertex -44.4658 8.85114 52.8019
      vertex -41.9129 10.3993 52.8019
    endloop
  endfacet
  facet normal 0 0 1
    outer loop
      vertex -44.4658 8.85114 52.8019
      vertex -44.3389 8.7663 52.8019
      vertex -41.9129 10.3993 52.8019
    endloop
  endfacet
  facet normal 0 0 1
    outer loop
      vertex -41.9129 10.3993 52.8019
      vertex -44.3389 8.7663 52.8019
      vertex -44.2157 8.67601 52.8019
    endloop
  endfacet
  facet normal 0 0 1
    outer loop
      vertex -44.2157 3.12253 52.8019
      vertex -44.3389 3.03224 52.8019
      vertex -46.0413 -36.3104 52.8019
    endloop
  endfacet
  facet normal 0 0 1
    outer loop
      vertex -44.3389 3.03224 52.8019
      vertex -44.4658 2.9474 52.8019
      vertex -46.0413 -36.3104 52.8019
    endloop
  endfacet
  facet normal 0 0 1
    outer loop
      vertex -46.0413 -36.3104 52.8019
      vertex -44.4658 2.9474 52.8019
      vertex -44.5964 2.86818 52.8019
    endloop
  endfacet
  facet normal 0 0 1
    outer loop
      vertex -46.6514 -36.3104 52.8019
      vertex -46.4991 -36.3004 52.8019
      vertex -44.7303 2.79473 52.8019
    endloop
  endfacet
  facet normal 0 0 1
    outer loop
      vertex -46.4991 -36.3004 52.8019
      vertex -46.3464 -36.2971 52.8019
      vertex -44.7303 2.79473 52.8019
    endloop
  endfacet
  facet normal 0 0 1
    outer loop
      vertex -44.7303 2.79473 52.8019
      vertex -46.3464 -36.2971 52.8019
      vertex -44.5964 2.86818 52.8019
    endloop
  endfacet
  facet normal 0 0 1
    outer loop
      vertex -46.3464 -36.2971 52.8019
      vertex -46.1937 -36.3004 52.8019
      vertex -44.5964 2.86818 52.8019
    endloop
  endfacet
  facet normal 0 0 1
    outer loop
      vertex -44.5964 2.86818 52.8019
      vertex -46.1937 -36.3004 52.8019
      vertex -46.0413 -36.3104 52.8019
    endloop
  endfacet
  facet normal 0 0 1
    outer loop
      vertex -44.5964 -36.766 52.8019
      vertex -44.4658 -36.8452 52.8019
      vertex -43.8715 3.42439 52.8019
    endloop
  endfacet
  facet normal 0 0 1
    outer loop
      vertex -44.4658 -36.8452 52.8019
      vertex -44.3389 -36.9301 52.8019
      vertex -43.8715 3.42439 52.8019
    endloop
  endfacet
  facet normal 0 0 1
    outer loop
      vertex -43.8715 3.42439 52.8019
      vertex -44.3389 -36.9301 52.8019
      vertex -44.2157 -37.0204 52.8019
    endloop
  endfacet
  facet normal 0 0 -1
    outer loop
      vertex -125.737 -42.3776 47.8019
      vertex -125.627 -42.272 47.8019
      vertex -49.8464 -39.7971 47.8019
    endloop
  endfacet
  facet normal 0 0 -1
    outer loop
      vertex -49.8431 6.05194 47.8019
      vertex -49.8464 5.89927 47.8019
      vertex -125.611 3.21811 47.8019
    endloop
  endfacet
  facet normal 0 0 -1
    outer loop
      vertex -48.8213 -37.3222 47.8019
      vertex -48.9269 -37.4325 47.8019
      vertex -125.325 -41.9278 47.8019
    endloop
  endfacet
  facet normal 0 0 -1
    outer loop
      vertex -49.7271 6.80513 47.8019
      vertex -49.7634 6.65681 47.8019
      vertex -125.386 3.42439 47.8019
    endloop
  endfacet
  facet normal 0 0 -1
    outer loop
      vertex -49.5185 -38.3179 47.8019
      vertex -49.58 -38.4577 47.8019
      vertex -125.325 -41.9278 47.8019
    endloop
  endfacet
  facet normal 0 0 -1
    outer loop
      vertex -126.486 -42.9016 47.8019
      vertex -126.352 -42.8282 47.8019
      vertex -49.8464 -39.7971 47.8019
    endloop
  endfacet
  facet normal 0 0 -1
    outer loop
      vertex -126.352 -42.8282 47.8019
      vertex -126.222 -42.749 47.8019
      vertex -49.8464 -39.7971 47.8019
    endloop
  endfacet
  facet normal 0 0 -1
    outer loop
      vertex -49.8464 -39.7971 47.8019
      vertex -126.222 -42.749 47.8019
      vertex -126.095 -42.6641 47.8019
    endloop
  endfacet
  facet normal 0 0 -1
    outer loop
      vertex -126.095 -42.6641 47.8019
      vertex -125.971 -42.5738 47.8019
      vertex -49.8464 -39.7971 47.8019
    endloop
  endfacet
  facet normal 0 0 -1
    outer loop
      vertex -125.971 -42.5738 47.8019
      vertex -125.852 -42.4783 47.8019
      vertex -49.8464 -39.7971 47.8019
    endloop
  endfacet
  facet normal 0 0 -1
    outer loop
      vertex -49.8464 -39.7971 47.8019
      vertex -125.852 -42.4783 47.8019
      vertex -125.737 -42.3776 47.8019
    endloop
  endfacet
  facet normal 0 0 -1
    outer loop
      vertex -126.382 2.72719 47.8019
      vertex -126.245 2.79473 47.8019
      vertex -49.8464 5.89927 47.8019
    endloop
  endfacet
  facet normal 0 0 -1
    outer loop
      vertex -126.245 2.79473 47.8019
      vertex -126.111 2.86818 47.8019
      vertex -49.8464 5.89927 47.8019
    endloop
  endfacet
  facet normal 0 0 -1
    outer loop
      vertex -49.8464 5.89927 47.8019
      vertex -126.111 2.86818 47.8019
      vertex -125.981 2.9474 47.8019
    endloop
  endfacet
  facet normal 0 0 -1
    outer loop
      vertex -124.444 6.65681 47.8019
      vertex -124.48 6.80513 47.8019
      vertex -41.9129 10.3993 47.8019
    endloop
  endfacet
  facet normal 0 0 -1
    outer loop
      vertex -47.1039 -36.3801 47.8019
      vertex -125.325 -41.9278 47.8019
      vertex -46.9542 -36.3503 47.8019
    endloop
  endfacet
  facet normal 0 0 -1
    outer loop
      vertex -125.325 -41.9278 47.8019
      vertex -46.8032 -36.327 47.8019
      vertex -46.9542 -36.3503 47.8019
    endloop
  endfacet
  facet normal 0 0 -1
    outer loop
      vertex -125.325 -41.9278 47.8019
      vertex -47.9625 -36.6926 47.8019
      vertex -48.0964 -36.766 47.8019
    endloop
  endfacet
  facet normal 0 0 -1
    outer loop
      vertex -49.2134 -37.7896 47.8019
      vertex -49.2983 -37.9166 47.8019
      vertex -125.325 -41.9278 47.8019
    endloop
  endfacet
  facet normal 0 0 -1
    outer loop
      vertex -49.7271 -38.8912 47.8019
      vertex -49.7634 -39.0396 47.8019
      vertex -125.325 -41.9278 47.8019
    endloop
  endfacet
  facet normal 0 0 -1
    outer loop
      vertex -49.7634 -39.0396 47.8019
      vertex -49.7932 -39.1893 47.8019
      vertex -125.325 -41.9278 47.8019
    endloop
  endfacet
  facet normal 0 0 -1
    outer loop
      vertex -49.7932 -39.1893 47.8019
      vertex -49.8164 -39.3403 47.8019
      vertex -125.325 -41.9278 47.8019
    endloop
  endfacet
  facet normal 0 0 -1
    outer loop
      vertex -49.8164 -39.3403 47.8019
      vertex -49.8331 -39.4921 47.8019
      vertex -125.325 -41.9278 47.8019
    endloop
  endfacet
  facet normal 0 0 -1
    outer loop
      vertex -125.325 -41.9278 47.8019
      vertex -49.8331 -39.4921 47.8019
      vertex -125.421 -42.0469 47.8019
    endloop
  endfacet
  facet normal 0 0 -1
    outer loop
      vertex -49.8331 -39.4921 47.8019
      vertex -125.522 -42.1617 47.8019
      vertex -125.421 -42.0469 47.8019
    endloop
  endfacet
  facet normal 0 0 -1
    outer loop
      vertex -127.556 2.41259 47.8019
      vertex -127.404 2.42921 47.8019
      vertex -49.8464 5.89927 47.8019
    endloop
  endfacet
  facet normal 0 0 -1
    outer loop
      vertex -127.404 2.42921 47.8019
      vertex -127.253 2.45244 47.8019
      vertex -49.8464 5.89927 47.8019
    endloop
  endfacet
  facet normal 0 0 -1
    outer loop
      vertex -125.981 2.9474 47.8019
      vertex -125.854 3.03224 47.8019
      vertex -49.8464 5.89927 47.8019
    endloop
  endfacet
  facet normal 0 0 -1
    outer loop
      vertex -125.854 3.03224 47.8019
      vertex -125.73 3.12253 47.8019
      vertex -49.8464 5.89927 47.8019
    endloop
  endfacet
  facet normal 0 0 -1
    outer loop
      vertex -49.8464 5.89927 47.8019
      vertex -125.73 3.12253 47.8019
      vertex -125.611 3.21811 47.8019
    endloop
  endfacet
  facet normal 0 0 -1
    outer loop
      vertex -49.7634 6.65681 47.8019
      vertex -49.7932 6.50704 47.8019
      vertex -125.386 3.42439 47.8019
    endloop
  endfacet
  facet normal 0 0 -1
    outer loop
      vertex -49.7932 6.50704 47.8019
      vertex -49.8164 6.35611 47.8019
      vertex -125.386 3.42439 47.8019
    endloop
  endfacet
  facet normal 0 0 -1
    outer loop
      vertex -125.386 3.42439 47.8019
      vertex -49.8164 6.35611 47.8019
      vertex -49.8331 6.20431 47.8019
    endloop
  endfacet
  facet normal 0 0 -1
    outer loop
      vertex -131.602 -39.7971 47.8019
      vertex -131.599 -39.9498 47.8019
      vertex -131.913 -44.6007 47.8019
    endloop
  endfacet
  facet normal 0 0 -1
    outer loop
      vertex -131.599 -39.9498 47.8019
      vertex -131.589 -40.1021 47.8019
      vertex -131.913 -44.6007 47.8019
    endloop
  endfacet
  facet normal 0 0 -1
    outer loop
      vertex -131.913 -44.6007 47.8019
      vertex -131.589 -40.1021 47.8019
      vertex -131.572 -40.2539 47.8019
    endloop
  endfacet
  facet normal 0 0 -1
    outer loop
      vertex -131.483 -40.703 47.8019
      vertex -131.44 -40.8496 47.8019
      vertex -131.913 -44.6007 47.8019
    endloop
  endfacet
  facet normal 0 0 -1
    outer loop
      vertex -131.44 -40.8496 47.8019
      vertex -131.391 -40.9942 47.8019
      vertex -131.913 -44.6007 47.8019
    endloop
  endfacet
  facet normal 0 0 -1
    outer loop
      vertex -131.913 -44.6007 47.8019
      vertex -131.391 -40.9942 47.8019
      vertex -131.336 -41.1365 47.8019
    endloop
  endfacet
  facet normal 0 0 -1
    outer loop
      vertex -130.442 8.26383 47.8019
      vertex -130.542 8.14903 47.8019
      vertex -131.913 10.3993 47.8019
    endloop
  endfacet
  facet normal 0 0 -1
    outer loop
      vertex -130.542 8.14903 47.8019
      vertex -130.638 8.02993 47.8019
      vertex -131.913 10.3993 47.8019
    endloop
  endfacet
  facet normal 0 0 -1
    outer loop
      vertex -127.345 -43.2141 47.8019
      vertex -49.8464 -39.7971 47.8019
      vertex -127.494 -43.2439 47.8019
    endloop
  endfacet
  facet normal 0 0 -1
    outer loop
      vertex -49.8464 -39.7971 47.8019
      vertex -127.645 -43.2672 47.8019
      vertex -127.494 -43.2439 47.8019
    endloop
  endfacet
  facet normal 0 0 -1
    outer loop
      vertex -126.905 -43.086 47.8019
      vertex -126.763 -43.0307 47.8019
      vertex -49.8464 -39.7971 47.8019
    endloop
  endfacet
  facet normal 0 0 -1
    outer loop
      vertex -126.763 -43.0307 47.8019
      vertex -126.623 -42.9692 47.8019
      vertex -49.8464 -39.7971 47.8019
    endloop
  endfacet
  facet normal 0 0 -1
    outer loop
      vertex -49.8464 -39.7971 47.8019
      vertex -126.623 -42.9692 47.8019
      vertex -126.486 -42.9016 47.8019
    endloop
  endfacet
  facet normal 0 0 -1
    outer loop
      vertex -48.0964 -36.766 47.8019
      vertex -48.2269 -36.8452 47.8019
      vertex -125.325 -41.9278 47.8019
    endloop
  endfacet
  facet normal 0 0 -1
    outer loop
      vertex -48.2269 -36.8452 47.8019
      vertex -48.3539 -36.9301 47.8019
      vertex -125.325 -41.9278 47.8019
    endloop
  endfacet
  facet normal 0 0 -1
    outer loop
      vertex -125.325 -41.9278 47.8019
      vertex -48.3539 -36.9301 47.8019
      vertex -48.477 -37.0204 47.8019
    endloop
  endfacet
  facet normal 0 0 -1
    outer loop
      vertex -48.477 -37.0204 47.8019
      vertex -48.5961 -37.1159 47.8019
      vertex -125.325 -41.9278 47.8019
    endloop
  endfacet
  facet normal 0 0 -1
    outer loop
      vertex -48.5961 -37.1159 47.8019
      vertex -48.7109 -37.2166 47.8019
      vertex -125.325 -41.9278 47.8019
    endloop
  endfacet
  facet normal 0 0 -1
    outer loop
      vertex -125.325 -41.9278 47.8019
      vertex -48.7109 -37.2166 47.8019
      vertex -48.8213 -37.3222 47.8019
    endloop
  endfacet
  facet normal 0 0 -1
    outer loop
      vertex -49.2983 -37.9166 47.8019
      vertex -49.3775 -38.0471 47.8019
      vertex -125.325 -41.9278 47.8019
    endloop
  endfacet
  facet normal 0 0 -1
    outer loop
      vertex -49.3775 -38.0471 47.8019
      vertex -49.4509 -38.181 47.8019
      vertex -125.325 -41.9278 47.8019
    endloop
  endfacet
  facet normal 0 0 -1
    outer loop
      vertex -125.325 -41.9278 47.8019
      vertex -49.4509 -38.181 47.8019
      vertex -49.5185 -38.3179 47.8019
    endloop
  endfacet
  facet normal 0 0 -1
    outer loop
      vertex -49.58 -38.4577 47.8019
      vertex -49.6353 -38.6 47.8019
      vertex -125.325 -41.9278 47.8019
    endloop
  endfacet
  facet normal 0 0 -1
    outer loop
      vertex -49.6353 -38.6 47.8019
      vertex -49.6844 -38.7446 47.8019
      vertex -125.325 -41.9278 47.8019
    endloop
  endfacet
  facet normal 0 0 -1
    outer loop
      vertex -125.325 -41.9278 47.8019
      vertex -49.6844 -38.7446 47.8019
      vertex -49.7271 -38.8912 47.8019
    endloop
  endfacet
  facet normal 0 0 -1
    outer loop
      vertex -125.522 -42.1617 47.8019
      vertex -49.8331 -39.4921 47.8019
      vertex -125.627 -42.272 47.8019
    endloop
  endfacet
  facet normal 0 0 -1
    outer loop
      vertex -49.8331 -39.4921 47.8019
      vertex -49.8431 -39.6444 47.8019
      vertex -125.627 -42.272 47.8019
    endloop
  endfacet
  facet normal 0 0 -1
    outer loop
      vertex -125.627 -42.272 47.8019
      vertex -49.8431 -39.6444 47.8019
      vertex -49.8464 -39.7971 47.8019
    endloop
  endfacet
  facet normal 0 0 -1
    outer loop
      vertex -48.9269 8.26383 47.8019
      vertex -49.0275 8.14903 47.8019
      vertex -125.386 3.42439 47.8019
    endloop
  endfacet
  facet normal 0 0 -1
    outer loop
      vertex -49.0275 8.14903 47.8019
      vertex -49.1231 8.02993 47.8019
      vertex -125.386 3.42439 47.8019
    endloop
  endfacet
  facet normal 0 0 -1
    outer loop
      vertex -49.1231 8.02993 47.8019
      vertex -49.2134 7.90679 47.8019
      vertex -125.386 3.42439 47.8019
    endloop
  endfacet
  facet normal 0 0 -1
    outer loop
      vertex -49.2134 7.90679 47.8019
      vertex -49.2983 7.77982 47.8019
      vertex -125.386 3.42439 47.8019
    endloop
  endfacet
  facet normal 0 0 -1
    outer loop
      vertex -125.386 3.42439 47.8019
      vertex -49.2983 7.77982 47.8019
      vertex -49.3775 7.64927 47.8019
    endloop
  endfacet
  facet normal 0 0 -1
    outer loop
      vertex -49.8431 6.05194 47.8019
      vertex -125.611 3.21811 47.8019
      vertex -49.8331 6.20431 47.8019
    endloop
  endfacet
  facet normal 0 0 -1
    outer loop
      vertex -125.611 3.21811 47.8019
      vertex -125.497 3.3188 47.8019
      vertex -49.8331 6.20431 47.8019
    endloop
  endfacet
  facet normal 0 0 -1
    outer loop
      vertex -49.8331 6.20431 47.8019
      vertex -125.497 3.3188 47.8019
      vertex -125.386 3.42439 47.8019
    endloop
  endfacet
  facet normal 0 0 -1
    outer loop
      vertex -131.602 -39.7971 47.8019
      vertex -131.913 -44.6007 47.8019
      vertex -131.599 -39.6444 47.8019
    endloop
  endfacet
  facet normal 0 0 -1
    outer loop
      vertex -131.913 -44.6007 47.8019
      vertex -131.913 10.3993 47.8019
      vertex -131.599 -39.6444 47.8019
    endloop
  endfacet
  facet normal 0 0 -1
    outer loop
      vertex -131.599 -39.6444 47.8019
      vertex -131.913 10.3993 47.8019
      vertex -131.589 -39.4921 47.8019
    endloop
  endfacet
  facet normal 0 0 -1
    outer loop
      vertex -124.994 3.89175 47.8019
      vertex -124.909 4.01872 47.8019
      vertex -41.9129 10.3993 47.8019
    endloop
  endfacet
  facet normal 0 0 -1
    outer loop
      vertex -130.638 8.02993 47.8019
      vertex -130.728 7.90679 47.8019
      vertex -131.913 10.3993 47.8019
    endloop
  endfacet
  facet normal 0 0 -1
    outer loop
      vertex -130.728 7.90679 47.8019
      vertex -130.813 7.77982 47.8019
      vertex -131.913 10.3993 47.8019
    endloop
  endfacet
  facet normal 0 0 -1
    outer loop
      vertex -131.913 10.3993 47.8019
      vertex -130.813 7.77982 47.8019
      vertex -130.892 7.64927 47.8019
    endloop
  endfacet
  facet normal 0 0 -1
    outer loop
      vertex -131.913 10.3993 47.8019
      vertex -131.095 7.23866 47.8019
      vertex -131.15 7.09634 47.8019
    endloop
  endfacet
  facet normal 0 0 -1
    outer loop
      vertex -131.913 10.3993 47.8019
      vertex -131.348 6.20431 47.8019
      vertex -131.358 6.05194 47.8019
    endloop
  endfacet
  facet normal 0 0 -1
    outer loop
      vertex -127.345 -43.2141 47.8019
      vertex -127.196 -43.1778 47.8019
      vertex -49.8464 -39.7971 47.8019
    endloop
  endfacet
  facet normal 0 0 -1
    outer loop
      vertex -127.196 -43.1778 47.8019
      vertex -127.05 -43.1351 47.8019
      vertex -49.8464 -39.7971 47.8019
    endloop
  endfacet
  facet normal 0 0 -1
    outer loop
      vertex -49.8464 -39.7971 47.8019
      vertex -127.05 -43.1351 47.8019
      vertex -126.905 -43.086 47.8019
    endloop
  endfacet
  facet normal 0 0 -1
    outer loop
      vertex -47.1039 -36.3801 47.8019
      vertex -47.2523 -36.4164 47.8019
      vertex -125.325 -41.9278 47.8019
    endloop
  endfacet
  facet normal 0 0 -1
    outer loop
      vertex -47.2523 -36.4164 47.8019
      vertex -47.3989 -36.4591 47.8019
      vertex -125.325 -41.9278 47.8019
    endloop
  endfacet
  facet normal 0 0 -1
    outer loop
      vertex -125.325 -41.9278 47.8019
      vertex -47.3989 -36.4591 47.8019
      vertex -47.5435 -36.5082 47.8019
    endloop
  endfacet
  facet normal 0 0 -1
    outer loop
      vertex -47.5435 -36.5082 47.8019
      vertex -47.6858 -36.5635 47.8019
      vertex -125.325 -41.9278 47.8019
    endloop
  endfacet
  facet normal 0 0 -1
    outer loop
      vertex -47.6858 -36.5635 47.8019
      vertex -47.8255 -36.625 47.8019
      vertex -125.325 -41.9278 47.8019
    endloop
  endfacet
  facet normal 0 0 -1
    outer loop
      vertex -125.325 -41.9278 47.8019
      vertex -47.8255 -36.625 47.8019
      vertex -47.9625 -36.6926 47.8019
    endloop
  endfacet
  facet normal 0 0 -1
    outer loop
      vertex -127.253 2.45244 47.8019
      vertex -127.104 2.48223 47.8019
      vertex -49.8464 5.89927 47.8019
    endloop
  endfacet
  facet normal 0 0 -1
    outer loop
      vertex -127.104 2.48223 47.8019
      vertex -126.955 2.51853 47.8019
      vertex -49.8464 5.89927 47.8019
    endloop
  endfacet
  facet normal 0 0 -1
    outer loop
      vertex -49.8464 5.89927 47.8019
      vertex -126.955 2.51853 47.8019
      vertex -126.809 2.56126 47.8019
    endloop
  endfacet
  facet normal 0 0 -1
    outer loop
      vertex -126.809 2.56126 47.8019
      vertex -126.664 2.61034 47.8019
      vertex -49.8464 5.89927 47.8019
    endloop
  endfacet
  facet normal 0 0 -1
    outer loop
      vertex -126.664 2.61034 47.8019
      vertex -126.522 2.66569 47.8019
      vertex -49.8464 5.89927 47.8019
    endloop
  endfacet
  facet normal 0 0 -1
    outer loop
      vertex -49.8464 5.89927 47.8019
      vertex -126.522 2.66569 47.8019
      vertex -126.382 2.72719 47.8019
    endloop
  endfacet
  facet normal 0 0 -1
    outer loop
      vertex -49.3775 7.64927 47.8019
      vertex -49.4509 7.51539 47.8019
      vertex -125.386 3.42439 47.8019
    endloop
  endfacet
  facet normal 0 0 -1
    outer loop
      vertex -49.4509 7.51539 47.8019
      vertex -49.5185 7.37843 47.8019
      vertex -125.386 3.42439 47.8019
    endloop
  endfacet
  facet normal 0 0 -1
    outer loop
      vertex -125.386 3.42439 47.8019
      vertex -49.5185 7.37843 47.8019
      vertex -49.58 7.23866 47.8019
    endloop
  endfacet
  facet normal 0 0 -1
    outer loop
      vertex -131.572 -40.2539 47.8019
      vertex -131.549 -40.4049 47.8019
      vertex -131.913 -44.6007 47.8019
    endloop
  endfacet
  facet normal 0 0 -1
    outer loop
      vertex -131.549 -40.4049 47.8019
      vertex -131.519 -40.5546 47.8019
      vertex -131.913 -44.6007 47.8019
    endloop
  endfacet
  facet normal 0 0 -1
    outer loop
      vertex -131.913 -44.6007 47.8019
      vertex -131.519 -40.5546 47.8019
      vertex -131.483 -40.703 47.8019
    endloop
  endfacet
  facet normal 0 0 -1
    outer loop
      vertex -124.764 -40.8496 47.8019
      vertex -46.4991 -36.3004 47.8019
      vertex -46.6514 -36.3104 47.8019
    endloop
  endfacet
  facet normal 0 0 -1
    outer loop
      vertex -131.913 10.3993 47.8019
      vertex -131.336 -38.4577 47.8019
      vertex -131.391 -38.6 47.8019
    endloop
  endfacet
  facet normal 0 0 -1
    outer loop
      vertex -131.391 -38.6 47.8019
      vertex -131.44 -38.7446 47.8019
      vertex -131.913 10.3993 47.8019
    endloop
  endfacet
  facet normal 0 0 -1
    outer loop
      vertex -131.44 -38.7446 47.8019
      vertex -131.483 -38.8912 47.8019
      vertex -131.913 10.3993 47.8019
    endloop
  endfacet
  facet normal 0 0 -1
    outer loop
      vertex -131.913 10.3993 47.8019
      vertex -131.483 -38.8912 47.8019
      vertex -131.519 -39.0396 47.8019
    endloop
  endfacet
  facet normal 0 0 -1
    outer loop
      vertex -124.909 4.01872 47.8019
      vertex -124.83 4.14927 47.8019
      vertex -41.9129 10.3993 47.8019
    endloop
  endfacet
  facet normal 0 0 -1
    outer loop
      vertex -124.83 4.14927 47.8019
      vertex -124.757 4.28315 47.8019
      vertex -41.9129 10.3993 47.8019
    endloop
  endfacet
  facet normal 0 0 -1
    outer loop
      vertex -41.9129 10.3993 47.8019
      vertex -124.757 4.28315 47.8019
      vertex -124.689 4.4201 47.8019
    endloop
  endfacet
  facet normal 0 0 -1
    outer loop
      vertex -124.689 4.4201 47.8019
      vertex -124.628 4.55988 47.8019
      vertex -41.9129 10.3993 47.8019
    endloop
  endfacet
  facet normal 0 0 -1
    outer loop
      vertex -124.628 4.55988 47.8019
      vertex -124.572 4.7022 47.8019
      vertex -41.9129 10.3993 47.8019
    endloop
  endfacet
  facet normal 0 0 -1
    outer loop
      vertex -41.9129 10.3993 47.8019
      vertex -124.572 4.7022 47.8019
      vertex -124.523 4.8468 47.8019
    endloop
  endfacet
  facet normal 0 0 -1
    outer loop
      vertex -124.523 4.8468 47.8019
      vertex -124.48 4.9934 47.8019
      vertex -41.9129 10.3993 47.8019
    endloop
  endfacet
  facet normal 0 0 -1
    outer loop
      vertex -124.48 4.9934 47.8019
      vertex -124.444 5.14173 47.8019
      vertex -41.9129 10.3993 47.8019
    endloop
  endfacet
  facet normal 0 0 -1
    outer loop
      vertex -41.9129 10.3993 47.8019
      vertex -124.444 5.14173 47.8019
      vertex -124.414 5.2915 47.8019
    endloop
  endfacet
  facet normal 0 0 -1
    outer loop
      vertex -130.892 7.64927 47.8019
      vertex -130.966 7.51539 47.8019
      vertex -131.913 10.3993 47.8019
    endloop
  endfacet
  facet normal 0 0 -1
    outer loop
      vertex -130.966 7.51539 47.8019
      vertex -131.033 7.37843 47.8019
      vertex -131.913 10.3993 47.8019
    endloop
  endfacet
  facet normal 0 0 -1
    outer loop
      vertex -131.913 10.3993 47.8019
      vertex -131.033 7.37843 47.8019
      vertex -131.095 7.23866 47.8019
    endloop
  endfacet
  facet normal 0 0 -1
    outer loop
      vertex -131.15 7.09634 47.8019
      vertex -131.199 6.95174 47.8019
      vertex -131.913 10.3993 47.8019
    endloop
  endfacet
  facet normal 0 0 -1
    outer loop
      vertex -131.199 6.95174 47.8019
      vertex -131.242 6.80513 47.8019
      vertex -131.913 10.3993 47.8019
    endloop
  endfacet
  facet normal 0 0 -1
    outer loop
      vertex -131.913 10.3993 47.8019
      vertex -131.242 6.80513 47.8019
      vertex -131.278 6.65681 47.8019
    endloop
  endfacet
  facet normal 0 0 -1
    outer loop
      vertex -48.9269 -37.4325 47.8019
      vertex -49.0275 -37.5473 47.8019
      vertex -125.325 -41.9278 47.8019
    endloop
  endfacet
  facet normal 0 0 -1
    outer loop
      vertex -49.0275 -37.5473 47.8019
      vertex -49.1231 -37.6664 47.8019
      vertex -125.325 -41.9278 47.8019
    endloop
  endfacet
  facet normal 0 0 -1
    outer loop
      vertex -125.325 -41.9278 47.8019
      vertex -49.1231 -37.6664 47.8019
      vertex -49.2134 -37.7896 47.8019
    endloop
  endfacet
  facet normal 0 0 -1
    outer loop
      vertex -46.9542 9.3461 47.8019
      vertex -47.1039 9.3163 47.8019
      vertex -125.386 3.42439 47.8019
    endloop
  endfacet
  facet normal 0 0 -1
    outer loop
      vertex -47.1039 9.3163 47.8019
      vertex -47.2523 9.28001 47.8019
      vertex -125.386 3.42439 47.8019
    endloop
  endfacet
  facet normal 0 0 -1
    outer loop
      vertex -125.386 3.42439 47.8019
      vertex -47.2523 9.28001 47.8019
      vertex -47.3989 9.23728 47.8019
    endloop
  endfacet
  facet normal 0 0 -1
    outer loop
      vertex -47.3989 9.23728 47.8019
      vertex -47.5435 9.18819 47.8019
      vertex -125.386 3.42439 47.8019
    endloop
  endfacet
  facet normal 0 0 -1
    outer loop
      vertex -47.5435 9.18819 47.8019
      vertex -47.6858 9.13285 47.8019
      vertex -125.386 3.42439 47.8019
    endloop
  endfacet
  facet normal 0 0 -1
    outer loop
      vertex -125.386 3.42439 47.8019
      vertex -47.6858 9.13285 47.8019
      vertex -47.8255 9.07135 47.8019
    endloop
  endfacet
  facet normal 0 0 -1
    outer loop
      vertex -47.8255 9.07135 47.8019
      vertex -47.9625 9.00381 47.8019
      vertex -125.386 3.42439 47.8019
    endloop
  endfacet
  facet normal 0 0 -1
    outer loop
      vertex -47.9625 9.00381 47.8019
      vertex -48.0964 8.93036 47.8019
      vertex -125.386 3.42439 47.8019
    endloop
  endfacet
  facet normal 0 0 -1
    outer loop
      vertex -125.386 3.42439 47.8019
      vertex -48.0964 8.93036 47.8019
      vertex -48.2269 8.85114 47.8019
    endloop
  endfacet
  facet normal 0 0 -1
    outer loop
      vertex -48.2269 8.85114 47.8019
      vertex -48.3539 8.7663 47.8019
      vertex -125.386 3.42439 47.8019
    endloop
  endfacet
  facet normal 0 0 -1
    outer loop
      vertex -48.3539 8.7663 47.8019
      vertex -48.477 8.67601 47.8019
      vertex -125.386 3.42439 47.8019
    endloop
  endfacet
  facet normal 0 0 -1
    outer loop
      vertex -125.386 3.42439 47.8019
      vertex -48.477 8.67601 47.8019
      vertex -48.5961 8.58042 47.8019
    endloop
  endfacet
  facet normal 0 0 -1
    outer loop
      vertex -48.5961 8.58042 47.8019
      vertex -48.7109 8.47974 47.8019
      vertex -125.386 3.42439 47.8019
    endloop
  endfacet
  facet normal 0 0 -1
    outer loop
      vertex -48.7109 8.47974 47.8019
      vertex -48.8213 8.37414 47.8019
      vertex -125.386 3.42439 47.8019
    endloop
  endfacet
  facet normal 0 0 -1
    outer loop
      vertex -125.386 3.42439 47.8019
      vertex -48.8213 8.37414 47.8019
      vertex -48.9269 8.26383 47.8019
    endloop
  endfacet
  facet normal 0 0 -1
    outer loop
      vertex -49.58 7.23866 47.8019
      vertex -49.6353 7.09634 47.8019
      vertex -125.386 3.42439 47.8019
    endloop
  endfacet
  facet normal 0 0 -1
    outer loop
      vertex -49.6353 7.09634 47.8019
      vertex -49.6844 6.95174 47.8019
      vertex -125.386 3.42439 47.8019
    endloop
  endfacet
  facet normal 0 0 -1
    outer loop
      vertex -125.386 3.42439 47.8019
      vertex -49.6844 6.95174 47.8019
      vertex -49.7271 6.80513 47.8019
    endloop
  endfacet
  facet normal 0 0 -1
    outer loop
      vertex -46.8032 -36.327 47.8019
      vertex -125.325 -41.9278 47.8019
      vertex -46.6514 -36.3104 47.8019
    endloop
  endfacet
  facet normal 0 0 -1
    outer loop
      vertex -125.325 -41.9278 47.8019
      vertex -125.235 -41.8046 47.8019
      vertex -46.6514 -36.3104 47.8019
    endloop
  endfacet
  facet normal 0 0 -1
    outer loop
      vertex -46.6514 -36.3104 47.8019
      vertex -125.235 -41.8046 47.8019
      vertex -125.15 -41.6777 47.8019
    endloop
  endfacet
  facet normal 0 0 -1
    outer loop
      vertex -125.15 -41.6777 47.8019
      vertex -125.071 -41.5471 47.8019
      vertex -46.6514 -36.3104 47.8019
    endloop
  endfacet
  facet normal 0 0 -1
    outer loop
      vertex -125.071 -41.5471 47.8019
      vertex -124.998 -41.4132 47.8019
      vertex -46.6514 -36.3104 47.8019
    endloop
  endfacet
  facet normal 0 0 -1
    outer loop
      vertex -46.6514 -36.3104 47.8019
      vertex -124.998 -41.4132 47.8019
      vertex -124.93 -41.2763 47.8019
    endloop
  endfacet
  facet normal 0 0 -1
    outer loop
      vertex -124.93 -41.2763 47.8019
      vertex -124.868 -41.1365 47.8019
      vertex -46.6514 -36.3104 47.8019
    endloop
  endfacet
  facet normal 0 0 -1
    outer loop
      vertex -124.868 -41.1365 47.8019
      vertex -124.813 -40.9942 47.8019
      vertex -46.6514 -36.3104 47.8019
    endloop
  endfacet
  facet normal 0 0 -1
    outer loop
      vertex -46.6514 -36.3104 47.8019
      vertex -124.813 -40.9942 47.8019
      vertex -124.764 -40.8496 47.8019
    endloop
  endfacet
  facet normal 0 0 -1
    outer loop
      vertex -131.519 -39.0396 47.8019
      vertex -131.549 -39.1893 47.8019
      vertex -131.913 10.3993 47.8019
    endloop
  endfacet
  facet normal 0 0 -1
    outer loop
      vertex -131.549 -39.1893 47.8019
      vertex -131.572 -39.3403 47.8019
      vertex -131.913 10.3993 47.8019
    endloop
  endfacet
  facet normal 0 0 -1
    outer loop
      vertex -131.913 10.3993 47.8019
      vertex -131.572 -39.3403 47.8019
      vertex -131.589 -39.4921 47.8019
    endloop
  endfacet
  facet normal 0 0 -1
    outer loop
      vertex -124.414 5.2915 47.8019
      vertex -124.391 5.44243 47.8019
      vertex -41.9129 10.3993 47.8019
    endloop
  endfacet
  facet normal 0 0 -1
    outer loop
      vertex -124.391 5.44243 47.8019
      vertex -124.374 5.59422 47.8019
      vertex -41.9129 10.3993 47.8019
    endloop
  endfacet
  facet normal 0 0 -1
    outer loop
      vertex -41.9129 10.3993 47.8019
      vertex -124.374 5.59422 47.8019
      vertex -124.365 5.7466 47.8019
    endloop
  endfacet
  facet normal 0 0 -1
    outer loop
      vertex -124.365 5.7466 47.8019
      vertex -124.361 5.89927 47.8019
      vertex -41.9129 10.3993 47.8019
    endloop
  endfacet
  facet normal 0 0 -1
    outer loop
      vertex -124.361 5.89927 47.8019
      vertex -124.365 6.05194 47.8019
      vertex -41.9129 10.3993 47.8019
    endloop
  endfacet
  facet normal 0 0 -1
    outer loop
      vertex -41.9129 10.3993 47.8019
      vertex -124.365 6.05194 47.8019
      vertex -124.374 6.20431 47.8019
    endloop
  endfacet
  facet normal 0 0 -1
    outer loop
      vertex -124.628 7.23866 47.8019
      vertex -124.689 7.37843 47.8019
      vertex -41.9129 10.3993 47.8019
    endloop
  endfacet
  facet normal 0 0 -1
    outer loop
      vertex -124.689 7.37843 47.8019
      vertex -124.757 7.51539 47.8019
      vertex -41.9129 10.3993 47.8019
    endloop
  endfacet
  facet normal 0 0 -1
    outer loop
      vertex -41.9129 10.3993 47.8019
      vertex -124.757 7.51539 47.8019
      vertex -124.83 7.64927 47.8019
    endloop
  endfacet
  facet normal 0 0 -1
    outer loop
      vertex -131.278 6.65681 47.8019
      vertex -131.308 6.50704 47.8019
      vertex -131.913 10.3993 47.8019
    endloop
  endfacet
  facet normal 0 0 -1
    outer loop
      vertex -131.308 6.50704 47.8019
      vertex -131.331 6.35611 47.8019
      vertex -131.913 10.3993 47.8019
    endloop
  endfacet
  facet normal 0 0 -1
    outer loop
      vertex -131.913 10.3993 47.8019
      vertex -131.331 6.35611 47.8019
      vertex -131.348 6.20431 47.8019
    endloop
  endfacet
  facet normal 0 0 -1
    outer loop
      vertex -130.783 -37.5473 47.8019
      vertex -131.242 4.9934 47.8019
      vertex -131.199 4.8468 47.8019
    endloop
  endfacet
  facet normal 0 0 -1
    outer loop
      vertex -130.892 4.14927 47.8019
      vertex -130.813 4.01872 47.8019
      vertex -124.632 -39.3403 47.8019
    endloop
  endfacet
  facet normal 0 0 -1
    outer loop
      vertex -131.913 10.3993 47.8019
      vertex -130.783 -37.5473 47.8019
      vertex -130.879 -37.6664 47.8019
    endloop
  endfacet
  facet normal 0 0 -1
    outer loop
      vertex -131.133 -38.0471 47.8019
      vertex -131.207 -38.181 47.8019
      vertex -131.913 10.3993 47.8019
    endloop
  endfacet
  facet normal 0 0 -1
    outer loop
      vertex -131.207 -38.181 47.8019
      vertex -131.274 -38.3179 47.8019
      vertex -131.913 10.3993 47.8019
    endloop
  endfacet
  facet normal 0 0 -1
    outer loop
      vertex -131.913 10.3993 47.8019
      vertex -131.274 -38.3179 47.8019
      vertex -131.336 -38.4577 47.8019
    endloop
  endfacet
  facet normal 0 0 -1
    outer loop
      vertex -131.336 -41.1365 47.8019
      vertex -131.274 -41.2763 47.8019
      vertex -131.913 -44.6007 47.8019
    endloop
  endfacet
  facet normal 0 0 -1
    outer loop
      vertex -131.274 -41.2763 47.8019
      vertex -131.207 -41.4132 47.8019
      vertex -131.913 -44.6007 47.8019
    endloop
  endfacet
  facet normal 0 0 -1
    outer loop
      vertex -131.913 -44.6007 47.8019
      vertex -131.207 -41.4132 47.8019
      vertex -131.133 -41.5471 47.8019
    endloop
  endfacet
  facet normal 0 0 -1
    outer loop
      vertex -131.133 -41.5471 47.8019
      vertex -131.054 -41.6777 47.8019
      vertex -131.913 -44.6007 47.8019
    endloop
  endfacet
  facet normal 0 0 -1
    outer loop
      vertex -131.054 -41.6777 47.8019
      vertex -130.969 -41.8046 47.8019
      vertex -131.913 -44.6007 47.8019
    endloop
  endfacet
  facet normal 0 0 -1
    outer loop
      vertex -131.913 -44.6007 47.8019
      vertex -130.969 -41.8046 47.8019
      vertex -130.879 -41.9278 47.8019
    endloop
  endfacet
  facet normal 0 0 -1
    outer loop
      vertex -124.374 6.20431 47.8019
      vertex -124.391 6.35611 47.8019
      vertex -41.9129 10.3993 47.8019
    endloop
  endfacet
  facet normal 0 0 -1
    outer loop
      vertex -124.391 6.35611 47.8019
      vertex -124.414 6.50704 47.8019
      vertex -41.9129 10.3993 47.8019
    endloop
  endfacet
  facet normal 0 0 -1
    outer loop
      vertex -41.9129 10.3993 47.8019
      vertex -124.414 6.50704 47.8019
      vertex -124.444 6.65681 47.8019
    endloop
  endfacet
  facet normal 0 0 -1
    outer loop
      vertex -124.48 6.80513 47.8019
      vertex -124.523 6.95174 47.8019
      vertex -41.9129 10.3993 47.8019
    endloop
  endfacet
  facet normal 0 0 -1
    outer loop
      vertex -124.523 6.95174 47.8019
      vertex -124.572 7.09634 47.8019
      vertex -41.9129 10.3993 47.8019
    endloop
  endfacet
  facet normal 0 0 -1
    outer loop
      vertex -41.9129 10.3993 47.8019
      vertex -124.572 7.09634 47.8019
      vertex -124.628 7.23866 47.8019
    endloop
  endfacet
  facet normal 0 0 -1
    outer loop
      vertex -124.83 7.64927 47.8019
      vertex -124.909 7.77982 47.8019
      vertex -41.9129 10.3993 47.8019
    endloop
  endfacet
  facet normal 0 0 -1
    outer loop
      vertex -124.909 7.77982 47.8019
      vertex -124.994 7.90679 47.8019
      vertex -41.9129 10.3993 47.8019
    endloop
  endfacet
  facet normal 0 0 -1
    outer loop
      vertex -41.9129 10.3993 47.8019
      vertex -124.994 7.90679 47.8019
      vertex -125.084 8.02993 47.8019
    endloop
  endfacet
  facet normal 0 0 -1
    outer loop
      vertex -41.9129 10.3993 47.8019
      vertex -126.245 9.00381 47.8019
      vertex -126.382 9.07135 47.8019
    endloop
  endfacet
  facet normal 0 0 -1
    outer loop
      vertex -130.111 8.58042 47.8019
      vertex -130.226 8.47974 47.8019
      vertex -131.913 10.3993 47.8019
    endloop
  endfacet
  facet normal 0 0 -1
    outer loop
      vertex -130.226 8.47974 47.8019
      vertex -130.336 8.37414 47.8019
      vertex -131.913 10.3993 47.8019
    endloop
  endfacet
  facet normal 0 0 -1
    outer loop
      vertex -131.913 10.3993 47.8019
      vertex -130.336 8.37414 47.8019
      vertex -130.442 8.26383 47.8019
    endloop
  endfacet
  facet normal 0 0 -1
    outer loop
      vertex -131.199 4.8468 47.8019
      vertex -131.15 4.7022 47.8019
      vertex -130.783 -37.5473 47.8019
    endloop
  endfacet
  facet normal 0 0 -1
    outer loop
      vertex -131.15 4.7022 47.8019
      vertex -131.095 4.55988 47.8019
      vertex -130.783 -37.5473 47.8019
    endloop
  endfacet
  facet normal 0 0 -1
    outer loop
      vertex -130.783 -37.5473 47.8019
      vertex -131.095 4.55988 47.8019
      vertex -130.683 -37.4325 47.8019
    endloop
  endfacet
  facet normal 0 0 -1
    outer loop
      vertex -130.892 4.14927 47.8019
      vertex -124.632 -39.3403 47.8019
      vertex -130.966 4.28315 47.8019
    endloop
  endfacet
  facet normal 0 0 -1
    outer loop
      vertex -130.879 -37.6664 47.8019
      vertex -130.969 -37.7896 47.8019
      vertex -131.913 10.3993 47.8019
    endloop
  endfacet
  facet normal 0 0 -1
    outer loop
      vertex -130.969 -37.7896 47.8019
      vertex -131.054 -37.9166 47.8019
      vertex -131.913 10.3993 47.8019
    endloop
  endfacet
  facet normal 0 0 -1
    outer loop
      vertex -131.913 10.3993 47.8019
      vertex -131.054 -37.9166 47.8019
      vertex -131.133 -38.0471 47.8019
    endloop
  endfacet
  facet normal 0 0 -1
    outer loop
      vertex -130.879 -41.9278 47.8019
      vertex -130.783 -42.0469 47.8019
      vertex -131.913 -44.6007 47.8019
    endloop
  endfacet
  facet normal 0 0 -1
    outer loop
      vertex -130.783 -42.0469 47.8019
      vertex -130.683 -42.1617 47.8019
      vertex -131.913 -44.6007 47.8019
    endloop
  endfacet
  facet normal 0 0 -1
    outer loop
      vertex -131.913 -44.6007 47.8019
      vertex -130.683 -42.1617 47.8019
      vertex -130.577 -42.272 47.8019
    endloop
  endfacet
  facet normal 0 0 -1
    outer loop
      vertex -41.9129 10.3993 47.8019
      vertex -125.386 8.37414 47.8019
      vertex -125.497 8.47974 47.8019
    endloop
  endfacet
  facet normal 0 0 -1
    outer loop
      vertex -125.497 8.47974 47.8019
      vertex -125.611 8.58042 47.8019
      vertex -41.9129 10.3993 47.8019
    endloop
  endfacet
  facet normal 0 0 -1
    outer loop
      vertex -125.611 8.58042 47.8019
      vertex -125.73 8.67601 47.8019
      vertex -41.9129 10.3993 47.8019
    endloop
  endfacet
  facet normal 0 0 -1
    outer loop
      vertex -41.9129 10.3993 47.8019
      vertex -125.73 8.67601 47.8019
      vertex -125.854 8.7663 47.8019
    endloop
  endfacet
  facet normal 0 0 -1
    outer loop
      vertex -125.854 8.7663 47.8019
      vertex -125.981 8.85114 47.8019
      vertex -41.9129 10.3993 47.8019
    endloop
  endfacet
  facet normal 0 0 -1
    outer loop
      vertex -125.981 8.85114 47.8019
      vertex -126.111 8.93036 47.8019
      vertex -41.9129 10.3993 47.8019
    endloop
  endfacet
  facet normal 0 0 -1
    outer loop
      vertex -41.9129 10.3993 47.8019
      vertex -126.111 8.93036 47.8019
      vertex -126.245 9.00381 47.8019
    endloop
  endfacet
  facet normal 0 0 -1
    outer loop
      vertex -131.358 6.05194 47.8019
      vertex -131.361 5.89927 47.8019
      vertex -131.913 10.3993 47.8019
    endloop
  endfacet
  facet normal 0 0 -1
    outer loop
      vertex -131.361 5.89927 47.8019
      vertex -131.358 5.7466 47.8019
      vertex -131.913 10.3993 47.8019
    endloop
  endfacet
  facet normal 0 0 -1
    outer loop
      vertex -131.913 10.3993 47.8019
      vertex -131.358 5.7466 47.8019
      vertex -130.783 -37.5473 47.8019
    endloop
  endfacet
  facet normal 0 0 -1
    outer loop
      vertex -131.358 5.7466 47.8019
      vertex -131.348 5.59422 47.8019
      vertex -130.783 -37.5473 47.8019
    endloop
  endfacet
  facet normal 0 0 -1
    outer loop
      vertex -130.783 -37.5473 47.8019
      vertex -131.348 5.59422 47.8019
      vertex -131.331 5.44243 47.8019
    endloop
  endfacet
  facet normal 0 0 -1
    outer loop
      vertex -124.721 -38.8912 47.8019
      vertex -124.764 -38.7446 47.8019
      vertex -131.095 4.55988 47.8019
    endloop
  endfacet
  facet normal 0 0 -1
    outer loop
      vertex -124.764 -38.7446 47.8019
      vertex -124.813 -38.6 47.8019
      vertex -131.095 4.55988 47.8019
    endloop
  endfacet
  facet normal 0 0 -1
    outer loop
      vertex -131.095 4.55988 47.8019
      vertex -124.813 -38.6 47.8019
      vertex -124.868 -38.4577 47.8019
    endloop
  endfacet
  facet normal 0 0 -1
    outer loop
      vertex -130.813 4.01872 47.8019
      vertex -130.728 3.89175 47.8019
      vertex -124.632 -39.3403 47.8019
    endloop
  endfacet
  facet normal 0 0 -1
    outer loop
      vertex -130.728 3.89175 47.8019
      vertex -130.638 3.7686 47.8019
      vertex -124.632 -39.3403 47.8019
    endloop
  endfacet
  facet normal 0 0 -1
    outer loop
      vertex -124.632 -39.3403 47.8019
      vertex -130.638 3.7686 47.8019
      vertex -130.542 3.64951 47.8019
    endloop
  endfacet
  facet normal 0 0 -1
    outer loop
      vertex -125.084 8.02993 47.8019
      vertex -125.18 8.14903 47.8019
      vertex -41.9129 10.3993 47.8019
    endloop
  endfacet
  facet normal 0 0 -1
    outer loop
      vertex -125.18 8.14903 47.8019
      vertex -125.281 8.26383 47.8019
      vertex -41.9129 10.3993 47.8019
    endloop
  endfacet
  facet normal 0 0 -1
    outer loop
      vertex -41.9129 10.3993 47.8019
      vertex -125.281 8.26383 47.8019
      vertex -125.386 8.37414 47.8019
    endloop
  endfacet
  facet normal 0 0 -1
    outer loop
      vertex -131.331 5.44243 47.8019
      vertex -131.308 5.2915 47.8019
      vertex -130.783 -37.5473 47.8019
    endloop
  endfacet
  facet normal 0 0 -1
    outer loop
      vertex -131.308 5.2915 47.8019
      vertex -131.278 5.14173 47.8019
      vertex -130.783 -37.5473 47.8019
    endloop
  endfacet
  facet normal 0 0 -1
    outer loop
      vertex -130.783 -37.5473 47.8019
      vertex -131.278 5.14173 47.8019
      vertex -131.242 4.9934 47.8019
    endloop
  endfacet
  facet normal 0 0 -1
    outer loop
      vertex -125.071 -38.0471 47.8019
      vertex -125.15 -37.9166 47.8019
      vertex -131.095 4.55988 47.8019
    endloop
  endfacet
  facet normal 0 0 -1
    outer loop
      vertex -125.15 -37.9166 47.8019
      vertex -125.235 -37.7896 47.8019
      vertex -131.095 4.55988 47.8019
    endloop
  endfacet
  facet normal 0 0 -1
    outer loop
      vertex -131.095 4.55988 47.8019
      vertex -125.235 -37.7896 47.8019
      vertex -125.325 -37.6664 47.8019
    endloop
  endfacet
  facet normal 0 0 -1
    outer loop
      vertex -130.542 3.64951 47.8019
      vertex -130.442 3.5347 47.8019
      vertex -124.632 -39.3403 47.8019
    endloop
  endfacet
  facet normal 0 0 -1
    outer loop
      vertex -130.442 3.5347 47.8019
      vertex -130.336 3.42439 47.8019
      vertex -124.632 -39.3403 47.8019
    endloop
  endfacet
  facet normal 0 0 -1
    outer loop
      vertex -124.632 -39.3403 47.8019
      vertex -130.336 3.42439 47.8019
      vertex -130.226 3.3188 47.8019
    endloop
  endfacet
  facet normal 0 0 -1
    outer loop
      vertex -126.382 9.07135 47.8019
      vertex -126.522 9.13285 47.8019
      vertex -41.9129 10.3993 47.8019
    endloop
  endfacet
  facet normal 0 0 -1
    outer loop
      vertex -126.522 9.13285 47.8019
      vertex -126.664 9.18819 47.8019
      vertex -41.9129 10.3993 47.8019
    endloop
  endfacet
  facet normal 0 0 -1
    outer loop
      vertex -41.9129 10.3993 47.8019
      vertex -126.664 9.18819 47.8019
      vertex -126.809 9.23728 47.8019
    endloop
  endfacet
  facet normal 0 0 -1
    outer loop
      vertex -127.404 9.36933 47.8019
      vertex -127.556 9.38595 47.8019
      vertex -131.913 10.3993 47.8019
    endloop
  endfacet
  facet normal 0 0 -1
    outer loop
      vertex -129.34 9.07135 47.8019
      vertex -129.477 9.00381 47.8019
      vertex -131.913 10.3993 47.8019
    endloop
  endfacet
  facet normal 0 0 -1
    outer loop
      vertex -129.477 9.00381 47.8019
      vertex -129.611 8.93036 47.8019
      vertex -131.913 10.3993 47.8019
    endloop
  endfacet
  facet normal 0 0 -1
    outer loop
      vertex -131.913 10.3993 47.8019
      vertex -129.611 8.93036 47.8019
      vertex -129.742 8.85114 47.8019
    endloop
  endfacet
  facet normal 0 0 -1
    outer loop
      vertex -124.868 -38.4577 47.8019
      vertex -124.93 -38.3179 47.8019
      vertex -131.095 4.55988 47.8019
    endloop
  endfacet
  facet normal 0 0 -1
    outer loop
      vertex -124.93 -38.3179 47.8019
      vertex -124.998 -38.181 47.8019
      vertex -131.095 4.55988 47.8019
    endloop
  endfacet
  facet normal 0 0 -1
    outer loop
      vertex -131.095 4.55988 47.8019
      vertex -124.998 -38.181 47.8019
      vertex -125.071 -38.0471 47.8019
    endloop
  endfacet
  facet normal 0 0 -1
    outer loop
      vertex -125.325 -37.6664 47.8019
      vertex -125.421 -37.5473 47.8019
      vertex -131.095 4.55988 47.8019
    endloop
  endfacet
  facet normal 0 0 -1
    outer loop
      vertex -125.421 -37.5473 47.8019
      vertex -125.522 -37.4325 47.8019
      vertex -131.095 4.55988 47.8019
    endloop
  endfacet
  facet normal 0 0 -1
    outer loop
      vertex -131.095 4.55988 47.8019
      vertex -125.522 -37.4325 47.8019
      vertex -125.627 -37.3222 47.8019
    endloop
  endfacet
  facet normal 0 0 -1
    outer loop
      vertex -131.095 4.55988 47.8019
      vertex -125.971 -37.0204 47.8019
      vertex -126.095 -36.9301 47.8019
    endloop
  endfacet
  facet normal 0 0 -1
    outer loop
      vertex -130.352 -37.1159 47.8019
      vertex -130.467 -37.2166 47.8019
      vertex -131.095 4.55988 47.8019
    endloop
  endfacet
  facet normal 0 0 -1
    outer loop
      vertex -130.467 -37.2166 47.8019
      vertex -130.577 -37.3222 47.8019
      vertex -131.095 4.55988 47.8019
    endloop
  endfacet
  facet normal 0 0 -1
    outer loop
      vertex -131.095 4.55988 47.8019
      vertex -130.577 -37.3222 47.8019
      vertex -130.683 -37.4325 47.8019
    endloop
  endfacet
  facet normal 0 0 -1
    outer loop
      vertex -49.2983 -41.6777 47.8019
      vertex -49.2134 -41.8046 47.8019
      vertex -131.913 -44.6007 47.8019
    endloop
  endfacet
  facet normal 0 0 -1
    outer loop
      vertex -129.742 8.85114 47.8019
      vertex -129.869 8.7663 47.8019
      vertex -131.913 10.3993 47.8019
    endloop
  endfacet
  facet normal 0 0 -1
    outer loop
      vertex -129.869 8.7663 47.8019
      vertex -129.992 8.67601 47.8019
      vertex -131.913 10.3993 47.8019
    endloop
  endfacet
  facet normal 0 0 -1
    outer loop
      vertex -131.913 10.3993 47.8019
      vertex -129.992 8.67601 47.8019
      vertex -130.111 8.58042 47.8019
    endloop
  endfacet
  facet normal 0 0 -1
    outer loop
      vertex -130.966 4.28315 47.8019
      vertex -124.632 -39.3403 47.8019
      vertex -131.033 4.4201 47.8019
    endloop
  endfacet
  facet normal 0 0 -1
    outer loop
      vertex -124.632 -39.3403 47.8019
      vertex -124.655 -39.1893 47.8019
      vertex -131.033 4.4201 47.8019
    endloop
  endfacet
  facet normal 0 0 -1
    outer loop
      vertex -131.033 4.4201 47.8019
      vertex -124.655 -39.1893 47.8019
      vertex -131.095 4.55988 47.8019
    endloop
  endfacet
  facet normal 0 0 -1
    outer loop
      vertex -124.655 -39.1893 47.8019
      vertex -124.685 -39.0396 47.8019
      vertex -131.095 4.55988 47.8019
    endloop
  endfacet
  facet normal 0 0 -1
    outer loop
      vertex -131.095 4.55988 47.8019
      vertex -124.685 -39.0396 47.8019
      vertex -124.721 -38.8912 47.8019
    endloop
  endfacet
  facet normal 0 0 -1
    outer loop
      vertex -125.627 -37.3222 47.8019
      vertex -125.737 -37.2166 47.8019
      vertex -131.095 4.55988 47.8019
    endloop
  endfacet
  facet normal 0 0 -1
    outer loop
      vertex -125.737 -37.2166 47.8019
      vertex -125.852 -37.1159 47.8019
      vertex -131.095 4.55988 47.8019
    endloop
  endfacet
  facet normal 0 0 -1
    outer loop
      vertex -131.095 4.55988 47.8019
      vertex -125.852 -37.1159 47.8019
      vertex -125.971 -37.0204 47.8019
    endloop
  endfacet
  facet normal 0 0 -1
    outer loop
      vertex -129.008 -36.4164 47.8019
      vertex -129.155 -36.4591 47.8019
      vertex -131.095 4.55988 47.8019
    endloop
  endfacet
  facet normal 0 0 -1
    outer loop
      vertex -129.155 -36.4591 47.8019
      vertex -129.299 -36.5082 47.8019
      vertex -131.095 4.55988 47.8019
    endloop
  endfacet
  facet normal 0 0 -1
    outer loop
      vertex -129.299 -36.5082 47.8019
      vertex -129.441 -36.5635 47.8019
      vertex -131.095 4.55988 47.8019
    endloop
  endfacet
  facet normal 0 0 -1
    outer loop
      vertex -131.095 4.55988 47.8019
      vertex -129.441 -36.5635 47.8019
      vertex -129.581 -36.625 47.8019
    endloop
  endfacet
  facet normal 0 0 -1
    outer loop
      vertex -126.809 9.23728 47.8019
      vertex -126.955 9.28001 47.8019
      vertex -41.9129 10.3993 47.8019
    endloop
  endfacet
  facet normal 0 0 -1
    outer loop
      vertex -126.955 9.28001 47.8019
      vertex -127.104 9.3163 47.8019
      vertex -41.9129 10.3993 47.8019
    endloop
  endfacet
  facet normal 0 0 -1
    outer loop
      vertex -41.9129 10.3993 47.8019
      vertex -127.104 9.3163 47.8019
      vertex -131.913 10.3993 47.8019
    endloop
  endfacet
  facet normal 0 0 -1
    outer loop
      vertex -127.104 9.3163 47.8019
      vertex -127.253 9.3461 47.8019
      vertex -131.913 10.3993 47.8019
    endloop
  endfacet
  facet normal 0 0 -1
    outer loop
      vertex -131.913 10.3993 47.8019
      vertex -127.253 9.3461 47.8019
      vertex -127.404 9.36933 47.8019
    endloop
  endfacet
  facet normal 0 0 -1
    outer loop
      vertex -127.556 9.38595 47.8019
      vertex -127.709 9.39594 47.8019
      vertex -131.913 10.3993 47.8019
    endloop
  endfacet
  facet normal 0 0 -1
    outer loop
      vertex -127.709 9.39594 47.8019
      vertex -127.861 9.39927 47.8019
      vertex -131.913 10.3993 47.8019
    endloop
  endfacet
  facet normal 0 0 -1
    outer loop
      vertex -131.913 10.3993 47.8019
      vertex -127.861 9.39927 47.8019
      vertex -128.014 9.39594 47.8019
    endloop
  endfacet
  facet normal 0 0 -1
    outer loop
      vertex -128.469 9.3461 47.8019
      vertex -128.619 9.3163 47.8019
      vertex -131.913 10.3993 47.8019
    endloop
  endfacet
  facet normal 0 0 -1
    outer loop
      vertex -128.619 9.3163 47.8019
      vertex -128.767 9.28001 47.8019
      vertex -131.913 10.3993 47.8019
    endloop
  endfacet
  facet normal 0 0 -1
    outer loop
      vertex -131.913 10.3993 47.8019
      vertex -128.767 9.28001 47.8019
      vertex -128.914 9.23728 47.8019
    endloop
  endfacet
  facet normal 0 0 -1
    outer loop
      vertex -126.095 -36.9301 47.8019
      vertex -126.222 -36.8452 47.8019
      vertex -131.095 4.55988 47.8019
    endloop
  endfacet
  facet normal 0 0 -1
    outer loop
      vertex -126.222 -36.8452 47.8019
      vertex -126.352 -36.766 47.8019
      vertex -131.095 4.55988 47.8019
    endloop
  endfacet
  facet normal 0 0 -1
    outer loop
      vertex -131.095 4.55988 47.8019
      vertex -126.352 -36.766 47.8019
      vertex -126.486 -36.6926 47.8019
    endloop
  endfacet
  facet normal 0 0 -1
    outer loop
      vertex -129.581 -36.625 47.8019
      vertex -129.718 -36.6926 47.8019
      vertex -131.095 4.55988 47.8019
    endloop
  endfacet
  facet normal 0 0 -1
    outer loop
      vertex -129.718 -36.6926 47.8019
      vertex -129.852 -36.766 47.8019
      vertex -131.095 4.55988 47.8019
    endloop
  endfacet
  facet normal 0 0 -1
    outer loop
      vertex -131.095 4.55988 47.8019
      vertex -129.852 -36.766 47.8019
      vertex -129.983 -36.8452 47.8019
    endloop
  endfacet
  facet normal 0 0 -1
    outer loop
      vertex -129.983 -36.8452 47.8019
      vertex -130.11 -36.9301 47.8019
      vertex -131.095 4.55988 47.8019
    endloop
  endfacet
  facet normal 0 0 -1
    outer loop
      vertex -130.11 -36.9301 47.8019
      vertex -130.233 -37.0204 47.8019
      vertex -131.095 4.55988 47.8019
    endloop
  endfacet
  facet normal 0 0 -1
    outer loop
      vertex -131.095 4.55988 47.8019
      vertex -130.233 -37.0204 47.8019
      vertex -130.352 -37.1159 47.8019
    endloop
  endfacet
  facet normal 0 0 -1
    outer loop
      vertex -48.9269 -42.1617 47.8019
      vertex -48.8213 -42.272 47.8019
      vertex -131.913 -44.6007 47.8019
    endloop
  endfacet
  facet normal 0 0 -1
    outer loop
      vertex -128.014 9.39594 47.8019
      vertex -128.166 9.38595 47.8019
      vertex -131.913 10.3993 47.8019
    endloop
  endfacet
  facet normal 0 0 -1
    outer loop
      vertex -128.166 9.38595 47.8019
      vertex -128.318 9.36933 47.8019
      vertex -131.913 10.3993 47.8019
    endloop
  endfacet
  facet normal 0 0 -1
    outer loop
      vertex -131.913 10.3993 47.8019
      vertex -128.318 9.36933 47.8019
      vertex -128.469 9.3461 47.8019
    endloop
  endfacet
  facet normal 0 0 -1
    outer loop
      vertex -128.914 9.23728 47.8019
      vertex -129.058 9.18819 47.8019
      vertex -131.913 10.3993 47.8019
    endloop
  endfacet
  facet normal 0 0 -1
    outer loop
      vertex -129.058 9.18819 47.8019
      vertex -129.201 9.13285 47.8019
      vertex -131.913 10.3993 47.8019
    endloop
  endfacet
  facet normal 0 0 -1
    outer loop
      vertex -131.913 10.3993 47.8019
      vertex -129.201 9.13285 47.8019
      vertex -129.34 9.07135 47.8019
    endloop
  endfacet
  facet normal 0 0 -1
    outer loop
      vertex -127.196 -36.4164 47.8019
      vertex -131.095 4.55988 47.8019
      vertex -127.05 -36.4591 47.8019
    endloop
  endfacet
  facet normal 0 0 -1
    outer loop
      vertex -131.095 4.55988 47.8019
      vertex -126.905 -36.5082 47.8019
      vertex -127.05 -36.4591 47.8019
    endloop
  endfacet
  facet normal 0 0 -1
    outer loop
      vertex -127.196 -36.4164 47.8019
      vertex -127.345 -36.3801 47.8019
      vertex -131.095 4.55988 47.8019
    endloop
  endfacet
  facet normal 0 0 -1
    outer loop
      vertex -127.345 -36.3801 47.8019
      vertex -127.494 -36.3503 47.8019
      vertex -131.095 4.55988 47.8019
    endloop
  endfacet
  facet normal 0 0 -1
    outer loop
      vertex -131.095 4.55988 47.8019
      vertex -127.494 -36.3503 47.8019
      vertex -127.645 -36.327 47.8019
    endloop
  endfacet
  facet normal 0 0 -1
    outer loop
      vertex -128.559 -36.327 47.8019
      vertex -128.71 -36.3503 47.8019
      vertex -131.095 4.55988 47.8019
    endloop
  endfacet
  facet normal 0 0 -1
    outer loop
      vertex -128.71 -36.3503 47.8019
      vertex -128.86 -36.3801 47.8019
      vertex -131.095 4.55988 47.8019
    endloop
  endfacet
  facet normal 0 0 -1
    outer loop
      vertex -131.095 4.55988 47.8019
      vertex -128.86 -36.3801 47.8019
      vertex -129.008 -36.4164 47.8019
    endloop
  endfacet
  facet normal 0 0 -1
    outer loop
      vertex -130.577 -42.272 47.8019
      vertex -130.467 -42.3776 47.8019
      vertex -131.913 -44.6007 47.8019
    endloop
  endfacet
  facet normal 0 0 -1
    outer loop
      vertex -130.467 -42.3776 47.8019
      vertex -130.352 -42.4783 47.8019
      vertex -131.913 -44.6007 47.8019
    endloop
  endfacet
  facet normal 0 0 -1
    outer loop
      vertex -131.913 -44.6007 47.8019
      vertex -130.352 -42.4783 47.8019
      vertex -130.233 -42.5738 47.8019
    endloop
  endfacet
  facet normal 0 0 -1
    outer loop
      vertex -131.913 -44.6007 47.8019
      vertex -129.852 -42.8282 47.8019
      vertex -129.718 -42.9016 47.8019
    endloop
  endfacet
  facet normal 0 0 -1
    outer loop
      vertex -43.3153 -41.5471 47.8019
      vertex -43.2418 -41.4132 47.8019
      vertex -41.9129 -44.6007 47.8019
    endloop
  endfacet
  facet normal 0 0 -1
    outer loop
      vertex -126.486 -36.6926 47.8019
      vertex -126.623 -36.625 47.8019
      vertex -131.095 4.55988 47.8019
    endloop
  endfacet
  facet normal 0 0 -1
    outer loop
      vertex -126.623 -36.625 47.8019
      vertex -126.763 -36.5635 47.8019
      vertex -131.095 4.55988 47.8019
    endloop
  endfacet
  facet normal 0 0 -1
    outer loop
      vertex -131.095 4.55988 47.8019
      vertex -126.763 -36.5635 47.8019
      vertex -126.905 -36.5082 47.8019
    endloop
  endfacet
  facet normal 0 0 -1
    outer loop
      vertex -49.58 -41.1365 47.8019
      vertex -49.5185 -41.2763 47.8019
      vertex -131.913 -44.6007 47.8019
    endloop
  endfacet
  facet normal 0 0 -1
    outer loop
      vertex -43.6652 -42.0469 47.8019
      vertex -43.5696 -41.9278 47.8019
      vertex -41.9129 -44.6007 47.8019
    endloop
  endfacet
  facet normal 0 0 -1
    outer loop
      vertex -43.2418 -41.4132 47.8019
      vertex -43.1743 -41.2763 47.8019
      vertex -41.9129 -44.6007 47.8019
    endloop
  endfacet
  facet normal 0 0 -1
    outer loop
      vertex -43.1743 -41.2763 47.8019
      vertex -43.1128 -41.1365 47.8019
      vertex -41.9129 -44.6007 47.8019
    endloop
  endfacet
  facet normal 0 0 -1
    outer loop
      vertex -41.9129 -44.6007 47.8019
      vertex -43.1128 -41.1365 47.8019
      vertex -43.0575 -40.9942 47.8019
    endloop
  endfacet
  facet normal 0 0 -1
    outer loop
      vertex -42.8763 -40.2539 47.8019
      vertex -41.9129 -44.6007 47.8019
      vertex -42.8996 -40.4049 47.8019
    endloop
  endfacet
  facet normal 0 0 -1
    outer loop
      vertex -41.9129 -44.6007 47.8019
      vertex -42.9293 -40.5546 47.8019
      vertex -42.8996 -40.4049 47.8019
    endloop
  endfacet
  facet normal 0 0 -1
    outer loop
      vertex -43.1128 -38.4577 47.8019
      vertex -43.1743 -38.3179 47.8019
      vertex -41.9129 10.3993 47.8019
    endloop
  endfacet
  facet normal 0 0 -1
    outer loop
      vertex -43.1743 -38.3179 47.8019
      vertex -43.2418 -38.181 47.8019
      vertex -41.9129 10.3993 47.8019
    endloop
  endfacet
  facet normal 0 0 -1
    outer loop
      vertex -49.8331 5.59422 47.8019
      vertex -49.8164 5.44243 47.8019
      vertex -127.709 2.4026 47.8019
    endloop
  endfacet
  facet normal 0 0 -1
    outer loop
      vertex -127.645 -36.327 47.8019
      vertex -127.797 -36.3104 47.8019
      vertex -131.095 4.55988 47.8019
    endloop
  endfacet
  facet normal 0 0 -1
    outer loop
      vertex -127.797 -36.3104 47.8019
      vertex -127.949 -36.3004 47.8019
      vertex -131.095 4.55988 47.8019
    endloop
  endfacet
  facet normal 0 0 -1
    outer loop
      vertex -131.095 4.55988 47.8019
      vertex -127.949 -36.3004 47.8019
      vertex -128.102 -36.2971 47.8019
    endloop
  endfacet
  facet normal 0 0 -1
    outer loop
      vertex -128.102 -36.2971 47.8019
      vertex -128.255 -36.3004 47.8019
      vertex -131.095 4.55988 47.8019
    endloop
  endfacet
  facet normal 0 0 -1
    outer loop
      vertex -128.255 -36.3004 47.8019
      vertex -128.407 -36.3104 47.8019
      vertex -131.095 4.55988 47.8019
    endloop
  endfacet
  facet normal 0 0 -1
    outer loop
      vertex -131.095 4.55988 47.8019
      vertex -128.407 -36.3104 47.8019
      vertex -128.559 -36.327 47.8019
    endloop
  endfacet
  facet normal 0 0 -1
    outer loop
      vertex -130.233 -42.5738 47.8019
      vertex -130.11 -42.6641 47.8019
      vertex -131.913 -44.6007 47.8019
    endloop
  endfacet
  facet normal 0 0 -1
    outer loop
      vertex -130.11 -42.6641 47.8019
      vertex -129.983 -42.749 47.8019
      vertex -131.913 -44.6007 47.8019
    endloop
  endfacet
  facet normal 0 0 -1
    outer loop
      vertex -131.913 -44.6007 47.8019
      vertex -129.983 -42.749 47.8019
      vertex -129.852 -42.8282 47.8019
    endloop
  endfacet
  facet normal 0 0 -1
    outer loop
      vertex -129.718 -42.9016 47.8019
      vertex -129.581 -42.9692 47.8019
      vertex -131.913 -44.6007 47.8019
    endloop
  endfacet
  facet normal 0 0 -1
    outer loop
      vertex -129.581 -42.9692 47.8019
      vertex -129.441 -43.0307 47.8019
      vertex -131.913 -44.6007 47.8019
    endloop
  endfacet
  facet normal 0 0 -1
    outer loop
      vertex -131.913 -44.6007 47.8019
      vertex -129.441 -43.0307 47.8019
      vertex -129.299 -43.086 47.8019
    endloop
  endfacet
  facet normal 0 0 -1
    outer loop
      vertex -49.5185 -41.2763 47.8019
      vertex -49.4509 -41.4132 47.8019
      vertex -131.913 -44.6007 47.8019
    endloop
  endfacet
  facet normal 0 0 -1
    outer loop
      vertex -49.4509 -41.4132 47.8019
      vertex -49.3775 -41.5471 47.8019
      vertex -131.913 -44.6007 47.8019
    endloop
  endfacet
  facet normal 0 0 -1
    outer loop
      vertex -131.913 -44.6007 47.8019
      vertex -49.3775 -41.5471 47.8019
      vertex -49.2983 -41.6777 47.8019
    endloop
  endfacet
  facet normal 0 0 -1
    outer loop
      vertex -49.2134 -41.8046 47.8019
      vertex -49.1231 -41.9278 47.8019
      vertex -131.913 -44.6007 47.8019
    endloop
  endfacet
  facet normal 0 0 -1
    outer loop
      vertex -49.1231 -41.9278 47.8019
      vertex -49.0275 -42.0469 47.8019
      vertex -131.913 -44.6007 47.8019
    endloop
  endfacet
  facet normal 0 0 -1
    outer loop
      vertex -131.913 -44.6007 47.8019
      vertex -49.0275 -42.0469 47.8019
      vertex -48.9269 -42.1617 47.8019
    endloop
  endfacet
  facet normal 0 0 -1
    outer loop
      vertex -48.8213 -42.272 47.8019
      vertex -48.7109 -42.3776 47.8019
      vertex -131.913 -44.6007 47.8019
    endloop
  endfacet
  facet normal 0 0 -1
    outer loop
      vertex -48.7109 -42.3776 47.8019
      vertex -48.5961 -42.4783 47.8019
      vertex -131.913 -44.6007 47.8019
    endloop
  endfacet
  facet normal 0 0 -1
    outer loop
      vertex -131.913 -44.6007 47.8019
      vertex -48.5961 -42.4783 47.8019
      vertex -48.477 -42.5738 47.8019
    endloop
  endfacet
  facet normal 0 0 -1
    outer loop
      vertex -45.5888 -43.2141 47.8019
      vertex -41.9129 -44.6007 47.8019
      vertex -45.7386 -43.2439 47.8019
    endloop
  endfacet
  facet normal 0 0 -1
    outer loop
      vertex -41.9129 -44.6007 47.8019
      vertex -45.8895 -43.2672 47.8019
      vertex -45.7386 -43.2439 47.8019
    endloop
  endfacet
  facet normal 0 0 -1
    outer loop
      vertex -43.5696 -41.9278 47.8019
      vertex -43.4794 -41.8046 47.8019
      vertex -41.9129 -44.6007 47.8019
    endloop
  endfacet
  facet normal 0 0 -1
    outer loop
      vertex -43.4794 -41.8046 47.8019
      vertex -43.3945 -41.6777 47.8019
      vertex -41.9129 -44.6007 47.8019
    endloop
  endfacet
  facet normal 0 0 -1
    outer loop
      vertex -41.9129 -44.6007 47.8019
      vertex -43.3945 -41.6777 47.8019
      vertex -43.3153 -41.5471 47.8019
    endloop
  endfacet
  facet normal 0 0 -1
    outer loop
      vertex -43.0575 -40.9942 47.8019
      vertex -43.0084 -40.8496 47.8019
      vertex -41.9129 -44.6007 47.8019
    endloop
  endfacet
  facet normal 0 0 -1
    outer loop
      vertex -43.0084 -40.8496 47.8019
      vertex -42.9656 -40.703 47.8019
      vertex -41.9129 -44.6007 47.8019
    endloop
  endfacet
  facet normal 0 0 -1
    outer loop
      vertex -41.9129 -44.6007 47.8019
      vertex -42.9656 -40.703 47.8019
      vertex -42.9293 -40.5546 47.8019
    endloop
  endfacet
  facet normal 0 0 -1
    outer loop
      vertex -42.8996 -39.1893 47.8019
      vertex -42.9293 -39.0396 47.8019
      vertex -41.9129 10.3993 47.8019
    endloop
  endfacet
  facet normal 0 0 -1
    outer loop
      vertex -42.9293 -39.0396 47.8019
      vertex -42.9656 -38.8912 47.8019
      vertex -41.9129 10.3993 47.8019
    endloop
  endfacet
  facet normal 0 0 -1
    outer loop
      vertex -42.8763 5.44243 47.8019
      vertex -42.8597 5.59422 47.8019
      vertex -41.9129 10.3993 47.8019
    endloop
  endfacet
  facet normal 0 0 -1
    outer loop
      vertex -45.2939 9.23728 47.8019
      vertex -45.4405 9.28001 47.8019
      vertex -41.9129 10.3993 47.8019
    endloop
  endfacet
  facet normal 0 0 -1
    outer loop
      vertex -45.4405 9.28001 47.8019
      vertex -45.5888 9.3163 47.8019
      vertex -41.9129 10.3993 47.8019
    endloop
  endfacet
  facet normal 0 0 -1
    outer loop
      vertex -41.9129 10.3993 47.8019
      vertex -45.5888 9.3163 47.8019
      vertex -45.7386 9.3461 47.8019
    endloop
  endfacet
  facet normal 0 0 -1
    outer loop
      vertex -46.1937 9.39594 47.8019
      vertex -46.3464 9.39927 47.8019
      vertex -41.9129 10.3993 47.8019
    endloop
  endfacet
  facet normal 0 0 -1
    outer loop
      vertex -129.299 -43.086 47.8019
      vertex -129.155 -43.1351 47.8019
      vertex -131.913 -44.6007 47.8019
    endloop
  endfacet
  facet normal 0 0 -1
    outer loop
      vertex -129.155 -43.1351 47.8019
      vertex -129.008 -43.1778 47.8019
      vertex -131.913 -44.6007 47.8019
    endloop
  endfacet
  facet normal 0 0 -1
    outer loop
      vertex -131.913 -44.6007 47.8019
      vertex -129.008 -43.1778 47.8019
      vertex -128.86 -43.2141 47.8019
    endloop
  endfacet
  facet normal 0 0 -1
    outer loop
      vertex -128.86 -43.2141 47.8019
      vertex -128.71 -43.2439 47.8019
      vertex -131.913 -44.6007 47.8019
    endloop
  endfacet
  facet normal 0 0 -1
    outer loop
      vertex -128.71 -43.2439 47.8019
      vertex -128.559 -43.2672 47.8019
      vertex -131.913 -44.6007 47.8019
    endloop
  endfacet
  facet normal 0 0 -1
    outer loop
      vertex -131.913 -44.6007 47.8019
      vertex -128.559 -43.2672 47.8019
      vertex -128.407 -43.2838 47.8019
    endloop
  endfacet
  facet normal 0 0 -1
    outer loop
      vertex -131.913 -44.6007 47.8019
      vertex -49.8331 -40.1021 47.8019
      vertex -49.8164 -40.2539 47.8019
    endloop
  endfacet
  facet normal 0 0 -1
    outer loop
      vertex -48.477 -42.5738 47.8019
      vertex -48.3539 -42.6641 47.8019
      vertex -131.913 -44.6007 47.8019
    endloop
  endfacet
  facet normal 0 0 -1
    outer loop
      vertex -48.3539 -42.6641 47.8019
      vertex -48.2269 -42.749 47.8019
      vertex -131.913 -44.6007 47.8019
    endloop
  endfacet
  facet normal 0 0 -1
    outer loop
      vertex -131.913 -44.6007 47.8019
      vertex -48.2269 -42.749 47.8019
      vertex -48.0964 -42.8282 47.8019
    endloop
  endfacet
  facet normal 0 0 -1
    outer loop
      vertex -46.3464 -43.2971 47.8019
      vertex -41.9129 -44.6007 47.8019
      vertex -46.4991 -43.2938 47.8019
    endloop
  endfacet
  facet normal 0 0 -1
    outer loop
      vertex -41.9129 -44.6007 47.8019
      vertex -46.6514 -43.2838 47.8019
      vertex -46.4991 -43.2938 47.8019
    endloop
  endfacet
  facet normal 0 0 -1
    outer loop
      vertex -46.3464 -43.2971 47.8019
      vertex -46.1937 -43.2938 47.8019
      vertex -41.9129 -44.6007 47.8019
    endloop
  endfacet
  facet normal 0 0 -1
    outer loop
      vertex -46.1937 -43.2938 47.8019
      vertex -46.0413 -43.2838 47.8019
      vertex -41.9129 -44.6007 47.8019
    endloop
  endfacet
  facet normal 0 0 -1
    outer loop
      vertex -41.9129 -44.6007 47.8019
      vertex -46.0413 -43.2838 47.8019
      vertex -45.8895 -43.2672 47.8019
    endloop
  endfacet
  facet normal 0 0 -1
    outer loop
      vertex -44.3389 -42.6641 47.8019
      vertex -44.2157 -42.5738 47.8019
      vertex -41.9129 -44.6007 47.8019
    endloop
  endfacet
  facet normal 0 0 -1
    outer loop
      vertex -44.2157 -42.5738 47.8019
      vertex -44.0966 -42.4783 47.8019
      vertex -41.9129 -44.6007 47.8019
    endloop
  endfacet
  facet normal 0 0 -1
    outer loop
      vertex -41.9129 -44.6007 47.8019
      vertex -44.0966 -42.4783 47.8019
      vertex -43.9818 -42.3776 47.8019
    endloop
  endfacet
  facet normal 0 0 -1
    outer loop
      vertex -43.9818 -42.3776 47.8019
      vertex -43.8715 -42.272 47.8019
      vertex -41.9129 -44.6007 47.8019
    endloop
  endfacet
  facet normal 0 0 -1
    outer loop
      vertex -43.8715 -42.272 47.8019
      vertex -43.7659 -42.1617 47.8019
      vertex -41.9129 -44.6007 47.8019
    endloop
  endfacet
  facet normal 0 0 -1
    outer loop
      vertex -41.9129 -44.6007 47.8019
      vertex -43.7659 -42.1617 47.8019
      vertex -43.6652 -42.0469 47.8019
    endloop
  endfacet
  facet normal 0 0 -1
    outer loop
      vertex -42.9656 -38.8912 47.8019
      vertex -43.0084 -38.7446 47.8019
      vertex -41.9129 10.3993 47.8019
    endloop
  endfacet
  facet normal 0 0 -1
    outer loop
      vertex -43.0084 -38.7446 47.8019
      vertex -43.0575 -38.6 47.8019
      vertex -41.9129 10.3993 47.8019
    endloop
  endfacet
  facet normal 0 0 -1
    outer loop
      vertex -41.9129 10.3993 47.8019
      vertex -43.0575 -38.6 47.8019
      vertex -43.1128 -38.4577 47.8019
    endloop
  endfacet
  facet normal 0 0 -1
    outer loop
      vertex -127.556 2.41259 47.8019
      vertex -49.8464 5.89927 47.8019
      vertex -127.709 2.4026 47.8019
    endloop
  endfacet
  facet normal 0 0 -1
    outer loop
      vertex -49.8464 5.89927 47.8019
      vertex -49.8431 5.7466 47.8019
      vertex -127.709 2.4026 47.8019
    endloop
  endfacet
  facet normal 0 0 -1
    outer loop
      vertex -127.709 2.4026 47.8019
      vertex -49.8431 5.7466 47.8019
      vertex -49.8331 5.59422 47.8019
    endloop
  endfacet
  facet normal 0 0 -1
    outer loop
      vertex -42.8763 5.44243 47.8019
      vertex -41.9129 10.3993 47.8019
      vertex -42.8996 5.2915 47.8019
    endloop
  endfacet
  facet normal 0 0 -1
    outer loop
      vertex -43.1743 7.37843 47.8019
      vertex -43.2418 7.51539 47.8019
      vertex -41.9129 10.3993 47.8019
    endloop
  endfacet
  facet normal 0 0 -1
    outer loop
      vertex -43.2418 7.51539 47.8019
      vertex -43.3153 7.64927 47.8019
      vertex -41.9129 10.3993 47.8019
    endloop
  endfacet
  facet normal 0 0 -1
    outer loop
      vertex -41.9129 10.3993 47.8019
      vertex -43.3153 7.64927 47.8019
      vertex -43.3945 7.77982 47.8019
    endloop
  endfacet
  facet normal 0 0 -1
    outer loop
      vertex -43.3945 7.77982 47.8019
      vertex -43.4794 7.90679 47.8019
      vertex -41.9129 10.3993 47.8019
    endloop
  endfacet
  facet normal 0 0 -1
    outer loop
      vertex -43.4794 7.90679 47.8019
      vertex -43.5696 8.02993 47.8019
      vertex -41.9129 10.3993 47.8019
    endloop
  endfacet
  facet normal 0 0 -1
    outer loop
      vertex -41.9129 10.3993 47.8019
      vertex -43.5696 8.02993 47.8019
      vertex -43.6652 8.14903 47.8019
    endloop
  endfacet
  facet normal 0 0 -1
    outer loop
      vertex -49.8164 -40.2539 47.8019
      vertex -49.7932 -40.4049 47.8019
      vertex -131.913 -44.6007 47.8019
    endloop
  endfacet
  facet normal 0 0 -1
    outer loop
      vertex -49.7932 -40.4049 47.8019
      vertex -49.7634 -40.5546 47.8019
      vertex -131.913 -44.6007 47.8019
    endloop
  endfacet
  facet normal 0 0 -1
    outer loop
      vertex -131.913 -44.6007 47.8019
      vertex -49.7634 -40.5546 47.8019
      vertex -49.7271 -40.703 47.8019
    endloop
  endfacet
  facet normal 0 0 -1
    outer loop
      vertex -48.0964 -42.8282 47.8019
      vertex -47.9625 -42.9016 47.8019
      vertex -131.913 -44.6007 47.8019
    endloop
  endfacet
  facet normal 0 0 -1
    outer loop
      vertex -47.9625 -42.9016 47.8019
      vertex -47.8255 -42.9692 47.8019
      vertex -131.913 -44.6007 47.8019
    endloop
  endfacet
  facet normal 0 0 -1
    outer loop
      vertex -131.913 -44.6007 47.8019
      vertex -47.8255 -42.9692 47.8019
      vertex -47.6858 -43.0307 47.8019
    endloop
  endfacet
  facet normal 0 0 -1
    outer loop
      vertex -47.2523 -43.1778 47.8019
      vertex -47.1039 -43.2141 47.8019
      vertex -131.913 -44.6007 47.8019
    endloop
  endfacet
  facet normal 0 0 -1
    outer loop
      vertex -47.1039 -43.2141 47.8019
      vertex -46.9542 -43.2439 47.8019
      vertex -131.913 -44.6007 47.8019
    endloop
  endfacet
  facet normal 0 0 -1
    outer loop
      vertex -131.913 -44.6007 47.8019
      vertex -46.9542 -43.2439 47.8019
      vertex -41.9129 -44.6007 47.8019
    endloop
  endfacet
  facet normal 0 0 -1
    outer loop
      vertex -46.9542 -43.2439 47.8019
      vertex -46.8032 -43.2672 47.8019
      vertex -41.9129 -44.6007 47.8019
    endloop
  endfacet
  facet normal 0 0 -1
    outer loop
      vertex -41.9129 -44.6007 47.8019
      vertex -46.8032 -43.2672 47.8019
      vertex -46.6514 -43.2838 47.8019
    endloop
  endfacet
  facet normal 0 0 -1
    outer loop
      vertex -42.8763 -40.2539 47.8019
      vertex -42.8597 -40.1021 47.8019
      vertex -41.9129 -44.6007 47.8019
    endloop
  endfacet
  facet normal 0 0 -1
    outer loop
      vertex -42.8597 -40.1021 47.8019
      vertex -42.8497 -39.9498 47.8019
      vertex -41.9129 -44.6007 47.8019
    endloop
  endfacet
  facet normal 0 0 -1
    outer loop
      vertex -41.9129 -44.6007 47.8019
      vertex -42.8497 -39.9498 47.8019
      vertex -42.8464 -39.7971 47.8019
    endloop
  endfacet
  facet normal 0 0 -1
    outer loop
      vertex -130.226 3.3188 47.8019
      vertex -130.111 3.21811 47.8019
      vertex -124.632 -39.3403 47.8019
    endloop
  endfacet
  facet normal 0 0 -1
    outer loop
      vertex -130.111 3.21811 47.8019
      vertex -129.992 3.12253 47.8019
      vertex -124.632 -39.3403 47.8019
    endloop
  endfacet
  facet normal 0 0 -1
    outer loop
      vertex -124.632 -39.3403 47.8019
      vertex -129.992 3.12253 47.8019
      vertex -129.869 3.03224 47.8019
    endloop
  endfacet
  facet normal 0 0 -1
    outer loop
      vertex -124.632 -39.3403 47.8019
      vertex -49.5185 4.4201 47.8019
      vertex -124.615 -39.4921 47.8019
    endloop
  endfacet
  facet normal 0 0 -1
    outer loop
      vertex -49.5185 4.4201 47.8019
      vertex -124.605 -39.6444 47.8019
      vertex -124.615 -39.4921 47.8019
    endloop
  endfacet
  facet normal 0 0 -1
    outer loop
      vertex -45.007 -36.5635 47.8019
      vertex -45.1493 -36.5082 47.8019
      vertex -43.8715 3.42439 47.8019
    endloop
  endfacet
  facet normal 0 0 -1
    outer loop
      vertex -45.1493 -36.5082 47.8019
      vertex -45.2939 -36.4591 47.8019
      vertex -43.8715 3.42439 47.8019
    endloop
  endfacet
  facet normal 0 0 -1
    outer loop
      vertex -124.764 -40.8496 47.8019
      vertex -124.721 -40.703 47.8019
      vertex -46.4991 -36.3004 47.8019
    endloop
  endfacet
  facet normal 0 0 -1
    outer loop
      vertex -124.721 -40.703 47.8019
      vertex -124.685 -40.5546 47.8019
      vertex -46.4991 -36.3004 47.8019
    endloop
  endfacet
  facet normal 0 0 -1
    outer loop
      vertex -46.4991 -36.3004 47.8019
      vertex -124.685 -40.5546 47.8019
      vertex -49.2983 4.01872 47.8019
    endloop
  endfacet
  facet normal 0 0 -1
    outer loop
      vertex -124.685 -40.5546 47.8019
      vertex -124.655 -40.4049 47.8019
      vertex -49.2983 4.01872 47.8019
    endloop
  endfacet
  facet normal 0 0 -1
    outer loop
      vertex -49.2983 4.01872 47.8019
      vertex -124.655 -40.4049 47.8019
      vertex -124.632 -40.2539 47.8019
    endloop
  endfacet
  facet normal 0 0 -1
    outer loop
      vertex -47.5435 2.61034 47.8019
      vertex -47.3989 2.56126 47.8019
      vertex -46.4991 -36.3004 47.8019
    endloop
  endfacet
  facet normal 0 0 -1
    outer loop
      vertex -47.3989 2.56126 47.8019
      vertex -47.2523 2.51853 47.8019
      vertex -46.4991 -36.3004 47.8019
    endloop
  endfacet
  facet normal 0 0 -1
    outer loop
      vertex -43.7659 3.5347 47.8019
      vertex -43.6652 3.64951 47.8019
      vertex -43.3945 -37.9166 47.8019
    endloop
  endfacet
  facet normal 0 0 -1
    outer loop
      vertex -43.6652 3.64951 47.8019
      vertex -43.5696 3.7686 47.8019
      vertex -43.3945 -37.9166 47.8019
    endloop
  endfacet
  facet normal 0 0 -1
    outer loop
      vertex -43.3945 -37.9166 47.8019
      vertex -43.5696 3.7686 47.8019
      vertex -43.4794 3.89175 47.8019
    endloop
  endfacet
  facet normal 0 0 -1
    outer loop
      vertex -43.4794 3.89175 47.8019
      vertex -43.3945 4.01872 47.8019
      vertex -43.3945 -37.9166 47.8019
    endloop
  endfacet
  facet normal 0 0 -1
    outer loop
      vertex -43.3945 4.01872 47.8019
      vertex -43.3153 4.14927 47.8019
      vertex -43.3945 -37.9166 47.8019
    endloop
  endfacet
  facet normal 0 0 -1
    outer loop
      vertex -43.3945 -37.9166 47.8019
      vertex -43.3153 4.14927 47.8019
      vertex -43.2418 4.28315 47.8019
    endloop
  endfacet
  facet normal 0 0 -1
    outer loop
      vertex -43.6652 8.14903 47.8019
      vertex -43.7659 8.26383 47.8019
      vertex -41.9129 10.3993 47.8019
    endloop
  endfacet
  facet normal 0 0 -1
    outer loop
      vertex -43.7659 8.26383 47.8019
      vertex -43.8715 8.37414 47.8019
      vertex -41.9129 10.3993 47.8019
    endloop
  endfacet
  facet normal 0 0 -1
    outer loop
      vertex -41.9129 10.3993 47.8019
      vertex -43.8715 8.37414 47.8019
      vertex -43.9818 8.47974 47.8019
    endloop
  endfacet
  facet normal 0 0 -1
    outer loop
      vertex -41.9129 10.3993 47.8019
      vertex -44.7303 9.00381 47.8019
      vertex -44.8672 9.07135 47.8019
    endloop
  endfacet
  facet normal 0 0 -1
    outer loop
      vertex -125.386 3.42439 47.8019
      vertex -125.281 3.5347 47.8019
      vertex -41.9129 10.3993 47.8019
    endloop
  endfacet
  facet normal 0 0 -1
    outer loop
      vertex -128.407 -43.2838 47.8019
      vertex -128.255 -43.2938 47.8019
      vertex -131.913 -44.6007 47.8019
    endloop
  endfacet
  facet normal 0 0 -1
    outer loop
      vertex -128.255 -43.2938 47.8019
      vertex -128.102 -43.2971 47.8019
      vertex -131.913 -44.6007 47.8019
    endloop
  endfacet
  facet normal 0 0 -1
    outer loop
      vertex -131.913 -44.6007 47.8019
      vertex -128.102 -43.2971 47.8019
      vertex -127.949 -43.2938 47.8019
    endloop
  endfacet
  facet normal 0 0 -1
    outer loop
      vertex -49.7271 -40.703 47.8019
      vertex -49.6844 -40.8496 47.8019
      vertex -131.913 -44.6007 47.8019
    endloop
  endfacet
  facet normal 0 0 -1
    outer loop
      vertex -49.6844 -40.8496 47.8019
      vertex -49.6353 -40.9942 47.8019
      vertex -131.913 -44.6007 47.8019
    endloop
  endfacet
  facet normal 0 0 -1
    outer loop
      vertex -131.913 -44.6007 47.8019
      vertex -49.6353 -40.9942 47.8019
      vertex -49.58 -41.1365 47.8019
    endloop
  endfacet
  facet normal 0 0 -1
    outer loop
      vertex -47.6858 -43.0307 47.8019
      vertex -47.5435 -43.086 47.8019
      vertex -131.913 -44.6007 47.8019
    endloop
  endfacet
  facet normal 0 0 -1
    outer loop
      vertex -47.5435 -43.086 47.8019
      vertex -47.3989 -43.1351 47.8019
      vertex -131.913 -44.6007 47.8019
    endloop
  endfacet
  facet normal 0 0 -1
    outer loop
      vertex -131.913 -44.6007 47.8019
      vertex -47.3989 -43.1351 47.8019
      vertex -47.2523 -43.1778 47.8019
    endloop
  endfacet
  facet normal 0 0 -1
    outer loop
      vertex -42.8464 -39.7971 47.8019
      vertex -42.8497 -39.6444 47.8019
      vertex -41.9129 -44.6007 47.8019
    endloop
  endfacet
  facet normal 0 0 -1
    outer loop
      vertex -42.8497 -39.6444 47.8019
      vertex -42.8597 -39.4921 47.8019
      vertex -41.9129 -44.6007 47.8019
    endloop
  endfacet
  facet normal 0 0 -1
    outer loop
      vertex -41.9129 -44.6007 47.8019
      vertex -42.8597 -39.4921 47.8019
      vertex -41.9129 10.3993 47.8019
    endloop
  endfacet
  facet normal 0 0 -1
    outer loop
      vertex -42.8597 -39.4921 47.8019
      vertex -42.8763 -39.3403 47.8019
      vertex -41.9129 10.3993 47.8019
    endloop
  endfacet
  facet normal 0 0 -1
    outer loop
      vertex -41.9129 10.3993 47.8019
      vertex -42.8763 -39.3403 47.8019
      vertex -42.8996 -39.1893 47.8019
    endloop
  endfacet
  facet normal 0 0 -1
    outer loop
      vertex -129.869 3.03224 47.8019
      vertex -129.742 2.9474 47.8019
      vertex -124.632 -39.3403 47.8019
    endloop
  endfacet
  facet normal 0 0 -1
    outer loop
      vertex -129.742 2.9474 47.8019
      vertex -129.611 2.86818 47.8019
      vertex -124.632 -39.3403 47.8019
    endloop
  endfacet
  facet normal 0 0 -1
    outer loop
      vertex -124.632 -39.3403 47.8019
      vertex -129.611 2.86818 47.8019
      vertex -129.477 2.79473 47.8019
    endloop
  endfacet
  facet normal 0 0 -1
    outer loop
      vertex -43.7659 3.5347 47.8019
      vertex -43.3945 -37.9166 47.8019
      vertex -43.8715 3.42439 47.8019
    endloop
  endfacet
  facet normal 0 0 -1
    outer loop
      vertex -43.3945 -37.9166 47.8019
      vertex -43.4794 -37.7896 47.8019
      vertex -43.8715 3.42439 47.8019
    endloop
  endfacet
  facet normal 0 0 -1
    outer loop
      vertex -43.8715 3.42439 47.8019
      vertex -43.4794 -37.7896 47.8019
      vertex -43.5696 -37.6664 47.8019
    endloop
  endfacet
  facet normal 0 0 -1
    outer loop
      vertex -43.5696 -37.6664 47.8019
      vertex -43.6652 -37.5473 47.8019
      vertex -43.8715 3.42439 47.8019
    endloop
  endfacet
  facet normal 0 0 -1
    outer loop
      vertex -43.6652 -37.5473 47.8019
      vertex -43.7659 -37.4325 47.8019
      vertex -43.8715 3.42439 47.8019
    endloop
  endfacet
  facet normal 0 0 -1
    outer loop
      vertex -43.8715 3.42439 47.8019
      vertex -43.7659 -37.4325 47.8019
      vertex -43.8715 -37.3222 47.8019
    endloop
  endfacet
  facet normal 0 0 -1
    outer loop
      vertex -43.8715 -37.3222 47.8019
      vertex -43.9818 -37.2166 47.8019
      vertex -43.8715 3.42439 47.8019
    endloop
  endfacet
  facet normal 0 0 -1
    outer loop
      vertex -43.9818 -37.2166 47.8019
      vertex -44.0966 -37.1159 47.8019
      vertex -43.8715 3.42439 47.8019
    endloop
  endfacet
  facet normal 0 0 -1
    outer loop
      vertex -43.8715 3.42439 47.8019
      vertex -44.0966 -37.1159 47.8019
      vertex -44.2157 -37.0204 47.8019
    endloop
  endfacet
  facet normal 0 0 -1
    outer loop
      vertex -47.2523 2.51853 47.8019
      vertex -47.1039 2.48223 47.8019
      vertex -46.4991 -36.3004 47.8019
    endloop
  endfacet
  facet normal 0 0 -1
    outer loop
      vertex -47.1039 2.48223 47.8019
      vertex -46.9542 2.45244 47.8019
      vertex -46.4991 -36.3004 47.8019
    endloop
  endfacet
  facet normal 0 0 -1
    outer loop
      vertex -46.4991 -36.3004 47.8019
      vertex -46.9542 2.45244 47.8019
      vertex -46.8032 2.42921 47.8019
    endloop
  endfacet
  facet normal 0 0 -1
    outer loop
      vertex -45.2939 -36.4591 47.8019
      vertex -45.4405 -36.4164 47.8019
      vertex -43.8715 3.42439 47.8019
    endloop
  endfacet
  facet normal 0 0 -1
    outer loop
      vertex -45.4405 -36.4164 47.8019
      vertex -45.5888 -36.3801 47.8019
      vertex -43.8715 3.42439 47.8019
    endloop
  endfacet
  facet normal 0 0 -1
    outer loop
      vertex -43.8715 3.42439 47.8019
      vertex -45.5888 -36.3801 47.8019
      vertex -45.7386 -36.3503 47.8019
    endloop
  endfacet
  facet normal 0 0 -1
    outer loop
      vertex -43.2418 4.28315 47.8019
      vertex -43.1743 4.4201 47.8019
      vertex -43.3945 -37.9166 47.8019
    endloop
  endfacet
  facet normal 0 0 -1
    outer loop
      vertex -43.1743 4.4201 47.8019
      vertex -43.1128 4.55988 47.8019
      vertex -43.3945 -37.9166 47.8019
    endloop
  endfacet
  facet normal 0 0 -1
    outer loop
      vertex -43.3945 -37.9166 47.8019
      vertex -43.1128 4.55988 47.8019
      vertex -43.0575 4.7022 47.8019
    endloop
  endfacet
  facet normal 0 0 -1
    outer loop
      vertex -43.2418 -38.181 47.8019
      vertex -43.3153 -38.0471 47.8019
      vertex -41.9129 10.3993 47.8019
    endloop
  endfacet
  facet normal 0 0 -1
    outer loop
      vertex -43.3153 -38.0471 47.8019
      vertex -43.3945 -37.9166 47.8019
      vertex -41.9129 10.3993 47.8019
    endloop
  endfacet
  facet normal 0 0 -1
    outer loop
      vertex -41.9129 10.3993 47.8019
      vertex -43.3945 -37.9166 47.8019
      vertex -42.8996 5.2915 47.8019
    endloop
  endfacet
  facet normal 0 0 -1
    outer loop
      vertex -43.3945 -37.9166 47.8019
      vertex -42.9293 5.14173 47.8019
      vertex -42.8996 5.2915 47.8019
    endloop
  endfacet
  facet normal 0 0 -1
    outer loop
      vertex -42.8597 5.59422 47.8019
      vertex -42.8497 5.7466 47.8019
      vertex -41.9129 10.3993 47.8019
    endloop
  endfacet
  facet normal 0 0 -1
    outer loop
      vertex -42.8497 5.7466 47.8019
      vertex -42.8464 5.89927 47.8019
      vertex -41.9129 10.3993 47.8019
    endloop
  endfacet
  facet normal 0 0 -1
    outer loop
      vertex -41.9129 10.3993 47.8019
      vertex -42.8464 5.89927 47.8019
      vertex -42.8497 6.05194 47.8019
    endloop
  endfacet
  facet normal 0 0 -1
    outer loop
      vertex -42.8497 6.05194 47.8019
      vertex -42.8597 6.20431 47.8019
      vertex -41.9129 10.3993 47.8019
    endloop
  endfacet
  facet normal 0 0 -1
    outer loop
      vertex -42.8597 6.20431 47.8019
      vertex -42.8763 6.35611 47.8019
      vertex -41.9129 10.3993 47.8019
    endloop
  endfacet
  facet normal 0 0 -1
    outer loop
      vertex -41.9129 10.3993 47.8019
      vertex -42.8763 6.35611 47.8019
      vertex -42.8996 6.50704 47.8019
    endloop
  endfacet
  facet normal 0 0 -1
    outer loop
      vertex -44.8672 9.07135 47.8019
      vertex -45.007 9.13285 47.8019
      vertex -41.9129 10.3993 47.8019
    endloop
  endfacet
  facet normal 0 0 -1
    outer loop
      vertex -45.007 9.13285 47.8019
      vertex -45.1493 9.18819 47.8019
      vertex -41.9129 10.3993 47.8019
    endloop
  endfacet
  facet normal 0 0 -1
    outer loop
      vertex -41.9129 10.3993 47.8019
      vertex -45.1493 9.18819 47.8019
      vertex -45.2939 9.23728 47.8019
    endloop
  endfacet
  facet normal 0 0 -1
    outer loop
      vertex -45.7386 9.3461 47.8019
      vertex -45.8895 9.36933 47.8019
      vertex -41.9129 10.3993 47.8019
    endloop
  endfacet
  facet normal 0 0 -1
    outer loop
      vertex -45.8895 9.36933 47.8019
      vertex -46.0413 9.38595 47.8019
      vertex -41.9129 10.3993 47.8019
    endloop
  endfacet
  facet normal 0 0 -1
    outer loop
      vertex -41.9129 10.3993 47.8019
      vertex -46.0413 9.38595 47.8019
      vertex -46.1937 9.39594 47.8019
    endloop
  endfacet
  facet normal 0 0 -1
    outer loop
      vertex -125.281 3.5347 47.8019
      vertex -125.18 3.64951 47.8019
      vertex -41.9129 10.3993 47.8019
    endloop
  endfacet
  facet normal 0 0 -1
    outer loop
      vertex -125.18 3.64951 47.8019
      vertex -125.084 3.7686 47.8019
      vertex -41.9129 10.3993 47.8019
    endloop
  endfacet
  facet normal 0 0 -1
    outer loop
      vertex -41.9129 10.3993 47.8019
      vertex -125.084 3.7686 47.8019
      vertex -124.994 3.89175 47.8019
    endloop
  endfacet
  facet normal 0 0 -1
    outer loop
      vertex -49.8331 -40.1021 47.8019
      vertex -131.913 -44.6007 47.8019
      vertex -49.8431 -39.9498 47.8019
    endloop
  endfacet
  facet normal 0 0 -1
    outer loop
      vertex -131.913 -44.6007 47.8019
      vertex -127.949 -43.2938 47.8019
      vertex -49.8431 -39.9498 47.8019
    endloop
  endfacet
  facet normal 0 0 -1
    outer loop
      vertex -49.8431 -39.9498 47.8019
      vertex -127.949 -43.2938 47.8019
      vertex -49.8464 -39.7971 47.8019
    endloop
  endfacet
  facet normal 0 0 -1
    outer loop
      vertex -127.949 -43.2938 47.8019
      vertex -127.797 -43.2838 47.8019
      vertex -49.8464 -39.7971 47.8019
    endloop
  endfacet
  facet normal 0 0 -1
    outer loop
      vertex -49.8464 -39.7971 47.8019
      vertex -127.797 -43.2838 47.8019
      vertex -127.645 -43.2672 47.8019
    endloop
  endfacet
  facet normal 0 0 -1
    outer loop
      vertex -45.5888 -43.2141 47.8019
      vertex -45.4405 -43.1778 47.8019
      vertex -41.9129 -44.6007 47.8019
    endloop
  endfacet
  facet normal 0 0 -1
    outer loop
      vertex -45.4405 -43.1778 47.8019
      vertex -45.2939 -43.1351 47.8019
      vertex -41.9129 -44.6007 47.8019
    endloop
  endfacet
  facet normal 0 0 -1
    outer loop
      vertex -41.9129 -44.6007 47.8019
      vertex -45.2939 -43.1351 47.8019
      vertex -45.1493 -43.086 47.8019
    endloop
  endfacet
  facet normal 0 0 -1
    outer loop
      vertex -45.1493 -43.086 47.8019
      vertex -45.007 -43.0307 47.8019
      vertex -41.9129 -44.6007 47.8019
    endloop
  endfacet
  facet normal 0 0 -1
    outer loop
      vertex -45.007 -43.0307 47.8019
      vertex -44.8672 -42.9692 47.8019
      vertex -41.9129 -44.6007 47.8019
    endloop
  endfacet
  facet normal 0 0 -1
    outer loop
      vertex -41.9129 -44.6007 47.8019
      vertex -44.8672 -42.9692 47.8019
      vertex -44.7303 -42.9016 47.8019
    endloop
  endfacet
  facet normal 0 0 -1
    outer loop
      vertex -44.7303 -42.9016 47.8019
      vertex -44.5964 -42.8282 47.8019
      vertex -41.9129 -44.6007 47.8019
    endloop
  endfacet
  facet normal 0 0 -1
    outer loop
      vertex -44.5964 -42.8282 47.8019
      vertex -44.4658 -42.749 47.8019
      vertex -41.9129 -44.6007 47.8019
    endloop
  endfacet
  facet normal 0 0 -1
    outer loop
      vertex -41.9129 -44.6007 47.8019
      vertex -44.4658 -42.749 47.8019
      vertex -44.3389 -42.6641 47.8019
    endloop
  endfacet
  facet normal 0 0 -1
    outer loop
      vertex -129.477 2.79473 47.8019
      vertex -129.34 2.72719 47.8019
      vertex -124.632 -39.3403 47.8019
    endloop
  endfacet
  facet normal 0 0 -1
    outer loop
      vertex -129.34 2.72719 47.8019
      vertex -129.201 2.66569 47.8019
      vertex -124.632 -39.3403 47.8019
    endloop
  endfacet
  facet normal 0 0 -1
    outer loop
      vertex -124.632 -39.3403 47.8019
      vertex -129.201 2.66569 47.8019
      vertex -129.058 2.61034 47.8019
    endloop
  endfacet
  facet normal 0 0 -1
    outer loop
      vertex -128.619 2.48223 47.8019
      vertex -128.469 2.45244 47.8019
      vertex -124.632 -39.3403 47.8019
    endloop
  endfacet
  facet normal 0 0 -1
    outer loop
      vertex -128.469 2.45244 47.8019
      vertex -128.318 2.42921 47.8019
      vertex -124.632 -39.3403 47.8019
    endloop
  endfacet
  facet normal 0 0 -1
    outer loop
      vertex -124.632 -39.3403 47.8019
      vertex -128.318 2.42921 47.8019
      vertex -128.166 2.41259 47.8019
    endloop
  endfacet
  facet normal 0 0 -1
    outer loop
      vertex -49.4509 4.28315 47.8019
      vertex -124.605 -39.9498 47.8019
      vertex -49.5185 4.4201 47.8019
    endloop
  endfacet
  facet normal 0 0 -1
    outer loop
      vertex -124.605 -39.9498 47.8019
      vertex -124.602 -39.7971 47.8019
      vertex -49.5185 4.4201 47.8019
    endloop
  endfacet
  facet normal 0 0 -1
    outer loop
      vertex -49.5185 4.4201 47.8019
      vertex -124.602 -39.7971 47.8019
      vertex -124.605 -39.6444 47.8019
    endloop
  endfacet
  facet normal 0 0 -1
    outer loop
      vertex -124.632 -40.2539 47.8019
      vertex -124.615 -40.1021 47.8019
      vertex -49.2983 4.01872 47.8019
    endloop
  endfacet
  facet normal 0 0 -1
    outer loop
      vertex -124.615 -40.1021 47.8019
      vertex -124.605 -39.9498 47.8019
      vertex -49.2983 4.01872 47.8019
    endloop
  endfacet
  facet normal 0 0 -1
    outer loop
      vertex -49.2983 4.01872 47.8019
      vertex -124.605 -39.9498 47.8019
      vertex -49.3775 4.14927 47.8019
    endloop
  endfacet
  facet normal 0 0 -1
    outer loop
      vertex -124.605 -39.9498 47.8019
      vertex -49.4509 4.28315 47.8019
      vertex -49.3775 4.14927 47.8019
    endloop
  endfacet
  facet normal 0 0 -1
    outer loop
      vertex -44.2157 -37.0204 47.8019
      vertex -44.3389 -36.9301 47.8019
      vertex -43.8715 3.42439 47.8019
    endloop
  endfacet
  facet normal 0 0 -1
    outer loop
      vertex -44.3389 -36.9301 47.8019
      vertex -44.4658 -36.8452 47.8019
      vertex -43.8715 3.42439 47.8019
    endloop
  endfacet
  facet normal 0 0 -1
    outer loop
      vertex -43.8715 3.42439 47.8019
      vertex -44.4658 -36.8452 47.8019
      vertex -44.5964 -36.766 47.8019
    endloop
  endfacet
  facet normal 0 0 -1
    outer loop
      vertex -44.5964 -36.766 47.8019
      vertex -44.7303 -36.6926 47.8019
      vertex -43.8715 3.42439 47.8019
    endloop
  endfacet
  facet normal 0 0 -1
    outer loop
      vertex -44.7303 -36.6926 47.8019
      vertex -44.8672 -36.625 47.8019
      vertex -43.8715 3.42439 47.8019
    endloop
  endfacet
  facet normal 0 0 -1
    outer loop
      vertex -43.8715 3.42439 47.8019
      vertex -44.8672 -36.625 47.8019
      vertex -45.007 -36.5635 47.8019
    endloop
  endfacet
  facet normal 0 0 -1
    outer loop
      vertex -49.2983 4.01872 47.8019
      vertex -49.2134 3.89175 47.8019
      vertex -46.4991 -36.3004 47.8019
    endloop
  endfacet
  facet normal 0 0 -1
    outer loop
      vertex -49.2134 3.89175 47.8019
      vertex -49.1231 3.7686 47.8019
      vertex -46.4991 -36.3004 47.8019
    endloop
  endfacet
  facet normal 0 0 -1
    outer loop
      vertex -46.4991 -36.3004 47.8019
      vertex -49.1231 3.7686 47.8019
      vertex -49.0275 3.64951 47.8019
    endloop
  endfacet
  facet normal 0 0 -1
    outer loop
      vertex -48.7109 3.3188 47.8019
      vertex -48.5961 3.21811 47.8019
      vertex -46.4991 -36.3004 47.8019
    endloop
  endfacet
  facet normal 0 0 -1
    outer loop
      vertex -48.5961 3.21811 47.8019
      vertex -48.477 3.12253 47.8019
      vertex -46.4991 -36.3004 47.8019
    endloop
  endfacet
  facet normal 0 0 -1
    outer loop
      vertex -46.4991 -36.3004 47.8019
      vertex -48.477 3.12253 47.8019
      vertex -48.3539 3.03224 47.8019
    endloop
  endfacet
  facet normal 0 0 -1
    outer loop
      vertex -47.9625 2.79473 47.8019
      vertex -47.8255 2.72719 47.8019
      vertex -46.4991 -36.3004 47.8019
    endloop
  endfacet
  facet normal 0 0 -1
    outer loop
      vertex -47.8255 2.72719 47.8019
      vertex -47.6858 2.66569 47.8019
      vertex -46.4991 -36.3004 47.8019
    endloop
  endfacet
  facet normal 0 0 -1
    outer loop
      vertex -46.4991 -36.3004 47.8019
      vertex -47.6858 2.66569 47.8019
      vertex -47.5435 2.61034 47.8019
    endloop
  endfacet
  facet normal 0 0 -1
    outer loop
      vertex -46.3464 2.39927 47.8019
      vertex -46.1937 2.4026 47.8019
      vertex -46.0413 -36.3104 47.8019
    endloop
  endfacet
  facet normal 0 0 -1
    outer loop
      vertex -43.0575 4.7022 47.8019
      vertex -43.0084 4.8468 47.8019
      vertex -43.3945 -37.9166 47.8019
    endloop
  endfacet
  facet normal 0 0 -1
    outer loop
      vertex -43.0084 4.8468 47.8019
      vertex -42.9656 4.9934 47.8019
      vertex -43.3945 -37.9166 47.8019
    endloop
  endfacet
  facet normal 0 0 -1
    outer loop
      vertex -43.3945 -37.9166 47.8019
      vertex -42.9656 4.9934 47.8019
      vertex -42.9293 5.14173 47.8019
    endloop
  endfacet
  facet normal 0 0 -1
    outer loop
      vertex -42.8996 6.50704 47.8019
      vertex -42.9293 6.65681 47.8019
      vertex -41.9129 10.3993 47.8019
    endloop
  endfacet
  facet normal 0 0 -1
    outer loop
      vertex -42.9293 6.65681 47.8019
      vertex -42.9656 6.80513 47.8019
      vertex -41.9129 10.3993 47.8019
    endloop
  endfacet
  facet normal 0 0 -1
    outer loop
      vertex -41.9129 10.3993 47.8019
      vertex -42.9656 6.80513 47.8019
      vertex -43.0084 6.95174 47.8019
    endloop
  endfacet
  facet normal 0 0 -1
    outer loop
      vertex -43.9818 8.47974 47.8019
      vertex -44.0966 8.58042 47.8019
      vertex -41.9129 10.3993 47.8019
    endloop
  endfacet
  facet normal 0 0 -1
    outer loop
      vertex -44.0966 8.58042 47.8019
      vertex -44.2157 8.67601 47.8019
      vertex -41.9129 10.3993 47.8019
    endloop
  endfacet
  facet normal 0 0 -1
    outer loop
      vertex -41.9129 10.3993 47.8019
      vertex -44.2157 8.67601 47.8019
      vertex -44.3389 8.7663 47.8019
    endloop
  endfacet
  facet normal 0 0 -1
    outer loop
      vertex -46.3464 9.39927 47.8019
      vertex -46.4991 9.39594 47.8019
      vertex -41.9129 10.3993 47.8019
    endloop
  endfacet
  facet normal 0 0 -1
    outer loop
      vertex -46.4991 9.39594 47.8019
      vertex -46.6514 9.38595 47.8019
      vertex -41.9129 10.3993 47.8019
    endloop
  endfacet
  facet normal 0 0 -1
    outer loop
      vertex -41.9129 10.3993 47.8019
      vertex -46.6514 9.38595 47.8019
      vertex -125.386 3.42439 47.8019
    endloop
  endfacet
  facet normal 0 0 -1
    outer loop
      vertex -46.6514 9.38595 47.8019
      vertex -46.8032 9.36933 47.8019
      vertex -125.386 3.42439 47.8019
    endloop
  endfacet
  facet normal 0 0 -1
    outer loop
      vertex -125.386 3.42439 47.8019
      vertex -46.8032 9.36933 47.8019
      vertex -46.9542 9.3461 47.8019
    endloop
  endfacet
  facet normal 0 0 -1
    outer loop
      vertex -129.058 2.61034 47.8019
      vertex -128.914 2.56126 47.8019
      vertex -124.632 -39.3403 47.8019
    endloop
  endfacet
  facet normal 0 0 -1
    outer loop
      vertex -128.914 2.56126 47.8019
      vertex -128.767 2.51853 47.8019
      vertex -124.632 -39.3403 47.8019
    endloop
  endfacet
  facet normal 0 0 -1
    outer loop
      vertex -124.632 -39.3403 47.8019
      vertex -128.767 2.51853 47.8019
      vertex -128.619 2.48223 47.8019
    endloop
  endfacet
  facet normal 0 0 -1
    outer loop
      vertex -49.0275 3.64951 47.8019
      vertex -48.9269 3.5347 47.8019
      vertex -46.4991 -36.3004 47.8019
    endloop
  endfacet
  facet normal 0 0 -1
    outer loop
      vertex -48.9269 3.5347 47.8019
      vertex -48.8213 3.42439 47.8019
      vertex -46.4991 -36.3004 47.8019
    endloop
  endfacet
  facet normal 0 0 -1
    outer loop
      vertex -46.4991 -36.3004 47.8019
      vertex -48.8213 3.42439 47.8019
      vertex -48.7109 3.3188 47.8019
    endloop
  endfacet
  facet normal 0 0 -1
    outer loop
      vertex -48.3539 3.03224 47.8019
      vertex -48.2269 2.9474 47.8019
      vertex -46.4991 -36.3004 47.8019
    endloop
  endfacet
  facet normal 0 0 -1
    outer loop
      vertex -48.2269 2.9474 47.8019
      vertex -48.0964 2.86818 47.8019
      vertex -46.4991 -36.3004 47.8019
    endloop
  endfacet
  facet normal 0 0 -1
    outer loop
      vertex -46.4991 -36.3004 47.8019
      vertex -48.0964 2.86818 47.8019
      vertex -47.9625 2.79473 47.8019
    endloop
  endfacet
  facet normal 0 0 -1
    outer loop
      vertex -46.8032 2.42921 47.8019
      vertex -46.6514 2.41259 47.8019
      vertex -46.4991 -36.3004 47.8019
    endloop
  endfacet
  facet normal 0 0 -1
    outer loop
      vertex -46.6514 2.41259 47.8019
      vertex -46.4991 2.4026 47.8019
      vertex -46.4991 -36.3004 47.8019
    endloop
  endfacet
  facet normal 0 0 -1
    outer loop
      vertex -46.4991 -36.3004 47.8019
      vertex -46.4991 2.4026 47.8019
      vertex -46.3464 -36.2971 47.8019
    endloop
  endfacet
  facet normal 0 0 -1
    outer loop
      vertex -46.4991 2.4026 47.8019
      vertex -46.3464 2.39927 47.8019
      vertex -46.3464 -36.2971 47.8019
    endloop
  endfacet
  facet normal 0 0 -1
    outer loop
      vertex -46.3464 -36.2971 47.8019
      vertex -46.3464 2.39927 47.8019
      vertex -46.1937 -36.3004 47.8019
    endloop
  endfacet
  facet normal 0 0 -1
    outer loop
      vertex -46.3464 2.39927 47.8019
      vertex -46.0413 -36.3104 47.8019
      vertex -46.1937 -36.3004 47.8019
    endloop
  endfacet
  facet normal 0 0 -1
    outer loop
      vertex -45.7386 -36.3503 47.8019
      vertex -45.8895 -36.327 47.8019
      vertex -43.8715 3.42439 47.8019
    endloop
  endfacet
  facet normal 0 0 -1
    outer loop
      vertex -45.8895 -36.327 47.8019
      vertex -46.0413 -36.3104 47.8019
      vertex -43.8715 3.42439 47.8019
    endloop
  endfacet
  facet normal 0 0 -1
    outer loop
      vertex -43.8715 3.42439 47.8019
      vertex -46.0413 -36.3104 47.8019
      vertex -43.9818 3.3188 47.8019
    endloop
  endfacet
  facet normal 0 0 -1
    outer loop
      vertex -46.0413 -36.3104 47.8019
      vertex -44.0966 3.21811 47.8019
      vertex -43.9818 3.3188 47.8019
    endloop
  endfacet
  facet normal 0 0 -1
    outer loop
      vertex -43.0084 6.95174 47.8019
      vertex -43.0575 7.09634 47.8019
      vertex -41.9129 10.3993 47.8019
    endloop
  endfacet
  facet normal 0 0 -1
    outer loop
      vertex -43.0575 7.09634 47.8019
      vertex -43.1128 7.23866 47.8019
      vertex -41.9129 10.3993 47.8019
    endloop
  endfacet
  facet normal 0 0 -1
    outer loop
      vertex -41.9129 10.3993 47.8019
      vertex -43.1128 7.23866 47.8019
      vertex -43.1743 7.37843 47.8019
    endloop
  endfacet
  facet normal 0 0 -1
    outer loop
      vertex -44.3389 8.7663 47.8019
      vertex -44.4658 8.85114 47.8019
      vertex -41.9129 10.3993 47.8019
    endloop
  endfacet
  facet normal 0 0 -1
    outer loop
      vertex -44.4658 8.85114 47.8019
      vertex -44.5964 8.93036 47.8019
      vertex -41.9129 10.3993 47.8019
    endloop
  endfacet
  facet normal 0 0 -1
    outer loop
      vertex -41.9129 10.3993 47.8019
      vertex -44.5964 8.93036 47.8019
      vertex -44.7303 9.00381 47.8019
    endloop
  endfacet
  facet normal 0 0 -1
    outer loop
      vertex -128.166 2.41259 47.8019
      vertex -128.014 2.4026 47.8019
      vertex -124.632 -39.3403 47.8019
    endloop
  endfacet
  facet normal 0 0 -1
    outer loop
      vertex -128.014 2.4026 47.8019
      vertex -127.861 2.39927 47.8019
      vertex -124.632 -39.3403 47.8019
    endloop
  endfacet
  facet normal 0 0 -1
    outer loop
      vertex -124.632 -39.3403 47.8019
      vertex -127.861 2.39927 47.8019
      vertex -127.709 2.4026 47.8019
    endloop
  endfacet
  facet normal 0 0 -1
    outer loop
      vertex -49.8164 5.44243 47.8019
      vertex -49.7932 5.2915 47.8019
      vertex -127.709 2.4026 47.8019
    endloop
  endfacet
  facet normal 0 0 -1
    outer loop
      vertex -49.7932 5.2915 47.8019
      vertex -49.7634 5.14173 47.8019
      vertex -127.709 2.4026 47.8019
    endloop
  endfacet
  facet normal 0 0 -1
    outer loop
      vertex -127.709 2.4026 47.8019
      vertex -49.7634 5.14173 47.8019
      vertex -124.632 -39.3403 47.8019
    endloop
  endfacet
  facet normal 0 0 -1
    outer loop
      vertex -49.7634 5.14173 47.8019
      vertex -49.7271 4.9934 47.8019
      vertex -124.632 -39.3403 47.8019
    endloop
  endfacet
  facet normal 0 0 -1
    outer loop
      vertex -124.632 -39.3403 47.8019
      vertex -49.7271 4.9934 47.8019
      vertex -49.6844 4.8468 47.8019
    endloop
  endfacet
  facet normal 0 0 -1
    outer loop
      vertex -46.1937 2.4026 47.8019
      vertex -46.0413 2.41259 47.8019
      vertex -46.0413 -36.3104 47.8019
    endloop
  endfacet
  facet normal 0 0 -1
    outer loop
      vertex -46.0413 2.41259 47.8019
      vertex -45.8895 2.42921 47.8019
      vertex -46.0413 -36.3104 47.8019
    endloop
  endfacet
  facet normal 0 0 -1
    outer loop
      vertex -46.0413 -36.3104 47.8019
      vertex -45.8895 2.42921 47.8019
      vertex -45.7386 2.45244 47.8019
    endloop
  endfacet
  facet normal 0 0 -1
    outer loop
      vertex -45.7386 2.45244 47.8019
      vertex -45.5888 2.48223 47.8019
      vertex -46.0413 -36.3104 47.8019
    endloop
  endfacet
  facet normal 0 0 -1
    outer loop
      vertex -45.5888 2.48223 47.8019
      vertex -45.4405 2.51853 47.8019
      vertex -46.0413 -36.3104 47.8019
    endloop
  endfacet
  facet normal 0 0 -1
    outer loop
      vertex -46.0413 -36.3104 47.8019
      vertex -45.4405 2.51853 47.8019
      vertex -45.2939 2.56126 47.8019
    endloop
  endfacet
  facet normal 0 0 -1
    outer loop
      vertex -49.6844 4.8468 47.8019
      vertex -49.6353 4.7022 47.8019
      vertex -124.632 -39.3403 47.8019
    endloop
  endfacet
  facet normal 0 0 -1
    outer loop
      vertex -49.6353 4.7022 47.8019
      vertex -49.58 4.55988 47.8019
      vertex -124.632 -39.3403 47.8019
    endloop
  endfacet
  facet normal 0 0 -1
    outer loop
      vertex -124.632 -39.3403 47.8019
      vertex -49.58 4.55988 47.8019
      vertex -49.5185 4.4201 47.8019
    endloop
  endfacet
  facet normal 0 0 -1
    outer loop
      vertex -45.2939 2.56126 47.8019
      vertex -45.1493 2.61034 47.8019
      vertex -46.0413 -36.3104 47.8019
    endloop
  endfacet
  facet normal 0 0 -1
    outer loop
      vertex -45.1493 2.61034 47.8019
      vertex -45.007 2.66569 47.8019
      vertex -46.0413 -36.3104 47.8019
    endloop
  endfacet
  facet normal 0 0 -1
    outer loop
      vertex -46.0413 -36.3104 47.8019
      vertex -45.007 2.66569 47.8019
      vertex -44.8672 2.72719 47.8019
    endloop
  endfacet
  facet normal 0 0 -1
    outer loop
      vertex -44.8672 2.72719 47.8019
      vertex -44.7303 2.79473 47.8019
      vertex -46.0413 -36.3104 47.8019
    endloop
  endfacet
  facet normal 0 0 -1
    outer loop
      vertex -44.7303 2.79473 47.8019
      vertex -44.5964 2.86818 47.8019
      vertex -46.0413 -36.3104 47.8019
    endloop
  endfacet
  facet normal 0 0 -1
    outer loop
      vertex -46.0413 -36.3104 47.8019
      vertex -44.5964 2.86818 47.8019
      vertex -44.4658 2.9474 47.8019
    endloop
  endfacet
  facet normal 0 0 -1
    outer loop
      vertex -44.4658 2.9474 47.8019
      vertex -44.3389 3.03224 47.8019
      vertex -46.0413 -36.3104 47.8019
    endloop
  endfacet
  facet normal 0 0 -1
    outer loop
      vertex -44.3389 3.03224 47.8019
      vertex -44.2157 3.12253 47.8019
      vertex -46.0413 -36.3104 47.8019
    endloop
  endfacet
  facet normal 0 0 -1
    outer loop
      vertex -46.0413 -36.3104 47.8019
      vertex -44.2157 3.12253 47.8019
      vertex -44.0966 3.21811 47.8019
    endloop
  endfacet
endsolid Mesh
